caminho_rel,classe,md5,fonte,split
COVID-19_Radiography_Dataset/Normal/images/Normal-1.png,Normal,973387ba59b2669d570d73dcfe55f88e,kaggle.com/c/rsna-pneumonia-detection-challenge,validacao
COVID-19_Radiography_Dataset/Normal/images/Normal-1000.png,Normal,69c20913b20b88e8873d188ea3fbe58d,kaggle.com/c/rsna-pneumonia-detection-challenge,validacao
COVID-19_Radiography_Dataset/Normal/images/Normal-10001.png,Normal,d1a54f3d0429059729196b6a7e2fd262,kaggle.com/paultimothymooney/chest-xray-pneumonia,treino
COVID-19_Radiography_Dataset/Normal/images/Normal-10002.png,Normal,17d5983b6b0bd36c36ee80fac6c2a798,kaggle.com/paultimothymooney/chest-xray-pneumonia,teste_confirmatorio
COVID-19_Radiography_Dataset/Normal/images/Normal-10008.png,Normal,653ab2012b31b120dd082cec0e03289c,kaggle.com/paultimothymooney/chest-xray-pneumonia,teste_confirmatorio
COVID-19_Radiography_Dataset/Normal/images/Normal-10009.png,Normal,b5bf09e4ec68d9aaac9d0b4ae04c7e85,kaggle.com/paultimothymooney/chest-xray-pneumonia,teste_confirmatorio
COVID-19_Radiography_Dataset/Normal/images/Normal-1001.png,Normal,c82087ec333834a44b70057660290de2,kaggle.com/c/rsna-pneumonia-detection-challenge,teste
COVID-19_Radiography_Dataset/Normal/images/Normal-10010.png,Normal,598b4b41602bd2701f3871d02cf4297f,kaggle.com/paultimothymooney/chest-xray-pneumonia,validacao
COVID-19_Radiography_Dataset/Normal/images/Normal-10012.png,Normal,65f0e48c71ae7579a72efc56b1880785,kaggle.com/paultimothymooney/chest-xray-pneumonia,teste_confirmatorio
COVID-19_Radiography_Dataset/Normal/images/Normal-10013.png,Normal,1017501837e6d1b887584430cc20f930,kaggle.com/paultimothymooney/chest-xray-pneumonia,treino
COVID-19_Radiography_Dataset/Normal/images/Normal-10014.png,Normal,8a08475dfd745070f59a50edf8f1ee60,kaggle.com/paultimothymooney/chest-xray-pneumonia,teste_confirmatorio
COVID-19_Radiography_Dataset/Normal/images/Normal-10020.png,Normal,ee7e662c3d2f3fe9e3c2ea4d516a1b6d,kaggle.com/paultimothymooney/chest-xray-pneumonia,teste_confirmatorio
COVID-19_Radiography_Dataset/Normal/images/Normal-10023.png,Normal,8b9320d99309e2080b38bf3c3411e16e,kaggle.com/paultimothymooney/chest-xray-pneumonia,teste
COVID-19_Radiography_Dataset/Normal/images/Normal-10025.png,Normal,ca415fa80208d7d35397b0a13d726ef1,kaggle.com/paultimothymooney/chest-xray-pneumonia,teste
COVID-19_Radiography_Dataset/Normal/images/Normal-10026.png,Normal,3577d64897777ffa7c3dbfd61b2f0409,kaggle.com/paultimothymooney/chest-xray-pneumonia,validacao
COVID-19_Radiography_Dataset/Normal/images/Normal-10027.png,Normal,78c3a0d31d948e375af4a6b3f9e2d0e7,kaggle.com/paultimothymooney/chest-xray-pneumonia,teste
COVID-19_Radiography_Dataset/Normal/images/Normal-10028.png,Normal,14621e177f095c8b0fc3f5f3999c8558,kaggle.com/paultimothymooney/chest-xray-pneumonia,teste_confirmatorio
COVID-19_Radiography_Dataset/Normal/images/Normal-10029.png,Normal,a0c99e8a8d4567cf433dc830f3651abf,kaggle.com/paultimothymooney/chest-xray-pneumonia,teste
COVID-19_Radiography_Dataset/Normal/images/Normal-10030.png,Normal,b21049e606f8293c11292c3d4b2a18d7,kaggle.com/paultimothymooney/chest-xray-pneumonia,teste_confirmatorio
COVID-19_Radiography_Dataset/Normal/images/Normal-10032.png,Normal,ae2e2b2fdeab6f78fc51ce9351e3993e,kaggle.com/paultimothymooney/chest-xray-pneumonia,teste
COVID-19_Radiography_Dataset/Normal/images/Normal-10035.png,Normal,c127356d3224fa7dad93db6883e50767,kaggle.com/paultimothymooney/chest-xray-pneumonia,validacao
COVID-19_Radiography_Dataset/Normal/images/Normal-10037.png,Normal,353a5b5a1e27629b106df2b6cd6cbcd3,kaggle.com/paultimothymooney/chest-xray-pneumonia,treino
COVID-19_Radiography_Dataset/Normal/images/Normal-1005.png,Normal,ab0405d5ca8ab16d01d0fcb981f9203b,kaggle.com/c/rsna-pneumonia-detection-challenge,treino
COVID-19_Radiography_Dataset/Normal/images/Normal-10051.png,Normal,6265926ee96dece60f9fecdb1c976c02,kaggle.com/paultimothymooney/chest-xray-pneumonia,teste_confirmatorio
COVID-19_Radiography_Dataset/Normal/images/Normal-10052.png,Normal,9865d6601388b1d581055c632ed7fdd1,kaggle.com/paultimothymooney/chest-xray-pneumonia,treino
COVID-19_Radiography_Dataset/Normal/images/Normal-10054.png,Normal,923ec834889d4554d84d208c21eedff0,kaggle.com/paultimothymooney/chest-xray-pneumonia,teste
COVID-19_Radiography_Dataset/Normal/images/Normal-10059.png,Normal,ae3c675958ac184084bae53b224e53d8,kaggle.com/paultimothymooney/chest-xray-pneumonia,teste_confirmatorio
COVID-19_Radiography_Dataset/Normal/images/Normal-10061.png,Normal,8f783d2aa61bc46525868304b3b7d1ab,kaggle.com/paultimothymooney/chest-xray-pneumonia,teste_confirmatorio
COVID-19_Radiography_Dataset/Normal/images/Normal-1007.png,Normal,ad3acf599ce6e3784fea662b81e2ecc7,kaggle.com/c/rsna-pneumonia-detection-challenge,teste
COVID-19_Radiography_Dataset/Normal/images/Normal-10077.png,Normal,27ddfa163b3ab1e39c40f663397b1235,kaggle.com/paultimothymooney/chest-xray-pneumonia,teste
COVID-19_Radiography_Dataset/Normal/images/Normal-10078.png,Normal,c586374c66374148a60f9fae700d19cd,kaggle.com/paultimothymooney/chest-xray-pneumonia,validacao
COVID-19_Radiography_Dataset/Normal/images/Normal-1008.png,Normal,44ee5db579c032f7d91e3636f978cb3f,kaggle.com/c/rsna-pneumonia-detection-challenge,treino
COVID-19_Radiography_Dataset/Normal/images/Normal-10080.png,Normal,fe3248d4e1fd60a300ae56cf5882d3ab,kaggle.com/paultimothymooney/chest-xray-pneumonia,teste
COVID-19_Radiography_Dataset/Normal/images/Normal-10084.png,Normal,a49300d0bf9204c225168ef74595e91b,kaggle.com/paultimothymooney/chest-xray-pneumonia,teste
COVID-19_Radiography_Dataset/Normal/images/Normal-10085.png,Normal,dec15295c3241d233e6d663b4e9ebc54,kaggle.com/paultimothymooney/chest-xray-pneumonia,treino
COVID-19_Radiography_Dataset/Normal/images/Normal-10089.png,Normal,b4d6591f2ccd56185b474609f17b30c3,kaggle.com/paultimothymooney/chest-xray-pneumonia,teste
COVID-19_Radiography_Dataset/Normal/images/Normal-10092.png,Normal,1caff7439f333990159842da660158ec,kaggle.com/paultimothymooney/chest-xray-pneumonia,teste_confirmatorio
COVID-19_Radiography_Dataset/Normal/images/Normal-10093.png,Normal,6f791ae31423efe150a52a59a1acb0a5,kaggle.com/paultimothymooney/chest-xray-pneumonia,teste
COVID-19_Radiography_Dataset/Normal/images/Normal-10094.png,Normal,d63f1fa3769f522bac2430004c61bfdd,kaggle.com/paultimothymooney/chest-xray-pneumonia,teste
COVID-19_Radiography_Dataset/Normal/images/Normal-10095.png,Normal,83a4c7062e3bb6e1fc4bc2a4a32ce821,kaggle.com/paultimothymooney/chest-xray-pneumonia,teste
COVID-19_Radiography_Dataset/Normal/images/Normal-10096.png,Normal,91d9627d91337035e7c904abe8debf00,kaggle.com/paultimothymooney/chest-xray-pneumonia,treino
COVID-19_Radiography_Dataset/Normal/images/Normal-101.png,Normal,dc04e4391646a8472eadaf3ebefc8ed8,kaggle.com/c/rsna-pneumonia-detection-challenge,treino
COVID-19_Radiography_Dataset/Normal/images/Normal-1010.png,Normal,338f9442f0d89fb75bf4dbd8c85ac522,kaggle.com/c/rsna-pneumonia-detection-challenge,treino
COVID-19_Radiography_Dataset/Normal/images/Normal-10101.png,Normal,e4e9e0559649c381a3bd60b089913c35,kaggle.com/paultimothymooney/chest-xray-pneumonia,treino
COVID-19_Radiography_Dataset/Normal/images/Normal-10104.png,Normal,d94ecb896c2c62bd25a17c63e83bd747,kaggle.com/paultimothymooney/chest-xray-pneumonia,teste
COVID-19_Radiography_Dataset/Normal/images/Normal-10105.png,Normal,f3a57c53815d1df6d312d5190dbad694,kaggle.com/paultimothymooney/chest-xray-pneumonia,teste_confirmatorio
COVID-19_Radiography_Dataset/Normal/images/Normal-10107.png,Normal,91483663b09e1b5133e4263e6f65e105,kaggle.com/paultimothymooney/chest-xray-pneumonia,validacao
COVID-19_Radiography_Dataset/Normal/images/Normal-10113.png,Normal,38f9d2591c01747cae173dd1a12d42d3,kaggle.com/paultimothymooney/chest-xray-pneumonia,treino
COVID-19_Radiography_Dataset/Normal/images/Normal-10114.png,Normal,52769e86f0a0614f4f362c973a8f5c80,kaggle.com/paultimothymooney/chest-xray-pneumonia,treino
COVID-19_Radiography_Dataset/Normal/images/Normal-10115.png,Normal,17506c47ca0b8f0c734fc0fa8d958c6f,kaggle.com/paultimothymooney/chest-xray-pneumonia,teste_confirmatorio
COVID-19_Radiography_Dataset/Normal/images/Normal-10125.png,Normal,8939f266e371e0f5de7c880643f95388,kaggle.com/paultimothymooney/chest-xray-pneumonia,treino
COVID-19_Radiography_Dataset/Normal/images/Normal-1013.png,Normal,130a09306d3211d2850076ee8788bae9,kaggle.com/c/rsna-pneumonia-detection-challenge,validacao
COVID-19_Radiography_Dataset/Normal/images/Normal-10137.png,Normal,f5f85ba4dd898d155ff0f6a7fb2ebf02,kaggle.com/paultimothymooney/chest-xray-pneumonia,treino
COVID-19_Radiography_Dataset/Normal/images/Normal-10145.png,Normal,47c96a95ea289cd5d8dca48dcea4aa82,kaggle.com/paultimothymooney/chest-xray-pneumonia,teste_confirmatorio
COVID-19_Radiography_Dataset/Normal/images/Normal-1015.png,Normal,9c44c5aa8718a634c9fe77a5ff9f626f,kaggle.com/c/rsna-pneumonia-detection-challenge,teste
COVID-19_Radiography_Dataset/Normal/images/Normal-10162.png,Normal,053d2c7e3314f0539b433e2e278c6a8f,kaggle.com/paultimothymooney/chest-xray-pneumonia,teste_confirmatorio
COVID-19_Radiography_Dataset/Normal/images/Normal-10172.png,Normal,4965d8075ff3587259e3b58b2cbdce81,kaggle.com/paultimothymooney/chest-xray-pneumonia,treino
COVID-19_Radiography_Dataset/Normal/images/Normal-10175.png,Normal,544df87c75fb6edcd370218512c74b8a,kaggle.com/paultimothymooney/chest-xray-pneumonia,teste_confirmatorio
COVID-19_Radiography_Dataset/Normal/images/Normal-10187.png,Normal,97cbd591509f0d8066367df7fa2dcb55,kaggle.com/paultimothymooney/chest-xray-pneumonia,treino
COVID-19_Radiography_Dataset/Normal/images/Normal-1034.png,Normal,432f941d4d1bfdec9e7b0a95197fbe90,kaggle.com/c/rsna-pneumonia-detection-challenge,teste_confirmatorio
COVID-19_Radiography_Dataset/Normal/images/Normal-1038.png,Normal,d0d1d12cd691b006c8f6d4f135bd3d3b,kaggle.com/c/rsna-pneumonia-detection-challenge,treino
COVID-19_Radiography_Dataset/Normal/images/Normal-1046.png,Normal,21cfe77699654b7f8b332ba98245e3a6,kaggle.com/c/rsna-pneumonia-detection-challenge,treino
COVID-19_Radiography_Dataset/Normal/images/Normal-1047.png,Normal,df9099f531a1dbc8a12bf907e7386549,kaggle.com/c/rsna-pneumonia-detection-challenge,treino
COVID-19_Radiography_Dataset/Normal/images/Normal-1050.png,Normal,bef2014ccd880ec78557bec6da43be75,kaggle.com/c/rsna-pneumonia-detection-challenge,teste
COVID-19_Radiography_Dataset/Normal/images/Normal-1058.png,Normal,23d77f094140b9a12d2749b9c952aaeb,kaggle.com/c/rsna-pneumonia-detection-challenge,teste
COVID-19_Radiography_Dataset/Normal/images/Normal-1063.png,Normal,47dc04b7665fc5fc76758f783e829b06,kaggle.com/c/rsna-pneumonia-detection-challenge,teste_confirmatorio
COVID-19_Radiography_Dataset/Normal/images/Normal-1064.png,Normal,abb501c8b646c54d5725c6fe07ce9b00,kaggle.com/c/rsna-pneumonia-detection-challenge,treino
COVID-19_Radiography_Dataset/Normal/images/Normal-1068.png,Normal,2bdd796c9c3507f41593990772d12ea8,kaggle.com/c/rsna-pneumonia-detection-challenge,validacao
COVID-19_Radiography_Dataset/Normal/images/Normal-1070.png,Normal,690e18b613bf22fe44d955a04eee6f8f,kaggle.com/c/rsna-pneumonia-detection-challenge,treino
COVID-19_Radiography_Dataset/Normal/images/Normal-1073.png,Normal,c5f35934ce072c2dd179c80d9b714119,kaggle.com/c/rsna-pneumonia-detection-challenge,treino
COVID-19_Radiography_Dataset/Normal/images/Normal-1087.png,Normal,30ab5355374b3bba7c5a00d3d6564a12,kaggle.com/c/rsna-pneumonia-detection-challenge,teste
COVID-19_Radiography_Dataset/Normal/images/Normal-1089.png,Normal,2e9e3a9c80eb087e3e1eabf507164f54,kaggle.com/c/rsna-pneumonia-detection-challenge,teste
COVID-19_Radiography_Dataset/Normal/images/Normal-1090.png,Normal,7fb637482d949fa8258220ed27110c01,kaggle.com/c/rsna-pneumonia-detection-challenge,teste
COVID-19_Radiography_Dataset/Normal/images/Normal-1091.png,Normal,6e9a7df5856c314e329c6d29a10bbeb0,kaggle.com/c/rsna-pneumonia-detection-challenge,treino
COVID-19_Radiography_Dataset/Normal/images/Normal-1093.png,Normal,bd394a2d0629fa7e2caad79b7865396a,kaggle.com/c/rsna-pneumonia-detection-challenge,treino
COVID-19_Radiography_Dataset/Normal/images/Normal-1098.png,Normal,9b66adc1c3be9153301dd3869a5836f9,kaggle.com/c/rsna-pneumonia-detection-challenge,teste
COVID-19_Radiography_Dataset/Normal/images/Normal-1099.png,Normal,a2501a388fe97b54d447d86ee1456d23,kaggle.com/c/rsna-pneumonia-detection-challenge,teste
COVID-19_Radiography_Dataset/Normal/images/Normal-1104.png,Normal,a7082c6a09ff36ef665bd592677663dc,kaggle.com/c/rsna-pneumonia-detection-challenge,teste
COVID-19_Radiography_Dataset/Normal/images/Normal-1108.png,Normal,72bd307d5dbeddc54338c77eeb6778ac,kaggle.com/c/rsna-pneumonia-detection-challenge,teste
COVID-19_Radiography_Dataset/Normal/images/Normal-1110.png,Normal,3ee26671965c26a82c8faf43e0cf63f9,kaggle.com/c/rsna-pneumonia-detection-challenge,teste
COVID-19_Radiography_Dataset/Normal/images/Normal-1113.png,Normal,12cfebbea25a851572010507844bd75d,kaggle.com/c/rsna-pneumonia-detection-challenge,teste
COVID-19_Radiography_Dataset/Normal/images/Normal-1115.png,Normal,49a07446bc46cf3567a165c482b44d1c,kaggle.com/c/rsna-pneumonia-detection-challenge,treino
COVID-19_Radiography_Dataset/Normal/images/Normal-1118.png,Normal,9979ee99da391eb85c94446c3b44a199,kaggle.com/c/rsna-pneumonia-detection-challenge,teste_confirmatorio
COVID-19_Radiography_Dataset/Normal/images/Normal-1119.png,Normal,99821e669572b22d3d9fb99a4c34facc,kaggle.com/c/rsna-pneumonia-detection-challenge,teste_confirmatorio
COVID-19_Radiography_Dataset/Normal/images/Normal-1126.png,Normal,0d946c53e0fb8f0f345d6a4bad1c465e,kaggle.com/c/rsna-pneumonia-detection-challenge,teste
COVID-19_Radiography_Dataset/Normal/images/Normal-1132.png,Normal,c4aec2dfef7a1619ac1aba406c1efa36,kaggle.com/c/rsna-pneumonia-detection-challenge,treino
COVID-19_Radiography_Dataset/Normal/images/Normal-1134.png,Normal,69bc5dcd309764b1b07ad58d6bc6621b,kaggle.com/c/rsna-pneumonia-detection-challenge,teste_confirmatorio
COVID-19_Radiography_Dataset/Normal/images/Normal-1136.png,Normal,f3c69523fa2aae7151d0bb20634b7688,kaggle.com/c/rsna-pneumonia-detection-challenge,teste
COVID-19_Radiography_Dataset/Normal/images/Normal-1140.png,Normal,188c7db32070695149f8420994be5818,kaggle.com/c/rsna-pneumonia-detection-challenge,validacao
COVID-19_Radiography_Dataset/Normal/images/Normal-1141.png,Normal,256a21aa853995669241128f7140f003,kaggle.com/c/rsna-pneumonia-detection-challenge,teste_confirmatorio
COVID-19_Radiography_Dataset/Normal/images/Normal-1144.png,Normal,16bd2b08323ea87d942d3442974f5b7e,kaggle.com/c/rsna-pneumonia-detection-challenge,treino
COVID-19_Radiography_Dataset/Normal/images/Normal-1147.png,Normal,eef6bec26af8d2fa95cf778e926c6334,kaggle.com/c/rsna-pneumonia-detection-challenge,treino
COVID-19_Radiography_Dataset/Normal/images/Normal-1149.png,Normal,86a76de34fedc1e0a2a5b2034ffb919c,kaggle.com/c/rsna-pneumonia-detection-challenge,teste
COVID-19_Radiography_Dataset/Normal/images/Normal-1150.png,Normal,d7321d423b183c9e86e4aa72bdf19e44,kaggle.com/c/rsna-pneumonia-detection-challenge,treino
COVID-19_Radiography_Dataset/Normal/images/Normal-1152.png,Normal,7a77de31c8800c176b7df8dfe70b1b74,kaggle.com/c/rsna-pneumonia-detection-challenge,teste_confirmatorio
COVID-19_Radiography_Dataset/Normal/images/Normal-1159.png,Normal,20d030dd8ae754b80dc83d789569c82b,kaggle.com/c/rsna-pneumonia-detection-challenge,treino
COVID-19_Radiography_Dataset/Normal/images/Normal-1160.png,Normal,5d4df8546501bf8aab90aa0093653c82,kaggle.com/c/rsna-pneumonia-detection-challenge,teste
COVID-19_Radiography_Dataset/Normal/images/Normal-1165.png,Normal,59572b23ae476bc32a91e0d01228810e,kaggle.com/c/rsna-pneumonia-detection-challenge,validacao
COVID-19_Radiography_Dataset/Normal/images/Normal-1166.png,Normal,22e9ce9e2ddb74d3156799ba49bf0fce,kaggle.com/c/rsna-pneumonia-detection-challenge,teste_confirmatorio
COVID-19_Radiography_Dataset/Normal/images/Normal-1168.png,Normal,5f710b7bd0c9269e1f8d857548e312ed,kaggle.com/c/rsna-pneumonia-detection-challenge,teste_confirmatorio
COVID-19_Radiography_Dataset/Normal/images/Normal-1173.png,Normal,19a59f6d2f67bb55b36a59d11e621d86,kaggle.com/c/rsna-pneumonia-detection-challenge,teste_confirmatorio
COVID-19_Radiography_Dataset/Normal/images/Normal-1174.png,Normal,fb08280be7f92004bb34377020d13229,kaggle.com/c/rsna-pneumonia-detection-challenge,teste
COVID-19_Radiography_Dataset/Normal/images/Normal-1175.png,Normal,38bde7c435b50ee67ffce86df9487e48,kaggle.com/c/rsna-pneumonia-detection-challenge,teste_confirmatorio
COVID-19_Radiography_Dataset/Normal/images/Normal-1182.png,Normal,1d5ef5d82d9705117e2a5f1850daea86,kaggle.com/c/rsna-pneumonia-detection-challenge,treino
COVID-19_Radiography_Dataset/Normal/images/Normal-1184.png,Normal,d17c3246b0ed79f33a39d3a20615d828,kaggle.com/c/rsna-pneumonia-detection-challenge,teste
COVID-19_Radiography_Dataset/Normal/images/Normal-1185.png,Normal,7d21937e074657eb8bb5d6d171789d27,kaggle.com/c/rsna-pneumonia-detection-challenge,teste_confirmatorio
COVID-19_Radiography_Dataset/Normal/images/Normal-119.png,Normal,f3f1c7a7bf75322a027e6e70028f8d92,kaggle.com/c/rsna-pneumonia-detection-challenge,treino
COVID-19_Radiography_Dataset/Normal/images/Normal-12.png,Normal,15bf509e8e506e1b0861522e8692f57d,kaggle.com/c/rsna-pneumonia-detection-challenge,teste
COVID-19_Radiography_Dataset/Normal/images/Normal-1203.png,Normal,36626672bcbcacbd038a2090e7189cda,kaggle.com/c/rsna-pneumonia-detection-challenge,teste_confirmatorio
COVID-19_Radiography_Dataset/Normal/images/Normal-121.png,Normal,718580bccbf9361dca003f020238774e,kaggle.com/c/rsna-pneumonia-detection-challenge,teste_confirmatorio
COVID-19_Radiography_Dataset/Normal/images/Normal-1210.png,Normal,0b41668ca7cd57ffe2382f644bb958eb,kaggle.com/c/rsna-pneumonia-detection-challenge,teste_confirmatorio
COVID-19_Radiography_Dataset/Normal/images/Normal-1218.png,Normal,e6a7ae7d8c18a463de49563a42d3b369,kaggle.com/c/rsna-pneumonia-detection-challenge,teste_confirmatorio
COVID-19_Radiography_Dataset/Normal/images/Normal-122.png,Normal,78ee66d6a1ccb5ffa77284b0e294764e,kaggle.com/c/rsna-pneumonia-detection-challenge,teste
COVID-19_Radiography_Dataset/Normal/images/Normal-1223.png,Normal,8c81b26d5d4e0141ad62ebccd83dd0fe,kaggle.com/c/rsna-pneumonia-detection-challenge,teste_confirmatorio
COVID-19_Radiography_Dataset/Normal/images/Normal-1229.png,Normal,1e8b07a3f3d3f3a8a9110c8b50b49ac6,kaggle.com/c/rsna-pneumonia-detection-challenge,teste_confirmatorio
COVID-19_Radiography_Dataset/Normal/images/Normal-123.png,Normal,171d5fc4d02db631a01bce6fb7c5a349,kaggle.com/c/rsna-pneumonia-detection-challenge,teste
COVID-19_Radiography_Dataset/Normal/images/Normal-1231.png,Normal,eced66f5a4286376b0d9a5f941037be3,kaggle.com/c/rsna-pneumonia-detection-challenge,teste_confirmatorio
COVID-19_Radiography_Dataset/Normal/images/Normal-1232.png,Normal,9cdf6eb13ac7b1cd2f13157bc124ce88,kaggle.com/c/rsna-pneumonia-detection-challenge,validacao
COVID-19_Radiography_Dataset/Normal/images/Normal-1243.png,Normal,9f68320ed05bb4f4c1a0bdfa729ee5ff,kaggle.com/c/rsna-pneumonia-detection-challenge,treino
COVID-19_Radiography_Dataset/Normal/images/Normal-1248.png,Normal,6fb6662d7de64feac7ec21a4da64d79e,kaggle.com/c/rsna-pneumonia-detection-challenge,teste_confirmatorio
COVID-19_Radiography_Dataset/Normal/images/Normal-126.png,Normal,4cc384639297203f09790b28fad29085,kaggle.com/c/rsna-pneumonia-detection-challenge,teste
COVID-19_Radiography_Dataset/Normal/images/Normal-1261.png,Normal,056eabf737d07c0a547424e69ece3040,kaggle.com/c/rsna-pneumonia-detection-challenge,validacao
COVID-19_Radiography_Dataset/Normal/images/Normal-1262.png,Normal,390710430dba67638ec13a29ae9e4417,kaggle.com/c/rsna-pneumonia-detection-challenge,teste_confirmatorio
COVID-19_Radiography_Dataset/Normal/images/Normal-1263.png,Normal,b7df077c16ec5f191e891ab97faceda8,kaggle.com/c/rsna-pneumonia-detection-challenge,teste
COVID-19_Radiography_Dataset/Normal/images/Normal-1264.png,Normal,64424af3d7a608595e6380bf982aba85,kaggle.com/c/rsna-pneumonia-detection-challenge,teste_confirmatorio
COVID-19_Radiography_Dataset/Normal/images/Normal-1271.png,Normal,046fa0d23292f30bc87dfd025beed006,kaggle.com/c/rsna-pneumonia-detection-challenge,teste
COVID-19_Radiography_Dataset/Normal/images/Normal-1272.png,Normal,00eca591cb97166f1d4df34b7020eb01,kaggle.com/c/rsna-pneumonia-detection-challenge,validacao
COVID-19_Radiography_Dataset/Normal/images/Normal-1275.png,Normal,e4670693efa52434a1a2f02134810f86,kaggle.com/c/rsna-pneumonia-detection-challenge,teste
COVID-19_Radiography_Dataset/Normal/images/Normal-1277.png,Normal,e07f1227fbae083050e41ed3e7d21096,kaggle.com/c/rsna-pneumonia-detection-challenge,treino
COVID-19_Radiography_Dataset/Normal/images/Normal-1284.png,Normal,e284f304a1b2cfae94d0f1537d406e1d,kaggle.com/c/rsna-pneumonia-detection-challenge,teste
COVID-19_Radiography_Dataset/Normal/images/Normal-1287.png,Normal,67c4d57bb895876793259dd58443f32e,kaggle.com/c/rsna-pneumonia-detection-challenge,treino
COVID-19_Radiography_Dataset/Normal/images/Normal-1291.png,Normal,b04452c2419002234155307ccbd44c0f,kaggle.com/c/rsna-pneumonia-detection-challenge,teste
COVID-19_Radiography_Dataset/Normal/images/Normal-1295.png,Normal,510941bb0c4251bd5ae4cff0f1082ef7,kaggle.com/c/rsna-pneumonia-detection-challenge,treino
COVID-19_Radiography_Dataset/Normal/images/Normal-1298.png,Normal,d2caa2a04252a9fc32694ac7f778d449,kaggle.com/c/rsna-pneumonia-detection-challenge,teste_confirmatorio
COVID-19_Radiography_Dataset/Normal/images/Normal-1299.png,Normal,5fafdc8f4e337f404c293ad5914f0c58,kaggle.com/c/rsna-pneumonia-detection-challenge,validacao
COVID-19_Radiography_Dataset/Normal/images/Normal-1301.png,Normal,0a7cc305dcec3604aa6ea5f3541d6d8a,kaggle.com/c/rsna-pneumonia-detection-challenge,validacao
COVID-19_Radiography_Dataset/Normal/images/Normal-1303.png,Normal,2d8f5bacdf7c2a4c70862814f45d6fe6,kaggle.com/c/rsna-pneumonia-detection-challenge,teste
COVID-19_Radiography_Dataset/Normal/images/Normal-1305.png,Normal,2dbf3b2c1b93620eba5340bf84257ae9,kaggle.com/c/rsna-pneumonia-detection-challenge,treino
COVID-19_Radiography_Dataset/Normal/images/Normal-1310.png,Normal,9ea465333260dc6d15372d889655c0b7,kaggle.com/c/rsna-pneumonia-detection-challenge,teste_confirmatorio
COVID-19_Radiography_Dataset/Normal/images/Normal-1312.png,Normal,770e0c87624a8b62c639e89767893cf3,kaggle.com/c/rsna-pneumonia-detection-challenge,teste
COVID-19_Radiography_Dataset/Normal/images/Normal-1314.png,Normal,1f3fa456a18fc3eb875e72ca022627cb,kaggle.com/c/rsna-pneumonia-detection-challenge,treino
COVID-19_Radiography_Dataset/Normal/images/Normal-1315.png,Normal,543df5983d17f9a8679e6f0355a9c9c0,kaggle.com/c/rsna-pneumonia-detection-challenge,teste_confirmatorio
COVID-19_Radiography_Dataset/Normal/images/Normal-1318.png,Normal,6d81bd730fafc656a1a2f5bba011ca18,kaggle.com/c/rsna-pneumonia-detection-challenge,treino
COVID-19_Radiography_Dataset/Normal/images/Normal-1323.png,Normal,cf67e676c58e8fe2186cc2b9fce3d40c,kaggle.com/c/rsna-pneumonia-detection-challenge,teste_confirmatorio
COVID-19_Radiography_Dataset/Normal/images/Normal-1325.png,Normal,14d285892c229d085d0222aeba509851,kaggle.com/c/rsna-pneumonia-detection-challenge,teste_confirmatorio
COVID-19_Radiography_Dataset/Normal/images/Normal-133.png,Normal,5003cce5c1a7f2286ee15cd3b7a8ba6c,kaggle.com/c/rsna-pneumonia-detection-challenge,treino
COVID-19_Radiography_Dataset/Normal/images/Normal-1331.png,Normal,d6ad61855a87b2d36704386f731cb381,kaggle.com/c/rsna-pneumonia-detection-challenge,teste
COVID-19_Radiography_Dataset/Normal/images/Normal-1332.png,Normal,9e4c20c514e3b3f18fc5ae413f812075,kaggle.com/c/rsna-pneumonia-detection-challenge,validacao
COVID-19_Radiography_Dataset/Normal/images/Normal-1335.png,Normal,41e1de78313dff34b52bd8ac6848502c,kaggle.com/c/rsna-pneumonia-detection-challenge,teste_confirmatorio
COVID-19_Radiography_Dataset/Normal/images/Normal-1336.png,Normal,1388215b969873cc28633d0de59fccad,kaggle.com/c/rsna-pneumonia-detection-challenge,teste
COVID-19_Radiography_Dataset/Normal/images/Normal-1339.png,Normal,658685afd61bdb6a5ee9101826d55ec8,kaggle.com/c/rsna-pneumonia-detection-challenge,teste_confirmatorio
COVID-19_Radiography_Dataset/Normal/images/Normal-1340.png,Normal,cce6e3ae0ca45273e59bb709558d6a4a,kaggle.com/c/rsna-pneumonia-detection-challenge,treino
COVID-19_Radiography_Dataset/Normal/images/Normal-1342.png,Normal,b43edb6109d495dd1fb6493b2d02e481,kaggle.com/c/rsna-pneumonia-detection-challenge,treino
COVID-19_Radiography_Dataset/Normal/images/Normal-1343.png,Normal,6c043e82ff3d4effcf7a652f07f3801f,kaggle.com/c/rsna-pneumonia-detection-challenge,teste
COVID-19_Radiography_Dataset/Normal/images/Normal-1349.png,Normal,5181256bdc3b849dc7d684fcc2cf56c6,kaggle.com/c/rsna-pneumonia-detection-challenge,teste
COVID-19_Radiography_Dataset/Normal/images/Normal-135.png,Normal,ee2099bfb19cafcf5ce001b4ffa8c46c,kaggle.com/c/rsna-pneumonia-detection-challenge,teste_confirmatorio
COVID-19_Radiography_Dataset/Normal/images/Normal-1350.png,Normal,3408de3e280198e91143a159d62d9585,kaggle.com/c/rsna-pneumonia-detection-challenge,treino
COVID-19_Radiography_Dataset/Normal/images/Normal-1356.png,Normal,ca672968613b1047f04b8942968d1645,kaggle.com/c/rsna-pneumonia-detection-challenge,teste
COVID-19_Radiography_Dataset/Normal/images/Normal-1374.png,Normal,1e823161980ac058f580b7a5d7e74db4,kaggle.com/c/rsna-pneumonia-detection-challenge,treino
COVID-19_Radiography_Dataset/Normal/images/Normal-1384.png,Normal,bcab69496fec98f86981d67cb8b28fe3,kaggle.com/c/rsna-pneumonia-detection-challenge,teste
COVID-19_Radiography_Dataset/Normal/images/Normal-1385.png,Normal,eaada832cfb560e41ca41c6f869cfe6c,kaggle.com/c/rsna-pneumonia-detection-challenge,treino
COVID-19_Radiography_Dataset/Normal/images/Normal-1386.png,Normal,47919887ed0ad65ac50b7172463a636d,kaggle.com/c/rsna-pneumonia-detection-challenge,teste
COVID-19_Radiography_Dataset/Normal/images/Normal-1387.png,Normal,c9f5014ecbe00df249aa643828a83c72,kaggle.com/c/rsna-pneumonia-detection-challenge,teste
COVID-19_Radiography_Dataset/Normal/images/Normal-1388.png,Normal,f342c1cae6bbca86b8f38177e9b95ca0,kaggle.com/c/rsna-pneumonia-detection-challenge,teste_confirmatorio
COVID-19_Radiography_Dataset/Normal/images/Normal-1395.png,Normal,7d8c60bb8c6adeaa591ecdaccd3dde08,kaggle.com/c/rsna-pneumonia-detection-challenge,treino
COVID-19_Radiography_Dataset/Normal/images/Normal-1397.png,Normal,91d1038c3342d052090108ea1b3c69ee,kaggle.com/c/rsna-pneumonia-detection-challenge,validacao
COVID-19_Radiography_Dataset/Normal/images/Normal-14.png,Normal,00b53ecba8ec61de19096b38f526bec7,kaggle.com/c/rsna-pneumonia-detection-challenge,treino
COVID-19_Radiography_Dataset/Normal/images/Normal-1408.png,Normal,3deb61a6f6542d1005de9dbe27903cb5,kaggle.com/c/rsna-pneumonia-detection-challenge,teste_confirmatorio
COVID-19_Radiography_Dataset/Normal/images/Normal-1412.png,Normal,f61a33d2fe37835cbdaf054b1e941c0c,kaggle.com/c/rsna-pneumonia-detection-challenge,treino
COVID-19_Radiography_Dataset/Normal/images/Normal-1414.png,Normal,18c684e7ad1872971252f50b1b3f0a5e,kaggle.com/c/rsna-pneumonia-detection-challenge,teste
COVID-19_Radiography_Dataset/Normal/images/Normal-1417.png,Normal,2bb71485d49f3dda2a324511a27d268b,kaggle.com/c/rsna-pneumonia-detection-challenge,treino
COVID-19_Radiography_Dataset/Normal/images/Normal-1419.png,Normal,6930276a6bfcd742b496e0a434e80230,kaggle.com/c/rsna-pneumonia-detection-challenge,teste_confirmatorio
COVID-19_Radiography_Dataset/Normal/images/Normal-1422.png,Normal,a96ac071855da18a627d09723ef172e4,kaggle.com/c/rsna-pneumonia-detection-challenge,treino
COVID-19_Radiography_Dataset/Normal/images/Normal-1423.png,Normal,27d4ccb672bebc1f31856977817bbb9d,kaggle.com/c/rsna-pneumonia-detection-challenge,teste_confirmatorio
COVID-19_Radiography_Dataset/Normal/images/Normal-1426.png,Normal,6ba634f478e10691a6c0da5c300dde25,kaggle.com/c/rsna-pneumonia-detection-challenge,teste
COVID-19_Radiography_Dataset/Normal/images/Normal-1430.png,Normal,8448448b637c45e69ff5289e5632aa50,kaggle.com/c/rsna-pneumonia-detection-challenge,teste
COVID-19_Radiography_Dataset/Normal/images/Normal-1431.png,Normal,3313eaa37511936fe35d9f51b6e27c6a,kaggle.com/c/rsna-pneumonia-detection-challenge,teste_confirmatorio
COVID-19_Radiography_Dataset/Normal/images/Normal-144.png,Normal,d4cd26b8f4b8a9fa0ede4c0b7185a521,kaggle.com/c/rsna-pneumonia-detection-challenge,teste
COVID-19_Radiography_Dataset/Normal/images/Normal-1450.png,Normal,41ff015993b134af22ead668c33a64dc,kaggle.com/c/rsna-pneumonia-detection-challenge,treino
COVID-19_Radiography_Dataset/Normal/images/Normal-1453.png,Normal,e8aeade66ab4d38b630d29cc9b262591,kaggle.com/c/rsna-pneumonia-detection-challenge,treino
COVID-19_Radiography_Dataset/Normal/images/Normal-1454.png,Normal,d3365c219f023d6f749a4a8dece30827,kaggle.com/c/rsna-pneumonia-detection-challenge,treino
COVID-19_Radiography_Dataset/Normal/images/Normal-1459.png,Normal,d59645867c2f650f81c1877113c5957e,kaggle.com/c/rsna-pneumonia-detection-challenge,teste
COVID-19_Radiography_Dataset/Normal/images/Normal-1466.png,Normal,cb45c3f7cc484b7e2cb3cbca4ea11faa,kaggle.com/c/rsna-pneumonia-detection-challenge,teste_confirmatorio
COVID-19_Radiography_Dataset/Normal/images/Normal-1467.png,Normal,82bc8f6a2a7ef5300248c5bb25e72abc,kaggle.com/c/rsna-pneumonia-detection-challenge,teste
COVID-19_Radiography_Dataset/Normal/images/Normal-1468.png,Normal,2ce0472bc36913f87af541b52c2b985a,kaggle.com/c/rsna-pneumonia-detection-challenge,treino
COVID-19_Radiography_Dataset/Normal/images/Normal-1471.png,Normal,3806b760ec51435deeb0aad0a1604143,kaggle.com/c/rsna-pneumonia-detection-challenge,teste
COVID-19_Radiography_Dataset/Normal/images/Normal-1474.png,Normal,d1f7122daf85b3bc7be68b8300ca2ed4,kaggle.com/c/rsna-pneumonia-detection-challenge,teste_confirmatorio
COVID-19_Radiography_Dataset/Normal/images/Normal-1478.png,Normal,2a49d3620daaffb3f48b930e9524d543,kaggle.com/c/rsna-pneumonia-detection-challenge,treino
COVID-19_Radiography_Dataset/Normal/images/Normal-1481.png,Normal,3cc8b808436ead0b0f1d64d9f6fcd23b,kaggle.com/c/rsna-pneumonia-detection-challenge,teste_confirmatorio
COVID-19_Radiography_Dataset/Normal/images/Normal-1483.png,Normal,e6535a8b340cacc3a33898559af81e2d,kaggle.com/c/rsna-pneumonia-detection-challenge,treino
COVID-19_Radiography_Dataset/Normal/images/Normal-1485.png,Normal,b1dc2050c26d7fdde511951248b123b6,kaggle.com/c/rsna-pneumonia-detection-challenge,teste
COVID-19_Radiography_Dataset/Normal/images/Normal-1487.png,Normal,2311ea6c96b7c4ba5246794ebebdb3c7,kaggle.com/c/rsna-pneumonia-detection-challenge,teste
COVID-19_Radiography_Dataset/Normal/images/Normal-149.png,Normal,4543549880a9de13ec71699579828768,kaggle.com/c/rsna-pneumonia-detection-challenge,teste_confirmatorio
COVID-19_Radiography_Dataset/Normal/images/Normal-1496.png,Normal,0d72310afc5d753813223768178e3ec4,kaggle.com/c/rsna-pneumonia-detection-challenge,validacao
COVID-19_Radiography_Dataset/Normal/images/Normal-15.png,Normal,2e4aa79b094e5aec5c43512cdccf399c,kaggle.com/c/rsna-pneumonia-detection-challenge,treino
COVID-19_Radiography_Dataset/Normal/images/Normal-1507.png,Normal,886f274ada542af77524d805887ee3e6,kaggle.com/c/rsna-pneumonia-detection-challenge,teste
COVID-19_Radiography_Dataset/Normal/images/Normal-1513.png,Normal,2e1bf6305ad2830078540475a4f2da46,kaggle.com/c/rsna-pneumonia-detection-challenge,teste
COVID-19_Radiography_Dataset/Normal/images/Normal-1524.png,Normal,219ca6c51be09a5edbf32d7fa80b3d7e,kaggle.com/c/rsna-pneumonia-detection-challenge,teste_confirmatorio
COVID-19_Radiography_Dataset/Normal/images/Normal-1529.png,Normal,1117414d8268c93738888d4de8c11f34,kaggle.com/c/rsna-pneumonia-detection-challenge,teste_confirmatorio
COVID-19_Radiography_Dataset/Normal/images/Normal-153.png,Normal,282703e08342637daab8378565d9051a,kaggle.com/c/rsna-pneumonia-detection-challenge,treino
COVID-19_Radiography_Dataset/Normal/images/Normal-1537.png,Normal,eeffb128605bda965883e34203b9f923,kaggle.com/c/rsna-pneumonia-detection-challenge,treino
COVID-19_Radiography_Dataset/Normal/images/Normal-154.png,Normal,380ba59379664fc8a6fd8f0c6743ae53,kaggle.com/c/rsna-pneumonia-detection-challenge,teste
COVID-19_Radiography_Dataset/Normal/images/Normal-1540.png,Normal,b13442ca1b470aff356abd4afd29f688,kaggle.com/c/rsna-pneumonia-detection-challenge,treino
COVID-19_Radiography_Dataset/Normal/images/Normal-1541.png,Normal,7aae24c932488827122697eac974fbcf,kaggle.com/c/rsna-pneumonia-detection-challenge,teste_confirmatorio
COVID-19_Radiography_Dataset/Normal/images/Normal-1548.png,Normal,335bab5d8c95a8731c621504e705b519,kaggle.com/c/rsna-pneumonia-detection-challenge,teste_confirmatorio
COVID-19_Radiography_Dataset/Normal/images/Normal-1552.png,Normal,8c501ab67f9ef5cad6d87fd33301c880,kaggle.com/c/rsna-pneumonia-detection-challenge,validacao
COVID-19_Radiography_Dataset/Normal/images/Normal-1559.png,Normal,345593a2d12f1750d8289a1fe380f9bf,kaggle.com/c/rsna-pneumonia-detection-challenge,treino
COVID-19_Radiography_Dataset/Normal/images/Normal-1561.png,Normal,46b8d20f546d37adc2b2b0534d3063b0,kaggle.com/c/rsna-pneumonia-detection-challenge,treino
COVID-19_Radiography_Dataset/Normal/images/Normal-1570.png,Normal,f939df6d5914d2dcba7841256455b370,kaggle.com/c/rsna-pneumonia-detection-challenge,treino
COVID-19_Radiography_Dataset/Normal/images/Normal-1574.png,Normal,4671179b71de087d877ae7a710c1961b,kaggle.com/c/rsna-pneumonia-detection-challenge,treino
COVID-19_Radiography_Dataset/Normal/images/Normal-158.png,Normal,49d7cb9ee7c40c2d78c2925456295bc6,kaggle.com/c/rsna-pneumonia-detection-challenge,teste_confirmatorio
COVID-19_Radiography_Dataset/Normal/images/Normal-1587.png,Normal,0c0ed9a707027ea0b64920e4944f5e7c,kaggle.com/c/rsna-pneumonia-detection-challenge,treino
COVID-19_Radiography_Dataset/Normal/images/Normal-1588.png,Normal,0f3a6c31888dd8251a1c73f57548511a,kaggle.com/c/rsna-pneumonia-detection-challenge,validacao
COVID-19_Radiography_Dataset/Normal/images/Normal-159.png,Normal,58ae9b12f66f9775433865867475ab69,kaggle.com/c/rsna-pneumonia-detection-challenge,treino
COVID-19_Radiography_Dataset/Normal/images/Normal-1590.png,Normal,97498d85a8dd95a1e001921aaa7d7018,kaggle.com/c/rsna-pneumonia-detection-challenge,teste
COVID-19_Radiography_Dataset/Normal/images/Normal-1591.png,Normal,d44e3b7db1fb17e2132c7dacc44c973e,kaggle.com/c/rsna-pneumonia-detection-challenge,treino
COVID-19_Radiography_Dataset/Normal/images/Normal-1592.png,Normal,0ff9d7ff24646d8654efb7bcedbbee02,kaggle.com/c/rsna-pneumonia-detection-challenge,teste_confirmatorio
COVID-19_Radiography_Dataset/Normal/images/Normal-1593.png,Normal,0b0ee3a5c1ea6b4a959429710b4238b8,kaggle.com/c/rsna-pneumonia-detection-challenge,treino
COVID-19_Radiography_Dataset/Normal/images/Normal-1596.png,Normal,a5af14782c554962b4c41cee5f140a03,kaggle.com/c/rsna-pneumonia-detection-challenge,teste
COVID-19_Radiography_Dataset/Normal/images/Normal-1600.png,Normal,7c4f507e0bfa556d3ee6ae06218bb3d3,kaggle.com/c/rsna-pneumonia-detection-challenge,treino
COVID-19_Radiography_Dataset/Normal/images/Normal-1601.png,Normal,053cab85cc058c1605b70097e60c738f,kaggle.com/c/rsna-pneumonia-detection-challenge,teste_confirmatorio
COVID-19_Radiography_Dataset/Normal/images/Normal-1603.png,Normal,97c317cf7718d70db23c96a4b2e98e49,kaggle.com/c/rsna-pneumonia-detection-challenge,teste_confirmatorio
COVID-19_Radiography_Dataset/Normal/images/Normal-1608.png,Normal,36a7858c5e594fe66b04f938b91d190a,kaggle.com/c/rsna-pneumonia-detection-challenge,treino
COVID-19_Radiography_Dataset/Normal/images/Normal-1614.png,Normal,7ac317c5bfb10702c97e105757888d9c,kaggle.com/c/rsna-pneumonia-detection-challenge,teste_confirmatorio
COVID-19_Radiography_Dataset/Normal/images/Normal-1635.png,Normal,d357d4bd6596b2b7913bd29b9ccd381d,kaggle.com/c/rsna-pneumonia-detection-challenge,teste
COVID-19_Radiography_Dataset/Normal/images/Normal-1650.png,Normal,a5b29ccdf6b6ae2e02a24d5a2b20be95,kaggle.com/c/rsna-pneumonia-detection-challenge,treino
COVID-19_Radiography_Dataset/Normal/images/Normal-1657.png,Normal,b56dd5b88e571af8660a05bcfad121b9,kaggle.com/c/rsna-pneumonia-detection-challenge,validacao
COVID-19_Radiography_Dataset/Normal/images/Normal-1664.png,Normal,1a966fb25fbf0b720fdbc9600ed17e3f,kaggle.com/c/rsna-pneumonia-detection-challenge,teste
COVID-19_Radiography_Dataset/Normal/images/Normal-1667.png,Normal,704c8bbe4a4e47be52ce67df031ace8e,kaggle.com/c/rsna-pneumonia-detection-challenge,teste_confirmatorio
COVID-19_Radiography_Dataset/Normal/images/Normal-1669.png,Normal,1c58ec56e3f1ed0b724f1ee9b1fe47cc,kaggle.com/c/rsna-pneumonia-detection-challenge,teste
COVID-19_Radiography_Dataset/Normal/images/Normal-1678.png,Normal,1812350b48f4bcc845c4bba73e2a2d6e,kaggle.com/c/rsna-pneumonia-detection-challenge,teste_confirmatorio
COVID-19_Radiography_Dataset/Normal/images/Normal-1679.png,Normal,9cc9724c14595bb8334eda18527e1ee8,kaggle.com/c/rsna-pneumonia-detection-challenge,treino
COVID-19_Radiography_Dataset/Normal/images/Normal-1682.png,Normal,8b65bc1c98d175ef1c01544185283577,kaggle.com/c/rsna-pneumonia-detection-challenge,teste
COVID-19_Radiography_Dataset/Normal/images/Normal-1688.png,Normal,df8b36fa39703b40d4a1863af0d3a416,kaggle.com/c/rsna-pneumonia-detection-challenge,teste
COVID-19_Radiography_Dataset/Normal/images/Normal-169.png,Normal,86dd22e1256e209d68e18a09644ee492,kaggle.com/c/rsna-pneumonia-detection-challenge,teste
COVID-19_Radiography_Dataset/Normal/images/Normal-1690.png,Normal,5eb287733f6d00a5e866c0e890291136,kaggle.com/c/rsna-pneumonia-detection-challenge,treino
COVID-19_Radiography_Dataset/Normal/images/Normal-1699.png,Normal,164fb91f695840915fc503c861d75087,kaggle.com/c/rsna-pneumonia-detection-challenge,teste
COVID-19_Radiography_Dataset/Normal/images/Normal-1702.png,Normal,a2927ff0212fe99fc115f5671f51a743,kaggle.com/c/rsna-pneumonia-detection-challenge,treino
COVID-19_Radiography_Dataset/Normal/images/Normal-1706.png,Normal,367e219346ba5201f0672de647e203e1,kaggle.com/c/rsna-pneumonia-detection-challenge,treino
COVID-19_Radiography_Dataset/Normal/images/Normal-1724.png,Normal,b5552cce98ab5bee6118eb37391277c5,kaggle.com/c/rsna-pneumonia-detection-challenge,teste_confirmatorio
COVID-19_Radiography_Dataset/Normal/images/Normal-1729.png,Normal,5304308f32a5d101b5a10ce7ee4c9872,kaggle.com/c/rsna-pneumonia-detection-challenge,treino
COVID-19_Radiography_Dataset/Normal/images/Normal-1739.png,Normal,59390901f24cd6ada07168a6c7b22833,kaggle.com/c/rsna-pneumonia-detection-challenge,teste_confirmatorio
COVID-19_Radiography_Dataset/Normal/images/Normal-1740.png,Normal,51ac82ca2edf301d017711f4273df41f,kaggle.com/c/rsna-pneumonia-detection-challenge,treino
COVID-19_Radiography_Dataset/Normal/images/Normal-1746.png,Normal,27b16320413d30216dab71c36321416d,kaggle.com/c/rsna-pneumonia-detection-challenge,treino
COVID-19_Radiography_Dataset/Normal/images/Normal-1748.png,Normal,5a370aecc763a631b7e0651f464cc086,kaggle.com/c/rsna-pneumonia-detection-challenge,teste_confirmatorio
COVID-19_Radiography_Dataset/Normal/images/Normal-1749.png,Normal,cae1af8879435b23cc0cf15331b00523,kaggle.com/c/rsna-pneumonia-detection-challenge,validacao
COVID-19_Radiography_Dataset/Normal/images/Normal-1750.png,Normal,fdd0f4f90b71b0e87c04c9ad5f046731,kaggle.com/c/rsna-pneumonia-detection-challenge,teste_confirmatorio
COVID-19_Radiography_Dataset/Normal/images/Normal-1751.png,Normal,2fa000b7695137a7904e2a5fad5490b8,kaggle.com/c/rsna-pneumonia-detection-challenge,treino
COVID-19_Radiography_Dataset/Normal/images/Normal-1759.png,Normal,bf46b1e3390f3e35b2c8a096c0e09084,kaggle.com/c/rsna-pneumonia-detection-challenge,treino
COVID-19_Radiography_Dataset/Normal/images/Normal-1760.png,Normal,4dbeec2e14643231924275632f4b73b6,kaggle.com/c/rsna-pneumonia-detection-challenge,validacao
COVID-19_Radiography_Dataset/Normal/images/Normal-1761.png,Normal,74d6f8845845203a210ff535407b8d59,kaggle.com/c/rsna-pneumonia-detection-challenge,teste_confirmatorio
COVID-19_Radiography_Dataset/Normal/images/Normal-1765.png,Normal,da1670d97d61fc3897c0320bda0fedc5,kaggle.com/c/rsna-pneumonia-detection-challenge,validacao
COVID-19_Radiography_Dataset/Normal/images/Normal-1774.png,Normal,9b9beb862c359edc77708bb3d17d14cc,kaggle.com/c/rsna-pneumonia-detection-challenge,teste_confirmatorio
COVID-19_Radiography_Dataset/Normal/images/Normal-1776.png,Normal,545a180caf97f1c15e17a229b89046a9,kaggle.com/c/rsna-pneumonia-detection-challenge,teste
COVID-19_Radiography_Dataset/Normal/images/Normal-1786.png,Normal,2c592eca1903ac0874f04f942f047651,kaggle.com/c/rsna-pneumonia-detection-challenge,treino
COVID-19_Radiography_Dataset/Normal/images/Normal-1789.png,Normal,b57bc8f32e90d7a1c0e86575d0c00116,kaggle.com/c/rsna-pneumonia-detection-challenge,treino
COVID-19_Radiography_Dataset/Normal/images/Normal-179.png,Normal,d68c6412cf25d9ae91db27e505cb146f,kaggle.com/c/rsna-pneumonia-detection-challenge,teste
COVID-19_Radiography_Dataset/Normal/images/Normal-1790.png,Normal,f7516a69e63bd873e60103cd43610139,kaggle.com/c/rsna-pneumonia-detection-challenge,treino
COVID-19_Radiography_Dataset/Normal/images/Normal-1794.png,Normal,5845308808ffe78400e5e65daa5294d6,kaggle.com/c/rsna-pneumonia-detection-challenge,teste
COVID-19_Radiography_Dataset/Normal/images/Normal-1803.png,Normal,f02ba28c5e65cd109f134e2ca7df6351,kaggle.com/c/rsna-pneumonia-detection-challenge,teste
COVID-19_Radiography_Dataset/Normal/images/Normal-1806.png,Normal,2150e72903da81cf3cbbc88110402ee2,kaggle.com/c/rsna-pneumonia-detection-challenge,teste
COVID-19_Radiography_Dataset/Normal/images/Normal-1807.png,Normal,441b9a24b4ddc9015cfe94fedf4b715b,kaggle.com/c/rsna-pneumonia-detection-challenge,teste_confirmatorio
COVID-19_Radiography_Dataset/Normal/images/Normal-1813.png,Normal,83d8c1efb25571bdb5079c0d094af3cb,kaggle.com/c/rsna-pneumonia-detection-challenge,treino
COVID-19_Radiography_Dataset/Normal/images/Normal-1814.png,Normal,3cbde454fcf85b1a8f446fb0d08b11d5,kaggle.com/c/rsna-pneumonia-detection-challenge,validacao
COVID-19_Radiography_Dataset/Normal/images/Normal-1815.png,Normal,83549fa8962358a1d8a18d021b47bdc7,kaggle.com/c/rsna-pneumonia-detection-challenge,teste_confirmatorio
COVID-19_Radiography_Dataset/Normal/images/Normal-1821.png,Normal,b2c1204e031fcfec2135b54db23abd89,kaggle.com/c/rsna-pneumonia-detection-challenge,teste
COVID-19_Radiography_Dataset/Normal/images/Normal-1822.png,Normal,a07b34c95f05ec1b335efca7554944f4,kaggle.com/c/rsna-pneumonia-detection-challenge,treino
COVID-19_Radiography_Dataset/Normal/images/Normal-1826.png,Normal,65d5cd7c95c573c7b6fed383e69cbe27,kaggle.com/c/rsna-pneumonia-detection-challenge,teste
COVID-19_Radiography_Dataset/Normal/images/Normal-1830.png,Normal,c947564c78983d8633c63bbc1974c74b,kaggle.com/c/rsna-pneumonia-detection-challenge,treino
COVID-19_Radiography_Dataset/Normal/images/Normal-1833.png,Normal,7ea93c8530a8535c9a732b614702b539,kaggle.com/c/rsna-pneumonia-detection-challenge,teste_confirmatorio
COVID-19_Radiography_Dataset/Normal/images/Normal-1834.png,Normal,2178a5dd0fa217d8d02379cc10cd0407,kaggle.com/c/rsna-pneumonia-detection-challenge,teste
COVID-19_Radiography_Dataset/Normal/images/Normal-1836.png,Normal,4650c08b3cd3cca5585c0b09afcee5a4,kaggle.com/c/rsna-pneumonia-detection-challenge,teste
COVID-19_Radiography_Dataset/Normal/images/Normal-184.png,Normal,6cc84f5af99a14d2db4c9dd117ba0940,kaggle.com/c/rsna-pneumonia-detection-challenge,treino
COVID-19_Radiography_Dataset/Normal/images/Normal-1841.png,Normal,3d026c6f3db777c48106cb81b0120c55,kaggle.com/c/rsna-pneumonia-detection-challenge,treino
COVID-19_Radiography_Dataset/Normal/images/Normal-1853.png,Normal,8917af7e50b30b5d4fc39107d8251c64,kaggle.com/c/rsna-pneumonia-detection-challenge,teste_confirmatorio
COVID-19_Radiography_Dataset/Normal/images/Normal-1854.png,Normal,4ff9554e679246c8c2fb1ad467313293,kaggle.com/c/rsna-pneumonia-detection-challenge,treino
COVID-19_Radiography_Dataset/Normal/images/Normal-1855.png,Normal,5315c1f745e497e743f68e58a25e2fdb,kaggle.com/c/rsna-pneumonia-detection-challenge,teste_confirmatorio
COVID-19_Radiography_Dataset/Normal/images/Normal-1856.png,Normal,2677d43c86a7fdfb907dacf5d7101f0e,kaggle.com/c/rsna-pneumonia-detection-challenge,teste
COVID-19_Radiography_Dataset/Normal/images/Normal-1859.png,Normal,29892e2749bf03a4175e8a8612867f12,kaggle.com/c/rsna-pneumonia-detection-challenge,treino
COVID-19_Radiography_Dataset/Normal/images/Normal-1866.png,Normal,70be8c9c7fa2257d1e066c9a9faf6896,kaggle.com/c/rsna-pneumonia-detection-challenge,teste
COVID-19_Radiography_Dataset/Normal/images/Normal-1867.png,Normal,0c81c2d8d41335093fa60b5c1aa4f5ca,kaggle.com/c/rsna-pneumonia-detection-challenge,treino
COVID-19_Radiography_Dataset/Normal/images/Normal-187.png,Normal,68e3033499491183397b49c0c089ea7b,kaggle.com/c/rsna-pneumonia-detection-challenge,teste
COVID-19_Radiography_Dataset/Normal/images/Normal-1873.png,Normal,6996a24f25b187bc857c0f7646a49a4b,kaggle.com/c/rsna-pneumonia-detection-challenge,validacao
COVID-19_Radiography_Dataset/Normal/images/Normal-1877.png,Normal,262488c281287f4d28b4d72e716e5f8a,kaggle.com/c/rsna-pneumonia-detection-challenge,teste_confirmatorio
COVID-19_Radiography_Dataset/Normal/images/Normal-1878.png,Normal,1f783e78d3cc57c5a7d9032eae7fbdc0,kaggle.com/c/rsna-pneumonia-detection-challenge,treino
COVID-19_Radiography_Dataset/Normal/images/Normal-1879.png,Normal,94482496169098ab07c4392df549afda,kaggle.com/c/rsna-pneumonia-detection-challenge,treino
COVID-19_Radiography_Dataset/Normal/images/Normal-1891.png,Normal,508f1c6288a0338a102c0f5f2825476d,kaggle.com/c/rsna-pneumonia-detection-challenge,treino
COVID-19_Radiography_Dataset/Normal/images/Normal-1895.png,Normal,1e893976efcd4bb95f0c1af1597d6f76,kaggle.com/c/rsna-pneumonia-detection-challenge,teste
COVID-19_Radiography_Dataset/Normal/images/Normal-1897.png,Normal,ba10233d3f96fc07eb627140bf1d2e78,kaggle.com/c/rsna-pneumonia-detection-challenge,teste
COVID-19_Radiography_Dataset/Normal/images/Normal-19.png,Normal,f90c31b1d266fedc41e8fd1a299d3016,kaggle.com/c/rsna-pneumonia-detection-challenge,treino
COVID-19_Radiography_Dataset/Normal/images/Normal-1904.png,Normal,cb1b5cf2ad6cdb66e1ef23012014e169,kaggle.com/c/rsna-pneumonia-detection-challenge,teste
COVID-19_Radiography_Dataset/Normal/images/Normal-1905.png,Normal,9ff309050154aa447bee74397b7a7346,kaggle.com/c/rsna-pneumonia-detection-challenge,treino
COVID-19_Radiography_Dataset/Normal/images/Normal-1906.png,Normal,7a0468d81ed279f9fe1ae0bfca522560,kaggle.com/c/rsna-pneumonia-detection-challenge,validacao
COVID-19_Radiography_Dataset/Normal/images/Normal-1911.png,Normal,75f21d021233d5821817462b13403f89,kaggle.com/c/rsna-pneumonia-detection-challenge,treino
COVID-19_Radiography_Dataset/Normal/images/Normal-1927.png,Normal,f364e56b0fa78108929c5f54b46d3261,kaggle.com/c/rsna-pneumonia-detection-challenge,teste
COVID-19_Radiography_Dataset/Normal/images/Normal-1931.png,Normal,634d7bf704604fa9481775c7b016cc44,kaggle.com/c/rsna-pneumonia-detection-challenge,treino
COVID-19_Radiography_Dataset/Normal/images/Normal-1934.png,Normal,1501f4ea61cc853d32ea7c5d119af107,kaggle.com/c/rsna-pneumonia-detection-challenge,validacao
COVID-19_Radiography_Dataset/Normal/images/Normal-1943.png,Normal,2479edacf9fd1944d4648539725a986e,kaggle.com/c/rsna-pneumonia-detection-challenge,treino
COVID-19_Radiography_Dataset/Normal/images/Normal-1947.png,Normal,5079ab5f7f3795b81ddcb6eae4268561,kaggle.com/c/rsna-pneumonia-detection-challenge,treino
COVID-19_Radiography_Dataset/Normal/images/Normal-1948.png,Normal,d60a8838f9b5c44bf3714146447d3a7b,kaggle.com/c/rsna-pneumonia-detection-challenge,teste
COVID-19_Radiography_Dataset/Normal/images/Normal-1954.png,Normal,07d316178adfd1a56807fc06fe111741,kaggle.com/c/rsna-pneumonia-detection-challenge,teste
COVID-19_Radiography_Dataset/Normal/images/Normal-1962.png,Normal,96e01eb3ebaf7d11367fc139060eb008,kaggle.com/c/rsna-pneumonia-detection-challenge,treino
COVID-19_Radiography_Dataset/Normal/images/Normal-1964.png,Normal,e8794a4c541bce8fcb58f1520e6c417a,kaggle.com/c/rsna-pneumonia-detection-challenge,treino
COVID-19_Radiography_Dataset/Normal/images/Normal-1965.png,Normal,e5429d728d9758d2c1589f96b1605aad,kaggle.com/c/rsna-pneumonia-detection-challenge,treino
COVID-19_Radiography_Dataset/Normal/images/Normal-1966.png,Normal,0f2009ab907d437f1d45fc6080bc4b58,kaggle.com/c/rsna-pneumonia-detection-challenge,validacao
COVID-19_Radiography_Dataset/Normal/images/Normal-1968.png,Normal,a3c37c80f03a2de792385b867c80fa82,kaggle.com/c/rsna-pneumonia-detection-challenge,treino
COVID-19_Radiography_Dataset/Normal/images/Normal-197.png,Normal,75dcf0ce30efb18d5aa2d8e1a586a5e1,kaggle.com/c/rsna-pneumonia-detection-challenge,treino
COVID-19_Radiography_Dataset/Normal/images/Normal-1973.png,Normal,b58b6dbeb6a705a9f860590397cea894,kaggle.com/c/rsna-pneumonia-detection-challenge,treino
COVID-19_Radiography_Dataset/Normal/images/Normal-1976.png,Normal,ef7edb1cf395260729b5017ebafc5ed9,kaggle.com/c/rsna-pneumonia-detection-challenge,treino
COVID-19_Radiography_Dataset/Normal/images/Normal-1978.png,Normal,1b6df3a1b3c10b4560c9f7a6d913fc88,kaggle.com/c/rsna-pneumonia-detection-challenge,validacao
COVID-19_Radiography_Dataset/Normal/images/Normal-1982.png,Normal,ab67b2a620ad6b2404af8d5e43987219,kaggle.com/c/rsna-pneumonia-detection-challenge,treino
COVID-19_Radiography_Dataset/Normal/images/Normal-1986.png,Normal,6364a6bc67af5ec679542a01268c45af,kaggle.com/c/rsna-pneumonia-detection-challenge,teste_confirmatorio
COVID-19_Radiography_Dataset/Normal/images/Normal-1988.png,Normal,acef147e125e6ad0f1ef6193cd468e65,kaggle.com/c/rsna-pneumonia-detection-challenge,validacao
COVID-19_Radiography_Dataset/Normal/images/Normal-1991.png,Normal,f33ab7c18d1d4e1952b88fbb1226588c,kaggle.com/c/rsna-pneumonia-detection-challenge,teste_confirmatorio
COVID-19_Radiography_Dataset/Normal/images/Normal-1995.png,Normal,abd0e63fde889ea458b8704a4efd24f9,kaggle.com/c/rsna-pneumonia-detection-challenge,treino
COVID-19_Radiography_Dataset/Normal/images/Normal-2.png,Normal,8235b119f2f546a6621e93b39e889b16,kaggle.com/c/rsna-pneumonia-detection-challenge,treino
COVID-19_Radiography_Dataset/Normal/images/Normal-2005.png,Normal,faa0f6c9dcf229bff2b5acdd2c96cbbf,kaggle.com/c/rsna-pneumonia-detection-challenge,treino
COVID-19_Radiography_Dataset/Normal/images/Normal-2009.png,Normal,a8cf23d58d7ef3635a9d8bea13bb9f0e,kaggle.com/c/rsna-pneumonia-detection-challenge,validacao
COVID-19_Radiography_Dataset/Normal/images/Normal-2012.png,Normal,66d08eba3d1cd6e43821e0e88f237806,kaggle.com/c/rsna-pneumonia-detection-challenge,teste_confirmatorio
COVID-19_Radiography_Dataset/Normal/images/Normal-2021.png,Normal,a83e7cce1705a47d9eaf692570d6b367,kaggle.com/c/rsna-pneumonia-detection-challenge,teste
COVID-19_Radiography_Dataset/Normal/images/Normal-2037.png,Normal,55fb113f9151dadf11055cd79bcf66d9,kaggle.com/c/rsna-pneumonia-detection-challenge,teste
COVID-19_Radiography_Dataset/Normal/images/Normal-2040.png,Normal,2e13b0fc1be47286f4749955bb9d882a,kaggle.com/c/rsna-pneumonia-detection-challenge,treino
COVID-19_Radiography_Dataset/Normal/images/Normal-2044.png,Normal,07d8361aa4e993383123f894af5abcd9,kaggle.com/c/rsna-pneumonia-detection-challenge,teste
COVID-19_Radiography_Dataset/Normal/images/Normal-2048.png,Normal,b96423888cf0c70d0f41efab0be893dc,kaggle.com/c/rsna-pneumonia-detection-challenge,teste_confirmatorio
COVID-19_Radiography_Dataset/Normal/images/Normal-2060.png,Normal,6edebdca0a864cde4ec99e562ee9c9b5,kaggle.com/c/rsna-pneumonia-detection-challenge,teste
COVID-19_Radiography_Dataset/Normal/images/Normal-2063.png,Normal,1eb2cf1d1bb2d56470f2cd36498b33b4,kaggle.com/c/rsna-pneumonia-detection-challenge,teste_confirmatorio
COVID-19_Radiography_Dataset/Normal/images/Normal-2068.png,Normal,d9dec0e1eb6aa662b5d739c17053abc8,kaggle.com/c/rsna-pneumonia-detection-challenge,validacao
COVID-19_Radiography_Dataset/Normal/images/Normal-2077.png,Normal,bf54a8845f601922a22e15ea85b292d6,kaggle.com/c/rsna-pneumonia-detection-challenge,validacao
COVID-19_Radiography_Dataset/Normal/images/Normal-2079.png,Normal,a4fad02dfcf66524d2915fa8c554dd9c,kaggle.com/c/rsna-pneumonia-detection-challenge,validacao
COVID-19_Radiography_Dataset/Normal/images/Normal-2080.png,Normal,7fc20d7a488a0b1a73e5f45494a8ef58,kaggle.com/c/rsna-pneumonia-detection-challenge,treino
COVID-19_Radiography_Dataset/Normal/images/Normal-2084.png,Normal,6e053ad9228444ada7a406c2571eff23,kaggle.com/c/rsna-pneumonia-detection-challenge,teste_confirmatorio
COVID-19_Radiography_Dataset/Normal/images/Normal-2089.png,Normal,231d7fd1521c9948891b7da4482e9ba5,kaggle.com/c/rsna-pneumonia-detection-challenge,teste_confirmatorio
COVID-19_Radiography_Dataset/Normal/images/Normal-2095.png,Normal,40c501f80ff2a092d3cea124af93f9af,kaggle.com/c/rsna-pneumonia-detection-challenge,validacao
COVID-19_Radiography_Dataset/Normal/images/Normal-2096.png,Normal,3827df8c5b0c3d374dffeba94a0b9e1a,kaggle.com/c/rsna-pneumonia-detection-challenge,teste_confirmatorio
COVID-19_Radiography_Dataset/Normal/images/Normal-2098.png,Normal,57b702727d3a77ab8df98ec24bc32080,kaggle.com/c/rsna-pneumonia-detection-challenge,validacao
COVID-19_Radiography_Dataset/Normal/images/Normal-21.png,Normal,274e19e38e69e0e03737a8339d338eee,kaggle.com/c/rsna-pneumonia-detection-challenge,teste_confirmatorio
COVID-19_Radiography_Dataset/Normal/images/Normal-2103.png,Normal,b3795aed2ef1a41e84bcc2370d947904,kaggle.com/c/rsna-pneumonia-detection-challenge,treino
COVID-19_Radiography_Dataset/Normal/images/Normal-2106.png,Normal,3120267276a46f4dd90abc3880589c4a,kaggle.com/c/rsna-pneumonia-detection-challenge,teste_confirmatorio
COVID-19_Radiography_Dataset/Normal/images/Normal-2110.png,Normal,b379086c005e31da1549fca704801365,kaggle.com/c/rsna-pneumonia-detection-challenge,treino
COVID-19_Radiography_Dataset/Normal/images/Normal-2112.png,Normal,01c2cb42b87ac7f3dfdab22fd897d7cf,kaggle.com/c/rsna-pneumonia-detection-challenge,treino
COVID-19_Radiography_Dataset/Normal/images/Normal-2121.png,Normal,994d7fad54a75cd9b4086483de048891,kaggle.com/c/rsna-pneumonia-detection-challenge,teste
COVID-19_Radiography_Dataset/Normal/images/Normal-2125.png,Normal,9ee94dab7aec4121a8eb5cbdbb54df73,kaggle.com/c/rsna-pneumonia-detection-challenge,teste_confirmatorio
COVID-19_Radiography_Dataset/Normal/images/Normal-2126.png,Normal,d7d04b41a80ec08aa377952cb5f9af78,kaggle.com/c/rsna-pneumonia-detection-challenge,teste
COVID-19_Radiography_Dataset/Normal/images/Normal-2129.png,Normal,885062a76c7c251637375191588b5850,kaggle.com/c/rsna-pneumonia-detection-challenge,treino
COVID-19_Radiography_Dataset/Normal/images/Normal-2137.png,Normal,d7ca4b9790351bec5b4807a034c0b09c,kaggle.com/c/rsna-pneumonia-detection-challenge,treino
COVID-19_Radiography_Dataset/Normal/images/Normal-2144.png,Normal,e9a14982793cb13645035107f5ac93ad,kaggle.com/c/rsna-pneumonia-detection-challenge,teste_confirmatorio
COVID-19_Radiography_Dataset/Normal/images/Normal-2148.png,Normal,fba4afd877b0b0d293f722288bfb78a4,kaggle.com/c/rsna-pneumonia-detection-challenge,teste
COVID-19_Radiography_Dataset/Normal/images/Normal-215.png,Normal,79eecea08d10a3d2203be6efb6a53169,kaggle.com/c/rsna-pneumonia-detection-challenge,teste
COVID-19_Radiography_Dataset/Normal/images/Normal-216.png,Normal,bbcd911dac3782402f600a049cafd7ba,kaggle.com/c/rsna-pneumonia-detection-challenge,validacao
COVID-19_Radiography_Dataset/Normal/images/Normal-2161.png,Normal,420204a07902a8b9fcdb25a79b69372d,kaggle.com/c/rsna-pneumonia-detection-challenge,teste_confirmatorio
COVID-19_Radiography_Dataset/Normal/images/Normal-2168.png,Normal,86e1acba2cbe07a02b821767ce986704,kaggle.com/c/rsna-pneumonia-detection-challenge,teste_confirmatorio
COVID-19_Radiography_Dataset/Normal/images/Normal-2176.png,Normal,e5c795064d2a60206ccdbfe9cdb2d983,kaggle.com/c/rsna-pneumonia-detection-challenge,teste
COVID-19_Radiography_Dataset/Normal/images/Normal-2178.png,Normal,8c509bc4490609fb8e6c71ad302a46d6,kaggle.com/c/rsna-pneumonia-detection-challenge,validacao
COVID-19_Radiography_Dataset/Normal/images/Normal-2182.png,Normal,eb1c50c00719f64fa4f5520ce09b75d3,kaggle.com/c/rsna-pneumonia-detection-challenge,teste
COVID-19_Radiography_Dataset/Normal/images/Normal-2183.png,Normal,62f79daafc06c1b4346f56271fe154d5,kaggle.com/c/rsna-pneumonia-detection-challenge,teste
COVID-19_Radiography_Dataset/Normal/images/Normal-2189.png,Normal,da559e7af22bd9d9755a09624a447b91,kaggle.com/c/rsna-pneumonia-detection-challenge,treino
COVID-19_Radiography_Dataset/Normal/images/Normal-2199.png,Normal,a4600121969ada1d7d17415f6c9dcb9e,kaggle.com/c/rsna-pneumonia-detection-challenge,treino
COVID-19_Radiography_Dataset/Normal/images/Normal-2200.png,Normal,00e9aada01aabbbbd6577a3e8cba8ffa,kaggle.com/c/rsna-pneumonia-detection-challenge,validacao
COVID-19_Radiography_Dataset/Normal/images/Normal-2208.png,Normal,b4aab8a321dafa9499ed02c387384db7,kaggle.com/c/rsna-pneumonia-detection-challenge,treino
COVID-19_Radiography_Dataset/Normal/images/Normal-2216.png,Normal,6ede57915e04a897e43e67641e88fa56,kaggle.com/c/rsna-pneumonia-detection-challenge,treino
COVID-19_Radiography_Dataset/Normal/images/Normal-222.png,Normal,03cd90aa6f606d309ccc894bff8ee7e6,kaggle.com/c/rsna-pneumonia-detection-challenge,treino
COVID-19_Radiography_Dataset/Normal/images/Normal-2226.png,Normal,6a88b4410e34760e98ab2fac8fc9dc45,kaggle.com/c/rsna-pneumonia-detection-challenge,treino
COVID-19_Radiography_Dataset/Normal/images/Normal-2227.png,Normal,39d13e0c1b9ad35cd298d3f665c99b5e,kaggle.com/c/rsna-pneumonia-detection-challenge,teste
COVID-19_Radiography_Dataset/Normal/images/Normal-2228.png,Normal,2a6bbabf096997043bb321bbb5012d8a,kaggle.com/c/rsna-pneumonia-detection-challenge,treino
COVID-19_Radiography_Dataset/Normal/images/Normal-2230.png,Normal,e4770cf7f923163ff152895afd8ac79f,kaggle.com/c/rsna-pneumonia-detection-challenge,teste
COVID-19_Radiography_Dataset/Normal/images/Normal-2231.png,Normal,d3874df456d07d3f77564b25cf42bf18,kaggle.com/c/rsna-pneumonia-detection-challenge,treino
COVID-19_Radiography_Dataset/Normal/images/Normal-2236.png,Normal,563fa297674ee6f0905a721a7751aa24,kaggle.com/c/rsna-pneumonia-detection-challenge,teste
COVID-19_Radiography_Dataset/Normal/images/Normal-2237.png,Normal,ce4cd2d46f6e5e32a536703e38d32a04,kaggle.com/c/rsna-pneumonia-detection-challenge,teste_confirmatorio
COVID-19_Radiography_Dataset/Normal/images/Normal-2240.png,Normal,ae1fbb84209b50afceac0a641070df09,kaggle.com/c/rsna-pneumonia-detection-challenge,treino
COVID-19_Radiography_Dataset/Normal/images/Normal-2242.png,Normal,006af6c6485aaa96d3e21b7401e940e6,kaggle.com/c/rsna-pneumonia-detection-challenge,teste
COVID-19_Radiography_Dataset/Normal/images/Normal-2243.png,Normal,b71d271da84905f216bee59933bd1506,kaggle.com/c/rsna-pneumonia-detection-challenge,teste
COVID-19_Radiography_Dataset/Normal/images/Normal-2245.png,Normal,de8b95678cc21710345484aaffbefb43,kaggle.com/c/rsna-pneumonia-detection-challenge,teste
COVID-19_Radiography_Dataset/Normal/images/Normal-2247.png,Normal,88294d97529de54b47c0a87ac8fffdf6,kaggle.com/c/rsna-pneumonia-detection-challenge,treino
COVID-19_Radiography_Dataset/Normal/images/Normal-2248.png,Normal,c75364d61e7e2eefda4beaebca3a5526,kaggle.com/c/rsna-pneumonia-detection-challenge,validacao
COVID-19_Radiography_Dataset/Normal/images/Normal-225.png,Normal,de4332838a1f6f8241f10eb212cb053a,kaggle.com/c/rsna-pneumonia-detection-challenge,treino
COVID-19_Radiography_Dataset/Normal/images/Normal-2250.png,Normal,a14206fd944346cc4c8315133a197a4e,kaggle.com/c/rsna-pneumonia-detection-challenge,teste_confirmatorio
COVID-19_Radiography_Dataset/Normal/images/Normal-2259.png,Normal,d15391336e58002f1456938ba2df3b3b,kaggle.com/c/rsna-pneumonia-detection-challenge,teste
COVID-19_Radiography_Dataset/Normal/images/Normal-2260.png,Normal,2165d1783d23b9368607587472a00bff,kaggle.com/c/rsna-pneumonia-detection-challenge,teste
COVID-19_Radiography_Dataset/Normal/images/Normal-2262.png,Normal,e00c41f0938bbb75f5323df84ff241c5,kaggle.com/c/rsna-pneumonia-detection-challenge,teste
COVID-19_Radiography_Dataset/Normal/images/Normal-2265.png,Normal,c88a47981e6c4112fda33d692d100dd9,kaggle.com/c/rsna-pneumonia-detection-challenge,teste_confirmatorio
COVID-19_Radiography_Dataset/Normal/images/Normal-2272.png,Normal,fae8a0a7dce675454155b27c4c4b5eb6,kaggle.com/c/rsna-pneumonia-detection-challenge,validacao
COVID-19_Radiography_Dataset/Normal/images/Normal-2275.png,Normal,ba92bbc9ff5d1c8e9b11ba1b51ae858d,kaggle.com/c/rsna-pneumonia-detection-challenge,treino
COVID-19_Radiography_Dataset/Normal/images/Normal-228.png,Normal,d67dfdc409f65ad82a58d8b22641620a,kaggle.com/c/rsna-pneumonia-detection-challenge,teste
COVID-19_Radiography_Dataset/Normal/images/Normal-2281.png,Normal,16199def1ebf7a3408457ff5d9530a5b,kaggle.com/c/rsna-pneumonia-detection-challenge,teste
COVID-19_Radiography_Dataset/Normal/images/Normal-229.png,Normal,94ae5f5202409245204fa02999f30957,kaggle.com/c/rsna-pneumonia-detection-challenge,treino
COVID-19_Radiography_Dataset/Normal/images/Normal-2291.png,Normal,6d74004cffbcbb225df24ec00bbce3dd,kaggle.com/c/rsna-pneumonia-detection-challenge,treino
COVID-19_Radiography_Dataset/Normal/images/Normal-231.png,Normal,5455313cae150a9f6947d04571e0eb71,kaggle.com/c/rsna-pneumonia-detection-challenge,teste
COVID-19_Radiography_Dataset/Normal/images/Normal-2310.png,Normal,c2fb818c5327082e498ca2d7fbaa7dad,kaggle.com/c/rsna-pneumonia-detection-challenge,validacao
COVID-19_Radiography_Dataset/Normal/images/Normal-2314.png,Normal,890dc6bc102b22c49ae4d1cd2175a1d1,kaggle.com/c/rsna-pneumonia-detection-challenge,treino
COVID-19_Radiography_Dataset/Normal/images/Normal-2316.png,Normal,41a3cc9997374ea1e6a55f2baabe5687,kaggle.com/c/rsna-pneumonia-detection-challenge,teste_confirmatorio
COVID-19_Radiography_Dataset/Normal/images/Normal-2317.png,Normal,4f428e327a975b9c7913177afd494d2f,kaggle.com/c/rsna-pneumonia-detection-challenge,teste_confirmatorio
COVID-19_Radiography_Dataset/Normal/images/Normal-232.png,Normal,19f0685775d59537df192dabedd3edea,kaggle.com/c/rsna-pneumonia-detection-challenge,teste_confirmatorio
COVID-19_Radiography_Dataset/Normal/images/Normal-2320.png,Normal,59d6c205c4cbdb07733464b09039f874,kaggle.com/c/rsna-pneumonia-detection-challenge,teste
COVID-19_Radiography_Dataset/Normal/images/Normal-2327.png,Normal,1c6969ebf11a203b1dc7d2e283a201ef,kaggle.com/c/rsna-pneumonia-detection-challenge,teste
COVID-19_Radiography_Dataset/Normal/images/Normal-2328.png,Normal,65e1816be3b51a956c8c7f95669dbb3b,kaggle.com/c/rsna-pneumonia-detection-challenge,teste
COVID-19_Radiography_Dataset/Normal/images/Normal-2331.png,Normal,718a84708ab55a730661fce5e6e1ade5,kaggle.com/c/rsna-pneumonia-detection-challenge,treino
COVID-19_Radiography_Dataset/Normal/images/Normal-2332.png,Normal,6f520744edf8773191889d1762727652,kaggle.com/c/rsna-pneumonia-detection-challenge,treino
COVID-19_Radiography_Dataset/Normal/images/Normal-2340.png,Normal,c4e94356fc4f20df4ec279ca765a5213,kaggle.com/c/rsna-pneumonia-detection-challenge,teste
COVID-19_Radiography_Dataset/Normal/images/Normal-2342.png,Normal,b102858705feee1f73b166336a53d958,kaggle.com/c/rsna-pneumonia-detection-challenge,teste_confirmatorio
COVID-19_Radiography_Dataset/Normal/images/Normal-2343.png,Normal,349982a9731ed9ac8ace8ededed7b204,kaggle.com/c/rsna-pneumonia-detection-challenge,validacao
COVID-19_Radiography_Dataset/Normal/images/Normal-2344.png,Normal,91c682bbc7204d518405f79690307468,kaggle.com/c/rsna-pneumonia-detection-challenge,teste_confirmatorio
COVID-19_Radiography_Dataset/Normal/images/Normal-2345.png,Normal,139da33e013a0f73380722d8c443952f,kaggle.com/c/rsna-pneumonia-detection-challenge,teste_confirmatorio
COVID-19_Radiography_Dataset/Normal/images/Normal-2347.png,Normal,c953cd9ea6e9c2208fed958b2eb5edce,kaggle.com/c/rsna-pneumonia-detection-challenge,teste
COVID-19_Radiography_Dataset/Normal/images/Normal-2353.png,Normal,89fd8dc09008ca072ec7bad7a9180f61,kaggle.com/c/rsna-pneumonia-detection-challenge,teste_confirmatorio
COVID-19_Radiography_Dataset/Normal/images/Normal-2357.png,Normal,501f5440d9e6c658e215b542af5057e1,kaggle.com/c/rsna-pneumonia-detection-challenge,teste
COVID-19_Radiography_Dataset/Normal/images/Normal-2358.png,Normal,8c7a08d8c7820ccc87f76c3add49b8d4,kaggle.com/c/rsna-pneumonia-detection-challenge,teste_confirmatorio
COVID-19_Radiography_Dataset/Normal/images/Normal-236.png,Normal,b862e9b2817deae9b5ba7166fb3a69f5,kaggle.com/c/rsna-pneumonia-detection-challenge,teste_confirmatorio
COVID-19_Radiography_Dataset/Normal/images/Normal-2363.png,Normal,2db53ffe7a23317f3c3e0bf892069f00,kaggle.com/c/rsna-pneumonia-detection-challenge,treino
COVID-19_Radiography_Dataset/Normal/images/Normal-2364.png,Normal,761db72c400e2bb0caf1707339c807cd,kaggle.com/c/rsna-pneumonia-detection-challenge,treino
COVID-19_Radiography_Dataset/Normal/images/Normal-237.png,Normal,435c86f6b54a20f12e8e012b359c2fd3,kaggle.com/c/rsna-pneumonia-detection-challenge,validacao
COVID-19_Radiography_Dataset/Normal/images/Normal-2370.png,Normal,ab9632e794a7678fc72d457143e9cd9a,kaggle.com/c/rsna-pneumonia-detection-challenge,treino
COVID-19_Radiography_Dataset/Normal/images/Normal-2371.png,Normal,933e2be7766f3932241f1f0f1b9ab104,kaggle.com/c/rsna-pneumonia-detection-challenge,teste
COVID-19_Radiography_Dataset/Normal/images/Normal-2375.png,Normal,c33c4f5b582d634de2539fd05a7403b6,kaggle.com/c/rsna-pneumonia-detection-challenge,teste_confirmatorio
COVID-19_Radiography_Dataset/Normal/images/Normal-2379.png,Normal,9e836a5420f91b4b237d6354ab72284c,kaggle.com/c/rsna-pneumonia-detection-challenge,treino
COVID-19_Radiography_Dataset/Normal/images/Normal-238.png,Normal,002d6677c1d5fbbe25da940aec1d14c0,kaggle.com/c/rsna-pneumonia-detection-challenge,treino
COVID-19_Radiography_Dataset/Normal/images/Normal-2384.png,Normal,b287d598bb0bc75cf437774e1cfe16d3,kaggle.com/c/rsna-pneumonia-detection-challenge,teste
COVID-19_Radiography_Dataset/Normal/images/Normal-2389.png,Normal,d1834d59e8c5a7d342b58ea009d28180,kaggle.com/c/rsna-pneumonia-detection-challenge,teste
COVID-19_Radiography_Dataset/Normal/images/Normal-239.png,Normal,06e458b6b64d49b33efeacfa3ff6125b,kaggle.com/c/rsna-pneumonia-detection-challenge,treino
COVID-19_Radiography_Dataset/Normal/images/Normal-2390.png,Normal,e1e5bd654b3d3fea7d0bee080cc2165c,kaggle.com/c/rsna-pneumonia-detection-challenge,treino
COVID-19_Radiography_Dataset/Normal/images/Normal-2391.png,Normal,2d1717c937108ab151250807c2cb1b84,kaggle.com/c/rsna-pneumonia-detection-challenge,validacao
COVID-19_Radiography_Dataset/Normal/images/Normal-2392.png,Normal,b89ac3adde2196e236ce1a066d0604c0,kaggle.com/c/rsna-pneumonia-detection-challenge,teste
COVID-19_Radiography_Dataset/Normal/images/Normal-2398.png,Normal,ec715fdff172dcb4cc4493b4a5f87321,kaggle.com/c/rsna-pneumonia-detection-challenge,teste
COVID-19_Radiography_Dataset/Normal/images/Normal-2399.png,Normal,bcbf995cc3cb447b9685c66b2fbefbad,kaggle.com/c/rsna-pneumonia-detection-challenge,treino
COVID-19_Radiography_Dataset/Normal/images/Normal-2401.png,Normal,27c8f7bdca4ba61e8fd0eecb57622938,kaggle.com/c/rsna-pneumonia-detection-challenge,validacao
COVID-19_Radiography_Dataset/Normal/images/Normal-2407.png,Normal,d06d94fe3647b70d4053630f62ae842e,kaggle.com/c/rsna-pneumonia-detection-challenge,teste
COVID-19_Radiography_Dataset/Normal/images/Normal-2413.png,Normal,7049a26cea7afa8665e3aec87a47a7a5,kaggle.com/c/rsna-pneumonia-detection-challenge,teste_confirmatorio
COVID-19_Radiography_Dataset/Normal/images/Normal-2415.png,Normal,fc2e547c1a14f0918e8c95f7c4b126c3,kaggle.com/c/rsna-pneumonia-detection-challenge,teste_confirmatorio
COVID-19_Radiography_Dataset/Normal/images/Normal-2416.png,Normal,e00f7870e036b372cde1fe0a814869f4,kaggle.com/c/rsna-pneumonia-detection-challenge,teste
COVID-19_Radiography_Dataset/Normal/images/Normal-2417.png,Normal,87877f4cd784455f706ec6c4f08e2c7a,kaggle.com/c/rsna-pneumonia-detection-challenge,treino
COVID-19_Radiography_Dataset/Normal/images/Normal-2418.png,Normal,5a24f65203daf521d7619bd99958cbba,kaggle.com/c/rsna-pneumonia-detection-challenge,validacao
COVID-19_Radiography_Dataset/Normal/images/Normal-242.png,Normal,28575980c7586d34a1b7d61f2f31702d,kaggle.com/c/rsna-pneumonia-detection-challenge,treino
COVID-19_Radiography_Dataset/Normal/images/Normal-2427.png,Normal,dda941fd70d3d9c489a1546b2354058a,kaggle.com/c/rsna-pneumonia-detection-challenge,teste
COVID-19_Radiography_Dataset/Normal/images/Normal-243.png,Normal,8bea429db6a3cc3164430cba1ab25a77,kaggle.com/c/rsna-pneumonia-detection-challenge,teste
COVID-19_Radiography_Dataset/Normal/images/Normal-2431.png,Normal,d096c9605b6c15a2ea871ac578c0952b,kaggle.com/c/rsna-pneumonia-detection-challenge,treino
COVID-19_Radiography_Dataset/Normal/images/Normal-2438.png,Normal,d90f5c2c0f96976881590f29694c8f71,kaggle.com/c/rsna-pneumonia-detection-challenge,teste_confirmatorio
COVID-19_Radiography_Dataset/Normal/images/Normal-2439.png,Normal,44737d31eb067fba49fe1c87cb9cdd36,kaggle.com/c/rsna-pneumonia-detection-challenge,treino
COVID-19_Radiography_Dataset/Normal/images/Normal-2440.png,Normal,1be478bcce57c7d0948d61fefd8e3b13,kaggle.com/c/rsna-pneumonia-detection-challenge,teste
COVID-19_Radiography_Dataset/Normal/images/Normal-2441.png,Normal,5497570e8713e9b684d4a708c5e2cd5b,kaggle.com/c/rsna-pneumonia-detection-challenge,validacao
COVID-19_Radiography_Dataset/Normal/images/Normal-2442.png,Normal,2b3336475d95addd52a87a789287728e,kaggle.com/c/rsna-pneumonia-detection-challenge,treino
COVID-19_Radiography_Dataset/Normal/images/Normal-2444.png,Normal,db5695d14321bd526f2ea7a0fb2c96c9,kaggle.com/c/rsna-pneumonia-detection-challenge,treino
COVID-19_Radiography_Dataset/Normal/images/Normal-2448.png,Normal,e3b3252d9c540d130090a0780fea1d52,kaggle.com/c/rsna-pneumonia-detection-challenge,teste
COVID-19_Radiography_Dataset/Normal/images/Normal-245.png,Normal,179cb178383006492ab68d0c18149f58,kaggle.com/c/rsna-pneumonia-detection-challenge,teste
COVID-19_Radiography_Dataset/Normal/images/Normal-2450.png,Normal,1dc42df30d43721f245f8ccf7a5d6f10,kaggle.com/c/rsna-pneumonia-detection-challenge,treino
COVID-19_Radiography_Dataset/Normal/images/Normal-2453.png,Normal,ab910d739fc5a24b0b8b92cbd92f0db5,kaggle.com/c/rsna-pneumonia-detection-challenge,treino
COVID-19_Radiography_Dataset/Normal/images/Normal-2464.png,Normal,0870531bef19dd5380a64550d1590c9f,kaggle.com/c/rsna-pneumonia-detection-challenge,teste_confirmatorio
COVID-19_Radiography_Dataset/Normal/images/Normal-2468.png,Normal,93bd94109a8c68bd62ba19462cff9a71,kaggle.com/c/rsna-pneumonia-detection-challenge,teste
COVID-19_Radiography_Dataset/Normal/images/Normal-2475.png,Normal,1615b0f9a0a85533e152009397baaae0,kaggle.com/c/rsna-pneumonia-detection-challenge,teste
COVID-19_Radiography_Dataset/Normal/images/Normal-2476.png,Normal,54e08e875fc33627c70e31258a918d1c,kaggle.com/c/rsna-pneumonia-detection-challenge,treino
COVID-19_Radiography_Dataset/Normal/images/Normal-2477.png,Normal,5d0cdeb3e467551fb1eb5b89cb25a169,kaggle.com/c/rsna-pneumonia-detection-challenge,teste
COVID-19_Radiography_Dataset/Normal/images/Normal-2487.png,Normal,4d516a32f5e71a2c85165dd25a2d3081,kaggle.com/c/rsna-pneumonia-detection-challenge,teste_confirmatorio
COVID-19_Radiography_Dataset/Normal/images/Normal-2491.png,Normal,b8e6cc223e8b7a34a415a2de3bcef531,kaggle.com/c/rsna-pneumonia-detection-challenge,teste
COVID-19_Radiography_Dataset/Normal/images/Normal-2492.png,Normal,22809fd14c5e79d15d9fdcbde14de192,kaggle.com/c/rsna-pneumonia-detection-challenge,treino
COVID-19_Radiography_Dataset/Normal/images/Normal-2497.png,Normal,5ce185619edae4535e39f33e85b31491,kaggle.com/c/rsna-pneumonia-detection-challenge,treino
COVID-19_Radiography_Dataset/Normal/images/Normal-2498.png,Normal,c82abb4f7942516fec1d47f0268f2846,kaggle.com/c/rsna-pneumonia-detection-challenge,treino
COVID-19_Radiography_Dataset/Normal/images/Normal-25.png,Normal,8971919170b3d1293147c06469d67799,kaggle.com/c/rsna-pneumonia-detection-challenge,teste_confirmatorio
COVID-19_Radiography_Dataset/Normal/images/Normal-2500.png,Normal,d0ca59227b34dbe9d8d5eb6ec221be55,kaggle.com/c/rsna-pneumonia-detection-challenge,teste
COVID-19_Radiography_Dataset/Normal/images/Normal-251.png,Normal,cc9af14ecbfab24ef008058e59642adc,kaggle.com/c/rsna-pneumonia-detection-challenge,treino
COVID-19_Radiography_Dataset/Normal/images/Normal-2513.png,Normal,5415e54b6dfd4936485114bb6574491c,kaggle.com/c/rsna-pneumonia-detection-challenge,treino
COVID-19_Radiography_Dataset/Normal/images/Normal-2514.png,Normal,09a514e339b9c319998aaf161312ea81,kaggle.com/c/rsna-pneumonia-detection-challenge,teste
COVID-19_Radiography_Dataset/Normal/images/Normal-2524.png,Normal,69ecc361c236819aa2e342339e89bc63,kaggle.com/c/rsna-pneumonia-detection-challenge,treino
COVID-19_Radiography_Dataset/Normal/images/Normal-253.png,Normal,fe92f8a22e8add05121dfb1bed88e0fc,kaggle.com/c/rsna-pneumonia-detection-challenge,teste_confirmatorio
COVID-19_Radiography_Dataset/Normal/images/Normal-2532.png,Normal,f6d2d9c928c2675425bafa726fbed8d9,kaggle.com/c/rsna-pneumonia-detection-challenge,teste_confirmatorio
COVID-19_Radiography_Dataset/Normal/images/Normal-2537.png,Normal,97b0765bea9e95ec4916ebaab079376c,kaggle.com/c/rsna-pneumonia-detection-challenge,teste_confirmatorio
COVID-19_Radiography_Dataset/Normal/images/Normal-2541.png,Normal,9f0959c87a9dbcf12af59d511e8b1d18,kaggle.com/c/rsna-pneumonia-detection-challenge,validacao
COVID-19_Radiography_Dataset/Normal/images/Normal-2543.png,Normal,ac3f8671209a62f342aabeb8b7353f62,kaggle.com/c/rsna-pneumonia-detection-challenge,validacao
COVID-19_Radiography_Dataset/Normal/images/Normal-2545.png,Normal,56d1cfbf88078d522459fe9092ac9743,kaggle.com/c/rsna-pneumonia-detection-challenge,treino
COVID-19_Radiography_Dataset/Normal/images/Normal-2550.png,Normal,c27206cba5372db42dda7dce52279e3e,kaggle.com/c/rsna-pneumonia-detection-challenge,teste_confirmatorio
COVID-19_Radiography_Dataset/Normal/images/Normal-2552.png,Normal,328b7ca11c1c2c3042344483493b98d4,kaggle.com/c/rsna-pneumonia-detection-challenge,treino
COVID-19_Radiography_Dataset/Normal/images/Normal-2554.png,Normal,8cf93739d5b08276055145cccbcbbb3f,kaggle.com/c/rsna-pneumonia-detection-challenge,treino
COVID-19_Radiography_Dataset/Normal/images/Normal-2555.png,Normal,5c6f536c03cc14e3114202a5c66731b1,kaggle.com/c/rsna-pneumonia-detection-challenge,validacao
COVID-19_Radiography_Dataset/Normal/images/Normal-2556.png,Normal,62a2f557b16d30fa93e91db8148ca077,kaggle.com/c/rsna-pneumonia-detection-challenge,treino
COVID-19_Radiography_Dataset/Normal/images/Normal-2561.png,Normal,cd3d7ef3c75921623d5a23e23d191dee,kaggle.com/c/rsna-pneumonia-detection-challenge,treino
COVID-19_Radiography_Dataset/Normal/images/Normal-2562.png,Normal,6c804ad1d80091bf8e5cae80ad5efbe1,kaggle.com/c/rsna-pneumonia-detection-challenge,validacao
COVID-19_Radiography_Dataset/Normal/images/Normal-2564.png,Normal,08ccfe50b86dc63f3b003c23f74c3d21,kaggle.com/c/rsna-pneumonia-detection-challenge,validacao
COVID-19_Radiography_Dataset/Normal/images/Normal-2565.png,Normal,7a34a55774f0b312c43f098d2fcb8c4b,kaggle.com/c/rsna-pneumonia-detection-challenge,treino
COVID-19_Radiography_Dataset/Normal/images/Normal-257.png,Normal,deab3b0ef9693ae7724821f76947c11c,kaggle.com/c/rsna-pneumonia-detection-challenge,teste_confirmatorio
COVID-19_Radiography_Dataset/Normal/images/Normal-2570.png,Normal,c96ab8e06c5027b56e40eb4a6018c4af,kaggle.com/c/rsna-pneumonia-detection-challenge,treino
COVID-19_Radiography_Dataset/Normal/images/Normal-2573.png,Normal,718bbd01552f129556bc544fd2afabe4,kaggle.com/c/rsna-pneumonia-detection-challenge,validacao
COVID-19_Radiography_Dataset/Normal/images/Normal-2582.png,Normal,c492eec8c9264b88dd1e2873dc1d7d1f,kaggle.com/c/rsna-pneumonia-detection-challenge,teste_confirmatorio
COVID-19_Radiography_Dataset/Normal/images/Normal-2583.png,Normal,bda9aa1c2fa58ededdff3f9927827bec,kaggle.com/c/rsna-pneumonia-detection-challenge,treino
COVID-19_Radiography_Dataset/Normal/images/Normal-2587.png,Normal,7da5a91f09bbe7b6db7af50ae6e26654,kaggle.com/c/rsna-pneumonia-detection-challenge,teste
COVID-19_Radiography_Dataset/Normal/images/Normal-2590.png,Normal,6b3022ae3b88dcdb8285cdedf966c207,kaggle.com/c/rsna-pneumonia-detection-challenge,treino
COVID-19_Radiography_Dataset/Normal/images/Normal-2592.png,Normal,033a424cbe5babc04ce3eefbd7603dc8,kaggle.com/c/rsna-pneumonia-detection-challenge,teste
COVID-19_Radiography_Dataset/Normal/images/Normal-2593.png,Normal,0183ad8355837647bd71b2624bca2dc4,kaggle.com/c/rsna-pneumonia-detection-challenge,teste
COVID-19_Radiography_Dataset/Normal/images/Normal-2602.png,Normal,c9cedd145e6a7dcb46536a4497d951f4,kaggle.com/c/rsna-pneumonia-detection-challenge,validacao
COVID-19_Radiography_Dataset/Normal/images/Normal-2609.png,Normal,eef19f40ff56c87b74d4bc2711e133c8,kaggle.com/c/rsna-pneumonia-detection-challenge,validacao
COVID-19_Radiography_Dataset/Normal/images/Normal-2616.png,Normal,2cd2aa2587f09bc677e0149cc64334cd,kaggle.com/c/rsna-pneumonia-detection-challenge,treino
COVID-19_Radiography_Dataset/Normal/images/Normal-2618.png,Normal,e8d5908d0c3aac862921d2221ee46995,kaggle.com/c/rsna-pneumonia-detection-challenge,teste_confirmatorio
COVID-19_Radiography_Dataset/Normal/images/Normal-2619.png,Normal,c1e9b650eef3d87ebce337c9ee886ef3,kaggle.com/c/rsna-pneumonia-detection-challenge,treino
COVID-19_Radiography_Dataset/Normal/images/Normal-262.png,Normal,468233991db2fb95fe20a346bb256c40,kaggle.com/c/rsna-pneumonia-detection-challenge,treino
COVID-19_Radiography_Dataset/Normal/images/Normal-2628.png,Normal,7f629afefa5a1d7a80f0663fbd485b81,kaggle.com/c/rsna-pneumonia-detection-challenge,treino
COVID-19_Radiography_Dataset/Normal/images/Normal-2629.png,Normal,320ccdfd52b44f99d16d1027ad88ab62,kaggle.com/c/rsna-pneumonia-detection-challenge,validacao
COVID-19_Radiography_Dataset/Normal/images/Normal-2648.png,Normal,12f393c9f2b2b800a266b0bff67f0403,kaggle.com/c/rsna-pneumonia-detection-challenge,teste
COVID-19_Radiography_Dataset/Normal/images/Normal-2659.png,Normal,c45769f99d9aa50f782496ab4312ce3d,kaggle.com/c/rsna-pneumonia-detection-challenge,treino
COVID-19_Radiography_Dataset/Normal/images/Normal-2663.png,Normal,b24d3b7628c1abc3c1df266997aa51f5,kaggle.com/c/rsna-pneumonia-detection-challenge,teste_confirmatorio
COVID-19_Radiography_Dataset/Normal/images/Normal-2666.png,Normal,2dca005936b6b3cfb91f877df6348a2a,kaggle.com/c/rsna-pneumonia-detection-challenge,teste
COVID-19_Radiography_Dataset/Normal/images/Normal-2667.png,Normal,02efa76be0c30d122546c25eac937554,kaggle.com/c/rsna-pneumonia-detection-challenge,teste_confirmatorio
COVID-19_Radiography_Dataset/Normal/images/Normal-2668.png,Normal,6a7c50ab90408587e3e29d1be565b7a0,kaggle.com/c/rsna-pneumonia-detection-challenge,teste_confirmatorio
COVID-19_Radiography_Dataset/Normal/images/Normal-2674.png,Normal,a52cc9325b71923f66956be6d7d9f38d,kaggle.com/c/rsna-pneumonia-detection-challenge,treino
COVID-19_Radiography_Dataset/Normal/images/Normal-2678.png,Normal,f7ee4b9b6fcfc7a2be578f6a9c39a593,kaggle.com/c/rsna-pneumonia-detection-challenge,teste_confirmatorio
COVID-19_Radiography_Dataset/Normal/images/Normal-2684.png,Normal,b98223c6cfafeb684cdad95842b7109f,kaggle.com/c/rsna-pneumonia-detection-challenge,treino
COVID-19_Radiography_Dataset/Normal/images/Normal-2686.png,Normal,f416e21d8ef7720382af016edf2fac0a,kaggle.com/c/rsna-pneumonia-detection-challenge,treino
COVID-19_Radiography_Dataset/Normal/images/Normal-2690.png,Normal,60f9413d963c3390ddf0e10e9b52d5f4,kaggle.com/c/rsna-pneumonia-detection-challenge,teste
COVID-19_Radiography_Dataset/Normal/images/Normal-2693.png,Normal,7e67f7ae5b9cc207a1c243035560dc3b,kaggle.com/c/rsna-pneumonia-detection-challenge,teste
COVID-19_Radiography_Dataset/Normal/images/Normal-27.png,Normal,1346d143e212564c083edf7e16aa2c4e,kaggle.com/c/rsna-pneumonia-detection-challenge,treino
COVID-19_Radiography_Dataset/Normal/images/Normal-270.png,Normal,4059bc1ec4ecf240656ca8aa83b92145,kaggle.com/c/rsna-pneumonia-detection-challenge,teste_confirmatorio
COVID-19_Radiography_Dataset/Normal/images/Normal-2701.png,Normal,91d0e4bfdb015dcbae83bb40c5ad10dc,kaggle.com/c/rsna-pneumonia-detection-challenge,treino
COVID-19_Radiography_Dataset/Normal/images/Normal-2707.png,Normal,aa8ccd7c8e6f53092bebd706ea80b0ef,kaggle.com/c/rsna-pneumonia-detection-challenge,validacao
COVID-19_Radiography_Dataset/Normal/images/Normal-2709.png,Normal,af0f71d61a31e0b645ef680b3456c4fc,kaggle.com/c/rsna-pneumonia-detection-challenge,teste_confirmatorio
COVID-19_Radiography_Dataset/Normal/images/Normal-271.png,Normal,d68ea33d59a63a4653f3ac4285dc5a4e,kaggle.com/c/rsna-pneumonia-detection-challenge,treino
COVID-19_Radiography_Dataset/Normal/images/Normal-2714.png,Normal,8d77199da3ccacf118b78fde99097a37,kaggle.com/c/rsna-pneumonia-detection-challenge,teste_confirmatorio
COVID-19_Radiography_Dataset/Normal/images/Normal-2721.png,Normal,54e716021e58dca3cb3a18864c22e6a2,kaggle.com/c/rsna-pneumonia-detection-challenge,teste
COVID-19_Radiography_Dataset/Normal/images/Normal-2724.png,Normal,689280db56f64dfd840d149ae5b7e9f4,kaggle.com/c/rsna-pneumonia-detection-challenge,teste
COVID-19_Radiography_Dataset/Normal/images/Normal-2728.png,Normal,fcb987ac916a97b373a5bdeed00a72ef,kaggle.com/c/rsna-pneumonia-detection-challenge,teste
COVID-19_Radiography_Dataset/Normal/images/Normal-2735.png,Normal,930721167bc80f23d1b9fed507b1215d,kaggle.com/c/rsna-pneumonia-detection-challenge,teste_confirmatorio
COVID-19_Radiography_Dataset/Normal/images/Normal-2737.png,Normal,3e968092fcba15a42b90eb4544dbd79b,kaggle.com/c/rsna-pneumonia-detection-challenge,teste
COVID-19_Radiography_Dataset/Normal/images/Normal-2742.png,Normal,443b4e555652d06fe81278da9baeef56,kaggle.com/c/rsna-pneumonia-detection-challenge,teste_confirmatorio
COVID-19_Radiography_Dataset/Normal/images/Normal-2745.png,Normal,d5e91ccb159cb35e097ddf0b699fa45c,kaggle.com/c/rsna-pneumonia-detection-challenge,teste
COVID-19_Radiography_Dataset/Normal/images/Normal-275.png,Normal,f2562b4280c2f6adea521c4991b0782f,kaggle.com/c/rsna-pneumonia-detection-challenge,teste
COVID-19_Radiography_Dataset/Normal/images/Normal-2751.png,Normal,67603be9c6dabd6bf4ee36a2fa93abf3,kaggle.com/c/rsna-pneumonia-detection-challenge,treino
COVID-19_Radiography_Dataset/Normal/images/Normal-2755.png,Normal,026a94acb3f27423b720adaeeebc3f28,kaggle.com/c/rsna-pneumonia-detection-challenge,teste_confirmatorio
COVID-19_Radiography_Dataset/Normal/images/Normal-2757.png,Normal,3aafff79e3d90a2f94398effafefabbe,kaggle.com/c/rsna-pneumonia-detection-challenge,treino
COVID-19_Radiography_Dataset/Normal/images/Normal-2760.png,Normal,926d1ab90e0f9bfcd5e58c15860d9def,kaggle.com/c/rsna-pneumonia-detection-challenge,teste_confirmatorio
COVID-19_Radiography_Dataset/Normal/images/Normal-2763.png,Normal,38f976d3a6f4093cbf14ca012c26f42e,kaggle.com/c/rsna-pneumonia-detection-challenge,treino
COVID-19_Radiography_Dataset/Normal/images/Normal-2767.png,Normal,936c0cd356a76add24cf0a3a60e73650,kaggle.com/c/rsna-pneumonia-detection-challenge,teste
COVID-19_Radiography_Dataset/Normal/images/Normal-2778.png,Normal,e83982e065e34181cdc674222515e5b6,kaggle.com/c/rsna-pneumonia-detection-challenge,teste_confirmatorio
COVID-19_Radiography_Dataset/Normal/images/Normal-2779.png,Normal,bff5db80a9bfd48b4579c0d06843d22b,kaggle.com/c/rsna-pneumonia-detection-challenge,treino
COVID-19_Radiography_Dataset/Normal/images/Normal-278.png,Normal,62a66ea3e1d9d91210cf3e8f9da54d1b,kaggle.com/c/rsna-pneumonia-detection-challenge,teste_confirmatorio
COVID-19_Radiography_Dataset/Normal/images/Normal-2781.png,Normal,795edf9e4c74008841b4eae3d9067952,kaggle.com/c/rsna-pneumonia-detection-challenge,teste_confirmatorio
COVID-19_Radiography_Dataset/Normal/images/Normal-2783.png,Normal,4d36138d638a424d02b004426dbd6fbe,kaggle.com/c/rsna-pneumonia-detection-challenge,treino
COVID-19_Radiography_Dataset/Normal/images/Normal-2784.png,Normal,66ba99f8d13c9f1f5f55ac7bd36a521b,kaggle.com/c/rsna-pneumonia-detection-challenge,treino
COVID-19_Radiography_Dataset/Normal/images/Normal-2785.png,Normal,65bb991f8ab8f1b03294f61ca5d0ca93,kaggle.com/c/rsna-pneumonia-detection-challenge,teste_confirmatorio
COVID-19_Radiography_Dataset/Normal/images/Normal-2790.png,Normal,2d78cc266230af0e1c679158d9e8b940,kaggle.com/c/rsna-pneumonia-detection-challenge,teste
COVID-19_Radiography_Dataset/Normal/images/Normal-2797.png,Normal,ba8ef6b76a44d4f7a0a3560997fdf8fe,kaggle.com/c/rsna-pneumonia-detection-challenge,teste_confirmatorio
COVID-19_Radiography_Dataset/Normal/images/Normal-2798.png,Normal,8d160a8b87769e27ce01cceb27333bac,kaggle.com/c/rsna-pneumonia-detection-challenge,teste
COVID-19_Radiography_Dataset/Normal/images/Normal-28.png,Normal,92de83da604b021c2688253be1a0339c,kaggle.com/c/rsna-pneumonia-detection-challenge,treino
COVID-19_Radiography_Dataset/Normal/images/Normal-2801.png,Normal,36c8c423fc43d4dc1c5e202e8f473675,kaggle.com/c/rsna-pneumonia-detection-challenge,treino
COVID-19_Radiography_Dataset/Normal/images/Normal-2804.png,Normal,dfda35effc9bf2b2a5829cffe9a26cfa,kaggle.com/c/rsna-pneumonia-detection-challenge,teste
COVID-19_Radiography_Dataset/Normal/images/Normal-2806.png,Normal,3982f0c38ae91b24e2c9ea27a0b89b2f,kaggle.com/c/rsna-pneumonia-detection-challenge,teste_confirmatorio
COVID-19_Radiography_Dataset/Normal/images/Normal-2811.png,Normal,5e829d564d3f506f1cd7f208f968f017,kaggle.com/c/rsna-pneumonia-detection-challenge,teste_confirmatorio
COVID-19_Radiography_Dataset/Normal/images/Normal-2812.png,Normal,e2573d7231f0853003aa9aaec22624fd,kaggle.com/c/rsna-pneumonia-detection-challenge,treino
COVID-19_Radiography_Dataset/Normal/images/Normal-2814.png,Normal,53a3efb968908fa61bdb4522d2e45865,kaggle.com/c/rsna-pneumonia-detection-challenge,teste
COVID-19_Radiography_Dataset/Normal/images/Normal-2817.png,Normal,95f09dc16125f58f577460536852f8d1,kaggle.com/c/rsna-pneumonia-detection-challenge,teste
COVID-19_Radiography_Dataset/Normal/images/Normal-2819.png,Normal,9265ff7ea0dd030f25da28036f27768e,kaggle.com/c/rsna-pneumonia-detection-challenge,teste
COVID-19_Radiography_Dataset/Normal/images/Normal-2820.png,Normal,4e24a86a00e81b62202323e84516a42f,kaggle.com/c/rsna-pneumonia-detection-challenge,teste_confirmatorio
COVID-19_Radiography_Dataset/Normal/images/Normal-2821.png,Normal,85d74f33df83b86e82b73c730e8ecc2b,kaggle.com/c/rsna-pneumonia-detection-challenge,teste_confirmatorio
COVID-19_Radiography_Dataset/Normal/images/Normal-2828.png,Normal,acc2e7031dc699ddb28d65c29bfaecee,kaggle.com/c/rsna-pneumonia-detection-challenge,treino
COVID-19_Radiography_Dataset/Normal/images/Normal-2829.png,Normal,58675c28052c9e71e002573360ca975a,kaggle.com/c/rsna-pneumonia-detection-challenge,validacao
COVID-19_Radiography_Dataset/Normal/images/Normal-2830.png,Normal,941cb95ab72298cb58e42cfa66914a56,kaggle.com/c/rsna-pneumonia-detection-challenge,treino
COVID-19_Radiography_Dataset/Normal/images/Normal-2831.png,Normal,7249763349569bb558a526d8e75331ef,kaggle.com/c/rsna-pneumonia-detection-challenge,teste_confirmatorio
COVID-19_Radiography_Dataset/Normal/images/Normal-2840.png,Normal,62d44a9e5442513b66dbd0c412e1b4ac,kaggle.com/c/rsna-pneumonia-detection-challenge,teste
COVID-19_Radiography_Dataset/Normal/images/Normal-2844.png,Normal,327a3846cd9493caf668dd0d56f6798c,kaggle.com/c/rsna-pneumonia-detection-challenge,treino
COVID-19_Radiography_Dataset/Normal/images/Normal-285.png,Normal,1001342fe30cf320016dc8da71b41585,kaggle.com/c/rsna-pneumonia-detection-challenge,teste
COVID-19_Radiography_Dataset/Normal/images/Normal-2856.png,Normal,f9f54209ff8af42e705e37a23c83b5e2,kaggle.com/c/rsna-pneumonia-detection-challenge,treino
COVID-19_Radiography_Dataset/Normal/images/Normal-2858.png,Normal,608bfb1459afd2a807e47cb5b86c7b0f,kaggle.com/c/rsna-pneumonia-detection-challenge,teste_confirmatorio
COVID-19_Radiography_Dataset/Normal/images/Normal-2859.png,Normal,45005914f41501707ad7148cd584b2d7,kaggle.com/c/rsna-pneumonia-detection-challenge,validacao
COVID-19_Radiography_Dataset/Normal/images/Normal-286.png,Normal,d4cab32df4d00361fd7af42e2d101cbc,kaggle.com/c/rsna-pneumonia-detection-challenge,teste
COVID-19_Radiography_Dataset/Normal/images/Normal-2863.png,Normal,e14200c16ac102f2b1382497dbce836a,kaggle.com/c/rsna-pneumonia-detection-challenge,teste_confirmatorio
COVID-19_Radiography_Dataset/Normal/images/Normal-2869.png,Normal,0a1fb58ccc155aa8578b799bf0ae0e79,kaggle.com/c/rsna-pneumonia-detection-challenge,validacao
COVID-19_Radiography_Dataset/Normal/images/Normal-2871.png,Normal,9e6b195be2af5b8bde7d67d61904fd91,kaggle.com/c/rsna-pneumonia-detection-challenge,teste
COVID-19_Radiography_Dataset/Normal/images/Normal-2879.png,Normal,9f5f78a57c4474062be21586757b9baf,kaggle.com/c/rsna-pneumonia-detection-challenge,teste_confirmatorio
COVID-19_Radiography_Dataset/Normal/images/Normal-2883.png,Normal,2ed1f35e93c864c3b7a85cdb2da312df,kaggle.com/c/rsna-pneumonia-detection-challenge,teste
COVID-19_Radiography_Dataset/Normal/images/Normal-2884.png,Normal,5a81a7da35572c08c9e6ef700bce89ca,kaggle.com/c/rsna-pneumonia-detection-challenge,teste
COVID-19_Radiography_Dataset/Normal/images/Normal-2897.png,Normal,7731ecc2a42149692c360531a9cdb90b,kaggle.com/c/rsna-pneumonia-detection-challenge,teste
COVID-19_Radiography_Dataset/Normal/images/Normal-2901.png,Normal,1c68bad3f8fd0c02268c92ed3a81cb3b,kaggle.com/c/rsna-pneumonia-detection-challenge,teste_confirmatorio
COVID-19_Radiography_Dataset/Normal/images/Normal-2902.png,Normal,297d113da8d1f5202c14436450327fcc,kaggle.com/c/rsna-pneumonia-detection-challenge,teste_confirmatorio
COVID-19_Radiography_Dataset/Normal/images/Normal-2905.png,Normal,1d8c7b9ff008c335c221658c457b05e4,kaggle.com/c/rsna-pneumonia-detection-challenge,validacao
COVID-19_Radiography_Dataset/Normal/images/Normal-2910.png,Normal,46b42edd2933675ad87f5228707f02fc,kaggle.com/c/rsna-pneumonia-detection-challenge,treino
COVID-19_Radiography_Dataset/Normal/images/Normal-2911.png,Normal,e9ad954c34aa7e91ad32ea54ea42664a,kaggle.com/c/rsna-pneumonia-detection-challenge,treino
COVID-19_Radiography_Dataset/Normal/images/Normal-2916.png,Normal,b499171a73c4951a2224050e68ef7675,kaggle.com/c/rsna-pneumonia-detection-challenge,teste_confirmatorio
COVID-19_Radiography_Dataset/Normal/images/Normal-2926.png,Normal,ad2d8d519304e26122def34e06c2eafd,kaggle.com/c/rsna-pneumonia-detection-challenge,validacao
COVID-19_Radiography_Dataset/Normal/images/Normal-293.png,Normal,b1c9c7fa300bdf26193db8310db1c6ee,kaggle.com/c/rsna-pneumonia-detection-challenge,treino
COVID-19_Radiography_Dataset/Normal/images/Normal-2931.png,Normal,f7cca0c07193f88921dd13a21747312d,kaggle.com/c/rsna-pneumonia-detection-challenge,teste
COVID-19_Radiography_Dataset/Normal/images/Normal-2933.png,Normal,419d6ad68e5e203d19d861027b0e5716,kaggle.com/c/rsna-pneumonia-detection-challenge,treino
COVID-19_Radiography_Dataset/Normal/images/Normal-2937.png,Normal,48d31bb4280890ca891944d1ec58944a,kaggle.com/c/rsna-pneumonia-detection-challenge,teste_confirmatorio
COVID-19_Radiography_Dataset/Normal/images/Normal-2948.png,Normal,c7bf45df13cea8887661b09a651ecee0,kaggle.com/c/rsna-pneumonia-detection-challenge,teste
COVID-19_Radiography_Dataset/Normal/images/Normal-2949.png,Normal,d28bf813a6f0d989e12e17646e18b049,kaggle.com/c/rsna-pneumonia-detection-challenge,validacao
COVID-19_Radiography_Dataset/Normal/images/Normal-295.png,Normal,34727b6ac50ce7d13672d72c53735811,kaggle.com/c/rsna-pneumonia-detection-challenge,teste
COVID-19_Radiography_Dataset/Normal/images/Normal-2951.png,Normal,c78c49387776c242489119d9246a8a63,kaggle.com/c/rsna-pneumonia-detection-challenge,treino
COVID-19_Radiography_Dataset/Normal/images/Normal-2952.png,Normal,3d4d091bbd6993c8e6839be0238f4eef,kaggle.com/c/rsna-pneumonia-detection-challenge,treino
COVID-19_Radiography_Dataset/Normal/images/Normal-2961.png,Normal,2c0136423fda1a6159f074d8e59b87cc,kaggle.com/c/rsna-pneumonia-detection-challenge,treino
COVID-19_Radiography_Dataset/Normal/images/Normal-2963.png,Normal,6a2626a9d023712df0859b7005b29465,kaggle.com/c/rsna-pneumonia-detection-challenge,teste
COVID-19_Radiography_Dataset/Normal/images/Normal-2965.png,Normal,b36218daa1d190cc091bcd2e2e097c66,kaggle.com/c/rsna-pneumonia-detection-challenge,teste
COVID-19_Radiography_Dataset/Normal/images/Normal-2966.png,Normal,ea9af1848ed686e3520d8ecdd15e094b,kaggle.com/c/rsna-pneumonia-detection-challenge,teste_confirmatorio
COVID-19_Radiography_Dataset/Normal/images/Normal-2967.png,Normal,c206eae747ad1e9394e370fbf8a63632,kaggle.com/c/rsna-pneumonia-detection-challenge,treino
COVID-19_Radiography_Dataset/Normal/images/Normal-2974.png,Normal,a45d0e2b7a93e86495ff55eb74d5f69f,kaggle.com/c/rsna-pneumonia-detection-challenge,treino
COVID-19_Radiography_Dataset/Normal/images/Normal-2976.png,Normal,01f5c6e55edcdcc8f6f9c8d8d7fd7f10,kaggle.com/c/rsna-pneumonia-detection-challenge,treino
COVID-19_Radiography_Dataset/Normal/images/Normal-2978.png,Normal,97ac2ee5a104bf89334dbafb565ad7f5,kaggle.com/c/rsna-pneumonia-detection-challenge,teste
COVID-19_Radiography_Dataset/Normal/images/Normal-2981.png,Normal,1690afb5c24cd5774db7d07d7a4ccd0b,kaggle.com/c/rsna-pneumonia-detection-challenge,teste_confirmatorio
COVID-19_Radiography_Dataset/Normal/images/Normal-2985.png,Normal,701ab6e3b70a377e2405d8fbd0f6a72b,kaggle.com/c/rsna-pneumonia-detection-challenge,validacao
COVID-19_Radiography_Dataset/Normal/images/Normal-2989.png,Normal,915d3e2101e7f7f7a1adc21d68bfe9a1,kaggle.com/c/rsna-pneumonia-detection-challenge,treino
COVID-19_Radiography_Dataset/Normal/images/Normal-299.png,Normal,8b18cc791af666ffc44c465e548bf8e2,kaggle.com/c/rsna-pneumonia-detection-challenge,validacao
COVID-19_Radiography_Dataset/Normal/images/Normal-2992.png,Normal,18ea14beb82e5a389e1d5cdbbcc0eb00,kaggle.com/c/rsna-pneumonia-detection-challenge,treino
COVID-19_Radiography_Dataset/Normal/images/Normal-2997.png,Normal,2579b594b6b22ba7331198c9d0e3f669,kaggle.com/c/rsna-pneumonia-detection-challenge,teste_confirmatorio
COVID-19_Radiography_Dataset/Normal/images/Normal-2998.png,Normal,8c4ece4569a750faa4420050c7ebaa97,kaggle.com/c/rsna-pneumonia-detection-challenge,teste_confirmatorio
COVID-19_Radiography_Dataset/Normal/images/Normal-3.png,Normal,9a311f20f62b0aeae644f60242376963,kaggle.com/c/rsna-pneumonia-detection-challenge,treino
COVID-19_Radiography_Dataset/Normal/images/Normal-3009.png,Normal,a1d059a3f2a3d9befa20f73d0ed43633,kaggle.com/c/rsna-pneumonia-detection-challenge,teste_confirmatorio
COVID-19_Radiography_Dataset/Normal/images/Normal-3010.png,Normal,fa12e8150e32e98c58f6c5c35d7b1581,kaggle.com/c/rsna-pneumonia-detection-challenge,treino
COVID-19_Radiography_Dataset/Normal/images/Normal-3019.png,Normal,ee6be4c1bed13fa7040b3db9ef183e42,kaggle.com/c/rsna-pneumonia-detection-challenge,teste_confirmatorio
COVID-19_Radiography_Dataset/Normal/images/Normal-302.png,Normal,c315d029110306d52cd4d906c6965d79,kaggle.com/c/rsna-pneumonia-detection-challenge,treino
COVID-19_Radiography_Dataset/Normal/images/Normal-3025.png,Normal,23bcc49329dae4d2f3c4d5c54ceb9418,kaggle.com/c/rsna-pneumonia-detection-challenge,teste_confirmatorio
COVID-19_Radiography_Dataset/Normal/images/Normal-3033.png,Normal,9103ad84600546bd2a8f390903b934cf,kaggle.com/c/rsna-pneumonia-detection-challenge,treino
COVID-19_Radiography_Dataset/Normal/images/Normal-3034.png,Normal,c26480c04185977a791301f7153a8bf1,kaggle.com/c/rsna-pneumonia-detection-challenge,treino
COVID-19_Radiography_Dataset/Normal/images/Normal-3036.png,Normal,1c2a141c2b39fd8def02da35e91534fd,kaggle.com/c/rsna-pneumonia-detection-challenge,teste
COVID-19_Radiography_Dataset/Normal/images/Normal-3043.png,Normal,1fd8e047c0eb829c05a4adc2a20d3042,kaggle.com/c/rsna-pneumonia-detection-challenge,teste
COVID-19_Radiography_Dataset/Normal/images/Normal-3045.png,Normal,fcce05dc6da0b6c8293d0ff69bbeae02,kaggle.com/c/rsna-pneumonia-detection-challenge,teste_confirmatorio
COVID-19_Radiography_Dataset/Normal/images/Normal-3046.png,Normal,9c8bbd747f1add94bb114bd5506f5647,kaggle.com/c/rsna-pneumonia-detection-challenge,teste_confirmatorio
COVID-19_Radiography_Dataset/Normal/images/Normal-3047.png,Normal,d30e18be4443f3fd82000f4241d454dd,kaggle.com/c/rsna-pneumonia-detection-challenge,teste_confirmatorio
COVID-19_Radiography_Dataset/Normal/images/Normal-3048.png,Normal,d6b0862acbe5fbda069716ae2e7af367,kaggle.com/c/rsna-pneumonia-detection-challenge,treino
COVID-19_Radiography_Dataset/Normal/images/Normal-3051.png,Normal,81e971d46ab142f0c96dfca800a42fc3,kaggle.com/c/rsna-pneumonia-detection-challenge,treino
COVID-19_Radiography_Dataset/Normal/images/Normal-3052.png,Normal,26f14fbe97413ef241f36f90f63b1a92,kaggle.com/c/rsna-pneumonia-detection-challenge,validacao
COVID-19_Radiography_Dataset/Normal/images/Normal-3053.png,Normal,8fcd5b2c0e11b02e542998157944e829,kaggle.com/c/rsna-pneumonia-detection-challenge,teste_confirmatorio
COVID-19_Radiography_Dataset/Normal/images/Normal-3055.png,Normal,8580d0e5abfcbd172bc7eb3ad09ab9e1,kaggle.com/c/rsna-pneumonia-detection-challenge,validacao
COVID-19_Radiography_Dataset/Normal/images/Normal-3059.png,Normal,866329797840f03924e0fd6ad93cf7ee,kaggle.com/c/rsna-pneumonia-detection-challenge,teste_confirmatorio
COVID-19_Radiography_Dataset/Normal/images/Normal-3065.png,Normal,8abe6409a95bdd157a17ce9d5e4873a8,kaggle.com/c/rsna-pneumonia-detection-challenge,teste_confirmatorio
COVID-19_Radiography_Dataset/Normal/images/Normal-3069.png,Normal,eac68a5a79a0347692970f553b38f413,kaggle.com/c/rsna-pneumonia-detection-challenge,treino
COVID-19_Radiography_Dataset/Normal/images/Normal-3076.png,Normal,e2eae4641937c3fee9d6cc0a21c5efcc,kaggle.com/c/rsna-pneumonia-detection-challenge,teste_confirmatorio
COVID-19_Radiography_Dataset/Normal/images/Normal-3077.png,Normal,6057c939b6878470a93039dc8a9461e9,kaggle.com/c/rsna-pneumonia-detection-challenge,teste_confirmatorio
COVID-19_Radiography_Dataset/Normal/images/Normal-3081.png,Normal,c78ea5e199e1af35833c0fed9b3d766c,kaggle.com/c/rsna-pneumonia-detection-challenge,teste
COVID-19_Radiography_Dataset/Normal/images/Normal-3087.png,Normal,149c359ef327716e0679d9e7e37b41d2,kaggle.com/c/rsna-pneumonia-detection-challenge,teste_confirmatorio
COVID-19_Radiography_Dataset/Normal/images/Normal-3093.png,Normal,a970e4cec4048821970536e91c2586d0,kaggle.com/c/rsna-pneumonia-detection-challenge,treino
COVID-19_Radiography_Dataset/Normal/images/Normal-3104.png,Normal,bcc6d97184d5452f86457082550a3c85,kaggle.com/c/rsna-pneumonia-detection-challenge,treino
COVID-19_Radiography_Dataset/Normal/images/Normal-3112.png,Normal,bd9cd48c751785615db2d67d8fc8d9e2,kaggle.com/c/rsna-pneumonia-detection-challenge,teste
COVID-19_Radiography_Dataset/Normal/images/Normal-3117.png,Normal,8deb1bd9671d12d2225f4902bc0c9b17,kaggle.com/c/rsna-pneumonia-detection-challenge,treino
COVID-19_Radiography_Dataset/Normal/images/Normal-3118.png,Normal,63e585db86f996f269948f1e70d5b766,kaggle.com/c/rsna-pneumonia-detection-challenge,treino
COVID-19_Radiography_Dataset/Normal/images/Normal-3119.png,Normal,6ae0cea582d050d8096d1400aa53a43b,kaggle.com/c/rsna-pneumonia-detection-challenge,treino
COVID-19_Radiography_Dataset/Normal/images/Normal-3130.png,Normal,1f804c2ab1a39e93acafad3dfbf1d239,kaggle.com/c/rsna-pneumonia-detection-challenge,treino
COVID-19_Radiography_Dataset/Normal/images/Normal-3133.png,Normal,c4e223e20ba05c88f18f6d465d00d0c8,kaggle.com/c/rsna-pneumonia-detection-challenge,treino
COVID-19_Radiography_Dataset/Normal/images/Normal-3142.png,Normal,0369dd7e4d9364934137d03b628383ba,kaggle.com/c/rsna-pneumonia-detection-challenge,teste_confirmatorio
COVID-19_Radiography_Dataset/Normal/images/Normal-315.png,Normal,7d037177bda90c17d9b30dd1db58b48d,kaggle.com/c/rsna-pneumonia-detection-challenge,validacao
COVID-19_Radiography_Dataset/Normal/images/Normal-3150.png,Normal,b3971201f012ec9e7b9843b4afc9c3c9,kaggle.com/c/rsna-pneumonia-detection-challenge,treino
COVID-19_Radiography_Dataset/Normal/images/Normal-3154.png,Normal,dae324fb54cf536564ac3bc0af886b03,kaggle.com/c/rsna-pneumonia-detection-challenge,teste
COVID-19_Radiography_Dataset/Normal/images/Normal-3155.png,Normal,813f94a14e3c8ba3253d43c47e5e2543,kaggle.com/c/rsna-pneumonia-detection-challenge,teste
COVID-19_Radiography_Dataset/Normal/images/Normal-3159.png,Normal,bb7724f738e70ca32af58e53cbf309c3,kaggle.com/c/rsna-pneumonia-detection-challenge,treino
COVID-19_Radiography_Dataset/Normal/images/Normal-3162.png,Normal,7536072b4807877f7fd50d4e5a938884,kaggle.com/c/rsna-pneumonia-detection-challenge,treino
COVID-19_Radiography_Dataset/Normal/images/Normal-3166.png,Normal,6b53c709365f77b6a1c8c5dd27de3480,kaggle.com/c/rsna-pneumonia-detection-challenge,validacao
COVID-19_Radiography_Dataset/Normal/images/Normal-3169.png,Normal,dfa8c096d000719fa9fe9a3a6b953e91,kaggle.com/c/rsna-pneumonia-detection-challenge,treino
COVID-19_Radiography_Dataset/Normal/images/Normal-3172.png,Normal,19a2428157d27a5cab29f2028d9e001b,kaggle.com/c/rsna-pneumonia-detection-challenge,treino
COVID-19_Radiography_Dataset/Normal/images/Normal-3173.png,Normal,784cf8a304946deccb592628e14b90db,kaggle.com/c/rsna-pneumonia-detection-challenge,teste
COVID-19_Radiography_Dataset/Normal/images/Normal-3177.png,Normal,a4e90e749de0f5b61df02578522ddbcb,kaggle.com/c/rsna-pneumonia-detection-challenge,treino
COVID-19_Radiography_Dataset/Normal/images/Normal-3179.png,Normal,64ae733765748e12739281084377b741,kaggle.com/c/rsna-pneumonia-detection-challenge,teste
COVID-19_Radiography_Dataset/Normal/images/Normal-3181.png,Normal,4dca92bb81d11543dea8e8152511a9b1,kaggle.com/c/rsna-pneumonia-detection-challenge,teste_confirmatorio
COVID-19_Radiography_Dataset/Normal/images/Normal-3183.png,Normal,a74b555d5861f31065c42d3f4d0868b8,kaggle.com/c/rsna-pneumonia-detection-challenge,teste
COVID-19_Radiography_Dataset/Normal/images/Normal-3190.png,Normal,2ab9e12f118437fa2ac291d8cd4bde85,kaggle.com/c/rsna-pneumonia-detection-challenge,treino
COVID-19_Radiography_Dataset/Normal/images/Normal-3197.png,Normal,e386f4e2368140e6c4e4b829dc1570b5,kaggle.com/c/rsna-pneumonia-detection-challenge,teste_confirmatorio
COVID-19_Radiography_Dataset/Normal/images/Normal-3205.png,Normal,d3655fbf57c369a24bff2a863d7a0c21,kaggle.com/c/rsna-pneumonia-detection-challenge,validacao
COVID-19_Radiography_Dataset/Normal/images/Normal-3209.png,Normal,ed7ca3687f1119e2d680d7ac3dbd51df,kaggle.com/c/rsna-pneumonia-detection-challenge,teste_confirmatorio
COVID-19_Radiography_Dataset/Normal/images/Normal-3222.png,Normal,fdffe2482cef0e0b689cfb39a4ae30db,kaggle.com/c/rsna-pneumonia-detection-challenge,validacao
COVID-19_Radiography_Dataset/Normal/images/Normal-3229.png,Normal,4f6375aff804ed5afdd55797af620348,kaggle.com/c/rsna-pneumonia-detection-challenge,teste_confirmatorio
COVID-19_Radiography_Dataset/Normal/images/Normal-3230.png,Normal,973504d0baae4d44751df4e81075c9f5,kaggle.com/c/rsna-pneumonia-detection-challenge,teste
COVID-19_Radiography_Dataset/Normal/images/Normal-3231.png,Normal,1f21924165dcba83f9b1ec7783329f6c,kaggle.com/c/rsna-pneumonia-detection-challenge,validacao
COVID-19_Radiography_Dataset/Normal/images/Normal-3249.png,Normal,73691e9d4d0d431e8387c0b3a80f9861,kaggle.com/c/rsna-pneumonia-detection-challenge,treino
COVID-19_Radiography_Dataset/Normal/images/Normal-3253.png,Normal,aa7bd02a04f0d41cb9dbcf144899c7ce,kaggle.com/c/rsna-pneumonia-detection-challenge,validacao
COVID-19_Radiography_Dataset/Normal/images/Normal-3256.png,Normal,6603a1eef5adb854ec5bebaa65b432d5,kaggle.com/c/rsna-pneumonia-detection-challenge,validacao
COVID-19_Radiography_Dataset/Normal/images/Normal-3259.png,Normal,7326a9a91b36e7d59161c7ca493f8383,kaggle.com/c/rsna-pneumonia-detection-challenge,validacao
COVID-19_Radiography_Dataset/Normal/images/Normal-3265.png,Normal,155bfc7b0150ab19ae6bd6ea7482d1f0,kaggle.com/c/rsna-pneumonia-detection-challenge,teste_confirmatorio
COVID-19_Radiography_Dataset/Normal/images/Normal-3267.png,Normal,0318d651c9512115343e413e04be77cc,kaggle.com/c/rsna-pneumonia-detection-challenge,teste_confirmatorio
COVID-19_Radiography_Dataset/Normal/images/Normal-3269.png,Normal,35ba23b864d8c94484bbed6c3cf0b199,kaggle.com/c/rsna-pneumonia-detection-challenge,validacao
COVID-19_Radiography_Dataset/Normal/images/Normal-327.png,Normal,0275abe971dcb00429da164397ff4b1e,kaggle.com/c/rsna-pneumonia-detection-challenge,treino
COVID-19_Radiography_Dataset/Normal/images/Normal-3272.png,Normal,a68edb69965c7f0adf9d72ff11a29392,kaggle.com/c/rsna-pneumonia-detection-challenge,treino
COVID-19_Radiography_Dataset/Normal/images/Normal-3278.png,Normal,3f3f4b0f10a6eb16d4a08b626e717877,kaggle.com/c/rsna-pneumonia-detection-challenge,treino
COVID-19_Radiography_Dataset/Normal/images/Normal-3279.png,Normal,c2e2b248b0e9471c9771a21d806de09f,kaggle.com/c/rsna-pneumonia-detection-challenge,treino
COVID-19_Radiography_Dataset/Normal/images/Normal-3286.png,Normal,5fbb5b7b0ac7a081a99f923b93746af7,kaggle.com/c/rsna-pneumonia-detection-challenge,teste_confirmatorio
COVID-19_Radiography_Dataset/Normal/images/Normal-3287.png,Normal,02601785e46ce5958f76e623dba93379,kaggle.com/c/rsna-pneumonia-detection-challenge,teste_confirmatorio
COVID-19_Radiography_Dataset/Normal/images/Normal-3295.png,Normal,ff99361e6d372531370229ce30adef43,kaggle.com/c/rsna-pneumonia-detection-challenge,treino
COVID-19_Radiography_Dataset/Normal/images/Normal-330.png,Normal,c6076577da832d1b6e6cbb565bd4110e,kaggle.com/c/rsna-pneumonia-detection-challenge,teste_confirmatorio
COVID-19_Radiography_Dataset/Normal/images/Normal-3309.png,Normal,a8e0875be53d3e434757b615696f2521,kaggle.com/c/rsna-pneumonia-detection-challenge,teste
COVID-19_Radiography_Dataset/Normal/images/Normal-331.png,Normal,2ba04d688e860aa21243687d88bebbf2,kaggle.com/c/rsna-pneumonia-detection-challenge,treino
COVID-19_Radiography_Dataset/Normal/images/Normal-3317.png,Normal,2c49d7b67af496d4d166a7b7cfdc0bbb,kaggle.com/c/rsna-pneumonia-detection-challenge,teste
COVID-19_Radiography_Dataset/Normal/images/Normal-3319.png,Normal,96f424b4a6d76caedfa62ea8a3115a68,kaggle.com/c/rsna-pneumonia-detection-challenge,teste
COVID-19_Radiography_Dataset/Normal/images/Normal-3327.png,Normal,4e7b8a521f57317d3a1aa92bcb840e35,kaggle.com/c/rsna-pneumonia-detection-challenge,treino
COVID-19_Radiography_Dataset/Normal/images/Normal-3328.png,Normal,aebaa69f6a2f498cb19b96f6b9769ba8,kaggle.com/c/rsna-pneumonia-detection-challenge,treino
COVID-19_Radiography_Dataset/Normal/images/Normal-333.png,Normal,ee93b2c28cde5f16845a91aa36ea8f4a,kaggle.com/c/rsna-pneumonia-detection-challenge,treino
COVID-19_Radiography_Dataset/Normal/images/Normal-3334.png,Normal,ab679ff1475965690338308703cb3194,kaggle.com/c/rsna-pneumonia-detection-challenge,validacao
COVID-19_Radiography_Dataset/Normal/images/Normal-3337.png,Normal,56e0e8a6427a537d7d9d8b9a913921aa,kaggle.com/c/rsna-pneumonia-detection-challenge,treino
COVID-19_Radiography_Dataset/Normal/images/Normal-3343.png,Normal,e2e23991ff0ee2e7ea3b1180de8a04a4,kaggle.com/c/rsna-pneumonia-detection-challenge,treino
COVID-19_Radiography_Dataset/Normal/images/Normal-3352.png,Normal,6b67b7936a1469c5e17d3ed96c16b414,kaggle.com/c/rsna-pneumonia-detection-challenge,treino
COVID-19_Radiography_Dataset/Normal/images/Normal-3357.png,Normal,18c9d90f8141845e179ec3c327bb8a7d,kaggle.com/c/rsna-pneumonia-detection-challenge,treino
COVID-19_Radiography_Dataset/Normal/images/Normal-336.png,Normal,3f2438a9b1498f8b4deb9249e2d14e74,kaggle.com/c/rsna-pneumonia-detection-challenge,teste
COVID-19_Radiography_Dataset/Normal/images/Normal-3361.png,Normal,4bca837deb1833490937f94b42d322a2,kaggle.com/c/rsna-pneumonia-detection-challenge,teste_confirmatorio
COVID-19_Radiography_Dataset/Normal/images/Normal-3376.png,Normal,fce9506f3080025bad7509283adce2c4,kaggle.com/c/rsna-pneumonia-detection-challenge,validacao
COVID-19_Radiography_Dataset/Normal/images/Normal-3377.png,Normal,e1912e13028cb03d744f1d76f0482847,kaggle.com/c/rsna-pneumonia-detection-challenge,teste
COVID-19_Radiography_Dataset/Normal/images/Normal-3379.png,Normal,c79700a96d7be8d5ab85b2e23394fa7f,kaggle.com/c/rsna-pneumonia-detection-challenge,treino
COVID-19_Radiography_Dataset/Normal/images/Normal-3381.png,Normal,a2d901f9035fc1a366fe6ef390a42025,kaggle.com/c/rsna-pneumonia-detection-challenge,teste
COVID-19_Radiography_Dataset/Normal/images/Normal-3389.png,Normal,ec15fb6fcbe212b2389627b7d40ce08d,kaggle.com/c/rsna-pneumonia-detection-challenge,teste_confirmatorio
COVID-19_Radiography_Dataset/Normal/images/Normal-3395.png,Normal,1ee0435e3f4cbc7d278d76984435b192,kaggle.com/c/rsna-pneumonia-detection-challenge,teste
COVID-19_Radiography_Dataset/Normal/images/Normal-3400.png,Normal,a67cd3ebb969f0a0495d46e1332927ee,kaggle.com/c/rsna-pneumonia-detection-challenge,treino
COVID-19_Radiography_Dataset/Normal/images/Normal-3406.png,Normal,d0de5c26b07c0b48d32ad5a2ab6df747,kaggle.com/c/rsna-pneumonia-detection-challenge,teste_confirmatorio
COVID-19_Radiography_Dataset/Normal/images/Normal-3408.png,Normal,fa475de193d2ab61b218f13639eea47c,kaggle.com/c/rsna-pneumonia-detection-challenge,teste
COVID-19_Radiography_Dataset/Normal/images/Normal-3411.png,Normal,7c9bcc11cfdb915f51e557f44103916d,kaggle.com/c/rsna-pneumonia-detection-challenge,teste
COVID-19_Radiography_Dataset/Normal/images/Normal-3413.png,Normal,8275fdf2c9f4b3a4f458becb0b75e46c,kaggle.com/c/rsna-pneumonia-detection-challenge,validacao
COVID-19_Radiography_Dataset/Normal/images/Normal-3423.png,Normal,9d5aed83d066e5a200efc1b5a657487a,kaggle.com/c/rsna-pneumonia-detection-challenge,treino
COVID-19_Radiography_Dataset/Normal/images/Normal-3424.png,Normal,4c9e5ce96873220846becd019405db67,kaggle.com/c/rsna-pneumonia-detection-challenge,validacao
COVID-19_Radiography_Dataset/Normal/images/Normal-3425.png,Normal,f48183a57da4cba944d5c5d31bb1f6ca,kaggle.com/c/rsna-pneumonia-detection-challenge,treino
COVID-19_Radiography_Dataset/Normal/images/Normal-3428.png,Normal,56e4ed10071f0d5254a359105cba5648,kaggle.com/c/rsna-pneumonia-detection-challenge,teste_confirmatorio
COVID-19_Radiography_Dataset/Normal/images/Normal-3435.png,Normal,edb6d0429ae06f826b3e55e11ea3a746,kaggle.com/c/rsna-pneumonia-detection-challenge,treino
COVID-19_Radiography_Dataset/Normal/images/Normal-3442.png,Normal,12d6101a1b9258ad9c364c4209ae9420,kaggle.com/c/rsna-pneumonia-detection-challenge,teste
COVID-19_Radiography_Dataset/Normal/images/Normal-3459.png,Normal,d6db620ad5a54c987607a785a94e105a,kaggle.com/c/rsna-pneumonia-detection-challenge,treino
COVID-19_Radiography_Dataset/Normal/images/Normal-3467.png,Normal,a9405c75c5ef479e9ce0c6f021c50295,kaggle.com/c/rsna-pneumonia-detection-challenge,teste
COVID-19_Radiography_Dataset/Normal/images/Normal-3475.png,Normal,700291e51d89a7857388aa3d3aa321a3,kaggle.com/c/rsna-pneumonia-detection-challenge,validacao
COVID-19_Radiography_Dataset/Normal/images/Normal-3477.png,Normal,1cdba0983ca2d50b3e9f5408c1155af9,kaggle.com/c/rsna-pneumonia-detection-challenge,validacao
COVID-19_Radiography_Dataset/Normal/images/Normal-3479.png,Normal,ea877405af1b638f84ffaf2311c50b10,kaggle.com/c/rsna-pneumonia-detection-challenge,teste
COVID-19_Radiography_Dataset/Normal/images/Normal-3486.png,Normal,bb04fed6be5926758b17394587ae8e6b,kaggle.com/c/rsna-pneumonia-detection-challenge,teste
COVID-19_Radiography_Dataset/Normal/images/Normal-3488.png,Normal,09f538a22459b9efcfc5998ca55a86b1,kaggle.com/c/rsna-pneumonia-detection-challenge,treino
COVID-19_Radiography_Dataset/Normal/images/Normal-3492.png,Normal,9a306748906cc22126d7e3437351e0c4,kaggle.com/c/rsna-pneumonia-detection-challenge,teste
COVID-19_Radiography_Dataset/Normal/images/Normal-3494.png,Normal,fe185b20e99b33ff586b5e87a00398ce,kaggle.com/c/rsna-pneumonia-detection-challenge,teste_confirmatorio
COVID-19_Radiography_Dataset/Normal/images/Normal-3496.png,Normal,04f1ef90723726221934ab263cbd7558,kaggle.com/c/rsna-pneumonia-detection-challenge,teste_confirmatorio
COVID-19_Radiography_Dataset/Normal/images/Normal-3497.png,Normal,baee8e12aa30ed76ef51a847b8b1e2db,kaggle.com/c/rsna-pneumonia-detection-challenge,teste
COVID-19_Radiography_Dataset/Normal/images/Normal-3500.png,Normal,0e8ae8119c183a48072a00fdbfdff28b,kaggle.com/c/rsna-pneumonia-detection-challenge,treino
COVID-19_Radiography_Dataset/Normal/images/Normal-3503.png,Normal,c3d185eaf8c48c294cea2e6616930abb,kaggle.com/c/rsna-pneumonia-detection-challenge,teste_confirmatorio
COVID-19_Radiography_Dataset/Normal/images/Normal-3506.png,Normal,48a3f186cd25ebc9bf68b66394239c98,kaggle.com/c/rsna-pneumonia-detection-challenge,treino
COVID-19_Radiography_Dataset/Normal/images/Normal-3509.png,Normal,2985119e8549e26534a7f6698b14dea2,kaggle.com/c/rsna-pneumonia-detection-challenge,teste
COVID-19_Radiography_Dataset/Normal/images/Normal-3516.png,Normal,97fcea52dff8b1b06247f871d88d0ce1,kaggle.com/c/rsna-pneumonia-detection-challenge,treino
COVID-19_Radiography_Dataset/Normal/images/Normal-3520.png,Normal,bfcd7b222bb8031c38b245222d138a07,kaggle.com/c/rsna-pneumonia-detection-challenge,teste
COVID-19_Radiography_Dataset/Normal/images/Normal-3524.png,Normal,635a911b6685108e50edf1b8854613d7,kaggle.com/c/rsna-pneumonia-detection-challenge,treino
COVID-19_Radiography_Dataset/Normal/images/Normal-3532.png,Normal,329ac1e513d188524c684760db5e2c31,kaggle.com/c/rsna-pneumonia-detection-challenge,treino
COVID-19_Radiography_Dataset/Normal/images/Normal-3535.png,Normal,cf4a07d90d702ef954258b3872aa68d2,kaggle.com/c/rsna-pneumonia-detection-challenge,teste_confirmatorio
COVID-19_Radiography_Dataset/Normal/images/Normal-3537.png,Normal,099598c52b5732e51239b90b733dbb24,kaggle.com/c/rsna-pneumonia-detection-challenge,treino
COVID-19_Radiography_Dataset/Normal/images/Normal-3539.png,Normal,8e6727a4b7579928383e4a3fb202119a,kaggle.com/c/rsna-pneumonia-detection-challenge,validacao
COVID-19_Radiography_Dataset/Normal/images/Normal-354.png,Normal,bc2885e8e1406e35d0f8d3cf3a39b0fa,kaggle.com/c/rsna-pneumonia-detection-challenge,teste
COVID-19_Radiography_Dataset/Normal/images/Normal-3541.png,Normal,6b396ca9a0d412441ce738b2ee66cccc,kaggle.com/c/rsna-pneumonia-detection-challenge,teste_confirmatorio
COVID-19_Radiography_Dataset/Normal/images/Normal-3545.png,Normal,b44ec0c3712ae00bc2c033bce76b446c,kaggle.com/c/rsna-pneumonia-detection-challenge,teste_confirmatorio
COVID-19_Radiography_Dataset/Normal/images/Normal-3547.png,Normal,bc73692c778b662be18aad94a3855fb4,kaggle.com/c/rsna-pneumonia-detection-challenge,teste_confirmatorio
COVID-19_Radiography_Dataset/Normal/images/Normal-3550.png,Normal,1cd6d01a13f890558b76ca8517285160,kaggle.com/c/rsna-pneumonia-detection-challenge,treino
COVID-19_Radiography_Dataset/Normal/images/Normal-3555.png,Normal,d92348db0aab58c000f44333ed15e953,kaggle.com/c/rsna-pneumonia-detection-challenge,validacao
COVID-19_Radiography_Dataset/Normal/images/Normal-3557.png,Normal,67ba3536d373f7cb8e158f14bfbc4c4c,kaggle.com/c/rsna-pneumonia-detection-challenge,validacao
COVID-19_Radiography_Dataset/Normal/images/Normal-3558.png,Normal,fdd9e552c8b0638eeb28f2aeaa25b449,kaggle.com/c/rsna-pneumonia-detection-challenge,treino
COVID-19_Radiography_Dataset/Normal/images/Normal-3559.png,Normal,3ef6fb69470039ae713d975758a2a400,kaggle.com/c/rsna-pneumonia-detection-challenge,teste
COVID-19_Radiography_Dataset/Normal/images/Normal-3564.png,Normal,b1e611c28a32466415d4498df7739be5,kaggle.com/c/rsna-pneumonia-detection-challenge,treino
COVID-19_Radiography_Dataset/Normal/images/Normal-3566.png,Normal,f2f4ff2dd6cc46e5065dce768e410ca0,kaggle.com/c/rsna-pneumonia-detection-challenge,teste_confirmatorio
COVID-19_Radiography_Dataset/Normal/images/Normal-3569.png,Normal,bcd504b6dbbd1c7dc93e7c1ac64d116d,kaggle.com/c/rsna-pneumonia-detection-challenge,teste_confirmatorio
COVID-19_Radiography_Dataset/Normal/images/Normal-357.png,Normal,e477d8ef6971ca4f2c9d578e8068d998,kaggle.com/c/rsna-pneumonia-detection-challenge,treino
COVID-19_Radiography_Dataset/Normal/images/Normal-358.png,Normal,7dbf8d5d5822cba4da7b8221a8deaf6e,kaggle.com/c/rsna-pneumonia-detection-challenge,teste
COVID-19_Radiography_Dataset/Normal/images/Normal-3580.png,Normal,9da7775d495ba85df74417e3e7b79b72,kaggle.com/c/rsna-pneumonia-detection-challenge,validacao
COVID-19_Radiography_Dataset/Normal/images/Normal-3583.png,Normal,5d6e576a55ac926ae6b142c92b9af972,kaggle.com/c/rsna-pneumonia-detection-challenge,validacao
COVID-19_Radiography_Dataset/Normal/images/Normal-3588.png,Normal,d75c3060107e6eb66c715db42ff55a5f,kaggle.com/c/rsna-pneumonia-detection-challenge,treino
COVID-19_Radiography_Dataset/Normal/images/Normal-3594.png,Normal,c2a6d48b5e1f20d894b407843c87fa79,kaggle.com/c/rsna-pneumonia-detection-challenge,validacao
COVID-19_Radiography_Dataset/Normal/images/Normal-3595.png,Normal,86e76fa076e78ab095a48bacd39a8a76,kaggle.com/c/rsna-pneumonia-detection-challenge,teste
COVID-19_Radiography_Dataset/Normal/images/Normal-3602.png,Normal,f32a520403e8828ae800848ea0d1cb4f,kaggle.com/c/rsna-pneumonia-detection-challenge,validacao
COVID-19_Radiography_Dataset/Normal/images/Normal-3603.png,Normal,6942f1edf48691bccebea2cde8f14d5d,kaggle.com/c/rsna-pneumonia-detection-challenge,teste_confirmatorio
COVID-19_Radiography_Dataset/Normal/images/Normal-3606.png,Normal,21db12fdba9699ea037aceead619a82e,kaggle.com/c/rsna-pneumonia-detection-challenge,treino
COVID-19_Radiography_Dataset/Normal/images/Normal-3612.png,Normal,25580b618d428fa300dd7213ca23039c,kaggle.com/c/rsna-pneumonia-detection-challenge,treino
COVID-19_Radiography_Dataset/Normal/images/Normal-3614.png,Normal,86a2eabbedbb141e964bacf26560e225,kaggle.com/c/rsna-pneumonia-detection-challenge,teste_confirmatorio
COVID-19_Radiography_Dataset/Normal/images/Normal-362.png,Normal,f75ad155df2d585204e7de097f6067e9,kaggle.com/c/rsna-pneumonia-detection-challenge,teste
COVID-19_Radiography_Dataset/Normal/images/Normal-3624.png,Normal,c50ce81d2d6d47b33bf44bb344074c6c,kaggle.com/c/rsna-pneumonia-detection-challenge,validacao
COVID-19_Radiography_Dataset/Normal/images/Normal-3625.png,Normal,811cdee6b1f08fbf57d7bdb01799404e,kaggle.com/c/rsna-pneumonia-detection-challenge,teste
COVID-19_Radiography_Dataset/Normal/images/Normal-3636.png,Normal,8066c18bb583b0a293bc1612819d0044,kaggle.com/c/rsna-pneumonia-detection-challenge,treino
COVID-19_Radiography_Dataset/Normal/images/Normal-3637.png,Normal,3c132e74c44f0a9a1b6ee7bcaf699cf2,kaggle.com/c/rsna-pneumonia-detection-challenge,treino
COVID-19_Radiography_Dataset/Normal/images/Normal-3642.png,Normal,536726113e3e1ffc6f62beb4aa0b82d3,kaggle.com/c/rsna-pneumonia-detection-challenge,teste
COVID-19_Radiography_Dataset/Normal/images/Normal-3647.png,Normal,996a814479ee3587a4f1d2ca386edb6d,kaggle.com/c/rsna-pneumonia-detection-challenge,treino
COVID-19_Radiography_Dataset/Normal/images/Normal-3648.png,Normal,e6dcb0444d040ec38360bca89ed790b1,kaggle.com/c/rsna-pneumonia-detection-challenge,teste_confirmatorio
COVID-19_Radiography_Dataset/Normal/images/Normal-3650.png,Normal,d7970e1920e7091aa5c6a4286fe6dd6e,kaggle.com/c/rsna-pneumonia-detection-challenge,treino
COVID-19_Radiography_Dataset/Normal/images/Normal-3652.png,Normal,be77e11803609c9df2393a752204d4e2,kaggle.com/c/rsna-pneumonia-detection-challenge,validacao
COVID-19_Radiography_Dataset/Normal/images/Normal-3656.png,Normal,2e71617610b4b0fbb8eef132c1b8ee40,kaggle.com/c/rsna-pneumonia-detection-challenge,teste_confirmatorio
COVID-19_Radiography_Dataset/Normal/images/Normal-3664.png,Normal,99df706e9873b8bffe22eaba8ffdbea0,kaggle.com/c/rsna-pneumonia-detection-challenge,teste
COVID-19_Radiography_Dataset/Normal/images/Normal-3669.png,Normal,359897434786a73ef4911d5b95b22133,kaggle.com/c/rsna-pneumonia-detection-challenge,treino
COVID-19_Radiography_Dataset/Normal/images/Normal-367.png,Normal,040951cd1f5f8e5ef1aed33056428c7a,kaggle.com/c/rsna-pneumonia-detection-challenge,treino
COVID-19_Radiography_Dataset/Normal/images/Normal-3672.png,Normal,8145bd812313c955bcf6e9cf0756a04b,kaggle.com/c/rsna-pneumonia-detection-challenge,treino
COVID-19_Radiography_Dataset/Normal/images/Normal-3674.png,Normal,adad32e05bb96cfcf334b4fd6ce60d8e,kaggle.com/c/rsna-pneumonia-detection-challenge,treino
COVID-19_Radiography_Dataset/Normal/images/Normal-3676.png,Normal,1ca0df00480c2f24f826eb64a40a78b8,kaggle.com/c/rsna-pneumonia-detection-challenge,validacao
COVID-19_Radiography_Dataset/Normal/images/Normal-3678.png,Normal,e65c6b0cc8bf484b247f8711d77e9462,kaggle.com/c/rsna-pneumonia-detection-challenge,teste_confirmatorio
COVID-19_Radiography_Dataset/Normal/images/Normal-3680.png,Normal,7cc7920e2c01212a7d536de849dbcd41,kaggle.com/c/rsna-pneumonia-detection-challenge,treino
COVID-19_Radiography_Dataset/Normal/images/Normal-3681.png,Normal,1c094d7c1932241933d535c5162933ff,kaggle.com/c/rsna-pneumonia-detection-challenge,teste_confirmatorio
COVID-19_Radiography_Dataset/Normal/images/Normal-3689.png,Normal,41280b2ed136462a83923b14339d1279,kaggle.com/c/rsna-pneumonia-detection-challenge,teste
COVID-19_Radiography_Dataset/Normal/images/Normal-369.png,Normal,4e0d2c084b7642eaaf0aeab2730f3149,kaggle.com/c/rsna-pneumonia-detection-challenge,treino
COVID-19_Radiography_Dataset/Normal/images/Normal-3690.png,Normal,7ea0263e494bbbd9ce774454de6b8434,kaggle.com/c/rsna-pneumonia-detection-challenge,treino
COVID-19_Radiography_Dataset/Normal/images/Normal-3696.png,Normal,bdcd29ddddf7997d88ef6fddc5638f2c,kaggle.com/c/rsna-pneumonia-detection-challenge,teste_confirmatorio
COVID-19_Radiography_Dataset/Normal/images/Normal-3702.png,Normal,043dfdbdeb527c5d9b8038084bd00ca5,kaggle.com/c/rsna-pneumonia-detection-challenge,treino
COVID-19_Radiography_Dataset/Normal/images/Normal-3707.png,Normal,964b3fc7f4b3f66f56db4f7cd3868e1a,kaggle.com/c/rsna-pneumonia-detection-challenge,teste_confirmatorio
COVID-19_Radiography_Dataset/Normal/images/Normal-3722.png,Normal,db6dea8a9c7c138d0962889d06379664,kaggle.com/c/rsna-pneumonia-detection-challenge,validacao
COVID-19_Radiography_Dataset/Normal/images/Normal-3730.png,Normal,1723d1f15ce6ea23577fd38416d6ac78,kaggle.com/c/rsna-pneumonia-detection-challenge,teste_confirmatorio
COVID-19_Radiography_Dataset/Normal/images/Normal-3732.png,Normal,d271aa8e9e000229df540eb2a681444e,kaggle.com/c/rsna-pneumonia-detection-challenge,treino
COVID-19_Radiography_Dataset/Normal/images/Normal-3733.png,Normal,a856af52eb4dd7f04a5656859c62620b,kaggle.com/c/rsna-pneumonia-detection-challenge,teste_confirmatorio
COVID-19_Radiography_Dataset/Normal/images/Normal-3734.png,Normal,e81707cb9e248e39d062c69354a7eef7,kaggle.com/c/rsna-pneumonia-detection-challenge,validacao
COVID-19_Radiography_Dataset/Normal/images/Normal-3736.png,Normal,c2262e9f6f8850f6c76a724e4d2adf0a,kaggle.com/c/rsna-pneumonia-detection-challenge,validacao
COVID-19_Radiography_Dataset/Normal/images/Normal-3737.png,Normal,77a67876d25ce1578602fe0ae87af5e3,kaggle.com/c/rsna-pneumonia-detection-challenge,teste
COVID-19_Radiography_Dataset/Normal/images/Normal-374.png,Normal,e60f988650e033ec9ae339aa2874c722,kaggle.com/c/rsna-pneumonia-detection-challenge,teste
COVID-19_Radiography_Dataset/Normal/images/Normal-3742.png,Normal,4ccedd1b0bab8869455f574680267a79,kaggle.com/c/rsna-pneumonia-detection-challenge,treino
COVID-19_Radiography_Dataset/Normal/images/Normal-3744.png,Normal,76707f79d0988cbb4445e762e59aa7c6,kaggle.com/c/rsna-pneumonia-detection-challenge,treino
COVID-19_Radiography_Dataset/Normal/images/Normal-3751.png,Normal,0a07cba769467e1bdd3c3cf6cafe6e50,kaggle.com/c/rsna-pneumonia-detection-challenge,teste
COVID-19_Radiography_Dataset/Normal/images/Normal-3753.png,Normal,7cef8d5634612e8c24293bf217ca94bf,kaggle.com/c/rsna-pneumonia-detection-challenge,treino
COVID-19_Radiography_Dataset/Normal/images/Normal-3754.png,Normal,87b2bfcf39502fe9869d7d9ed5c8d8db,kaggle.com/c/rsna-pneumonia-detection-challenge,treino
COVID-19_Radiography_Dataset/Normal/images/Normal-3763.png,Normal,6f3502039e472fd2e700edab62bd9231,kaggle.com/c/rsna-pneumonia-detection-challenge,treino
COVID-19_Radiography_Dataset/Normal/images/Normal-3765.png,Normal,57b09da7b00ceac723a49e3b16ee5524,kaggle.com/c/rsna-pneumonia-detection-challenge,treino
COVID-19_Radiography_Dataset/Normal/images/Normal-3767.png,Normal,03661e2d1db06caca1fcc5ea61906e97,kaggle.com/c/rsna-pneumonia-detection-challenge,teste_confirmatorio
COVID-19_Radiography_Dataset/Normal/images/Normal-3768.png,Normal,6d593e2d75f9036fd31a950e137f6848,kaggle.com/c/rsna-pneumonia-detection-challenge,treino
COVID-19_Radiography_Dataset/Normal/images/Normal-3769.png,Normal,6908bc3f79fbff3427361e4fd5294c8a,kaggle.com/c/rsna-pneumonia-detection-challenge,teste_confirmatorio
COVID-19_Radiography_Dataset/Normal/images/Normal-3772.png,Normal,f4fba9ec69bbf36631560c055186f9b7,kaggle.com/c/rsna-pneumonia-detection-challenge,teste
COVID-19_Radiography_Dataset/Normal/images/Normal-3775.png,Normal,5a60aa165416716719f9282a750ca57b,kaggle.com/c/rsna-pneumonia-detection-challenge,validacao
COVID-19_Radiography_Dataset/Normal/images/Normal-3776.png,Normal,5a6a0b9ac48c007861a683c0e426ee9b,kaggle.com/c/rsna-pneumonia-detection-challenge,teste_confirmatorio
COVID-19_Radiography_Dataset/Normal/images/Normal-3777.png,Normal,d6c02c632b017439bbdbe5a6decce8b7,kaggle.com/c/rsna-pneumonia-detection-challenge,teste
COVID-19_Radiography_Dataset/Normal/images/Normal-3778.png,Normal,cc05a5222b4c8c4c57cfb59bf94d93dd,kaggle.com/c/rsna-pneumonia-detection-challenge,treino
COVID-19_Radiography_Dataset/Normal/images/Normal-3785.png,Normal,375e092699cf603dcccb10f46ce2fd1d,kaggle.com/c/rsna-pneumonia-detection-challenge,teste
COVID-19_Radiography_Dataset/Normal/images/Normal-379.png,Normal,37e2757b71dccf1c4ca8ee1982bc4876,kaggle.com/c/rsna-pneumonia-detection-challenge,validacao
COVID-19_Radiography_Dataset/Normal/images/Normal-3795.png,Normal,f0876b68cb8a74f9eec514db05c9bf1f,kaggle.com/c/rsna-pneumonia-detection-challenge,teste
COVID-19_Radiography_Dataset/Normal/images/Normal-3797.png,Normal,9024e2342fa648161f57bd7e9f7f694d,kaggle.com/c/rsna-pneumonia-detection-challenge,treino
COVID-19_Radiography_Dataset/Normal/images/Normal-3800.png,Normal,ed5f606eacd140106178ce99efc786fa,kaggle.com/c/rsna-pneumonia-detection-challenge,treino
COVID-19_Radiography_Dataset/Normal/images/Normal-3803.png,Normal,2305885e001afbe424bd7e4c3051755b,kaggle.com/c/rsna-pneumonia-detection-challenge,teste
COVID-19_Radiography_Dataset/Normal/images/Normal-3806.png,Normal,67a4aea40defb1d4f3923881a4bf258e,kaggle.com/c/rsna-pneumonia-detection-challenge,teste_confirmatorio
COVID-19_Radiography_Dataset/Normal/images/Normal-3809.png,Normal,63d7691c6c4cc47c6d923df6490866d3,kaggle.com/c/rsna-pneumonia-detection-challenge,teste
COVID-19_Radiography_Dataset/Normal/images/Normal-3810.png,Normal,d2ad2864274502577a56f75ad706f035,kaggle.com/c/rsna-pneumonia-detection-challenge,treino
COVID-19_Radiography_Dataset/Normal/images/Normal-3811.png,Normal,0ce9998b5a3f25a025c52241b1b86cb4,kaggle.com/c/rsna-pneumonia-detection-challenge,treino
COVID-19_Radiography_Dataset/Normal/images/Normal-3814.png,Normal,bd298f4b4c1857f9dfc4c1e3be2229cf,kaggle.com/c/rsna-pneumonia-detection-challenge,teste_confirmatorio
COVID-19_Radiography_Dataset/Normal/images/Normal-3820.png,Normal,6c4fb10f3983b44b7729c06a0716a29f,kaggle.com/c/rsna-pneumonia-detection-challenge,treino
COVID-19_Radiography_Dataset/Normal/images/Normal-3823.png,Normal,03fef5a2274cb3d0b2a130a65596e08b,kaggle.com/c/rsna-pneumonia-detection-challenge,treino
COVID-19_Radiography_Dataset/Normal/images/Normal-3828.png,Normal,6ffac54d9d6e8ec1783b53d7be2853ad,kaggle.com/c/rsna-pneumonia-detection-challenge,treino
COVID-19_Radiography_Dataset/Normal/images/Normal-383.png,Normal,43cb8d49b792d6b67da5c1ab48be94b2,kaggle.com/c/rsna-pneumonia-detection-challenge,teste
COVID-19_Radiography_Dataset/Normal/images/Normal-3830.png,Normal,f58ef2af73b8cf7fa5da416aedfe311e,kaggle.com/c/rsna-pneumonia-detection-challenge,treino
COVID-19_Radiography_Dataset/Normal/images/Normal-3844.png,Normal,d64717b289cd6b5e761e02ebd08de13d,kaggle.com/c/rsna-pneumonia-detection-challenge,teste_confirmatorio
COVID-19_Radiography_Dataset/Normal/images/Normal-3845.png,Normal,9429020b4b1c785f1b03c9b7cd22c80f,kaggle.com/c/rsna-pneumonia-detection-challenge,teste
COVID-19_Radiography_Dataset/Normal/images/Normal-3846.png,Normal,dad7f43043965e01c0fb78dcbcd6ae8c,kaggle.com/c/rsna-pneumonia-detection-challenge,treino
COVID-19_Radiography_Dataset/Normal/images/Normal-3847.png,Normal,0bdd167dcb2f3cd85232a3a0ea86688e,kaggle.com/c/rsna-pneumonia-detection-challenge,treino
COVID-19_Radiography_Dataset/Normal/images/Normal-3856.png,Normal,ca1c4e6998691334849422ef6a3f14ad,kaggle.com/c/rsna-pneumonia-detection-challenge,teste_confirmatorio
COVID-19_Radiography_Dataset/Normal/images/Normal-3861.png,Normal,9b40dc5fa2e9d1d888a36ae5100ce75f,kaggle.com/c/rsna-pneumonia-detection-challenge,validacao
COVID-19_Radiography_Dataset/Normal/images/Normal-387.png,Normal,bd1a8f7488f227e510a4a858488d7fe3,kaggle.com/c/rsna-pneumonia-detection-challenge,teste
COVID-19_Radiography_Dataset/Normal/images/Normal-3873.png,Normal,0d8c0566be9494a3a737cc8ea159f939,kaggle.com/c/rsna-pneumonia-detection-challenge,teste_confirmatorio
COVID-19_Radiography_Dataset/Normal/images/Normal-3876.png,Normal,01c51d70a9fb3a85f0127a357c091fc3,kaggle.com/c/rsna-pneumonia-detection-challenge,validacao
COVID-19_Radiography_Dataset/Normal/images/Normal-3879.png,Normal,77661b8f386c7f02cf8af698df503d9e,kaggle.com/c/rsna-pneumonia-detection-challenge,treino
COVID-19_Radiography_Dataset/Normal/images/Normal-3885.png,Normal,0c08e7231936c28d0b57a3f190233207,kaggle.com/c/rsna-pneumonia-detection-challenge,teste
COVID-19_Radiography_Dataset/Normal/images/Normal-3886.png,Normal,736431ba62d5409baa9d8c3c3e5f76d6,kaggle.com/c/rsna-pneumonia-detection-challenge,teste
COVID-19_Radiography_Dataset/Normal/images/Normal-389.png,Normal,ab3df53336567516db1cf34e0668fac7,kaggle.com/c/rsna-pneumonia-detection-challenge,teste
COVID-19_Radiography_Dataset/Normal/images/Normal-3890.png,Normal,2f91d8976ff9f2e07e01ebd07b59202b,kaggle.com/c/rsna-pneumonia-detection-challenge,treino
COVID-19_Radiography_Dataset/Normal/images/Normal-3892.png,Normal,d3308dbe02d60c296a7cf6ec12b7e6d4,kaggle.com/c/rsna-pneumonia-detection-challenge,teste_confirmatorio
COVID-19_Radiography_Dataset/Normal/images/Normal-3901.png,Normal,548a0b7132120004ee9d386479b8506e,kaggle.com/c/rsna-pneumonia-detection-challenge,teste_confirmatorio
COVID-19_Radiography_Dataset/Normal/images/Normal-3902.png,Normal,ec387a9e56bebcaa77d2eb21873324ab,kaggle.com/c/rsna-pneumonia-detection-challenge,treino
COVID-19_Radiography_Dataset/Normal/images/Normal-3910.png,Normal,f61403e9574733ebecf0a697fd48092f,kaggle.com/c/rsna-pneumonia-detection-challenge,teste
COVID-19_Radiography_Dataset/Normal/images/Normal-3911.png,Normal,583a7accc57ff0d8853bee1fee49d99e,kaggle.com/c/rsna-pneumonia-detection-challenge,teste
COVID-19_Radiography_Dataset/Normal/images/Normal-3913.png,Normal,097dda4cecc43e2cf65fed0e32dd6c6c,kaggle.com/c/rsna-pneumonia-detection-challenge,validacao
COVID-19_Radiography_Dataset/Normal/images/Normal-3914.png,Normal,7cff12d495a2c9999c93d5b4399126ca,kaggle.com/c/rsna-pneumonia-detection-challenge,teste_confirmatorio
COVID-19_Radiography_Dataset/Normal/images/Normal-3917.png,Normal,b299131e123cc87dcb96441c25ef33b4,kaggle.com/c/rsna-pneumonia-detection-challenge,teste_confirmatorio
COVID-19_Radiography_Dataset/Normal/images/Normal-3919.png,Normal,573b3334c01de6333467d2cf0692655a,kaggle.com/c/rsna-pneumonia-detection-challenge,teste_confirmatorio
COVID-19_Radiography_Dataset/Normal/images/Normal-3922.png,Normal,dd13df795072608d444cb10702459ba9,kaggle.com/c/rsna-pneumonia-detection-challenge,teste
COVID-19_Radiography_Dataset/Normal/images/Normal-3924.png,Normal,4b58d3f3ac5cf7ae7f2bb7175bdc06f5,kaggle.com/c/rsna-pneumonia-detection-challenge,teste
COVID-19_Radiography_Dataset/Normal/images/Normal-3933.png,Normal,4ca4c4b05304417eeb9a2263e854f564,kaggle.com/c/rsna-pneumonia-detection-challenge,treino
COVID-19_Radiography_Dataset/Normal/images/Normal-3936.png,Normal,ba5c4218996c598ce97d4ea62e2557b8,kaggle.com/c/rsna-pneumonia-detection-challenge,treino
COVID-19_Radiography_Dataset/Normal/images/Normal-394.png,Normal,d0a2a6f5d594259e6c4a02f747598fc8,kaggle.com/c/rsna-pneumonia-detection-challenge,teste
COVID-19_Radiography_Dataset/Normal/images/Normal-3940.png,Normal,bb273af53739bf092365201768edea3a,kaggle.com/c/rsna-pneumonia-detection-challenge,treino
COVID-19_Radiography_Dataset/Normal/images/Normal-3942.png,Normal,c7fb5f9b99fc74c5687c24f1b365ce37,kaggle.com/c/rsna-pneumonia-detection-challenge,teste
COVID-19_Radiography_Dataset/Normal/images/Normal-3944.png,Normal,e2eb2d5e13fa9e4fe46e8928289d0849,kaggle.com/c/rsna-pneumonia-detection-challenge,teste_confirmatorio
COVID-19_Radiography_Dataset/Normal/images/Normal-3951.png,Normal,54bfa7d7739f660229d228c9a5d02542,kaggle.com/c/rsna-pneumonia-detection-challenge,teste
COVID-19_Radiography_Dataset/Normal/images/Normal-3959.png,Normal,5cad33079091af3cb3a26652ea0902f3,kaggle.com/c/rsna-pneumonia-detection-challenge,teste
COVID-19_Radiography_Dataset/Normal/images/Normal-396.png,Normal,f49326a21db417eaf53d3279eed235a3,kaggle.com/c/rsna-pneumonia-detection-challenge,teste
COVID-19_Radiography_Dataset/Normal/images/Normal-3962.png,Normal,254e9a89a8ae4c3ca87299918690d0e5,kaggle.com/c/rsna-pneumonia-detection-challenge,treino
COVID-19_Radiography_Dataset/Normal/images/Normal-3966.png,Normal,921efe9565557f61a23e910ed83b3304,kaggle.com/c/rsna-pneumonia-detection-challenge,validacao
COVID-19_Radiography_Dataset/Normal/images/Normal-3968.png,Normal,c7a4b7352aac87d81758b60e07deacab,kaggle.com/c/rsna-pneumonia-detection-challenge,teste_confirmatorio
COVID-19_Radiography_Dataset/Normal/images/Normal-3970.png,Normal,f244df9c21f6c7e4ea0ea0db3ce5c756,kaggle.com/c/rsna-pneumonia-detection-challenge,teste_confirmatorio
COVID-19_Radiography_Dataset/Normal/images/Normal-3973.png,Normal,a7d790096c0329118cd280f65f165dca,kaggle.com/c/rsna-pneumonia-detection-challenge,teste
COVID-19_Radiography_Dataset/Normal/images/Normal-3976.png,Normal,b6163522e3859c36c7266f94625a462c,kaggle.com/c/rsna-pneumonia-detection-challenge,teste_confirmatorio
COVID-19_Radiography_Dataset/Normal/images/Normal-3983.png,Normal,408d5236af76572cd5b8da87a3ad0741,kaggle.com/c/rsna-pneumonia-detection-challenge,teste
COVID-19_Radiography_Dataset/Normal/images/Normal-3993.png,Normal,f53c062f00c68f527ee4aaa077a6e2b2,kaggle.com/c/rsna-pneumonia-detection-challenge,treino
COVID-19_Radiography_Dataset/Normal/images/Normal-3997.png,Normal,8931566d78fcc146e67a67f25515a2f5,kaggle.com/c/rsna-pneumonia-detection-challenge,teste_confirmatorio
COVID-19_Radiography_Dataset/Normal/images/Normal-4.png,Normal,0bb5e02779d259ca36f25e2c1e46025b,kaggle.com/c/rsna-pneumonia-detection-challenge,teste
COVID-19_Radiography_Dataset/Normal/images/Normal-4002.png,Normal,33f8bc5106f3d89f8b0d299b2639445b,kaggle.com/c/rsna-pneumonia-detection-challenge,teste_confirmatorio
COVID-19_Radiography_Dataset/Normal/images/Normal-4004.png,Normal,1106fe511df36996919af4835a358a8e,kaggle.com/c/rsna-pneumonia-detection-challenge,validacao
COVID-19_Radiography_Dataset/Normal/images/Normal-4006.png,Normal,f209d8733e91d4b69597c2607b103cf2,kaggle.com/c/rsna-pneumonia-detection-challenge,teste
COVID-19_Radiography_Dataset/Normal/images/Normal-4009.png,Normal,0b0d904a42ddad9cbadcdefe802927b6,kaggle.com/c/rsna-pneumonia-detection-challenge,teste
COVID-19_Radiography_Dataset/Normal/images/Normal-4014.png,Normal,8c0e5f4d5cbedfafede0932af51f2578,kaggle.com/c/rsna-pneumonia-detection-challenge,teste_confirmatorio
COVID-19_Radiography_Dataset/Normal/images/Normal-4019.png,Normal,27afec800ce5ff93358268adca2ce256,kaggle.com/c/rsna-pneumonia-detection-challenge,treino
COVID-19_Radiography_Dataset/Normal/images/Normal-402.png,Normal,20400c3c3439a5e204ff60464baff43d,kaggle.com/c/rsna-pneumonia-detection-challenge,teste_confirmatorio
COVID-19_Radiography_Dataset/Normal/images/Normal-4021.png,Normal,5c23784114626354dca1a5701876e93b,kaggle.com/c/rsna-pneumonia-detection-challenge,treino
COVID-19_Radiography_Dataset/Normal/images/Normal-4031.png,Normal,00036e95d11e9bf3c7e504477557b375,kaggle.com/c/rsna-pneumonia-detection-challenge,teste_confirmatorio
COVID-19_Radiography_Dataset/Normal/images/Normal-4033.png,Normal,b9a87abe93a1937684b209689fcbed64,kaggle.com/c/rsna-pneumonia-detection-challenge,teste_confirmatorio
COVID-19_Radiography_Dataset/Normal/images/Normal-4059.png,Normal,73919d1486e5fe13a772dd17216fdf5b,kaggle.com/c/rsna-pneumonia-detection-challenge,teste_confirmatorio
COVID-19_Radiography_Dataset/Normal/images/Normal-4078.png,Normal,d7541e97ef5b022253c01112a882bfc3,kaggle.com/c/rsna-pneumonia-detection-challenge,teste
COVID-19_Radiography_Dataset/Normal/images/Normal-4080.png,Normal,de8ec36c752a7969a8e38ff33d986908,kaggle.com/c/rsna-pneumonia-detection-challenge,treino
COVID-19_Radiography_Dataset/Normal/images/Normal-4084.png,Normal,4a6379c90b70922cdde66e54c69dcd3e,kaggle.com/c/rsna-pneumonia-detection-challenge,validacao
COVID-19_Radiography_Dataset/Normal/images/Normal-4087.png,Normal,16fc22368fc9ecd5fa6c9f6fc19295ce,kaggle.com/c/rsna-pneumonia-detection-challenge,teste_confirmatorio
COVID-19_Radiography_Dataset/Normal/images/Normal-4095.png,Normal,e71d456f2c246405a512f43446a89dd2,kaggle.com/c/rsna-pneumonia-detection-challenge,teste_confirmatorio
COVID-19_Radiography_Dataset/Normal/images/Normal-4098.png,Normal,94321dc4a232ccc3780caeaac77a36b3,kaggle.com/c/rsna-pneumonia-detection-challenge,teste_confirmatorio
COVID-19_Radiography_Dataset/Normal/images/Normal-4099.png,Normal,2726bcb19419b3c8a0afcdc66d95b728,kaggle.com/c/rsna-pneumonia-detection-challenge,validacao
COVID-19_Radiography_Dataset/Normal/images/Normal-4103.png,Normal,87b42bd0f4fbd31ac8117286255e8120,kaggle.com/c/rsna-pneumonia-detection-challenge,treino
COVID-19_Radiography_Dataset/Normal/images/Normal-4109.png,Normal,d6be9c79d88737fb457fa5ec44a376c2,kaggle.com/c/rsna-pneumonia-detection-challenge,teste
COVID-19_Radiography_Dataset/Normal/images/Normal-4110.png,Normal,4e4be4b97584bee0d128d4afc1ee88d2,kaggle.com/c/rsna-pneumonia-detection-challenge,teste
COVID-19_Radiography_Dataset/Normal/images/Normal-4111.png,Normal,dc8eadcfcb42cb5712d58e393071e011,kaggle.com/c/rsna-pneumonia-detection-challenge,teste_confirmatorio
COVID-19_Radiography_Dataset/Normal/images/Normal-4115.png,Normal,d56c9abf20fd12e1f0f139e35af8ad43,kaggle.com/c/rsna-pneumonia-detection-challenge,treino
COVID-19_Radiography_Dataset/Normal/images/Normal-4122.png,Normal,39d7513e865565f41142ccbc110489d2,kaggle.com/c/rsna-pneumonia-detection-challenge,teste_confirmatorio
COVID-19_Radiography_Dataset/Normal/images/Normal-4123.png,Normal,0fd97dd3ba2fe629d9a254fc70a36588,kaggle.com/c/rsna-pneumonia-detection-challenge,teste_confirmatorio
COVID-19_Radiography_Dataset/Normal/images/Normal-4127.png,Normal,df4781d2c65dd26d5f863b6e4aba1f81,kaggle.com/c/rsna-pneumonia-detection-challenge,treino
COVID-19_Radiography_Dataset/Normal/images/Normal-4135.png,Normal,18d931238d2f623859146b2bd64f299e,kaggle.com/c/rsna-pneumonia-detection-challenge,validacao
COVID-19_Radiography_Dataset/Normal/images/Normal-4137.png,Normal,2b866a1c24e8a6ae429c8c475496b961,kaggle.com/c/rsna-pneumonia-detection-challenge,teste_confirmatorio
COVID-19_Radiography_Dataset/Normal/images/Normal-4138.png,Normal,9d660327d2ca7464767513b743ef2933,kaggle.com/c/rsna-pneumonia-detection-challenge,treino
COVID-19_Radiography_Dataset/Normal/images/Normal-414.png,Normal,bfd6778b193531f254f24c9123d9c68a,kaggle.com/c/rsna-pneumonia-detection-challenge,teste_confirmatorio
COVID-19_Radiography_Dataset/Normal/images/Normal-4149.png,Normal,a625d8082df2352f77062133f9c58859,kaggle.com/c/rsna-pneumonia-detection-challenge,teste
COVID-19_Radiography_Dataset/Normal/images/Normal-4154.png,Normal,624ce9e08473dc3452f6e39d20e13a6d,kaggle.com/c/rsna-pneumonia-detection-challenge,validacao
COVID-19_Radiography_Dataset/Normal/images/Normal-4157.png,Normal,852b6c8ea12eee77d6d1feedd802aa70,kaggle.com/c/rsna-pneumonia-detection-challenge,treino
COVID-19_Radiography_Dataset/Normal/images/Normal-4158.png,Normal,b4e01cde2707e1beaba54302f78abbf1,kaggle.com/c/rsna-pneumonia-detection-challenge,treino
COVID-19_Radiography_Dataset/Normal/images/Normal-416.png,Normal,3d82c6b7cb66ca01ac5413d44b380808,kaggle.com/c/rsna-pneumonia-detection-challenge,treino
COVID-19_Radiography_Dataset/Normal/images/Normal-4164.png,Normal,f584a9adbb6966f54e471895077c46a9,kaggle.com/c/rsna-pneumonia-detection-challenge,teste
COVID-19_Radiography_Dataset/Normal/images/Normal-4174.png,Normal,2bb4d327118bf01531859a1785954bbc,kaggle.com/c/rsna-pneumonia-detection-challenge,treino
COVID-19_Radiography_Dataset/Normal/images/Normal-4176.png,Normal,b48186ea1e514cbc05dcac6c05ffe648,kaggle.com/c/rsna-pneumonia-detection-challenge,teste
COVID-19_Radiography_Dataset/Normal/images/Normal-418.png,Normal,ba42b4935f1b393b90f30088a4be6599,kaggle.com/c/rsna-pneumonia-detection-challenge,treino
COVID-19_Radiography_Dataset/Normal/images/Normal-4185.png,Normal,b05c91ba41ebaf25b06e4ceb0ae61394,kaggle.com/c/rsna-pneumonia-detection-challenge,treino
COVID-19_Radiography_Dataset/Normal/images/Normal-4187.png,Normal,c093bf40e042a196b6ec2569495fa173,kaggle.com/c/rsna-pneumonia-detection-challenge,treino
COVID-19_Radiography_Dataset/Normal/images/Normal-4192.png,Normal,818635f836c3f9e9953eb2d11b72e80f,kaggle.com/c/rsna-pneumonia-detection-challenge,teste_confirmatorio
COVID-19_Radiography_Dataset/Normal/images/Normal-4196.png,Normal,f35a6d205759c9150ea35ea8ae2d6a1e,kaggle.com/c/rsna-pneumonia-detection-challenge,validacao
COVID-19_Radiography_Dataset/Normal/images/Normal-420.png,Normal,26395a1da7b997ef6480060a02f9d1b1,kaggle.com/c/rsna-pneumonia-detection-challenge,treino
COVID-19_Radiography_Dataset/Normal/images/Normal-4201.png,Normal,3324cdfabb54f090b3af3948e2e8a7e0,kaggle.com/c/rsna-pneumonia-detection-challenge,validacao
COVID-19_Radiography_Dataset/Normal/images/Normal-4202.png,Normal,de46eba5c621c5baf52acddb0d0d501f,kaggle.com/c/rsna-pneumonia-detection-challenge,teste_confirmatorio
COVID-19_Radiography_Dataset/Normal/images/Normal-4204.png,Normal,d58036eeb5491ed90d642fa7961b0f4c,kaggle.com/c/rsna-pneumonia-detection-challenge,teste
COVID-19_Radiography_Dataset/Normal/images/Normal-421.png,Normal,ee0257c0c79fc29c9736c1f6ede23199,kaggle.com/c/rsna-pneumonia-detection-challenge,teste_confirmatorio
COVID-19_Radiography_Dataset/Normal/images/Normal-4210.png,Normal,1a98933590f9e58bc4f7a056cbe51e1e,kaggle.com/c/rsna-pneumonia-detection-challenge,teste_confirmatorio
COVID-19_Radiography_Dataset/Normal/images/Normal-4216.png,Normal,077792e00ec258eb9ae73410130225ca,kaggle.com/c/rsna-pneumonia-detection-challenge,treino
COVID-19_Radiography_Dataset/Normal/images/Normal-4220.png,Normal,04ce62d2dfd62f0212c5db6e101b7a6d,kaggle.com/c/rsna-pneumonia-detection-challenge,treino
COVID-19_Radiography_Dataset/Normal/images/Normal-4226.png,Normal,f3c455254decf6e7d89fd89332c005e8,kaggle.com/c/rsna-pneumonia-detection-challenge,treino
COVID-19_Radiography_Dataset/Normal/images/Normal-4228.png,Normal,5e0f9faf1258bb6ef2805a9fce14400a,kaggle.com/c/rsna-pneumonia-detection-challenge,teste
COVID-19_Radiography_Dataset/Normal/images/Normal-423.png,Normal,5babc9550e33156a4df6015ff51abd95,kaggle.com/c/rsna-pneumonia-detection-challenge,teste_confirmatorio
COVID-19_Radiography_Dataset/Normal/images/Normal-4231.png,Normal,0c003356960d2c4b08774d410a33b562,kaggle.com/c/rsna-pneumonia-detection-challenge,treino
COVID-19_Radiography_Dataset/Normal/images/Normal-4233.png,Normal,11ffe6d23e4bd178422216f73bb1fe48,kaggle.com/c/rsna-pneumonia-detection-challenge,teste_confirmatorio
COVID-19_Radiography_Dataset/Normal/images/Normal-4234.png,Normal,c23730dd927d5b2a8108033d543f0dbc,kaggle.com/c/rsna-pneumonia-detection-challenge,validacao
COVID-19_Radiography_Dataset/Normal/images/Normal-4236.png,Normal,21d7e1c72d71f4e03b7539f17b409db0,kaggle.com/c/rsna-pneumonia-detection-challenge,treino
COVID-19_Radiography_Dataset/Normal/images/Normal-4240.png,Normal,4fbb9eed3e678c092420c8e99a18fc53,kaggle.com/c/rsna-pneumonia-detection-challenge,teste
COVID-19_Radiography_Dataset/Normal/images/Normal-4248.png,Normal,984183f679993d026ae70f9cc59e33b0,kaggle.com/c/rsna-pneumonia-detection-challenge,treino
COVID-19_Radiography_Dataset/Normal/images/Normal-4250.png,Normal,c8590a325c41242c3e28e49c3ca4779c,kaggle.com/c/rsna-pneumonia-detection-challenge,treino
COVID-19_Radiography_Dataset/Normal/images/Normal-4258.png,Normal,eafb10295a28d5859bc3e52a20208ac1,kaggle.com/c/rsna-pneumonia-detection-challenge,teste_confirmatorio
COVID-19_Radiography_Dataset/Normal/images/Normal-426.png,Normal,051ae77c8a6c164f75d0e43377d7e5e0,kaggle.com/c/rsna-pneumonia-detection-challenge,treino
COVID-19_Radiography_Dataset/Normal/images/Normal-4265.png,Normal,68e7f8d50017501aa0e4807c27c9d6c3,kaggle.com/c/rsna-pneumonia-detection-challenge,treino
COVID-19_Radiography_Dataset/Normal/images/Normal-4273.png,Normal,d09d02245f09c28b7e64bbcefa7da208,kaggle.com/c/rsna-pneumonia-detection-challenge,treino
COVID-19_Radiography_Dataset/Normal/images/Normal-428.png,Normal,ccfc6794b16c636c522b14d74079040a,kaggle.com/c/rsna-pneumonia-detection-challenge,teste
COVID-19_Radiography_Dataset/Normal/images/Normal-4281.png,Normal,40e082e5338c3356ff8ce7ed4080afbb,kaggle.com/c/rsna-pneumonia-detection-challenge,treino
COVID-19_Radiography_Dataset/Normal/images/Normal-4282.png,Normal,bc8d3aa9b3dd9b05cc0a965dbfa968c5,kaggle.com/c/rsna-pneumonia-detection-challenge,treino
COVID-19_Radiography_Dataset/Normal/images/Normal-4287.png,Normal,a48bca3c248db615e084c05f32a60821,kaggle.com/c/rsna-pneumonia-detection-challenge,treino
COVID-19_Radiography_Dataset/Normal/images/Normal-4292.png,Normal,ad2312eee0dc7fe20789ee8f4487d54a,kaggle.com/c/rsna-pneumonia-detection-challenge,teste_confirmatorio
COVID-19_Radiography_Dataset/Normal/images/Normal-4296.png,Normal,bfdd9cd7417ce53f48567446a407cd7a,kaggle.com/c/rsna-pneumonia-detection-challenge,validacao
COVID-19_Radiography_Dataset/Normal/images/Normal-4297.png,Normal,b3424703e57892a83ddf81d58b9e80aa,kaggle.com/c/rsna-pneumonia-detection-challenge,teste_confirmatorio
COVID-19_Radiography_Dataset/Normal/images/Normal-43.png,Normal,655f5874e6d16c7e7715db1f0d29f9b4,kaggle.com/c/rsna-pneumonia-detection-challenge,teste
COVID-19_Radiography_Dataset/Normal/images/Normal-4300.png,Normal,afa4b68b380c1b62942ce170f9e12e9d,kaggle.com/c/rsna-pneumonia-detection-challenge,treino
COVID-19_Radiography_Dataset/Normal/images/Normal-431.png,Normal,fe41bdc81d1694dc1d7cedb5f70b620e,kaggle.com/c/rsna-pneumonia-detection-challenge,teste
COVID-19_Radiography_Dataset/Normal/images/Normal-4311.png,Normal,f064eff85efb9829e3333b73e464c1ed,kaggle.com/c/rsna-pneumonia-detection-challenge,teste_confirmatorio
COVID-19_Radiography_Dataset/Normal/images/Normal-4316.png,Normal,87a679a63a527dbbe3dc0cfa3c5d1592,kaggle.com/c/rsna-pneumonia-detection-challenge,teste_confirmatorio
COVID-19_Radiography_Dataset/Normal/images/Normal-4318.png,Normal,eb1cfe3c1c74b5ad5108c55c00aad373,kaggle.com/c/rsna-pneumonia-detection-challenge,teste
COVID-19_Radiography_Dataset/Normal/images/Normal-432.png,Normal,5f913fbe7d299d568e6fea8750b97bd8,kaggle.com/c/rsna-pneumonia-detection-challenge,teste
COVID-19_Radiography_Dataset/Normal/images/Normal-4324.png,Normal,577be21603378fd14af338a91f21043a,kaggle.com/c/rsna-pneumonia-detection-challenge,treino
COVID-19_Radiography_Dataset/Normal/images/Normal-4328.png,Normal,046fabefc61379169c9467f350021de7,kaggle.com/c/rsna-pneumonia-detection-challenge,treino
COVID-19_Radiography_Dataset/Normal/images/Normal-433.png,Normal,a7745bbff0d8820791851c0f52d3f413,kaggle.com/c/rsna-pneumonia-detection-challenge,teste
COVID-19_Radiography_Dataset/Normal/images/Normal-4334.png,Normal,ab28646796a24787129885bd0ac3f077,kaggle.com/c/rsna-pneumonia-detection-challenge,validacao
COVID-19_Radiography_Dataset/Normal/images/Normal-4335.png,Normal,36bd5f197f1c1b3ba66bd8992f405f5e,kaggle.com/c/rsna-pneumonia-detection-challenge,treino
COVID-19_Radiography_Dataset/Normal/images/Normal-4338.png,Normal,baf1bf791fa666b25b8e147b5f65458a,kaggle.com/c/rsna-pneumonia-detection-challenge,teste
COVID-19_Radiography_Dataset/Normal/images/Normal-4343.png,Normal,04a145fa7d394aa52fd4ee9888c5b335,kaggle.com/c/rsna-pneumonia-detection-challenge,treino
COVID-19_Radiography_Dataset/Normal/images/Normal-4345.png,Normal,76867cc38a6bf7fef6e6814b8fb12c83,kaggle.com/c/rsna-pneumonia-detection-challenge,treino
COVID-19_Radiography_Dataset/Normal/images/Normal-4348.png,Normal,da278369b9d1380fb15f3b92ac54d6dc,kaggle.com/c/rsna-pneumonia-detection-challenge,teste
COVID-19_Radiography_Dataset/Normal/images/Normal-4350.png,Normal,5436f0569bb98561b376b0893ab49954,kaggle.com/c/rsna-pneumonia-detection-challenge,teste_confirmatorio
COVID-19_Radiography_Dataset/Normal/images/Normal-4354.png,Normal,86baa1578983d56f9042fcda2d3b9e5f,kaggle.com/c/rsna-pneumonia-detection-challenge,teste
COVID-19_Radiography_Dataset/Normal/images/Normal-4359.png,Normal,839b2e07b3ea11989606b271a9e3213b,kaggle.com/c/rsna-pneumonia-detection-challenge,teste_confirmatorio
COVID-19_Radiography_Dataset/Normal/images/Normal-4366.png,Normal,447de78e7eda46798b777c253262cf60,kaggle.com/c/rsna-pneumonia-detection-challenge,teste
COVID-19_Radiography_Dataset/Normal/images/Normal-4370.png,Normal,2bfbbaef0961d044c245bb6326967051,kaggle.com/c/rsna-pneumonia-detection-challenge,teste_confirmatorio
COVID-19_Radiography_Dataset/Normal/images/Normal-4372.png,Normal,52082bcba74f478416141ea9498eeedc,kaggle.com/c/rsna-pneumonia-detection-challenge,treino
COVID-19_Radiography_Dataset/Normal/images/Normal-4378.png,Normal,14dd3084a37694607e306eef4861af70,kaggle.com/c/rsna-pneumonia-detection-challenge,teste
COVID-19_Radiography_Dataset/Normal/images/Normal-4381.png,Normal,ea8e5885d998395a1c65fe381921357e,kaggle.com/c/rsna-pneumonia-detection-challenge,teste_confirmatorio
COVID-19_Radiography_Dataset/Normal/images/Normal-4391.png,Normal,efcff34a9d53943022b15eb44530b4dc,kaggle.com/c/rsna-pneumonia-detection-challenge,treino
COVID-19_Radiography_Dataset/Normal/images/Normal-4393.png,Normal,1093a15211291527ad21dbcbf663629c,kaggle.com/c/rsna-pneumonia-detection-challenge,teste
COVID-19_Radiography_Dataset/Normal/images/Normal-4399.png,Normal,cdcdd59c5fb96496573999d67ec010ee,kaggle.com/c/rsna-pneumonia-detection-challenge,teste_confirmatorio
COVID-19_Radiography_Dataset/Normal/images/Normal-4408.png,Normal,38fe7441b85712aab1450b3ae0c7ade9,kaggle.com/c/rsna-pneumonia-detection-challenge,treino
COVID-19_Radiography_Dataset/Normal/images/Normal-4414.png,Normal,abc2114bb773c3ccc6e9dae7107dfa1e,kaggle.com/c/rsna-pneumonia-detection-challenge,teste_confirmatorio
COVID-19_Radiography_Dataset/Normal/images/Normal-4418.png,Normal,46666b54581b8a5a60dfc8629a861b95,kaggle.com/c/rsna-pneumonia-detection-challenge,teste_confirmatorio
COVID-19_Radiography_Dataset/Normal/images/Normal-442.png,Normal,7e89637b5115d96e439f5f7a0be9b619,kaggle.com/c/rsna-pneumonia-detection-challenge,treino
COVID-19_Radiography_Dataset/Normal/images/Normal-4432.png,Normal,236ce61b30b12dc2a281b03b6d8cbf42,kaggle.com/c/rsna-pneumonia-detection-challenge,teste_confirmatorio
COVID-19_Radiography_Dataset/Normal/images/Normal-4443.png,Normal,39580b580e5e42f3cf5f43e45a8e86eb,kaggle.com/c/rsna-pneumonia-detection-challenge,validacao
COVID-19_Radiography_Dataset/Normal/images/Normal-4446.png,Normal,7ce3b7f20b8dab7d264fa901293544f4,kaggle.com/c/rsna-pneumonia-detection-challenge,treino
COVID-19_Radiography_Dataset/Normal/images/Normal-4448.png,Normal,aa3032bd980994723551ebda7c5af262,kaggle.com/c/rsna-pneumonia-detection-challenge,teste
COVID-19_Radiography_Dataset/Normal/images/Normal-4449.png,Normal,7a7ef96665313703fe70625ff00eb4ed,kaggle.com/c/rsna-pneumonia-detection-challenge,teste_confirmatorio
COVID-19_Radiography_Dataset/Normal/images/Normal-4453.png,Normal,ce1f4a1b2e1bef7e516d109b6ebb48a3,kaggle.com/c/rsna-pneumonia-detection-challenge,treino
COVID-19_Radiography_Dataset/Normal/images/Normal-4455.png,Normal,00d459221dbe877376e9c919e08d8af1,kaggle.com/c/rsna-pneumonia-detection-challenge,treino
COVID-19_Radiography_Dataset/Normal/images/Normal-4458.png,Normal,937320576f1d96e8f93ab6ac0f234d1f,kaggle.com/c/rsna-pneumonia-detection-challenge,treino
COVID-19_Radiography_Dataset/Normal/images/Normal-4468.png,Normal,caf789d630a9a194f35357535f0c1509,kaggle.com/c/rsna-pneumonia-detection-challenge,teste_confirmatorio
COVID-19_Radiography_Dataset/Normal/images/Normal-4476.png,Normal,709656afc333e5ce8b0ee3a101258f2a,kaggle.com/c/rsna-pneumonia-detection-challenge,teste
COVID-19_Radiography_Dataset/Normal/images/Normal-4478.png,Normal,b32e33401d30092256c94d2a7b9d482c,kaggle.com/c/rsna-pneumonia-detection-challenge,teste_confirmatorio
COVID-19_Radiography_Dataset/Normal/images/Normal-4479.png,Normal,e500f5df832b188203c3ffe0d0e33293,kaggle.com/c/rsna-pneumonia-detection-challenge,teste
COVID-19_Radiography_Dataset/Normal/images/Normal-448.png,Normal,384685699721e9fda1a497e3f22786f0,kaggle.com/c/rsna-pneumonia-detection-challenge,teste_confirmatorio
COVID-19_Radiography_Dataset/Normal/images/Normal-4488.png,Normal,6024c9a3993a5248ff79691f26d04ff8,kaggle.com/c/rsna-pneumonia-detection-challenge,treino
COVID-19_Radiography_Dataset/Normal/images/Normal-4493.png,Normal,56f19e0bf43b30a7acafbcacaeff529f,kaggle.com/c/rsna-pneumonia-detection-challenge,teste
COVID-19_Radiography_Dataset/Normal/images/Normal-4499.png,Normal,6c150265cafcd87a7f4372c28314996a,kaggle.com/c/rsna-pneumonia-detection-challenge,treino
COVID-19_Radiography_Dataset/Normal/images/Normal-4501.png,Normal,4f28acccc623191a82d324e5550652e3,kaggle.com/c/rsna-pneumonia-detection-challenge,teste
COVID-19_Radiography_Dataset/Normal/images/Normal-4503.png,Normal,b7f59eb13743390a48286a33e07b0fc6,kaggle.com/c/rsna-pneumonia-detection-challenge,teste_confirmatorio
COVID-19_Radiography_Dataset/Normal/images/Normal-4506.png,Normal,3ab6656d40836938fdce2817e8b0f246,kaggle.com/c/rsna-pneumonia-detection-challenge,teste_confirmatorio
COVID-19_Radiography_Dataset/Normal/images/Normal-4511.png,Normal,022c6d09f9d6aa93c081098499e93969,kaggle.com/c/rsna-pneumonia-detection-challenge,teste_confirmatorio
COVID-19_Radiography_Dataset/Normal/images/Normal-4515.png,Normal,fce97cbe7af5962f3e6687e5899d6096,kaggle.com/c/rsna-pneumonia-detection-challenge,validacao
COVID-19_Radiography_Dataset/Normal/images/Normal-4517.png,Normal,d231c75f30ff9c6a5ee15490e0ed9d7e,kaggle.com/c/rsna-pneumonia-detection-challenge,teste_confirmatorio
COVID-19_Radiography_Dataset/Normal/images/Normal-4518.png,Normal,e41508daf9724bdbfffd6109a8ac4f9e,kaggle.com/c/rsna-pneumonia-detection-challenge,teste
COVID-19_Radiography_Dataset/Normal/images/Normal-4523.png,Normal,d987a36f3652e3f068da595b14df07cd,kaggle.com/c/rsna-pneumonia-detection-challenge,treino
COVID-19_Radiography_Dataset/Normal/images/Normal-4529.png,Normal,84b64e5a473edc736108c014a6ced4a9,kaggle.com/c/rsna-pneumonia-detection-challenge,treino
COVID-19_Radiography_Dataset/Normal/images/Normal-4532.png,Normal,ed7c6ccdb62c7b886b91eee1b905f178,kaggle.com/c/rsna-pneumonia-detection-challenge,teste_confirmatorio
COVID-19_Radiography_Dataset/Normal/images/Normal-4533.png,Normal,0165b464e67a4cb1049b2489abac0098,kaggle.com/c/rsna-pneumonia-detection-challenge,teste
COVID-19_Radiography_Dataset/Normal/images/Normal-4536.png,Normal,a4496e2d83c1c16b7100d35884e3a0a5,kaggle.com/c/rsna-pneumonia-detection-challenge,teste
COVID-19_Radiography_Dataset/Normal/images/Normal-454.png,Normal,e2ed954ff24822e058c66f786ab56684,kaggle.com/c/rsna-pneumonia-detection-challenge,teste_confirmatorio
COVID-19_Radiography_Dataset/Normal/images/Normal-4540.png,Normal,34c19900ff0edb8a3490bbdee9ea68b7,kaggle.com/c/rsna-pneumonia-detection-challenge,teste_confirmatorio
COVID-19_Radiography_Dataset/Normal/images/Normal-4541.png,Normal,fe877f904802c222dc263cabc096f06d,kaggle.com/c/rsna-pneumonia-detection-challenge,treino
COVID-19_Radiography_Dataset/Normal/images/Normal-4544.png,Normal,d5f79b66b29b7c15c1f34f30c6834974,kaggle.com/c/rsna-pneumonia-detection-challenge,treino
COVID-19_Radiography_Dataset/Normal/images/Normal-4550.png,Normal,2740de7361c96d1a3fe464a894e28438,kaggle.com/c/rsna-pneumonia-detection-challenge,teste_confirmatorio
COVID-19_Radiography_Dataset/Normal/images/Normal-4554.png,Normal,b752e3fb2fde80fb218e9ce59b88d95c,kaggle.com/c/rsna-pneumonia-detection-challenge,teste_confirmatorio
COVID-19_Radiography_Dataset/Normal/images/Normal-4555.png,Normal,535000e8eb9d39b8ac2e9f0da2a9de8e,kaggle.com/c/rsna-pneumonia-detection-challenge,teste_confirmatorio
COVID-19_Radiography_Dataset/Normal/images/Normal-4561.png,Normal,6c8a7fd4f300febcaf8f642adb2d0cca,kaggle.com/c/rsna-pneumonia-detection-challenge,treino
COVID-19_Radiography_Dataset/Normal/images/Normal-4562.png,Normal,295fc4fe0f81b75c5b2e4d49aec82845,kaggle.com/c/rsna-pneumonia-detection-challenge,teste_confirmatorio
COVID-19_Radiography_Dataset/Normal/images/Normal-4564.png,Normal,fa08ac314bc50a37d5a0b7314a1e8e49,kaggle.com/c/rsna-pneumonia-detection-challenge,validacao
COVID-19_Radiography_Dataset/Normal/images/Normal-4574.png,Normal,8630be07a0a4311e053d444a1817ce85,kaggle.com/c/rsna-pneumonia-detection-challenge,treino
COVID-19_Radiography_Dataset/Normal/images/Normal-4577.png,Normal,8674aafb8654228d3f7dc4786c0b997e,kaggle.com/c/rsna-pneumonia-detection-challenge,treino
COVID-19_Radiography_Dataset/Normal/images/Normal-4578.png,Normal,8989852891b4d5d6660b67247a8c38a6,kaggle.com/c/rsna-pneumonia-detection-challenge,treino
COVID-19_Radiography_Dataset/Normal/images/Normal-4580.png,Normal,6786b49b6e14a6f42f9d76f74ee1a797,kaggle.com/c/rsna-pneumonia-detection-challenge,validacao
COVID-19_Radiography_Dataset/Normal/images/Normal-4585.png,Normal,c7875faf9ca9b538daf33eba02dc5aa2,kaggle.com/c/rsna-pneumonia-detection-challenge,validacao
COVID-19_Radiography_Dataset/Normal/images/Normal-4595.png,Normal,f2a371d425f652dcf027b41ad2ba8fb4,kaggle.com/c/rsna-pneumonia-detection-challenge,teste_confirmatorio
COVID-19_Radiography_Dataset/Normal/images/Normal-4598.png,Normal,4bea3ffa1defbb956c549a92da55f456,kaggle.com/c/rsna-pneumonia-detection-challenge,teste_confirmatorio
COVID-19_Radiography_Dataset/Normal/images/Normal-4599.png,Normal,6c6b16a4cefa85e98b7f528fa8677971,kaggle.com/c/rsna-pneumonia-detection-challenge,teste_confirmatorio
COVID-19_Radiography_Dataset/Normal/images/Normal-46.png,Normal,a6ddf04a961d3ac83532ce3b9b7a9e45,kaggle.com/c/rsna-pneumonia-detection-challenge,teste
COVID-19_Radiography_Dataset/Normal/images/Normal-460.png,Normal,d3d5fb66a0dd645afcd7ff905f0baefb,kaggle.com/c/rsna-pneumonia-detection-challenge,teste_confirmatorio
COVID-19_Radiography_Dataset/Normal/images/Normal-4608.png,Normal,aa5ec1157b1f51d9ce7457a3b05273d5,kaggle.com/c/rsna-pneumonia-detection-challenge,teste
COVID-19_Radiography_Dataset/Normal/images/Normal-4610.png,Normal,17f3fa1036cec2e2da7bdc9204145307,kaggle.com/c/rsna-pneumonia-detection-challenge,teste_confirmatorio
COVID-19_Radiography_Dataset/Normal/images/Normal-4615.png,Normal,e6c26763454a2745dab78c39d322f067,kaggle.com/c/rsna-pneumonia-detection-challenge,teste
COVID-19_Radiography_Dataset/Normal/images/Normal-4624.png,Normal,2194708b483dde39030c862862a24e3d,kaggle.com/c/rsna-pneumonia-detection-challenge,teste
COVID-19_Radiography_Dataset/Normal/images/Normal-4625.png,Normal,e379134d7f1af7a1d90485a704d90fc6,kaggle.com/c/rsna-pneumonia-detection-challenge,teste_confirmatorio
COVID-19_Radiography_Dataset/Normal/images/Normal-4629.png,Normal,01adb2a7644e10235d2e49181eab5968,kaggle.com/c/rsna-pneumonia-detection-challenge,treino
COVID-19_Radiography_Dataset/Normal/images/Normal-4630.png,Normal,cc942159c8e1cb58d407a6dac446498b,kaggle.com/c/rsna-pneumonia-detection-challenge,treino
COVID-19_Radiography_Dataset/Normal/images/Normal-4633.png,Normal,9090f9696d0d874d224223361fc1194c,kaggle.com/c/rsna-pneumonia-detection-challenge,validacao
COVID-19_Radiography_Dataset/Normal/images/Normal-4636.png,Normal,fd172352a8c69c4a28717425e43a2ac4,kaggle.com/c/rsna-pneumonia-detection-challenge,teste
COVID-19_Radiography_Dataset/Normal/images/Normal-4643.png,Normal,9b960f1180e3fd29860c6b498921e3cb,kaggle.com/c/rsna-pneumonia-detection-challenge,teste_confirmatorio
COVID-19_Radiography_Dataset/Normal/images/Normal-4645.png,Normal,a25797050b9cdb14be2350c682970e4b,kaggle.com/c/rsna-pneumonia-detection-challenge,treino
COVID-19_Radiography_Dataset/Normal/images/Normal-4648.png,Normal,e10586b1c28469d96392239223a3b581,kaggle.com/c/rsna-pneumonia-detection-challenge,treino
COVID-19_Radiography_Dataset/Normal/images/Normal-4649.png,Normal,8d66d06eca0824204c345e2628c06c01,kaggle.com/c/rsna-pneumonia-detection-challenge,teste_confirmatorio
COVID-19_Radiography_Dataset/Normal/images/Normal-4653.png,Normal,115e3ee37d2eac1b725b9e2baef50151,kaggle.com/c/rsna-pneumonia-detection-challenge,teste
COVID-19_Radiography_Dataset/Normal/images/Normal-4654.png,Normal,e2b502a3475ba6df0d34ecbd0ff10479,kaggle.com/c/rsna-pneumonia-detection-challenge,treino
COVID-19_Radiography_Dataset/Normal/images/Normal-4657.png,Normal,5b9cb496377f46e2d6bb1635583ca499,kaggle.com/c/rsna-pneumonia-detection-challenge,validacao
COVID-19_Radiography_Dataset/Normal/images/Normal-4662.png,Normal,029ee926ebf4c78382d72c15bf3c6e3b,kaggle.com/c/rsna-pneumonia-detection-challenge,treino
COVID-19_Radiography_Dataset/Normal/images/Normal-4663.png,Normal,9846a874b64809a9c557c04a63d776e7,kaggle.com/c/rsna-pneumonia-detection-challenge,treino
COVID-19_Radiography_Dataset/Normal/images/Normal-4671.png,Normal,c989d0c40626f571b411bd50dbe19833,kaggle.com/c/rsna-pneumonia-detection-challenge,treino
COVID-19_Radiography_Dataset/Normal/images/Normal-4673.png,Normal,203643783e51fb9c8022ff89ea99a4c7,kaggle.com/c/rsna-pneumonia-detection-challenge,treino
COVID-19_Radiography_Dataset/Normal/images/Normal-4674.png,Normal,dea8ef243e0304bece3671b94820ca54,kaggle.com/c/rsna-pneumonia-detection-challenge,teste
COVID-19_Radiography_Dataset/Normal/images/Normal-4678.png,Normal,b70ba179cbd76404c243c417c39fa877,kaggle.com/c/rsna-pneumonia-detection-challenge,treino
COVID-19_Radiography_Dataset/Normal/images/Normal-4681.png,Normal,24abb33b2bdf0d10d797b39ac724a7a3,kaggle.com/c/rsna-pneumonia-detection-challenge,treino
COVID-19_Radiography_Dataset/Normal/images/Normal-4699.png,Normal,523fccd2c04ccc21cbf80d1f17d4201d,kaggle.com/c/rsna-pneumonia-detection-challenge,validacao
COVID-19_Radiography_Dataset/Normal/images/Normal-47.png,Normal,3d2a50abb88d627ce92789648e7a40a6,kaggle.com/c/rsna-pneumonia-detection-challenge,teste_confirmatorio
COVID-19_Radiography_Dataset/Normal/images/Normal-4702.png,Normal,af3ac6788e74c20fdddf013094869887,kaggle.com/c/rsna-pneumonia-detection-challenge,treino
COVID-19_Radiography_Dataset/Normal/images/Normal-4706.png,Normal,50e52b9a290b380a9c7113a22aaaece9,kaggle.com/c/rsna-pneumonia-detection-challenge,treino
COVID-19_Radiography_Dataset/Normal/images/Normal-4707.png,Normal,d617b6d1879254037533ec4728e490aa,kaggle.com/c/rsna-pneumonia-detection-challenge,validacao
COVID-19_Radiography_Dataset/Normal/images/Normal-4711.png,Normal,758cbf081b1b24a7109a14c40a35e492,kaggle.com/c/rsna-pneumonia-detection-challenge,treino
COVID-19_Radiography_Dataset/Normal/images/Normal-4715.png,Normal,aa9afc238aa01da50c5a1bf308d50be0,kaggle.com/c/rsna-pneumonia-detection-challenge,teste
COVID-19_Radiography_Dataset/Normal/images/Normal-4719.png,Normal,a158d73490255f41f3260eeb03d82c6f,kaggle.com/c/rsna-pneumonia-detection-challenge,teste_confirmatorio
COVID-19_Radiography_Dataset/Normal/images/Normal-4723.png,Normal,bbca6da7859f6a8af88693eb20294a4b,kaggle.com/c/rsna-pneumonia-detection-challenge,treino
COVID-19_Radiography_Dataset/Normal/images/Normal-4724.png,Normal,435e70af18b195873580da42093d836e,kaggle.com/c/rsna-pneumonia-detection-challenge,treino
COVID-19_Radiography_Dataset/Normal/images/Normal-4726.png,Normal,f5084693c06643afcbade7ce3af0c8c8,kaggle.com/c/rsna-pneumonia-detection-challenge,teste
COVID-19_Radiography_Dataset/Normal/images/Normal-4731.png,Normal,8bb16d3e84d084b4a40dc007b400765e,kaggle.com/c/rsna-pneumonia-detection-challenge,treino
COVID-19_Radiography_Dataset/Normal/images/Normal-4735.png,Normal,a822abb800a34e0b95db0f5f1dd2f4d0,kaggle.com/c/rsna-pneumonia-detection-challenge,teste_confirmatorio
COVID-19_Radiography_Dataset/Normal/images/Normal-4738.png,Normal,e465d754874ba0eebbfe169e49eafb40,kaggle.com/c/rsna-pneumonia-detection-challenge,treino
COVID-19_Radiography_Dataset/Normal/images/Normal-474.png,Normal,d884fd732c0458061b77a4ffb3d07a78,kaggle.com/c/rsna-pneumonia-detection-challenge,teste_confirmatorio
COVID-19_Radiography_Dataset/Normal/images/Normal-4744.png,Normal,71ad639a9c89a925913ba9f4187f9b97,kaggle.com/c/rsna-pneumonia-detection-challenge,treino
COVID-19_Radiography_Dataset/Normal/images/Normal-4745.png,Normal,0b45a3daf2c69e597cbf5df8b3a3b7f6,kaggle.com/c/rsna-pneumonia-detection-challenge,teste
COVID-19_Radiography_Dataset/Normal/images/Normal-475.png,Normal,c82eaef829bb5c214a5c2a796c48c1b3,kaggle.com/c/rsna-pneumonia-detection-challenge,treino
COVID-19_Radiography_Dataset/Normal/images/Normal-4754.png,Normal,df86334a1373b4d8ab669e75c32bdbb2,kaggle.com/c/rsna-pneumonia-detection-challenge,teste_confirmatorio
COVID-19_Radiography_Dataset/Normal/images/Normal-476.png,Normal,5442fdb66e28d9a2caaa641884bfda67,kaggle.com/c/rsna-pneumonia-detection-challenge,treino
COVID-19_Radiography_Dataset/Normal/images/Normal-4763.png,Normal,9f2ffa51454f3200b9b128798a3af7de,kaggle.com/c/rsna-pneumonia-detection-challenge,teste
COVID-19_Radiography_Dataset/Normal/images/Normal-4770.png,Normal,1da97fac93aa505af61cfd141a785e7a,kaggle.com/c/rsna-pneumonia-detection-challenge,teste
COVID-19_Radiography_Dataset/Normal/images/Normal-4773.png,Normal,25518f85ad2c27f39e70fed42ad51afa,kaggle.com/c/rsna-pneumonia-detection-challenge,teste_confirmatorio
COVID-19_Radiography_Dataset/Normal/images/Normal-4780.png,Normal,77be8baaa451baeb5f13950b5a0950be,kaggle.com/c/rsna-pneumonia-detection-challenge,teste
COVID-19_Radiography_Dataset/Normal/images/Normal-4781.png,Normal,a516bebdd000522d1e831769268f2b38,kaggle.com/c/rsna-pneumonia-detection-challenge,teste
COVID-19_Radiography_Dataset/Normal/images/Normal-4782.png,Normal,b127b17e0e79c3568addc24efdce75ae,kaggle.com/c/rsna-pneumonia-detection-challenge,teste
COVID-19_Radiography_Dataset/Normal/images/Normal-4788.png,Normal,4dd57732c4a246de75d9d2f980f1ecf8,kaggle.com/c/rsna-pneumonia-detection-challenge,teste
COVID-19_Radiography_Dataset/Normal/images/Normal-4793.png,Normal,dbd565ab9153dc466b04bdcec7fe96cf,kaggle.com/c/rsna-pneumonia-detection-challenge,treino
COVID-19_Radiography_Dataset/Normal/images/Normal-4798.png,Normal,14547ee80c785d2a4dfbf78c1bb666cb,kaggle.com/c/rsna-pneumonia-detection-challenge,treino
COVID-19_Radiography_Dataset/Normal/images/Normal-4799.png,Normal,1cdd8a0fc4701896ad4edcef1a98073f,kaggle.com/c/rsna-pneumonia-detection-challenge,teste_confirmatorio
COVID-19_Radiography_Dataset/Normal/images/Normal-48.png,Normal,4d86586078e8ccb7ff9fefb6b8d3aec9,kaggle.com/c/rsna-pneumonia-detection-challenge,validacao
COVID-19_Radiography_Dataset/Normal/images/Normal-4801.png,Normal,302084e8dda6e5cdf780f1ba78333a31,kaggle.com/c/rsna-pneumonia-detection-challenge,teste_confirmatorio
COVID-19_Radiography_Dataset/Normal/images/Normal-4806.png,Normal,d384f545cd0ce863a275b446b0407e99,kaggle.com/c/rsna-pneumonia-detection-challenge,validacao
COVID-19_Radiography_Dataset/Normal/images/Normal-481.png,Normal,35cb946f5d942caf5d1c6d9de7a9f7dd,kaggle.com/c/rsna-pneumonia-detection-challenge,treino
COVID-19_Radiography_Dataset/Normal/images/Normal-4811.png,Normal,a1babf6d79520c92fad8bad0fee23fe8,kaggle.com/c/rsna-pneumonia-detection-challenge,teste
COVID-19_Radiography_Dataset/Normal/images/Normal-4812.png,Normal,af13539bea058ddcb551421573a96876,kaggle.com/c/rsna-pneumonia-detection-challenge,teste
COVID-19_Radiography_Dataset/Normal/images/Normal-4816.png,Normal,e58b296851baad9cea5739011c456556,kaggle.com/c/rsna-pneumonia-detection-challenge,treino
COVID-19_Radiography_Dataset/Normal/images/Normal-4821.png,Normal,6b134f1c1907c50917c70935e2862a96,kaggle.com/c/rsna-pneumonia-detection-challenge,treino
COVID-19_Radiography_Dataset/Normal/images/Normal-4825.png,Normal,0304d557b06c98d7847286fdec4f111f,kaggle.com/c/rsna-pneumonia-detection-challenge,validacao
COVID-19_Radiography_Dataset/Normal/images/Normal-4831.png,Normal,c2c18935de1242452335eb544719e6e3,kaggle.com/c/rsna-pneumonia-detection-challenge,teste_confirmatorio
COVID-19_Radiography_Dataset/Normal/images/Normal-4832.png,Normal,631b6d3c59d5d3fb6c2077eb143969ea,kaggle.com/c/rsna-pneumonia-detection-challenge,teste_confirmatorio
COVID-19_Radiography_Dataset/Normal/images/Normal-4833.png,Normal,c17eacff384af9643541fccda4564012,kaggle.com/c/rsna-pneumonia-detection-challenge,teste_confirmatorio
COVID-19_Radiography_Dataset/Normal/images/Normal-4838.png,Normal,6a9f3ac5b7b7895eb68e9e4dfe224b5e,kaggle.com/c/rsna-pneumonia-detection-challenge,treino
COVID-19_Radiography_Dataset/Normal/images/Normal-4839.png,Normal,93760eee8ac77d77621e0a2af42c047b,kaggle.com/c/rsna-pneumonia-detection-challenge,validacao
COVID-19_Radiography_Dataset/Normal/images/Normal-4842.png,Normal,64e1d526da4a9a2ed84845ae0c6aef60,kaggle.com/c/rsna-pneumonia-detection-challenge,teste_confirmatorio
COVID-19_Radiography_Dataset/Normal/images/Normal-4843.png,Normal,bb017dfc13998e6fb17a08097dae0a06,kaggle.com/c/rsna-pneumonia-detection-challenge,treino
COVID-19_Radiography_Dataset/Normal/images/Normal-4848.png,Normal,a7806fe7f7f3511062f4a7cd17e9b577,kaggle.com/c/rsna-pneumonia-detection-challenge,treino
COVID-19_Radiography_Dataset/Normal/images/Normal-4857.png,Normal,4513c90a762b9f4c0dac38b205c7444e,kaggle.com/c/rsna-pneumonia-detection-challenge,teste_confirmatorio
COVID-19_Radiography_Dataset/Normal/images/Normal-4864.png,Normal,7b1716c22963c7b8892bebc83b2540f5,kaggle.com/c/rsna-pneumonia-detection-challenge,teste
COVID-19_Radiography_Dataset/Normal/images/Normal-4867.png,Normal,d505bb70f349797d25da3f8c8d1b508d,kaggle.com/c/rsna-pneumonia-detection-challenge,treino
COVID-19_Radiography_Dataset/Normal/images/Normal-4878.png,Normal,c38e23693947ac6f36b91d5920adee7e,kaggle.com/c/rsna-pneumonia-detection-challenge,validacao
COVID-19_Radiography_Dataset/Normal/images/Normal-4879.png,Normal,24a1780f9d4732160a7bc5c369cd62d7,kaggle.com/c/rsna-pneumonia-detection-challenge,teste
COVID-19_Radiography_Dataset/Normal/images/Normal-488.png,Normal,6cd74f3fe26aaaaa46419d5e129a88a9,kaggle.com/c/rsna-pneumonia-detection-challenge,teste
COVID-19_Radiography_Dataset/Normal/images/Normal-4882.png,Normal,9fbf85487ec03d6faf5c855ba1f67a41,kaggle.com/c/rsna-pneumonia-detection-challenge,teste_confirmatorio
COVID-19_Radiography_Dataset/Normal/images/Normal-4887.png,Normal,c9f7912014cc441643175eb4a33996e7,kaggle.com/c/rsna-pneumonia-detection-challenge,teste_confirmatorio
COVID-19_Radiography_Dataset/Normal/images/Normal-489.png,Normal,872076bfd562e9a07cc6bec1a0a34f14,kaggle.com/c/rsna-pneumonia-detection-challenge,teste
COVID-19_Radiography_Dataset/Normal/images/Normal-4890.png,Normal,38e0c1569be4546380f52dbba571b583,kaggle.com/c/rsna-pneumonia-detection-challenge,treino
COVID-19_Radiography_Dataset/Normal/images/Normal-4891.png,Normal,6d13728d21945a59712db882484d0d0a,kaggle.com/c/rsna-pneumonia-detection-challenge,validacao
COVID-19_Radiography_Dataset/Normal/images/Normal-4892.png,Normal,8cf89922e8b49eef97b501707518cbaa,kaggle.com/c/rsna-pneumonia-detection-challenge,validacao
COVID-19_Radiography_Dataset/Normal/images/Normal-4893.png,Normal,e4805578227513602cd95dc0e1334da4,kaggle.com/c/rsna-pneumonia-detection-challenge,treino
COVID-19_Radiography_Dataset/Normal/images/Normal-4894.png,Normal,2231c9f5a83bcea50fbe1430f880f307,kaggle.com/c/rsna-pneumonia-detection-challenge,treino
COVID-19_Radiography_Dataset/Normal/images/Normal-4897.png,Normal,de60892d8261954e3e6a795f64b44413,kaggle.com/c/rsna-pneumonia-detection-challenge,teste
COVID-19_Radiography_Dataset/Normal/images/Normal-4899.png,Normal,5f1524a0d6e3cb6fce1dd05b489194f2,kaggle.com/c/rsna-pneumonia-detection-challenge,teste_confirmatorio
COVID-19_Radiography_Dataset/Normal/images/Normal-49.png,Normal,1333c1305303988bea59aaa4a3910173,kaggle.com/c/rsna-pneumonia-detection-challenge,teste
COVID-19_Radiography_Dataset/Normal/images/Normal-4904.png,Normal,9725a4f2fc72269e5bb052a23625adf2,kaggle.com/c/rsna-pneumonia-detection-challenge,teste_confirmatorio
COVID-19_Radiography_Dataset/Normal/images/Normal-4912.png,Normal,ee52e7df29b31ca112f8c16cdbbfb847,kaggle.com/c/rsna-pneumonia-detection-challenge,teste
COVID-19_Radiography_Dataset/Normal/images/Normal-4915.png,Normal,ebcdc1ad03e75e80cac0d8a54a4f7394,kaggle.com/c/rsna-pneumonia-detection-challenge,teste_confirmatorio
COVID-19_Radiography_Dataset/Normal/images/Normal-4920.png,Normal,800e4cc093a6d72e5f074e6b53eb79dd,kaggle.com/c/rsna-pneumonia-detection-challenge,treino
COVID-19_Radiography_Dataset/Normal/images/Normal-4923.png,Normal,4dd930a07c7396995ff5df9f30f88622,kaggle.com/c/rsna-pneumonia-detection-challenge,teste_confirmatorio
COVID-19_Radiography_Dataset/Normal/images/Normal-4924.png,Normal,a41ed44cf6308d8d6913f77bc783f236,kaggle.com/c/rsna-pneumonia-detection-challenge,teste
COVID-19_Radiography_Dataset/Normal/images/Normal-4942.png,Normal,a5f586df673d1288efcc5767889dc8b9,kaggle.com/c/rsna-pneumonia-detection-challenge,treino
COVID-19_Radiography_Dataset/Normal/images/Normal-4964.png,Normal,c88fc1436aca83388496718927b3bb3e,kaggle.com/c/rsna-pneumonia-detection-challenge,teste
COVID-19_Radiography_Dataset/Normal/images/Normal-4965.png,Normal,9506ce651ebe2bbb5e293f085683fc22,kaggle.com/c/rsna-pneumonia-detection-challenge,teste
COVID-19_Radiography_Dataset/Normal/images/Normal-4967.png,Normal,8a00a0328c825fc23d28a1f5d295bf0d,kaggle.com/c/rsna-pneumonia-detection-challenge,validacao
COVID-19_Radiography_Dataset/Normal/images/Normal-4971.png,Normal,34463a6ed059acf4e6a6b485d5ab221a,kaggle.com/c/rsna-pneumonia-detection-challenge,teste
COVID-19_Radiography_Dataset/Normal/images/Normal-4975.png,Normal,d9312a3e22a519e9353f4cee7e519b97,kaggle.com/c/rsna-pneumonia-detection-challenge,teste
COVID-19_Radiography_Dataset/Normal/images/Normal-4977.png,Normal,7970fc6846fe7bd4f6b243dfe3717514,kaggle.com/c/rsna-pneumonia-detection-challenge,treino
COVID-19_Radiography_Dataset/Normal/images/Normal-4980.png,Normal,0e0b5ee725ec3545acf522863898528f,kaggle.com/c/rsna-pneumonia-detection-challenge,teste_confirmatorio
COVID-19_Radiography_Dataset/Normal/images/Normal-4990.png,Normal,bf5481ce74200a85549418684a145cb7,kaggle.com/c/rsna-pneumonia-detection-challenge,teste
COVID-19_Radiography_Dataset/Normal/images/Normal-5000.png,Normal,127dade236cd897c41e4b45c8906c1db,kaggle.com/c/rsna-pneumonia-detection-challenge,teste
COVID-19_Radiography_Dataset/Normal/images/Normal-5005.png,Normal,25d96ae9ab29ebdc021fd7723bff90ba,kaggle.com/c/rsna-pneumonia-detection-challenge,treino
COVID-19_Radiography_Dataset/Normal/images/Normal-5006.png,Normal,954e78ce6fc8c83ce59d9c61c49b6ee2,kaggle.com/c/rsna-pneumonia-detection-challenge,treino
COVID-19_Radiography_Dataset/Normal/images/Normal-5007.png,Normal,a351eb0f5ac853222332c23ae06faf0c,kaggle.com/c/rsna-pneumonia-detection-challenge,treino
COVID-19_Radiography_Dataset/Normal/images/Normal-5018.png,Normal,2aef2f8f857d6cac549512d41c11badd,kaggle.com/c/rsna-pneumonia-detection-challenge,treino
COVID-19_Radiography_Dataset/Normal/images/Normal-5025.png,Normal,e2dd63e405fede87727948fdc2aaeb2e,kaggle.com/c/rsna-pneumonia-detection-challenge,treino
COVID-19_Radiography_Dataset/Normal/images/Normal-5028.png,Normal,20215d32aeebcbbd90464f103d85c78c,kaggle.com/c/rsna-pneumonia-detection-challenge,teste_confirmatorio
COVID-19_Radiography_Dataset/Normal/images/Normal-5034.png,Normal,f3b9c19c7c0c502169c1483558c35f71,kaggle.com/c/rsna-pneumonia-detection-challenge,treino
COVID-19_Radiography_Dataset/Normal/images/Normal-504.png,Normal,a9713ef6cd764c5ae5a5336995c31ab9,kaggle.com/c/rsna-pneumonia-detection-challenge,treino
COVID-19_Radiography_Dataset/Normal/images/Normal-5041.png,Normal,1d4a3044f3b5151a811f37af45395848,kaggle.com/c/rsna-pneumonia-detection-challenge,teste_confirmatorio
COVID-19_Radiography_Dataset/Normal/images/Normal-5042.png,Normal,b40d5f9776c402ec54318d4f04f84a88,kaggle.com/c/rsna-pneumonia-detection-challenge,teste
COVID-19_Radiography_Dataset/Normal/images/Normal-5046.png,Normal,c880d15826b362648d44de52fd73930a,kaggle.com/c/rsna-pneumonia-detection-challenge,teste
COVID-19_Radiography_Dataset/Normal/images/Normal-5050.png,Normal,690e4bd6343dce858d7f453807cf66c8,kaggle.com/c/rsna-pneumonia-detection-challenge,validacao
COVID-19_Radiography_Dataset/Normal/images/Normal-5062.png,Normal,90056e7c31c85560280ddfc5f7582271,kaggle.com/c/rsna-pneumonia-detection-challenge,treino
COVID-19_Radiography_Dataset/Normal/images/Normal-5063.png,Normal,d3d93a0460491b52c3213c7eec8b4845,kaggle.com/c/rsna-pneumonia-detection-challenge,teste_confirmatorio
COVID-19_Radiography_Dataset/Normal/images/Normal-507.png,Normal,4e0bed029bd4ee0ec324742e198cc9f8,kaggle.com/c/rsna-pneumonia-detection-challenge,validacao
COVID-19_Radiography_Dataset/Normal/images/Normal-5070.png,Normal,f05b913caf5ef837b9c1488a716b8545,kaggle.com/c/rsna-pneumonia-detection-challenge,teste
COVID-19_Radiography_Dataset/Normal/images/Normal-5076.png,Normal,3e2fe9f3b2c9f8cae16afc79841d9312,kaggle.com/c/rsna-pneumonia-detection-challenge,treino
COVID-19_Radiography_Dataset/Normal/images/Normal-5077.png,Normal,aba29b5beb5764d3bf70edd008769567,kaggle.com/c/rsna-pneumonia-detection-challenge,teste_confirmatorio
COVID-19_Radiography_Dataset/Normal/images/Normal-508.png,Normal,9141b96abdfb10bb1703b8e928212448,kaggle.com/c/rsna-pneumonia-detection-challenge,teste
COVID-19_Radiography_Dataset/Normal/images/Normal-5084.png,Normal,f727cbe9536db5c0a46c3e9bb769c7f7,kaggle.com/c/rsna-pneumonia-detection-challenge,validacao
COVID-19_Radiography_Dataset/Normal/images/Normal-5085.png,Normal,eea2becf40205951477fd420c0996876,kaggle.com/c/rsna-pneumonia-detection-challenge,treino
COVID-19_Radiography_Dataset/Normal/images/Normal-5087.png,Normal,4f444720c85aa13f46a70855e4bb445b,kaggle.com/c/rsna-pneumonia-detection-challenge,teste
COVID-19_Radiography_Dataset/Normal/images/Normal-5090.png,Normal,05577e37fc566320cf9263f3830fd841,kaggle.com/c/rsna-pneumonia-detection-challenge,treino
COVID-19_Radiography_Dataset/Normal/images/Normal-5096.png,Normal,12a1444f59dc4a813fdffabd2f91579b,kaggle.com/c/rsna-pneumonia-detection-challenge,validacao
COVID-19_Radiography_Dataset/Normal/images/Normal-5110.png,Normal,7d44a7a0312c4c26f1c5e4e55616669d,kaggle.com/c/rsna-pneumonia-detection-challenge,treino
COVID-19_Radiography_Dataset/Normal/images/Normal-5120.png,Normal,d0031accf51207a7e57d0393e2b589ee,kaggle.com/c/rsna-pneumonia-detection-challenge,validacao
COVID-19_Radiography_Dataset/Normal/images/Normal-5123.png,Normal,5d4fe0551555759745e65677356cdec2,kaggle.com/c/rsna-pneumonia-detection-challenge,treino
COVID-19_Radiography_Dataset/Normal/images/Normal-5125.png,Normal,c213ff9c367a595ff68e7708ae188772,kaggle.com/c/rsna-pneumonia-detection-challenge,validacao
COVID-19_Radiography_Dataset/Normal/images/Normal-5129.png,Normal,48accbf2ffc3248106785aca1089d62d,kaggle.com/c/rsna-pneumonia-detection-challenge,treino
COVID-19_Radiography_Dataset/Normal/images/Normal-513.png,Normal,313e75545aa1570f992e816d3f200d37,kaggle.com/c/rsna-pneumonia-detection-challenge,teste
COVID-19_Radiography_Dataset/Normal/images/Normal-5132.png,Normal,1c23baed7033808172127817ac09f184,kaggle.com/c/rsna-pneumonia-detection-challenge,treino
COVID-19_Radiography_Dataset/Normal/images/Normal-5137.png,Normal,921c273250b03dde71cef9368b7576a8,kaggle.com/c/rsna-pneumonia-detection-challenge,teste_confirmatorio
COVID-19_Radiography_Dataset/Normal/images/Normal-5146.png,Normal,856c6667f46cc1d5a20dde94b0c4e056,kaggle.com/c/rsna-pneumonia-detection-challenge,treino
COVID-19_Radiography_Dataset/Normal/images/Normal-5148.png,Normal,82cdef71748250b2aa96ecb30089becd,kaggle.com/c/rsna-pneumonia-detection-challenge,teste
COVID-19_Radiography_Dataset/Normal/images/Normal-5152.png,Normal,7ec176360c94e639331f7fa3d690e865,kaggle.com/c/rsna-pneumonia-detection-challenge,teste
COVID-19_Radiography_Dataset/Normal/images/Normal-5154.png,Normal,242cb783db411e26b7c49264d49dfe51,kaggle.com/c/rsna-pneumonia-detection-challenge,treino
COVID-19_Radiography_Dataset/Normal/images/Normal-5163.png,Normal,176838d4abf02eeff9847d00534ef587,kaggle.com/c/rsna-pneumonia-detection-challenge,treino
COVID-19_Radiography_Dataset/Normal/images/Normal-5168.png,Normal,10aff4cef26540f8a964e7e463d03a72,kaggle.com/c/rsna-pneumonia-detection-challenge,treino
COVID-19_Radiography_Dataset/Normal/images/Normal-5173.png,Normal,b64c629ac7fe4696d0bd722e85d73259,kaggle.com/c/rsna-pneumonia-detection-challenge,teste_confirmatorio
COVID-19_Radiography_Dataset/Normal/images/Normal-5181.png,Normal,1eaedeb662861f6858fe42387a5f2292,kaggle.com/c/rsna-pneumonia-detection-challenge,validacao
COVID-19_Radiography_Dataset/Normal/images/Normal-5182.png,Normal,ee64b4440f8b2117e52ceefd70e1120a,kaggle.com/c/rsna-pneumonia-detection-challenge,validacao
COVID-19_Radiography_Dataset/Normal/images/Normal-5186.png,Normal,f38bd08d79dd6f4166680cc60e07207e,kaggle.com/c/rsna-pneumonia-detection-challenge,teste_confirmatorio
COVID-19_Radiography_Dataset/Normal/images/Normal-5201.png,Normal,ffabd13f382edeb59163e7181820415e,kaggle.com/c/rsna-pneumonia-detection-challenge,treino
COVID-19_Radiography_Dataset/Normal/images/Normal-5209.png,Normal,2ca9210c8ca3002f283004aace1e1e99,kaggle.com/c/rsna-pneumonia-detection-challenge,teste_confirmatorio
COVID-19_Radiography_Dataset/Normal/images/Normal-5210.png,Normal,5424d89218968078d45b14e9fef31852,kaggle.com/c/rsna-pneumonia-detection-challenge,treino
COVID-19_Radiography_Dataset/Normal/images/Normal-5223.png,Normal,33379dd698a930a5ea1b0a87a72b4ece,kaggle.com/c/rsna-pneumonia-detection-challenge,treino
COVID-19_Radiography_Dataset/Normal/images/Normal-5226.png,Normal,d3aee3b7315ba549edba9bc9541608e9,kaggle.com/c/rsna-pneumonia-detection-challenge,teste
COVID-19_Radiography_Dataset/Normal/images/Normal-5232.png,Normal,f3f66294a18f67b42abbc65d26f7de0b,kaggle.com/c/rsna-pneumonia-detection-challenge,teste
COVID-19_Radiography_Dataset/Normal/images/Normal-5236.png,Normal,aaa6a789f0e5728ce4fd41256c287c80,kaggle.com/c/rsna-pneumonia-detection-challenge,treino
COVID-19_Radiography_Dataset/Normal/images/Normal-5248.png,Normal,e0b92d5689fdfcacda9c01d44d6f9cc6,kaggle.com/c/rsna-pneumonia-detection-challenge,teste
COVID-19_Radiography_Dataset/Normal/images/Normal-5255.png,Normal,d05f80615649428b0f434f96f4f3c298,kaggle.com/c/rsna-pneumonia-detection-challenge,teste
COVID-19_Radiography_Dataset/Normal/images/Normal-526.png,Normal,68b7ff49d1b91113c31246c2ab0a6f03,kaggle.com/c/rsna-pneumonia-detection-challenge,treino
COVID-19_Radiography_Dataset/Normal/images/Normal-5265.png,Normal,529018bc704e06b9141c043a44219c4f,kaggle.com/c/rsna-pneumonia-detection-challenge,treino
COVID-19_Radiography_Dataset/Normal/images/Normal-5269.png,Normal,61c5ecf16a70fa370ef4548d6af9303f,kaggle.com/c/rsna-pneumonia-detection-challenge,teste
COVID-19_Radiography_Dataset/Normal/images/Normal-5271.png,Normal,d039a2e2545a01225552e2b574e92b50,kaggle.com/c/rsna-pneumonia-detection-challenge,treino
COVID-19_Radiography_Dataset/Normal/images/Normal-5272.png,Normal,2fadc1e0991212059908cba41d64d9b1,kaggle.com/c/rsna-pneumonia-detection-challenge,validacao
COVID-19_Radiography_Dataset/Normal/images/Normal-5290.png,Normal,ac80daae2baccb7fa53613e748da2372,kaggle.com/c/rsna-pneumonia-detection-challenge,treino
COVID-19_Radiography_Dataset/Normal/images/Normal-5291.png,Normal,b49c24661eb334782128ea523534d57e,kaggle.com/c/rsna-pneumonia-detection-challenge,teste
COVID-19_Radiography_Dataset/Normal/images/Normal-5293.png,Normal,47d0ff4370aa24c2ffce5d70b3bc6d0d,kaggle.com/c/rsna-pneumonia-detection-challenge,teste
COVID-19_Radiography_Dataset/Normal/images/Normal-5297.png,Normal,aa232b46b08cf26da24c2110cd536eb6,kaggle.com/c/rsna-pneumonia-detection-challenge,treino
COVID-19_Radiography_Dataset/Normal/images/Normal-5305.png,Normal,e6a813ff9d8829f06d600d261bad6e59,kaggle.com/c/rsna-pneumonia-detection-challenge,teste
COVID-19_Radiography_Dataset/Normal/images/Normal-5307.png,Normal,a54ac52eae6fa7da6f69f8d5a34458bd,kaggle.com/c/rsna-pneumonia-detection-challenge,validacao
COVID-19_Radiography_Dataset/Normal/images/Normal-531.png,Normal,66a8525245e110c3a609e8a9cf7d7b4c,kaggle.com/c/rsna-pneumonia-detection-challenge,treino
COVID-19_Radiography_Dataset/Normal/images/Normal-5314.png,Normal,74aa59c7dc2d35d2ec704c1dfe477790,kaggle.com/c/rsna-pneumonia-detection-challenge,treino
COVID-19_Radiography_Dataset/Normal/images/Normal-5330.png,Normal,388c169bb0ecbcbb57a13a8c7921ee09,kaggle.com/c/rsna-pneumonia-detection-challenge,teste_confirmatorio
COVID-19_Radiography_Dataset/Normal/images/Normal-5332.png,Normal,ecfb214381f09f75a018cef03a5b0c58,kaggle.com/c/rsna-pneumonia-detection-challenge,teste
COVID-19_Radiography_Dataset/Normal/images/Normal-5336.png,Normal,a1925b8350d57e5004423436b82a40fe,kaggle.com/c/rsna-pneumonia-detection-challenge,validacao
COVID-19_Radiography_Dataset/Normal/images/Normal-5348.png,Normal,8ff54c4959fd4cb3d445f28af45c5814,kaggle.com/c/rsna-pneumonia-detection-challenge,teste_confirmatorio
COVID-19_Radiography_Dataset/Normal/images/Normal-5349.png,Normal,5ffa2f8d6cd313d5e5c04c16fb4795c8,kaggle.com/c/rsna-pneumonia-detection-challenge,treino
COVID-19_Radiography_Dataset/Normal/images/Normal-5356.png,Normal,7291ad2eb6c3c50a3de255a0b6968c9c,kaggle.com/c/rsna-pneumonia-detection-challenge,treino
COVID-19_Radiography_Dataset/Normal/images/Normal-5363.png,Normal,ed2acd8cd503992daf8504967226271d,kaggle.com/c/rsna-pneumonia-detection-challenge,teste_confirmatorio
COVID-19_Radiography_Dataset/Normal/images/Normal-5364.png,Normal,20ae7fd0b6af8e807be6df8bf20b363e,kaggle.com/c/rsna-pneumonia-detection-challenge,validacao
COVID-19_Radiography_Dataset/Normal/images/Normal-5368.png,Normal,b0acf4c45b926dae0919b31284b10faf,kaggle.com/c/rsna-pneumonia-detection-challenge,treino
COVID-19_Radiography_Dataset/Normal/images/Normal-5369.png,Normal,3ab434cf5d4210e3eeb1a68b2ec56721,kaggle.com/c/rsna-pneumonia-detection-challenge,validacao
COVID-19_Radiography_Dataset/Normal/images/Normal-5371.png,Normal,740c2372d9cc6ef06be5f1e8271559b4,kaggle.com/c/rsna-pneumonia-detection-challenge,teste
COVID-19_Radiography_Dataset/Normal/images/Normal-5372.png,Normal,e65cfcad2ba716ef6676998193125a6e,kaggle.com/c/rsna-pneumonia-detection-challenge,teste
COVID-19_Radiography_Dataset/Normal/images/Normal-5383.png,Normal,7d89fc0588e5cbd7014fad62d8651abe,kaggle.com/c/rsna-pneumonia-detection-challenge,treino
COVID-19_Radiography_Dataset/Normal/images/Normal-5384.png,Normal,c8ac76fbfc49e63b59c934c9da503200,kaggle.com/c/rsna-pneumonia-detection-challenge,treino
COVID-19_Radiography_Dataset/Normal/images/Normal-5390.png,Normal,0f50b365488d1de20cf2268ea6448a3a,kaggle.com/c/rsna-pneumonia-detection-challenge,teste_confirmatorio
COVID-19_Radiography_Dataset/Normal/images/Normal-5391.png,Normal,14892fb97685212f345f9157a50d94aa,kaggle.com/c/rsna-pneumonia-detection-challenge,treino
COVID-19_Radiography_Dataset/Normal/images/Normal-5393.png,Normal,fa55325a4792e8e931cb999269bca1ec,kaggle.com/c/rsna-pneumonia-detection-challenge,teste_confirmatorio
COVID-19_Radiography_Dataset/Normal/images/Normal-5396.png,Normal,44e1ce8d7c0c05b2e534c550f1d9c152,kaggle.com/c/rsna-pneumonia-detection-challenge,teste
COVID-19_Radiography_Dataset/Normal/images/Normal-540.png,Normal,ebc9c7513ae9fdc353ec959c48f6e75b,kaggle.com/c/rsna-pneumonia-detection-challenge,teste
COVID-19_Radiography_Dataset/Normal/images/Normal-541.png,Normal,749331b1a978e437c504d99a4b59f46d,kaggle.com/c/rsna-pneumonia-detection-challenge,teste
COVID-19_Radiography_Dataset/Normal/images/Normal-5411.png,Normal,9fd6896960871ca2d820ade8420c7adf,kaggle.com/c/rsna-pneumonia-detection-challenge,teste_confirmatorio
COVID-19_Radiography_Dataset/Normal/images/Normal-5412.png,Normal,9c44facc1e320d163eae302851f6498f,kaggle.com/c/rsna-pneumonia-detection-challenge,treino
COVID-19_Radiography_Dataset/Normal/images/Normal-5414.png,Normal,b0aad3d7f91d1cf960b1cad334eefff8,kaggle.com/c/rsna-pneumonia-detection-challenge,treino
COVID-19_Radiography_Dataset/Normal/images/Normal-5418.png,Normal,f0927879125c3f7fefb8f3b74bb39157,kaggle.com/c/rsna-pneumonia-detection-challenge,teste_confirmatorio
COVID-19_Radiography_Dataset/Normal/images/Normal-5420.png,Normal,f1d12adac588c44a8a62dfcd34700cb9,kaggle.com/c/rsna-pneumonia-detection-challenge,treino
COVID-19_Radiography_Dataset/Normal/images/Normal-5422.png,Normal,71e37127800e4ebb1233922691ba5a4d,kaggle.com/c/rsna-pneumonia-detection-challenge,validacao
COVID-19_Radiography_Dataset/Normal/images/Normal-5427.png,Normal,6879bc8043f92e3d1c1c8b5113cca855,kaggle.com/c/rsna-pneumonia-detection-challenge,teste
COVID-19_Radiography_Dataset/Normal/images/Normal-5431.png,Normal,bfa40c33ccbdf76478d8adc52cb46bdd,kaggle.com/c/rsna-pneumonia-detection-challenge,teste_confirmatorio
COVID-19_Radiography_Dataset/Normal/images/Normal-5440.png,Normal,b01326e587bd1d6fc59cf112943252f5,kaggle.com/c/rsna-pneumonia-detection-challenge,teste_confirmatorio
COVID-19_Radiography_Dataset/Normal/images/Normal-5441.png,Normal,d7afbe84cca83f00d7b5f3d8c219ce15,kaggle.com/c/rsna-pneumonia-detection-challenge,treino
COVID-19_Radiography_Dataset/Normal/images/Normal-5444.png,Normal,66c843969fa718c99902fe8cf499ba36,kaggle.com/c/rsna-pneumonia-detection-challenge,teste_confirmatorio
COVID-19_Radiography_Dataset/Normal/images/Normal-5447.png,Normal,e4f090702cc8b13465a9d177c94963c3,kaggle.com/c/rsna-pneumonia-detection-challenge,teste_confirmatorio
COVID-19_Radiography_Dataset/Normal/images/Normal-5448.png,Normal,5793c86000a5b07f44df9c0a21402f58,kaggle.com/c/rsna-pneumonia-detection-challenge,teste
COVID-19_Radiography_Dataset/Normal/images/Normal-5451.png,Normal,36a37f97192777c924d276af07ed7d73,kaggle.com/c/rsna-pneumonia-detection-challenge,teste_confirmatorio
COVID-19_Radiography_Dataset/Normal/images/Normal-5457.png,Normal,55edbdb4ba779568cd78fde86719d757,kaggle.com/c/rsna-pneumonia-detection-challenge,teste_confirmatorio
COVID-19_Radiography_Dataset/Normal/images/Normal-5458.png,Normal,eb4927ddea9c32ba57912698efd4e31c,kaggle.com/c/rsna-pneumonia-detection-challenge,teste
COVID-19_Radiography_Dataset/Normal/images/Normal-5459.png,Normal,a69322527693ad76d0d9558c86d5e9df,kaggle.com/c/rsna-pneumonia-detection-challenge,teste
COVID-19_Radiography_Dataset/Normal/images/Normal-546.png,Normal,faa47eb36b703aa591c4ba8cbe2c8cf6,kaggle.com/c/rsna-pneumonia-detection-challenge,validacao
COVID-19_Radiography_Dataset/Normal/images/Normal-5465.png,Normal,802abd0883ec14745d10fa61308e9b75,kaggle.com/c/rsna-pneumonia-detection-challenge,treino
COVID-19_Radiography_Dataset/Normal/images/Normal-5477.png,Normal,e2d3a224e930ec2c7a93de0e126884d4,kaggle.com/c/rsna-pneumonia-detection-challenge,teste
COVID-19_Radiography_Dataset/Normal/images/Normal-548.png,Normal,85c7887d8940609391c7dba0dc799374,kaggle.com/c/rsna-pneumonia-detection-challenge,teste_confirmatorio
COVID-19_Radiography_Dataset/Normal/images/Normal-5480.png,Normal,50912fcecbc5a625582224bc9be44116,kaggle.com/c/rsna-pneumonia-detection-challenge,teste
COVID-19_Radiography_Dataset/Normal/images/Normal-5483.png,Normal,af378db17eae47539bd37255fc9b4134,kaggle.com/c/rsna-pneumonia-detection-challenge,treino
COVID-19_Radiography_Dataset/Normal/images/Normal-5484.png,Normal,30fb3645c77d36374c5f295d8106b80f,kaggle.com/c/rsna-pneumonia-detection-challenge,validacao
COVID-19_Radiography_Dataset/Normal/images/Normal-5488.png,Normal,9b1719984921fc23b28327b300633aff,kaggle.com/c/rsna-pneumonia-detection-challenge,treino
COVID-19_Radiography_Dataset/Normal/images/Normal-5489.png,Normal,d06355a630d0acc51cfad1510d5f3292,kaggle.com/c/rsna-pneumonia-detection-challenge,treino
COVID-19_Radiography_Dataset/Normal/images/Normal-5490.png,Normal,03b7722fbe2eed0e20bd3e6a7a4ac1a8,kaggle.com/c/rsna-pneumonia-detection-challenge,teste
COVID-19_Radiography_Dataset/Normal/images/Normal-5491.png,Normal,68ed259902194dd5c8e4f2a842878495,kaggle.com/c/rsna-pneumonia-detection-challenge,treino
COVID-19_Radiography_Dataset/Normal/images/Normal-5494.png,Normal,707c1e489fe07a5e31cb1d5c0c51f20d,kaggle.com/c/rsna-pneumonia-detection-challenge,teste_confirmatorio
COVID-19_Radiography_Dataset/Normal/images/Normal-5503.png,Normal,cec8d56c5f5af51bafe8e0dca22c93ff,kaggle.com/c/rsna-pneumonia-detection-challenge,treino
COVID-19_Radiography_Dataset/Normal/images/Normal-5504.png,Normal,82f7573026b3820faa66eb93bced4863,kaggle.com/c/rsna-pneumonia-detection-challenge,teste_confirmatorio
COVID-19_Radiography_Dataset/Normal/images/Normal-5512.png,Normal,21971cc9fa74b39129b4d455f70659bd,kaggle.com/c/rsna-pneumonia-detection-challenge,teste
COVID-19_Radiography_Dataset/Normal/images/Normal-552.png,Normal,515c6f41164813dacb609d806c0682c7,kaggle.com/c/rsna-pneumonia-detection-challenge,treino
COVID-19_Radiography_Dataset/Normal/images/Normal-5527.png,Normal,66b86ac86f1edddd2218f6fd46b914d9,kaggle.com/c/rsna-pneumonia-detection-challenge,teste
COVID-19_Radiography_Dataset/Normal/images/Normal-5537.png,Normal,d32832b3cfd1ddaf03783696a80d15cf,kaggle.com/c/rsna-pneumonia-detection-challenge,validacao
COVID-19_Radiography_Dataset/Normal/images/Normal-5540.png,Normal,e6ccdeb1e99b742690efd8c7c6be7db5,kaggle.com/c/rsna-pneumonia-detection-challenge,teste_confirmatorio
COVID-19_Radiography_Dataset/Normal/images/Normal-5546.png,Normal,d19240afef2eb62387f5a94ecc8adb1b,kaggle.com/c/rsna-pneumonia-detection-challenge,validacao
COVID-19_Radiography_Dataset/Normal/images/Normal-5552.png,Normal,5e44437b0de7e6f2c7f3016f130cede8,kaggle.com/c/rsna-pneumonia-detection-challenge,treino
COVID-19_Radiography_Dataset/Normal/images/Normal-5554.png,Normal,2c4a7e71ecf63b8076088da5a531c4ea,kaggle.com/c/rsna-pneumonia-detection-challenge,treino
COVID-19_Radiography_Dataset/Normal/images/Normal-556.png,Normal,8f2cc1ce28abb21bb17142b4004e8db7,kaggle.com/c/rsna-pneumonia-detection-challenge,treino
COVID-19_Radiography_Dataset/Normal/images/Normal-5565.png,Normal,a9a2c9ed8b49e4c464ffbb45ca0b2608,kaggle.com/c/rsna-pneumonia-detection-challenge,teste_confirmatorio
COVID-19_Radiography_Dataset/Normal/images/Normal-5568.png,Normal,2871f69f22701b540c283002259e040c,kaggle.com/c/rsna-pneumonia-detection-challenge,teste_confirmatorio
COVID-19_Radiography_Dataset/Normal/images/Normal-5572.png,Normal,a1b20e2ff5e6440130e301e7a0a231da,kaggle.com/c/rsna-pneumonia-detection-challenge,treino
COVID-19_Radiography_Dataset/Normal/images/Normal-5573.png,Normal,6ea634c336924aaba18a9d6c504c4b3f,kaggle.com/c/rsna-pneumonia-detection-challenge,teste
COVID-19_Radiography_Dataset/Normal/images/Normal-5577.png,Normal,cf0c985ce9ed5dcb5f18ca4cce5252dc,kaggle.com/c/rsna-pneumonia-detection-challenge,teste_confirmatorio
COVID-19_Radiography_Dataset/Normal/images/Normal-5578.png,Normal,123a0b57bd9167d0054e1172f4a89ae7,kaggle.com/c/rsna-pneumonia-detection-challenge,teste
COVID-19_Radiography_Dataset/Normal/images/Normal-5580.png,Normal,5dca6c2ff1047bfd8e4e58b9dba7507f,kaggle.com/c/rsna-pneumonia-detection-challenge,treino
COVID-19_Radiography_Dataset/Normal/images/Normal-5583.png,Normal,1691b922bc92e9ecc0864b466ad57b6c,kaggle.com/c/rsna-pneumonia-detection-challenge,treino
COVID-19_Radiography_Dataset/Normal/images/Normal-559.png,Normal,35226eba10cc9ab648e8d9cd4a26f7a0,kaggle.com/c/rsna-pneumonia-detection-challenge,teste
COVID-19_Radiography_Dataset/Normal/images/Normal-5593.png,Normal,1ffa5f88b167c092c19dddfedfa3797a,kaggle.com/c/rsna-pneumonia-detection-challenge,teste_confirmatorio
COVID-19_Radiography_Dataset/Normal/images/Normal-5603.png,Normal,6e0675588be83d2c2f8015effc047bd4,kaggle.com/c/rsna-pneumonia-detection-challenge,treino
COVID-19_Radiography_Dataset/Normal/images/Normal-5606.png,Normal,80648aa297956f8b3b919f3a55bcb1d4,kaggle.com/c/rsna-pneumonia-detection-challenge,treino
COVID-19_Radiography_Dataset/Normal/images/Normal-561.png,Normal,e2bc264f01101958d5af7d5cdab4c19b,kaggle.com/c/rsna-pneumonia-detection-challenge,teste
COVID-19_Radiography_Dataset/Normal/images/Normal-5618.png,Normal,b33ce2808c7da05470734055f722945c,kaggle.com/c/rsna-pneumonia-detection-challenge,teste_confirmatorio
COVID-19_Radiography_Dataset/Normal/images/Normal-562.png,Normal,505bb653a8bd4abf39bb12961973e20b,kaggle.com/c/rsna-pneumonia-detection-challenge,treino
COVID-19_Radiography_Dataset/Normal/images/Normal-5621.png,Normal,fdac2ad393c0767793c050613d01c51e,kaggle.com/c/rsna-pneumonia-detection-challenge,teste_confirmatorio
COVID-19_Radiography_Dataset/Normal/images/Normal-5627.png,Normal,ba3f7bddc26b1ce76e2451fe5471f5b7,kaggle.com/c/rsna-pneumonia-detection-challenge,validacao
COVID-19_Radiography_Dataset/Normal/images/Normal-563.png,Normal,a53cc84f2695365dbe0ab27267c76a53,kaggle.com/c/rsna-pneumonia-detection-challenge,treino
COVID-19_Radiography_Dataset/Normal/images/Normal-5640.png,Normal,ffeaaa65458c5ebfb64ac0c2cc63850b,kaggle.com/c/rsna-pneumonia-detection-challenge,treino
COVID-19_Radiography_Dataset/Normal/images/Normal-5643.png,Normal,23ea947a7955c9480073c3a959c3ac2f,kaggle.com/c/rsna-pneumonia-detection-challenge,teste
COVID-19_Radiography_Dataset/Normal/images/Normal-5645.png,Normal,37db46585347ae311bdb656cf7c86c51,kaggle.com/c/rsna-pneumonia-detection-challenge,treino
COVID-19_Radiography_Dataset/Normal/images/Normal-5650.png,Normal,005e099b687d8431bfd30eea3fb877cf,kaggle.com/c/rsna-pneumonia-detection-challenge,teste_confirmatorio
COVID-19_Radiography_Dataset/Normal/images/Normal-5656.png,Normal,47971837d7218f4831b05f87ee84f668,kaggle.com/c/rsna-pneumonia-detection-challenge,treino
COVID-19_Radiography_Dataset/Normal/images/Normal-5661.png,Normal,cd801be1f2312881cc23ec1643889a2a,kaggle.com/c/rsna-pneumonia-detection-challenge,treino
COVID-19_Radiography_Dataset/Normal/images/Normal-5665.png,Normal,36b8232f3b2eda1abc01689172d6bae8,kaggle.com/c/rsna-pneumonia-detection-challenge,treino
COVID-19_Radiography_Dataset/Normal/images/Normal-5667.png,Normal,61f7eb8bf3c5b4442037116b02af7ab1,kaggle.com/c/rsna-pneumonia-detection-challenge,teste
COVID-19_Radiography_Dataset/Normal/images/Normal-567.png,Normal,6b95a5df39f7f432bdfd0bc2dd51a9e7,kaggle.com/c/rsna-pneumonia-detection-challenge,teste
COVID-19_Radiography_Dataset/Normal/images/Normal-5670.png,Normal,570c8370092d6c71b760b293a4a43d37,kaggle.com/c/rsna-pneumonia-detection-challenge,teste_confirmatorio
COVID-19_Radiography_Dataset/Normal/images/Normal-5672.png,Normal,7b1508eadd1c400fdadd0eadeca56af4,kaggle.com/c/rsna-pneumonia-detection-challenge,treino
COVID-19_Radiography_Dataset/Normal/images/Normal-568.png,Normal,ebdb15810e25fd010e7c9de9caf6b4e3,kaggle.com/c/rsna-pneumonia-detection-challenge,teste_confirmatorio
COVID-19_Radiography_Dataset/Normal/images/Normal-5687.png,Normal,d9d0158ed371534ec0097c05d85bb3c4,kaggle.com/c/rsna-pneumonia-detection-challenge,teste
COVID-19_Radiography_Dataset/Normal/images/Normal-5689.png,Normal,487ac1e680373ebfefeafcb73ef2635d,kaggle.com/c/rsna-pneumonia-detection-challenge,treino
COVID-19_Radiography_Dataset/Normal/images/Normal-569.png,Normal,5463f450b3eeaa08abf6415ea9ca6bda,kaggle.com/c/rsna-pneumonia-detection-challenge,treino
COVID-19_Radiography_Dataset/Normal/images/Normal-5690.png,Normal,107bbb04179d8ad4fc8b24b34511f346,kaggle.com/c/rsna-pneumonia-detection-challenge,teste_confirmatorio
COVID-19_Radiography_Dataset/Normal/images/Normal-5692.png,Normal,6122e71c353101df58a69368e96b411f,kaggle.com/c/rsna-pneumonia-detection-challenge,validacao
COVID-19_Radiography_Dataset/Normal/images/Normal-5694.png,Normal,5a0e4ecf64e44732f194d69e1a836aa7,kaggle.com/c/rsna-pneumonia-detection-challenge,treino
COVID-19_Radiography_Dataset/Normal/images/Normal-5695.png,Normal,fb3d81e41eb664b96e5797205806404b,kaggle.com/c/rsna-pneumonia-detection-challenge,treino
COVID-19_Radiography_Dataset/Normal/images/Normal-5696.png,Normal,0d2cffbbf85dc422cf8ffdafa48d79f2,kaggle.com/c/rsna-pneumonia-detection-challenge,treino
COVID-19_Radiography_Dataset/Normal/images/Normal-5703.png,Normal,8ea5f649c65703bf22c896d6d03bfd15,kaggle.com/c/rsna-pneumonia-detection-challenge,treino
COVID-19_Radiography_Dataset/Normal/images/Normal-5704.png,Normal,27b9ef9a4872a125e6056ba57b0bfc18,kaggle.com/c/rsna-pneumonia-detection-challenge,teste
COVID-19_Radiography_Dataset/Normal/images/Normal-5713.png,Normal,2a9fdeda6668d724f3f90c7ddb1a2404,kaggle.com/c/rsna-pneumonia-detection-challenge,teste
COVID-19_Radiography_Dataset/Normal/images/Normal-5721.png,Normal,a4b4b1604e9602807370745ca4cd9d02,kaggle.com/c/rsna-pneumonia-detection-challenge,treino
COVID-19_Radiography_Dataset/Normal/images/Normal-5724.png,Normal,29d7f3367cca09cb301b97ddbf3a402c,kaggle.com/c/rsna-pneumonia-detection-challenge,treino
COVID-19_Radiography_Dataset/Normal/images/Normal-5729.png,Normal,ba166bc30176950df27e620430ece8f8,kaggle.com/c/rsna-pneumonia-detection-challenge,teste_confirmatorio
COVID-19_Radiography_Dataset/Normal/images/Normal-573.png,Normal,24a8ffaf481c142d7d6713bce87056d6,kaggle.com/c/rsna-pneumonia-detection-challenge,teste
COVID-19_Radiography_Dataset/Normal/images/Normal-5734.png,Normal,ad2324fedff1db36a723c49634d9f4c1,kaggle.com/c/rsna-pneumonia-detection-challenge,validacao
COVID-19_Radiography_Dataset/Normal/images/Normal-5740.png,Normal,73106efc765e670cc958cfc4360cae63,kaggle.com/c/rsna-pneumonia-detection-challenge,teste
COVID-19_Radiography_Dataset/Normal/images/Normal-5745.png,Normal,7b807254cd50fb37521e28b49df5cadd,kaggle.com/c/rsna-pneumonia-detection-challenge,treino
COVID-19_Radiography_Dataset/Normal/images/Normal-5751.png,Normal,f390e0a730ee1595a9b2c9f9d3ffe9cb,kaggle.com/c/rsna-pneumonia-detection-challenge,treino
COVID-19_Radiography_Dataset/Normal/images/Normal-5756.png,Normal,7835fbdaaf59315dd513b8d77971922d,kaggle.com/c/rsna-pneumonia-detection-challenge,teste_confirmatorio
COVID-19_Radiography_Dataset/Normal/images/Normal-5759.png,Normal,76bfa797f26b54894ee797a664215341,kaggle.com/c/rsna-pneumonia-detection-challenge,teste_confirmatorio
COVID-19_Radiography_Dataset/Normal/images/Normal-576.png,Normal,3362982f4ea895f39c43b0f6d86ac423,kaggle.com/c/rsna-pneumonia-detection-challenge,validacao
COVID-19_Radiography_Dataset/Normal/images/Normal-577.png,Normal,5652368e08ec55364823e9616e801bd5,kaggle.com/c/rsna-pneumonia-detection-challenge,teste_confirmatorio
COVID-19_Radiography_Dataset/Normal/images/Normal-5775.png,Normal,9a411a43b3d06cd337d621b00ca23055,kaggle.com/c/rsna-pneumonia-detection-challenge,validacao
COVID-19_Radiography_Dataset/Normal/images/Normal-5777.png,Normal,b8ae228b013e4d5e0192861c410712cb,kaggle.com/c/rsna-pneumonia-detection-challenge,validacao
COVID-19_Radiography_Dataset/Normal/images/Normal-5780.png,Normal,70ec1456bd8f799bc0fa30008c555216,kaggle.com/c/rsna-pneumonia-detection-challenge,teste
COVID-19_Radiography_Dataset/Normal/images/Normal-5782.png,Normal,2d6e7f26e4ee5d99ff1788c45d944cf3,kaggle.com/c/rsna-pneumonia-detection-challenge,treino
COVID-19_Radiography_Dataset/Normal/images/Normal-5783.png,Normal,737891a6a2b8bca0bc392d6133dde0eb,kaggle.com/c/rsna-pneumonia-detection-challenge,teste_confirmatorio
COVID-19_Radiography_Dataset/Normal/images/Normal-5785.png,Normal,709fc6f3d26bf69e798b8dd9e513b1b8,kaggle.com/c/rsna-pneumonia-detection-challenge,validacao
COVID-19_Radiography_Dataset/Normal/images/Normal-579.png,Normal,19ea03a145439780461323a313b3df26,kaggle.com/c/rsna-pneumonia-detection-challenge,teste_confirmatorio
COVID-19_Radiography_Dataset/Normal/images/Normal-5793.png,Normal,7ac3c1cd36c7808955923b57da2d4733,kaggle.com/c/rsna-pneumonia-detection-challenge,teste
COVID-19_Radiography_Dataset/Normal/images/Normal-5798.png,Normal,3f8409955e713a9c3a38f6c297941324,kaggle.com/c/rsna-pneumonia-detection-challenge,treino
COVID-19_Radiography_Dataset/Normal/images/Normal-5802.png,Normal,a9ec1a069e72924aa2dc569d0bf36b45,kaggle.com/c/rsna-pneumonia-detection-challenge,teste
COVID-19_Radiography_Dataset/Normal/images/Normal-5809.png,Normal,759b32c3a1899bbc96e965538b795191,kaggle.com/c/rsna-pneumonia-detection-challenge,treino
COVID-19_Radiography_Dataset/Normal/images/Normal-581.png,Normal,559eded84de61825eeb165c9c0ef673a,kaggle.com/c/rsna-pneumonia-detection-challenge,teste_confirmatorio
COVID-19_Radiography_Dataset/Normal/images/Normal-5814.png,Normal,2c0f8366dd8e8b0870d0ef3db3b67ffd,kaggle.com/c/rsna-pneumonia-detection-challenge,validacao
COVID-19_Radiography_Dataset/Normal/images/Normal-5815.png,Normal,60a9857d617d609beb0a485b7f0d2b46,kaggle.com/c/rsna-pneumonia-detection-challenge,teste_confirmatorio
COVID-19_Radiography_Dataset/Normal/images/Normal-5816.png,Normal,ca5ee79c005f0f58a87ef987b9e183de,kaggle.com/c/rsna-pneumonia-detection-challenge,treino
COVID-19_Radiography_Dataset/Normal/images/Normal-5819.png,Normal,2ef16c559204ae5ffb70674b4eb25617,kaggle.com/c/rsna-pneumonia-detection-challenge,teste
COVID-19_Radiography_Dataset/Normal/images/Normal-582.png,Normal,f9a312e5a1ede56a3d4b95992d64d157,kaggle.com/c/rsna-pneumonia-detection-challenge,treino
COVID-19_Radiography_Dataset/Normal/images/Normal-5829.png,Normal,c9fb8e581198842633526a7af717e92c,kaggle.com/c/rsna-pneumonia-detection-challenge,teste
COVID-19_Radiography_Dataset/Normal/images/Normal-5841.png,Normal,d6b521099d864905bb6e5f1b8947dba4,kaggle.com/c/rsna-pneumonia-detection-challenge,teste
COVID-19_Radiography_Dataset/Normal/images/Normal-5846.png,Normal,ffd8a9d6d7f2ba5d545a2d7ee89614c4,kaggle.com/c/rsna-pneumonia-detection-challenge,validacao
COVID-19_Radiography_Dataset/Normal/images/Normal-5847.png,Normal,ea6478f6d4ca717030c1fa39a09be753,kaggle.com/c/rsna-pneumonia-detection-challenge,treino
COVID-19_Radiography_Dataset/Normal/images/Normal-585.png,Normal,27fdf0b63586b43a1daa80699bc13109,kaggle.com/c/rsna-pneumonia-detection-challenge,teste
COVID-19_Radiography_Dataset/Normal/images/Normal-5850.png,Normal,b7191803b76bc92820f28f4ed54ceeee,kaggle.com/c/rsna-pneumonia-detection-challenge,teste_confirmatorio
COVID-19_Radiography_Dataset/Normal/images/Normal-5852.png,Normal,cdbe19e37ee6c641018cff368043c17b,kaggle.com/c/rsna-pneumonia-detection-challenge,teste_confirmatorio
COVID-19_Radiography_Dataset/Normal/images/Normal-5857.png,Normal,bdc99cba0a4af5d6eebc9f8e409c3dc9,kaggle.com/c/rsna-pneumonia-detection-challenge,validacao
COVID-19_Radiography_Dataset/Normal/images/Normal-5859.png,Normal,d5a9ee78c5e531f140e5a27649c4ed1c,kaggle.com/c/rsna-pneumonia-detection-challenge,treino
COVID-19_Radiography_Dataset/Normal/images/Normal-5866.png,Normal,164d341942d7c6683ec8b29d7ba15779,kaggle.com/c/rsna-pneumonia-detection-challenge,treino
COVID-19_Radiography_Dataset/Normal/images/Normal-5883.png,Normal,16d1e5c8bc47dd97b2d8b264d69a9ba3,kaggle.com/c/rsna-pneumonia-detection-challenge,teste
COVID-19_Radiography_Dataset/Normal/images/Normal-5886.png,Normal,e228ca132c864ed2fe2603061b7a8f19,kaggle.com/c/rsna-pneumonia-detection-challenge,treino
COVID-19_Radiography_Dataset/Normal/images/Normal-5887.png,Normal,45f20d57eea22a93e3634a586c1152c0,kaggle.com/c/rsna-pneumonia-detection-challenge,teste_confirmatorio
COVID-19_Radiography_Dataset/Normal/images/Normal-5895.png,Normal,a60d6c22c81e7a2cf3aae95211ba012e,kaggle.com/c/rsna-pneumonia-detection-challenge,treino
COVID-19_Radiography_Dataset/Normal/images/Normal-5901.png,Normal,02b158af35af5e212c5a75a9e1a450ae,kaggle.com/c/rsna-pneumonia-detection-challenge,treino
COVID-19_Radiography_Dataset/Normal/images/Normal-5907.png,Normal,d1a1e655767a90bd16b616c1734bf05a,kaggle.com/c/rsna-pneumonia-detection-challenge,teste_confirmatorio
COVID-19_Radiography_Dataset/Normal/images/Normal-5911.png,Normal,b531a2d158005b7a6ff620d6dd391d21,kaggle.com/c/rsna-pneumonia-detection-challenge,teste_confirmatorio
COVID-19_Radiography_Dataset/Normal/images/Normal-5916.png,Normal,3867737ef5e9c3215936292ed6406094,kaggle.com/c/rsna-pneumonia-detection-challenge,teste
COVID-19_Radiography_Dataset/Normal/images/Normal-5923.png,Normal,f0f854a7a42bdf4278972a8c039813fc,kaggle.com/c/rsna-pneumonia-detection-challenge,treino
COVID-19_Radiography_Dataset/Normal/images/Normal-5925.png,Normal,d850a90576d0632c7e74814dda961c0b,kaggle.com/c/rsna-pneumonia-detection-challenge,teste
COVID-19_Radiography_Dataset/Normal/images/Normal-5938.png,Normal,04f59da76c14f52213720664c70d14f6,kaggle.com/c/rsna-pneumonia-detection-challenge,teste_confirmatorio
COVID-19_Radiography_Dataset/Normal/images/Normal-5941.png,Normal,464c1ac4a7382dce58aabc28365b3292,kaggle.com/c/rsna-pneumonia-detection-challenge,treino
COVID-19_Radiography_Dataset/Normal/images/Normal-595.png,Normal,7d99af96607694ab67a54c327482bc68,kaggle.com/c/rsna-pneumonia-detection-challenge,treino
COVID-19_Radiography_Dataset/Normal/images/Normal-5955.png,Normal,ca7329d96d8cf76fd76fe78242d4345e,kaggle.com/c/rsna-pneumonia-detection-challenge,treino
COVID-19_Radiography_Dataset/Normal/images/Normal-5963.png,Normal,3560ac6827d2070c54826d7e09ccdfe8,kaggle.com/c/rsna-pneumonia-detection-challenge,teste
COVID-19_Radiography_Dataset/Normal/images/Normal-5970.png,Normal,21ee01cbf01046e2a419ba27c503e0cc,kaggle.com/c/rsna-pneumonia-detection-challenge,validacao
COVID-19_Radiography_Dataset/Normal/images/Normal-5978.png,Normal,3db213bc31d7bd4334a559fde971e61e,kaggle.com/c/rsna-pneumonia-detection-challenge,validacao
COVID-19_Radiography_Dataset/Normal/images/Normal-5989.png,Normal,ce0f7897e6e2080db38dd74c43bb401f,kaggle.com/c/rsna-pneumonia-detection-challenge,teste
COVID-19_Radiography_Dataset/Normal/images/Normal-599.png,Normal,c958533b5e18ec33e951b234538ceda0,kaggle.com/c/rsna-pneumonia-detection-challenge,validacao
COVID-19_Radiography_Dataset/Normal/images/Normal-5992.png,Normal,8532e274833b3cd36e6f697a42a74e6a,kaggle.com/c/rsna-pneumonia-detection-challenge,teste
COVID-19_Radiography_Dataset/Normal/images/Normal-5993.png,Normal,205d3d26f212c535e64fb0e3b261af46,kaggle.com/c/rsna-pneumonia-detection-challenge,teste_confirmatorio
COVID-19_Radiography_Dataset/Normal/images/Normal-5996.png,Normal,6e56faf99ca3bcacd9076320c5c803bf,kaggle.com/c/rsna-pneumonia-detection-challenge,teste_confirmatorio
COVID-19_Radiography_Dataset/Normal/images/Normal-6.png,Normal,c1ccb40667c7d63a2119f65616dffe5c,kaggle.com/c/rsna-pneumonia-detection-challenge,validacao
COVID-19_Radiography_Dataset/Normal/images/Normal-60.png,Normal,cde4dd7e5f48c72842dea260381d11d1,kaggle.com/c/rsna-pneumonia-detection-challenge,treino
COVID-19_Radiography_Dataset/Normal/images/Normal-6001.png,Normal,77712412da1ee40690d5231cc0dd4dcd,kaggle.com/c/rsna-pneumonia-detection-challenge,teste
COVID-19_Radiography_Dataset/Normal/images/Normal-6015.png,Normal,69bea1e4672470786ceeccf692239f62,kaggle.com/c/rsna-pneumonia-detection-challenge,teste
COVID-19_Radiography_Dataset/Normal/images/Normal-6022.png,Normal,921d26b1a64eadfb427f5e5a8c95f738,kaggle.com/c/rsna-pneumonia-detection-challenge,treino
COVID-19_Radiography_Dataset/Normal/images/Normal-6027.png,Normal,f0d219512237677b3d68f2609b5c0038,kaggle.com/c/rsna-pneumonia-detection-challenge,teste_confirmatorio
COVID-19_Radiography_Dataset/Normal/images/Normal-603.png,Normal,118b8b1bdfacb47e598b978d470ca81e,kaggle.com/c/rsna-pneumonia-detection-challenge,treino
COVID-19_Radiography_Dataset/Normal/images/Normal-6030.png,Normal,2cb3142cee3f5aa320081e4b63551a59,kaggle.com/c/rsna-pneumonia-detection-challenge,treino
COVID-19_Radiography_Dataset/Normal/images/Normal-6040.png,Normal,90a74c0cc3adf80aea40ba97bc8cf271,kaggle.com/c/rsna-pneumonia-detection-challenge,treino
COVID-19_Radiography_Dataset/Normal/images/Normal-6046.png,Normal,d7c44bd1726b3415a5b0ac47d3731b21,kaggle.com/c/rsna-pneumonia-detection-challenge,treino
COVID-19_Radiography_Dataset/Normal/images/Normal-6048.png,Normal,d7c394774f5777ab35b82c827d5ef515,kaggle.com/c/rsna-pneumonia-detection-challenge,treino
COVID-19_Radiography_Dataset/Normal/images/Normal-605.png,Normal,423158220199d4ae4f1331508b3b9098,kaggle.com/c/rsna-pneumonia-detection-challenge,treino
COVID-19_Radiography_Dataset/Normal/images/Normal-606.png,Normal,a8ba2b98a2b53554e5f999dcb19791f0,kaggle.com/c/rsna-pneumonia-detection-challenge,validacao
COVID-19_Radiography_Dataset/Normal/images/Normal-6066.png,Normal,1fd875ef523cee3d717b0dbebdcf816b,kaggle.com/c/rsna-pneumonia-detection-challenge,treino
COVID-19_Radiography_Dataset/Normal/images/Normal-6069.png,Normal,ba5f2d4a05d308d423f0291f2d927c3f,kaggle.com/c/rsna-pneumonia-detection-challenge,treino
COVID-19_Radiography_Dataset/Normal/images/Normal-6076.png,Normal,8f3aab5a6367225f47348e1b425e96be,kaggle.com/c/rsna-pneumonia-detection-challenge,teste
COVID-19_Radiography_Dataset/Normal/images/Normal-6083.png,Normal,9c1eeb60df6eeabe23137901cec45093,kaggle.com/c/rsna-pneumonia-detection-challenge,treino
COVID-19_Radiography_Dataset/Normal/images/Normal-6084.png,Normal,c004b017650da65e1572fdaeafe50ef6,kaggle.com/c/rsna-pneumonia-detection-challenge,teste
COVID-19_Radiography_Dataset/Normal/images/Normal-6096.png,Normal,2aa665537941fb75c76287c2d898ad03,kaggle.com/c/rsna-pneumonia-detection-challenge,treino
COVID-19_Radiography_Dataset/Normal/images/Normal-6097.png,Normal,5ef536c0d2a32af1c3cd07b528781892,kaggle.com/c/rsna-pneumonia-detection-challenge,treino
COVID-19_Radiography_Dataset/Normal/images/Normal-6100.png,Normal,42ef96c6bff09f27404de85da2ea45de,kaggle.com/c/rsna-pneumonia-detection-challenge,teste
COVID-19_Radiography_Dataset/Normal/images/Normal-6102.png,Normal,e8a785d26cdc91084477310c1a64d50d,kaggle.com/c/rsna-pneumonia-detection-challenge,treino
COVID-19_Radiography_Dataset/Normal/images/Normal-6104.png,Normal,8b2689cb8b19f4f4317f123557fcae29,kaggle.com/c/rsna-pneumonia-detection-challenge,treino
COVID-19_Radiography_Dataset/Normal/images/Normal-6106.png,Normal,b4235e5ad47616a279162d94ac4283d0,kaggle.com/c/rsna-pneumonia-detection-challenge,teste
COVID-19_Radiography_Dataset/Normal/images/Normal-6107.png,Normal,3d0ed7722fc66638af2453be66b853c1,kaggle.com/c/rsna-pneumonia-detection-challenge,validacao
COVID-19_Radiography_Dataset/Normal/images/Normal-6122.png,Normal,07aa00b8b5bcd4a5a2414837a0b77f79,kaggle.com/c/rsna-pneumonia-detection-challenge,validacao
COVID-19_Radiography_Dataset/Normal/images/Normal-6124.png,Normal,ef74e95e4fca905717c7023f2e91f99b,kaggle.com/c/rsna-pneumonia-detection-challenge,teste
COVID-19_Radiography_Dataset/Normal/images/Normal-6126.png,Normal,d96e0f7575e09bf385a7453f2c61220d,kaggle.com/c/rsna-pneumonia-detection-challenge,teste_confirmatorio
COVID-19_Radiography_Dataset/Normal/images/Normal-6127.png,Normal,d68f9e11da1fb6e6d6cf92795748139c,kaggle.com/c/rsna-pneumonia-detection-challenge,treino
COVID-19_Radiography_Dataset/Normal/images/Normal-6128.png,Normal,f6582a396e223925cda27d0841b318fd,kaggle.com/c/rsna-pneumonia-detection-challenge,treino
COVID-19_Radiography_Dataset/Normal/images/Normal-6129.png,Normal,485f0800f6db86fd519eeaf69238c993,kaggle.com/c/rsna-pneumonia-detection-challenge,treino
COVID-19_Radiography_Dataset/Normal/images/Normal-6132.png,Normal,e38ab6f20e7a0a39f66ea0bc627570a8,kaggle.com/c/rsna-pneumonia-detection-challenge,treino
COVID-19_Radiography_Dataset/Normal/images/Normal-6136.png,Normal,f647d9b671271cb9a46f343132ccc2f1,kaggle.com/c/rsna-pneumonia-detection-challenge,teste_confirmatorio
COVID-19_Radiography_Dataset/Normal/images/Normal-6137.png,Normal,8c29355cfabee35fbce7d76574da69ba,kaggle.com/c/rsna-pneumonia-detection-challenge,teste
COVID-19_Radiography_Dataset/Normal/images/Normal-6141.png,Normal,091e58208b67e6a93c5f431687edf16c,kaggle.com/c/rsna-pneumonia-detection-challenge,treino
COVID-19_Radiography_Dataset/Normal/images/Normal-6142.png,Normal,b60c928502ef8c26fb36424fdbdad762,kaggle.com/c/rsna-pneumonia-detection-challenge,teste_confirmatorio
COVID-19_Radiography_Dataset/Normal/images/Normal-6145.png,Normal,bc7d5016b364737c68c8bb38c6250d8b,kaggle.com/c/rsna-pneumonia-detection-challenge,validacao
COVID-19_Radiography_Dataset/Normal/images/Normal-6146.png,Normal,3724718112ed6e0338fbbb7391b60412,kaggle.com/c/rsna-pneumonia-detection-challenge,teste_confirmatorio
COVID-19_Radiography_Dataset/Normal/images/Normal-6148.png,Normal,ae79bfbd5b15912a243148c2d3cd78f7,kaggle.com/c/rsna-pneumonia-detection-challenge,treino
COVID-19_Radiography_Dataset/Normal/images/Normal-6149.png,Normal,e8173c02cca359ff1fd819a15cd7b325,kaggle.com/c/rsna-pneumonia-detection-challenge,treino
COVID-19_Radiography_Dataset/Normal/images/Normal-6155.png,Normal,0da13e11bc09e31b95ca6ecfaa537a17,kaggle.com/c/rsna-pneumonia-detection-challenge,validacao
COVID-19_Radiography_Dataset/Normal/images/Normal-6164.png,Normal,e86f579a996bfa5da951cdf9077c75f6,kaggle.com/c/rsna-pneumonia-detection-challenge,treino
COVID-19_Radiography_Dataset/Normal/images/Normal-6175.png,Normal,f369b3c6c84673997277c6b8b3380d76,kaggle.com/c/rsna-pneumonia-detection-challenge,teste_confirmatorio
COVID-19_Radiography_Dataset/Normal/images/Normal-6182.png,Normal,9bf0479ea4973ad0ada1e4d329fb0e5f,kaggle.com/c/rsna-pneumonia-detection-challenge,treino
COVID-19_Radiography_Dataset/Normal/images/Normal-6198.png,Normal,8eeeee65a53fa82580a3203b84faeb7c,kaggle.com/c/rsna-pneumonia-detection-challenge,validacao
COVID-19_Radiography_Dataset/Normal/images/Normal-62.png,Normal,4b663defe17b94aa3cbd085f65863ac2,kaggle.com/c/rsna-pneumonia-detection-challenge,teste
COVID-19_Radiography_Dataset/Normal/images/Normal-6203.png,Normal,4d5cc8820443a46eea53818f447e4a62,kaggle.com/c/rsna-pneumonia-detection-challenge,treino
COVID-19_Radiography_Dataset/Normal/images/Normal-6204.png,Normal,cb4744b66a6a5e6c567687b59bb6e9d4,kaggle.com/c/rsna-pneumonia-detection-challenge,treino
COVID-19_Radiography_Dataset/Normal/images/Normal-6209.png,Normal,7c9f42c175d9c0d2c984e6959de5f9de,kaggle.com/c/rsna-pneumonia-detection-challenge,treino
COVID-19_Radiography_Dataset/Normal/images/Normal-6217.png,Normal,1c6092175fbeaf33541bc5b4f1a8556f,kaggle.com/c/rsna-pneumonia-detection-challenge,teste
COVID-19_Radiography_Dataset/Normal/images/Normal-6224.png,Normal,ef586cc4469114c10f5d0a7e203e5069,kaggle.com/c/rsna-pneumonia-detection-challenge,teste_confirmatorio
COVID-19_Radiography_Dataset/Normal/images/Normal-6227.png,Normal,d5fcda7d18dcd7a26128aa989a963108,kaggle.com/c/rsna-pneumonia-detection-challenge,teste
COVID-19_Radiography_Dataset/Normal/images/Normal-6232.png,Normal,5df4102312ad75b618bacb397f35e820,kaggle.com/c/rsna-pneumonia-detection-challenge,teste_confirmatorio
COVID-19_Radiography_Dataset/Normal/images/Normal-6233.png,Normal,65c34da01b837e34b0fe75c34a7affdd,kaggle.com/c/rsna-pneumonia-detection-challenge,teste_confirmatorio
COVID-19_Radiography_Dataset/Normal/images/Normal-6241.png,Normal,737498bfde898f086728109cf553561b,kaggle.com/c/rsna-pneumonia-detection-challenge,validacao
COVID-19_Radiography_Dataset/Normal/images/Normal-6254.png,Normal,9c2b6a8eb1713abfc0f75a8eae8b4d66,kaggle.com/c/rsna-pneumonia-detection-challenge,teste_confirmatorio
COVID-19_Radiography_Dataset/Normal/images/Normal-6257.png,Normal,906a38e1f46255d1ee4a2e44d8aa4128,kaggle.com/c/rsna-pneumonia-detection-challenge,teste_confirmatorio
COVID-19_Radiography_Dataset/Normal/images/Normal-6267.png,Normal,e13d4b5280b1996d300dddc93d5e152d,kaggle.com/c/rsna-pneumonia-detection-challenge,treino
COVID-19_Radiography_Dataset/Normal/images/Normal-6274.png,Normal,bc73b941c5aa88ef59d7b998a7ff256d,kaggle.com/c/rsna-pneumonia-detection-challenge,treino
COVID-19_Radiography_Dataset/Normal/images/Normal-6275.png,Normal,eec270bbdb6c9706ed7912240429cb90,kaggle.com/c/rsna-pneumonia-detection-challenge,treino
COVID-19_Radiography_Dataset/Normal/images/Normal-6277.png,Normal,1ea1ee1026220a28a8d6da83a5066686,kaggle.com/c/rsna-pneumonia-detection-challenge,treino
COVID-19_Radiography_Dataset/Normal/images/Normal-6278.png,Normal,a2711f02ee1eddb94a88c1a6282a7d6a,kaggle.com/c/rsna-pneumonia-detection-challenge,teste
COVID-19_Radiography_Dataset/Normal/images/Normal-6282.png,Normal,e4078f11880ed2f751dfe07671e8e815,kaggle.com/c/rsna-pneumonia-detection-challenge,teste_confirmatorio
COVID-19_Radiography_Dataset/Normal/images/Normal-6286.png,Normal,a9551fd476f980a7f7990edaa49f1115,kaggle.com/c/rsna-pneumonia-detection-challenge,teste_confirmatorio
COVID-19_Radiography_Dataset/Normal/images/Normal-6287.png,Normal,14436798d44bff38e4053873095aaf2d,kaggle.com/c/rsna-pneumonia-detection-challenge,treino
COVID-19_Radiography_Dataset/Normal/images/Normal-6290.png,Normal,95769c6f1aa84a36afc5281f13e9e02e,kaggle.com/c/rsna-pneumonia-detection-challenge,teste_confirmatorio
COVID-19_Radiography_Dataset/Normal/images/Normal-6299.png,Normal,166104abdaf963222d14d3f29a43d89e,kaggle.com/c/rsna-pneumonia-detection-challenge,validacao
COVID-19_Radiography_Dataset/Normal/images/Normal-6301.png,Normal,5e70ecad9f29bbe14325945d6151db32,kaggle.com/c/rsna-pneumonia-detection-challenge,validacao
COVID-19_Radiography_Dataset/Normal/images/Normal-6302.png,Normal,79f58f39bdc20230b9e340768e7437b9,kaggle.com/c/rsna-pneumonia-detection-challenge,validacao
COVID-19_Radiography_Dataset/Normal/images/Normal-6303.png,Normal,8417b8ac4c9333e761aba78378b96fa0,kaggle.com/c/rsna-pneumonia-detection-challenge,teste
COVID-19_Radiography_Dataset/Normal/images/Normal-6310.png,Normal,b760280c42dd19711a49ee87255fa2cc,kaggle.com/c/rsna-pneumonia-detection-challenge,treino
COVID-19_Radiography_Dataset/Normal/images/Normal-6315.png,Normal,cf50679536458af8ead2f30217ed9d16,kaggle.com/c/rsna-pneumonia-detection-challenge,teste
COVID-19_Radiography_Dataset/Normal/images/Normal-632.png,Normal,ce93c33fc98ee7ba7c6b20f033d90747,kaggle.com/c/rsna-pneumonia-detection-challenge,validacao
COVID-19_Radiography_Dataset/Normal/images/Normal-6322.png,Normal,a20c966b6cad9e1d7663478c46e497c6,kaggle.com/c/rsna-pneumonia-detection-challenge,treino
COVID-19_Radiography_Dataset/Normal/images/Normal-6323.png,Normal,a8f74cad5fa67d387c85753c0d8dde79,kaggle.com/c/rsna-pneumonia-detection-challenge,treino
COVID-19_Radiography_Dataset/Normal/images/Normal-6324.png,Normal,e562bff3b649fec413eceddfc9d3830c,kaggle.com/c/rsna-pneumonia-detection-challenge,teste_confirmatorio
COVID-19_Radiography_Dataset/Normal/images/Normal-6327.png,Normal,a7ae3f9e5d12b91706977f0a0bad5971,kaggle.com/c/rsna-pneumonia-detection-challenge,teste
COVID-19_Radiography_Dataset/Normal/images/Normal-6334.png,Normal,65b9593b975cadf42e69c8f0f49652ba,kaggle.com/c/rsna-pneumonia-detection-challenge,teste_confirmatorio
COVID-19_Radiography_Dataset/Normal/images/Normal-6337.png,Normal,95fe5bc446ac87a600eec0346998693c,kaggle.com/c/rsna-pneumonia-detection-challenge,treino
COVID-19_Radiography_Dataset/Normal/images/Normal-634.png,Normal,791d2d8adb0e4f15a813260cd0a25ad4,kaggle.com/c/rsna-pneumonia-detection-challenge,treino
COVID-19_Radiography_Dataset/Normal/images/Normal-6341.png,Normal,5e72710ea31ab502d2011d29cb4ac0e2,kaggle.com/c/rsna-pneumonia-detection-challenge,teste
COVID-19_Radiography_Dataset/Normal/images/Normal-6342.png,Normal,6b1acfc65df5d3977c07bc589145c418,kaggle.com/c/rsna-pneumonia-detection-challenge,teste_confirmatorio
COVID-19_Radiography_Dataset/Normal/images/Normal-6347.png,Normal,2d7ea32fc37d8e35cecb39e539463c00,kaggle.com/c/rsna-pneumonia-detection-challenge,teste
COVID-19_Radiography_Dataset/Normal/images/Normal-635.png,Normal,5d0ea6632c4aec869eae273f5808f216,kaggle.com/c/rsna-pneumonia-detection-challenge,treino
COVID-19_Radiography_Dataset/Normal/images/Normal-6352.png,Normal,6dcd7ccd152f6fde33726b363fc1ee12,kaggle.com/c/rsna-pneumonia-detection-challenge,teste_confirmatorio
COVID-19_Radiography_Dataset/Normal/images/Normal-6353.png,Normal,8a88659c2f4669536a085bb50662b366,kaggle.com/c/rsna-pneumonia-detection-challenge,treino
COVID-19_Radiography_Dataset/Normal/images/Normal-6354.png,Normal,2e9a1c267ca76b8506d50a3e47a8352d,kaggle.com/c/rsna-pneumonia-detection-challenge,treino
COVID-19_Radiography_Dataset/Normal/images/Normal-6355.png,Normal,74d4f98c222702608f856f0b8ef67b6e,kaggle.com/c/rsna-pneumonia-detection-challenge,treino
COVID-19_Radiography_Dataset/Normal/images/Normal-6375.png,Normal,f4c287504fef19ad6b089ffa86453ccf,kaggle.com/c/rsna-pneumonia-detection-challenge,teste_confirmatorio
COVID-19_Radiography_Dataset/Normal/images/Normal-6382.png,Normal,08c24bbea56fa53eb9aeb973435d0575,kaggle.com/c/rsna-pneumonia-detection-challenge,teste_confirmatorio
COVID-19_Radiography_Dataset/Normal/images/Normal-6384.png,Normal,f1e889e2684411c78ed28c0f8a6518df,kaggle.com/c/rsna-pneumonia-detection-challenge,treino
COVID-19_Radiography_Dataset/Normal/images/Normal-6386.png,Normal,fa684ef3eb7028b0d4beeb512a2e4da7,kaggle.com/c/rsna-pneumonia-detection-challenge,teste_confirmatorio
COVID-19_Radiography_Dataset/Normal/images/Normal-6387.png,Normal,7cbe65313956fb23e12df30df438d128,kaggle.com/c/rsna-pneumonia-detection-challenge,treino
COVID-19_Radiography_Dataset/Normal/images/Normal-6393.png,Normal,5a5cc784cfcf794e65801c98811b0462,kaggle.com/c/rsna-pneumonia-detection-challenge,treino
COVID-19_Radiography_Dataset/Normal/images/Normal-6398.png,Normal,a05ad941815e4bf7dfb835fa22190e16,kaggle.com/c/rsna-pneumonia-detection-challenge,treino
COVID-19_Radiography_Dataset/Normal/images/Normal-640.png,Normal,cf76f0ce26f639651e2107b546d4617a,kaggle.com/c/rsna-pneumonia-detection-challenge,teste_confirmatorio
COVID-19_Radiography_Dataset/Normal/images/Normal-6401.png,Normal,a68bb5e4332836898ed9c3ced7dc2f96,kaggle.com/c/rsna-pneumonia-detection-challenge,teste
COVID-19_Radiography_Dataset/Normal/images/Normal-6407.png,Normal,cbdfd195dcba3ceb1c48171728795700,kaggle.com/c/rsna-pneumonia-detection-challenge,treino
COVID-19_Radiography_Dataset/Normal/images/Normal-6410.png,Normal,6961f23d3e4a32812d684a93b48956fd,kaggle.com/c/rsna-pneumonia-detection-challenge,teste
COVID-19_Radiography_Dataset/Normal/images/Normal-6414.png,Normal,53fbf7c665c09ccfbd59b854863227a4,kaggle.com/c/rsna-pneumonia-detection-challenge,validacao
COVID-19_Radiography_Dataset/Normal/images/Normal-6418.png,Normal,02c7174e3cab942dd30312435aec9354,kaggle.com/c/rsna-pneumonia-detection-challenge,teste
COVID-19_Radiography_Dataset/Normal/images/Normal-6420.png,Normal,b2bec683a2c125cf704c8d2066245bf6,kaggle.com/c/rsna-pneumonia-detection-challenge,teste_confirmatorio
COVID-19_Radiography_Dataset/Normal/images/Normal-6422.png,Normal,0bbff3c08ca5e60d6218df76c8302a28,kaggle.com/c/rsna-pneumonia-detection-challenge,teste_confirmatorio
COVID-19_Radiography_Dataset/Normal/images/Normal-6428.png,Normal,17e96a7e89904a41bcb560b58418f826,kaggle.com/c/rsna-pneumonia-detection-challenge,teste
COVID-19_Radiography_Dataset/Normal/images/Normal-643.png,Normal,63cbb599bb318cd522667f6dafbb8248,kaggle.com/c/rsna-pneumonia-detection-challenge,teste_confirmatorio
COVID-19_Radiography_Dataset/Normal/images/Normal-6431.png,Normal,03028777c0de33cf6d3365dd86bf3a65,kaggle.com/c/rsna-pneumonia-detection-challenge,teste_confirmatorio
COVID-19_Radiography_Dataset/Normal/images/Normal-6441.png,Normal,ed56d07d9bf9d7ceed7deda4085e598e,kaggle.com/c/rsna-pneumonia-detection-challenge,treino
COVID-19_Radiography_Dataset/Normal/images/Normal-6444.png,Normal,51b881fd97a02521b148471080f262dc,kaggle.com/c/rsna-pneumonia-detection-challenge,teste_confirmatorio
COVID-19_Radiography_Dataset/Normal/images/Normal-6451.png,Normal,acaf38265231b513f6939afc14064be8,kaggle.com/c/rsna-pneumonia-detection-challenge,treino
COVID-19_Radiography_Dataset/Normal/images/Normal-6452.png,Normal,d13f40d26a47fc472a42b24b6cdfe3ff,kaggle.com/c/rsna-pneumonia-detection-challenge,teste
COVID-19_Radiography_Dataset/Normal/images/Normal-6454.png,Normal,ff62adb597f8fb42dad601af56d16ca6,kaggle.com/c/rsna-pneumonia-detection-challenge,treino
COVID-19_Radiography_Dataset/Normal/images/Normal-6456.png,Normal,6d99567ccaaa766f2244d4ebc100ff13,kaggle.com/c/rsna-pneumonia-detection-challenge,treino
COVID-19_Radiography_Dataset/Normal/images/Normal-6462.png,Normal,df480b58e6e476de3a1c79d6d8d84070,kaggle.com/c/rsna-pneumonia-detection-challenge,validacao
COVID-19_Radiography_Dataset/Normal/images/Normal-6464.png,Normal,cfaf9185a74cd72b8fa77d2e8969ca37,kaggle.com/c/rsna-pneumonia-detection-challenge,teste_confirmatorio
COVID-19_Radiography_Dataset/Normal/images/Normal-6473.png,Normal,a18155cc55ba414bd5b1491eb73d47e7,kaggle.com/c/rsna-pneumonia-detection-challenge,teste_confirmatorio
COVID-19_Radiography_Dataset/Normal/images/Normal-6483.png,Normal,bb3f1a07a6c00ca5778381a652cca9cc,kaggle.com/c/rsna-pneumonia-detection-challenge,teste_confirmatorio
COVID-19_Radiography_Dataset/Normal/images/Normal-6485.png,Normal,01c753c95a8c6b923c8eab354645d700,kaggle.com/c/rsna-pneumonia-detection-challenge,treino
COVID-19_Radiography_Dataset/Normal/images/Normal-6487.png,Normal,196f9b5314eea0a0773bda8e7c1368ab,kaggle.com/c/rsna-pneumonia-detection-challenge,teste_confirmatorio
COVID-19_Radiography_Dataset/Normal/images/Normal-649.png,Normal,e27dcd884aa20fc44b66b1e587219f26,kaggle.com/c/rsna-pneumonia-detection-challenge,treino
COVID-19_Radiography_Dataset/Normal/images/Normal-6493.png,Normal,859d585439da2f813fd81425544d6486,kaggle.com/c/rsna-pneumonia-detection-challenge,validacao
COVID-19_Radiography_Dataset/Normal/images/Normal-6505.png,Normal,26844c7f2e152a19fc948577532963c5,kaggle.com/c/rsna-pneumonia-detection-challenge,treino
COVID-19_Radiography_Dataset/Normal/images/Normal-6508.png,Normal,01a339327b2d4d17718ead24cd91b9c9,kaggle.com/c/rsna-pneumonia-detection-challenge,treino
COVID-19_Radiography_Dataset/Normal/images/Normal-6512.png,Normal,40042be6de3ce477712a9951ababe1cd,kaggle.com/c/rsna-pneumonia-detection-challenge,teste_confirmatorio
COVID-19_Radiography_Dataset/Normal/images/Normal-6513.png,Normal,33f933d6961d738071d6f7e341c96dfb,kaggle.com/c/rsna-pneumonia-detection-challenge,teste
COVID-19_Radiography_Dataset/Normal/images/Normal-652.png,Normal,a62ed7eb97c116438df977ccf89c48b4,kaggle.com/c/rsna-pneumonia-detection-challenge,teste_confirmatorio
COVID-19_Radiography_Dataset/Normal/images/Normal-6520.png,Normal,0357cab6da2acf107d6efc2e05dbb604,kaggle.com/c/rsna-pneumonia-detection-challenge,treino
COVID-19_Radiography_Dataset/Normal/images/Normal-6525.png,Normal,3ebe9986479b51f8f0651c58a6ccd4f4,kaggle.com/c/rsna-pneumonia-detection-challenge,teste_confirmatorio
COVID-19_Radiography_Dataset/Normal/images/Normal-6531.png,Normal,4283cdf477dbc7c8d0e20300a5292d3a,kaggle.com/c/rsna-pneumonia-detection-challenge,teste
COVID-19_Radiography_Dataset/Normal/images/Normal-6532.png,Normal,579ee69f4e34c6a5407b6d012ea8c098,kaggle.com/c/rsna-pneumonia-detection-challenge,treino
COVID-19_Radiography_Dataset/Normal/images/Normal-6538.png,Normal,a4551c12bcf3b283d5b26a34791f42ca,kaggle.com/c/rsna-pneumonia-detection-challenge,validacao
COVID-19_Radiography_Dataset/Normal/images/Normal-6542.png,Normal,950d24d7c9e2986103ecd87c5006de75,kaggle.com/c/rsna-pneumonia-detection-challenge,teste
COVID-19_Radiography_Dataset/Normal/images/Normal-655.png,Normal,d0812bbe5f49c0138ce17a7bf553b6a5,kaggle.com/c/rsna-pneumonia-detection-challenge,teste
COVID-19_Radiography_Dataset/Normal/images/Normal-6556.png,Normal,9d9ccc098b47a77910e2e91ea34857d7,kaggle.com/c/rsna-pneumonia-detection-challenge,treino
COVID-19_Radiography_Dataset/Normal/images/Normal-6559.png,Normal,3b30500786ba30dbb47bf5639f8c6ac7,kaggle.com/c/rsna-pneumonia-detection-challenge,teste_confirmatorio
COVID-19_Radiography_Dataset/Normal/images/Normal-6560.png,Normal,ba4de4dec819e99abb63b252231c98f8,kaggle.com/c/rsna-pneumonia-detection-challenge,validacao
COVID-19_Radiography_Dataset/Normal/images/Normal-6563.png,Normal,5d2d98c56b90f42c4caf08cb2f675f83,kaggle.com/c/rsna-pneumonia-detection-challenge,teste_confirmatorio
COVID-19_Radiography_Dataset/Normal/images/Normal-6568.png,Normal,03119808afc309e935f3631ae68ab9de,kaggle.com/c/rsna-pneumonia-detection-challenge,treino
COVID-19_Radiography_Dataset/Normal/images/Normal-657.png,Normal,8721bdf9a42376f97b5ed5b6908188e8,kaggle.com/c/rsna-pneumonia-detection-challenge,treino
COVID-19_Radiography_Dataset/Normal/images/Normal-6573.png,Normal,7eb40f50e71f8db43b41fb89a2f6f3e1,kaggle.com/c/rsna-pneumonia-detection-challenge,validacao
COVID-19_Radiography_Dataset/Normal/images/Normal-6576.png,Normal,33693350cdb35ffcbcdd1f39ec5e8ce4,kaggle.com/c/rsna-pneumonia-detection-challenge,treino
COVID-19_Radiography_Dataset/Normal/images/Normal-658.png,Normal,4936e54b64f86232d08a1f26e76cef65,kaggle.com/c/rsna-pneumonia-detection-challenge,treino
COVID-19_Radiography_Dataset/Normal/images/Normal-6581.png,Normal,0089c3aed61bb3fe95c455d869cb04ab,kaggle.com/c/rsna-pneumonia-detection-challenge,teste
COVID-19_Radiography_Dataset/Normal/images/Normal-6590.png,Normal,03c24a492f83ccfa34e80b382ce01741,kaggle.com/c/rsna-pneumonia-detection-challenge,teste
COVID-19_Radiography_Dataset/Normal/images/Normal-6597.png,Normal,a1de4b3e81f0caddc3d351cc76690b03,kaggle.com/c/rsna-pneumonia-detection-challenge,teste
COVID-19_Radiography_Dataset/Normal/images/Normal-6608.png,Normal,a42ce34a2fcca13f78557eaebe72eb48,kaggle.com/c/rsna-pneumonia-detection-challenge,treino
COVID-19_Radiography_Dataset/Normal/images/Normal-6620.png,Normal,3e5036671d22dd46281fa7a8e1025f44,kaggle.com/c/rsna-pneumonia-detection-challenge,teste_confirmatorio
COVID-19_Radiography_Dataset/Normal/images/Normal-6628.png,Normal,7cd6839c4b9e63edf66c01e863797385,kaggle.com/c/rsna-pneumonia-detection-challenge,teste
COVID-19_Radiography_Dataset/Normal/images/Normal-6632.png,Normal,51c608dfd56c51da69f9d9a3af841f6f,kaggle.com/c/rsna-pneumonia-detection-challenge,treino
COVID-19_Radiography_Dataset/Normal/images/Normal-6633.png,Normal,41d6d3bdc501ad71d466ed8f40ae3035,kaggle.com/c/rsna-pneumonia-detection-challenge,teste
COVID-19_Radiography_Dataset/Normal/images/Normal-6635.png,Normal,3af8ddebaec158e26d70be3ad67d6d52,kaggle.com/c/rsna-pneumonia-detection-challenge,validacao
COVID-19_Radiography_Dataset/Normal/images/Normal-664.png,Normal,211c51cb5e32a1cd70be43104ba59aee,kaggle.com/c/rsna-pneumonia-detection-challenge,teste
COVID-19_Radiography_Dataset/Normal/images/Normal-6640.png,Normal,562a9952796cad35c3a66026514f3221,kaggle.com/c/rsna-pneumonia-detection-challenge,validacao
COVID-19_Radiography_Dataset/Normal/images/Normal-6641.png,Normal,748690a4f448c4287e66e1582c2d8b98,kaggle.com/c/rsna-pneumonia-detection-challenge,treino
COVID-19_Radiography_Dataset/Normal/images/Normal-6646.png,Normal,274bd43aaefbb5da918559be2468ca38,kaggle.com/c/rsna-pneumonia-detection-challenge,teste
COVID-19_Radiography_Dataset/Normal/images/Normal-6649.png,Normal,85549786b961b08e5bf5a26beb7965e6,kaggle.com/c/rsna-pneumonia-detection-challenge,treino
COVID-19_Radiography_Dataset/Normal/images/Normal-6655.png,Normal,dbdac0eea12db343adc964ac51943ac4,kaggle.com/c/rsna-pneumonia-detection-challenge,teste_confirmatorio
COVID-19_Radiography_Dataset/Normal/images/Normal-6660.png,Normal,e812f74b4f3e8e33d4e5d578c3bbc5b1,kaggle.com/c/rsna-pneumonia-detection-challenge,teste_confirmatorio
COVID-19_Radiography_Dataset/Normal/images/Normal-6665.png,Normal,15c14cd4fb1ba368ff6ba5e04f83ac70,kaggle.com/c/rsna-pneumonia-detection-challenge,teste_confirmatorio
COVID-19_Radiography_Dataset/Normal/images/Normal-6668.png,Normal,23b28be0fe0c87349a0e8451a579bcfc,kaggle.com/c/rsna-pneumonia-detection-challenge,teste
COVID-19_Radiography_Dataset/Normal/images/Normal-6675.png,Normal,861f0aec1ac62190358e25bfe364ab46,kaggle.com/c/rsna-pneumonia-detection-challenge,treino
COVID-19_Radiography_Dataset/Normal/images/Normal-6679.png,Normal,c3705e3cac83cc21c3d952eeb3a9ce34,kaggle.com/c/rsna-pneumonia-detection-challenge,teste
COVID-19_Radiography_Dataset/Normal/images/Normal-6689.png,Normal,3522285b6651a70c7e2e199efe63ac4c,kaggle.com/c/rsna-pneumonia-detection-challenge,treino
COVID-19_Radiography_Dataset/Normal/images/Normal-6690.png,Normal,918c9c91a5490acffa308708c083df4a,kaggle.com/c/rsna-pneumonia-detection-challenge,treino
COVID-19_Radiography_Dataset/Normal/images/Normal-6694.png,Normal,25a49a1409c5b1522741a095476111eb,kaggle.com/c/rsna-pneumonia-detection-challenge,treino
COVID-19_Radiography_Dataset/Normal/images/Normal-6695.png,Normal,67bacf5d2ac9f07dc10573d25fee2350,kaggle.com/c/rsna-pneumonia-detection-challenge,treino
COVID-19_Radiography_Dataset/Normal/images/Normal-6699.png,Normal,8961c8fb41ff9dcc2076ec07dee49b91,kaggle.com/c/rsna-pneumonia-detection-challenge,teste
COVID-19_Radiography_Dataset/Normal/images/Normal-6702.png,Normal,9c45687a0b8d513f37c5c917d2bb8fe3,kaggle.com/c/rsna-pneumonia-detection-challenge,treino
COVID-19_Radiography_Dataset/Normal/images/Normal-6705.png,Normal,3882e406151ba2c95194b29986903deb,kaggle.com/c/rsna-pneumonia-detection-challenge,validacao
COVID-19_Radiography_Dataset/Normal/images/Normal-671.png,Normal,931d76e2c74a0346643a71ab6d836512,kaggle.com/c/rsna-pneumonia-detection-challenge,teste
COVID-19_Radiography_Dataset/Normal/images/Normal-6710.png,Normal,ec8b24d84c899c957d6fa7aa778e22d2,kaggle.com/c/rsna-pneumonia-detection-challenge,validacao
COVID-19_Radiography_Dataset/Normal/images/Normal-6711.png,Normal,f9fdcf9337b8ecee753cf0136da77fb6,kaggle.com/c/rsna-pneumonia-detection-challenge,treino
COVID-19_Radiography_Dataset/Normal/images/Normal-6721.png,Normal,68f30a940701f25ff6f08878c09845dc,kaggle.com/c/rsna-pneumonia-detection-challenge,teste_confirmatorio
COVID-19_Radiography_Dataset/Normal/images/Normal-6722.png,Normal,2568d3dd193591478b55f427ed8230ea,kaggle.com/c/rsna-pneumonia-detection-challenge,treino
COVID-19_Radiography_Dataset/Normal/images/Normal-6743.png,Normal,05dc14075e8f0ec37c3a30a573b39244,kaggle.com/c/rsna-pneumonia-detection-challenge,validacao
COVID-19_Radiography_Dataset/Normal/images/Normal-6744.png,Normal,d9f1daee0fdf3930c6fb0b2f5f2d3eb8,kaggle.com/c/rsna-pneumonia-detection-challenge,teste
COVID-19_Radiography_Dataset/Normal/images/Normal-6747.png,Normal,15086874b796528dbf0d6432d3c9e3e2,kaggle.com/c/rsna-pneumonia-detection-challenge,teste_confirmatorio
COVID-19_Radiography_Dataset/Normal/images/Normal-6749.png,Normal,fe2dcd60e6768d2724a1ddb2f9d685b8,kaggle.com/c/rsna-pneumonia-detection-challenge,teste
COVID-19_Radiography_Dataset/Normal/images/Normal-675.png,Normal,d8e747633a134a98cf629b77f4d33133,kaggle.com/c/rsna-pneumonia-detection-challenge,teste_confirmatorio
COVID-19_Radiography_Dataset/Normal/images/Normal-6762.png,Normal,18c5c291d524246ae614b468d2cddc86,kaggle.com/c/rsna-pneumonia-detection-challenge,treino
COVID-19_Radiography_Dataset/Normal/images/Normal-6767.png,Normal,f7bef1587fe4febec588ba94a91ada94,kaggle.com/c/rsna-pneumonia-detection-challenge,teste_confirmatorio
COVID-19_Radiography_Dataset/Normal/images/Normal-6769.png,Normal,d6def8a6796a7ea2455b07e5294b563a,kaggle.com/c/rsna-pneumonia-detection-challenge,validacao
COVID-19_Radiography_Dataset/Normal/images/Normal-677.png,Normal,2515a2fc393399462a887341fa4cfad6,kaggle.com/c/rsna-pneumonia-detection-challenge,teste
COVID-19_Radiography_Dataset/Normal/images/Normal-6775.png,Normal,57a69b1d90e189c28d9bc2dace05d8ca,kaggle.com/c/rsna-pneumonia-detection-challenge,treino
COVID-19_Radiography_Dataset/Normal/images/Normal-6777.png,Normal,ead7adc7681195134f82bc578bf4a4c0,kaggle.com/c/rsna-pneumonia-detection-challenge,validacao
COVID-19_Radiography_Dataset/Normal/images/Normal-6779.png,Normal,e2315efaa6cc96cbc1f3d1f46c127cc6,kaggle.com/c/rsna-pneumonia-detection-challenge,teste_confirmatorio
COVID-19_Radiography_Dataset/Normal/images/Normal-6781.png,Normal,59dc31afc432d49e94131aa2a5c45a43,kaggle.com/c/rsna-pneumonia-detection-challenge,validacao
COVID-19_Radiography_Dataset/Normal/images/Normal-6784.png,Normal,774b6016cdc57cd3290603ceec4f86ad,kaggle.com/c/rsna-pneumonia-detection-challenge,teste_confirmatorio
COVID-19_Radiography_Dataset/Normal/images/Normal-6789.png,Normal,08db7d0d80aa64f007e3e331412d1f41,kaggle.com/c/rsna-pneumonia-detection-challenge,teste_confirmatorio
COVID-19_Radiography_Dataset/Normal/images/Normal-6798.png,Normal,30d0d23c55e26917390f0312e353dc9d,kaggle.com/c/rsna-pneumonia-detection-challenge,teste_confirmatorio
COVID-19_Radiography_Dataset/Normal/images/Normal-6801.png,Normal,c760dc6ba2c6655e89434164991d4a86,kaggle.com/c/rsna-pneumonia-detection-challenge,teste_confirmatorio
COVID-19_Radiography_Dataset/Normal/images/Normal-6804.png,Normal,8f7d159392752d1e1a39cc5296f5feb5,kaggle.com/c/rsna-pneumonia-detection-challenge,validacao
COVID-19_Radiography_Dataset/Normal/images/Normal-6805.png,Normal,652772653184a56c8c8620b3b98ab740,kaggle.com/c/rsna-pneumonia-detection-challenge,teste_confirmatorio
COVID-19_Radiography_Dataset/Normal/images/Normal-6809.png,Normal,e9d3b2748b955737274269c3b2c0d9d0,kaggle.com/c/rsna-pneumonia-detection-challenge,treino
COVID-19_Radiography_Dataset/Normal/images/Normal-681.png,Normal,20053cfda6b34bb78ec4ffc967acbf34,kaggle.com/c/rsna-pneumonia-detection-challenge,treino
COVID-19_Radiography_Dataset/Normal/images/Normal-6814.png,Normal,ef7846e9e7102ae36f28ea9e16386da9,kaggle.com/c/rsna-pneumonia-detection-challenge,validacao
COVID-19_Radiography_Dataset/Normal/images/Normal-6816.png,Normal,c9a203f2c46055d774cd885e71227bad,kaggle.com/c/rsna-pneumonia-detection-challenge,teste
COVID-19_Radiography_Dataset/Normal/images/Normal-6820.png,Normal,428c06192a0686490e423fbb4d830efe,kaggle.com/c/rsna-pneumonia-detection-challenge,treino
COVID-19_Radiography_Dataset/Normal/images/Normal-6823.png,Normal,d8a882727c0cab00e5868758da0d7516,kaggle.com/c/rsna-pneumonia-detection-challenge,treino
COVID-19_Radiography_Dataset/Normal/images/Normal-6825.png,Normal,83f614d14b268d24ca7ee946897d357d,kaggle.com/c/rsna-pneumonia-detection-challenge,teste
COVID-19_Radiography_Dataset/Normal/images/Normal-6826.png,Normal,d2933a606da09291d3c374e5e18c582a,kaggle.com/c/rsna-pneumonia-detection-challenge,treino
COVID-19_Radiography_Dataset/Normal/images/Normal-6828.png,Normal,e04fcf55ce0c96fdbee779b191ba6f01,kaggle.com/c/rsna-pneumonia-detection-challenge,teste
COVID-19_Radiography_Dataset/Normal/images/Normal-6830.png,Normal,e581cc1adaa8189b39550b0ac149d614,kaggle.com/c/rsna-pneumonia-detection-challenge,validacao
COVID-19_Radiography_Dataset/Normal/images/Normal-6831.png,Normal,613f7bd4815ddf54a9c459f3e14365cf,kaggle.com/c/rsna-pneumonia-detection-challenge,validacao
COVID-19_Radiography_Dataset/Normal/images/Normal-6836.png,Normal,dbcea162bc1d74fe269127d64e311f54,kaggle.com/c/rsna-pneumonia-detection-challenge,treino
COVID-19_Radiography_Dataset/Normal/images/Normal-6842.png,Normal,e254cb66f2ce659d4575855ae9ca7777,kaggle.com/c/rsna-pneumonia-detection-challenge,teste_confirmatorio
COVID-19_Radiography_Dataset/Normal/images/Normal-685.png,Normal,9070b826bdc60e33b0017a6904d52821,kaggle.com/c/rsna-pneumonia-detection-challenge,teste
COVID-19_Radiography_Dataset/Normal/images/Normal-6853.png,Normal,98fae62948cc53b3f3dfc32186f05435,kaggle.com/c/rsna-pneumonia-detection-challenge,teste_confirmatorio
COVID-19_Radiography_Dataset/Normal/images/Normal-6856.png,Normal,761683d2240092bda89d15967ccb6ae0,kaggle.com/c/rsna-pneumonia-detection-challenge,teste_confirmatorio
COVID-19_Radiography_Dataset/Normal/images/Normal-6859.png,Normal,91718cbb5749271b83da22deff487a18,kaggle.com/c/rsna-pneumonia-detection-challenge,validacao
COVID-19_Radiography_Dataset/Normal/images/Normal-6860.png,Normal,8f66f4c8c220ef487d564eee33852bc1,kaggle.com/c/rsna-pneumonia-detection-challenge,treino
COVID-19_Radiography_Dataset/Normal/images/Normal-6868.png,Normal,8ee7ab9749755807210616f2314f8cf1,kaggle.com/c/rsna-pneumonia-detection-challenge,treino
COVID-19_Radiography_Dataset/Normal/images/Normal-6869.png,Normal,d2b06434d0048ecb61344ed7be614a72,kaggle.com/c/rsna-pneumonia-detection-challenge,validacao
COVID-19_Radiography_Dataset/Normal/images/Normal-687.png,Normal,f1db2446b8f23b72122c0412d4752ea6,kaggle.com/c/rsna-pneumonia-detection-challenge,validacao
COVID-19_Radiography_Dataset/Normal/images/Normal-6872.png,Normal,5d060da9b251c72b6c215c4195c691cf,kaggle.com/c/rsna-pneumonia-detection-challenge,teste
COVID-19_Radiography_Dataset/Normal/images/Normal-6879.png,Normal,3d12d2d07adbf7a8e02707c8df483bef,kaggle.com/c/rsna-pneumonia-detection-challenge,treino
COVID-19_Radiography_Dataset/Normal/images/Normal-6884.png,Normal,9fc26c53dbad50c53a8bdbee07cf0a77,kaggle.com/c/rsna-pneumonia-detection-challenge,teste
COVID-19_Radiography_Dataset/Normal/images/Normal-689.png,Normal,2eb38564931f73a2551edb22ef7ecaa8,kaggle.com/c/rsna-pneumonia-detection-challenge,validacao
COVID-19_Radiography_Dataset/Normal/images/Normal-6890.png,Normal,6481ffee0f8cc374d40493d289b0252e,kaggle.com/c/rsna-pneumonia-detection-challenge,treino
COVID-19_Radiography_Dataset/Normal/images/Normal-6891.png,Normal,c409d28b96ef030c02b3fe8dcadd2745,kaggle.com/c/rsna-pneumonia-detection-challenge,teste
COVID-19_Radiography_Dataset/Normal/images/Normal-6892.png,Normal,c86b1239b2bd52362862930c79762a48,kaggle.com/c/rsna-pneumonia-detection-challenge,teste
COVID-19_Radiography_Dataset/Normal/images/Normal-6893.png,Normal,959a039e996cd3b072a5e87f6dba44b0,kaggle.com/c/rsna-pneumonia-detection-challenge,teste_confirmatorio
COVID-19_Radiography_Dataset/Normal/images/Normal-6896.png,Normal,f2c2773655e760235b44cdf12ad7be8b,kaggle.com/c/rsna-pneumonia-detection-challenge,treino
COVID-19_Radiography_Dataset/Normal/images/Normal-690.png,Normal,31bfb86c7c7604d0a36457a4ff7d1155,kaggle.com/c/rsna-pneumonia-detection-challenge,teste_confirmatorio
COVID-19_Radiography_Dataset/Normal/images/Normal-6901.png,Normal,f27a9b4c6b6d1caca166ce29f3f5ff64,kaggle.com/c/rsna-pneumonia-detection-challenge,teste_confirmatorio
COVID-19_Radiography_Dataset/Normal/images/Normal-6902.png,Normal,624522953699fa21a46b597e1c86d9f1,kaggle.com/c/rsna-pneumonia-detection-challenge,treino
COVID-19_Radiography_Dataset/Normal/images/Normal-6911.png,Normal,41ed8f5adbe7027e6cddbf5324096c1d,kaggle.com/c/rsna-pneumonia-detection-challenge,treino
COVID-19_Radiography_Dataset/Normal/images/Normal-6915.png,Normal,41f687f001189509bf3afec6d389db4c,kaggle.com/c/rsna-pneumonia-detection-challenge,treino
COVID-19_Radiography_Dataset/Normal/images/Normal-6920.png,Normal,b89071862792505a6bd5e88ecbff3d68,kaggle.com/c/rsna-pneumonia-detection-challenge,validacao
COVID-19_Radiography_Dataset/Normal/images/Normal-6921.png,Normal,0caf21c7f81dc71978241adbe6f3103a,kaggle.com/c/rsna-pneumonia-detection-challenge,treino
COVID-19_Radiography_Dataset/Normal/images/Normal-6928.png,Normal,e9c01210ad4d99abfd99301d143748ac,kaggle.com/c/rsna-pneumonia-detection-challenge,treino
COVID-19_Radiography_Dataset/Normal/images/Normal-6930.png,Normal,8117c5867964f9ce25023deb248680e9,kaggle.com/c/rsna-pneumonia-detection-challenge,teste
COVID-19_Radiography_Dataset/Normal/images/Normal-6939.png,Normal,9e5318f1a0804c469dc445f0c7eaa3f8,kaggle.com/c/rsna-pneumonia-detection-challenge,teste_confirmatorio
COVID-19_Radiography_Dataset/Normal/images/Normal-6940.png,Normal,6413a4e811695741a4bcf5e33a72f8f7,kaggle.com/c/rsna-pneumonia-detection-challenge,treino
COVID-19_Radiography_Dataset/Normal/images/Normal-6947.png,Normal,548286371a69557d3a70243f2f737183,kaggle.com/c/rsna-pneumonia-detection-challenge,treino
COVID-19_Radiography_Dataset/Normal/images/Normal-6951.png,Normal,eb0ee2cce833eb3890ee40db121eb7fd,kaggle.com/c/rsna-pneumonia-detection-challenge,treino
COVID-19_Radiography_Dataset/Normal/images/Normal-6952.png,Normal,3be40538d1f332c228771a36f28daae6,kaggle.com/c/rsna-pneumonia-detection-challenge,treino
COVID-19_Radiography_Dataset/Normal/images/Normal-6953.png,Normal,3fbe769b235a0d8e5ae5854c7a055f4a,kaggle.com/c/rsna-pneumonia-detection-challenge,teste
COVID-19_Radiography_Dataset/Normal/images/Normal-6964.png,Normal,cf03c03212f87e17b55170a4ad8bb05d,kaggle.com/c/rsna-pneumonia-detection-challenge,treino
COVID-19_Radiography_Dataset/Normal/images/Normal-6967.png,Normal,6b7e31ce0b21c518297a4b3e6959a018,kaggle.com/c/rsna-pneumonia-detection-challenge,teste
COVID-19_Radiography_Dataset/Normal/images/Normal-697.png,Normal,567aa165c63069c7855ca4c027e7770a,kaggle.com/c/rsna-pneumonia-detection-challenge,teste_confirmatorio
COVID-19_Radiography_Dataset/Normal/images/Normal-6974.png,Normal,41da1cb7dd32a4a5c9da4398d60d2d39,kaggle.com/c/rsna-pneumonia-detection-challenge,teste
COVID-19_Radiography_Dataset/Normal/images/Normal-6978.png,Normal,2d623c6939b04cd2a00416c6578185c2,kaggle.com/c/rsna-pneumonia-detection-challenge,teste_confirmatorio
COVID-19_Radiography_Dataset/Normal/images/Normal-6979.png,Normal,1225c764d060b225b58c0c01c3ab55ab,kaggle.com/c/rsna-pneumonia-detection-challenge,teste_confirmatorio
COVID-19_Radiography_Dataset/Normal/images/Normal-6993.png,Normal,06086d213b6d3aa45044d26975534055,kaggle.com/c/rsna-pneumonia-detection-challenge,teste
COVID-19_Radiography_Dataset/Normal/images/Normal-7007.png,Normal,4557ffb82ea7273a483dfe20c7902e8f,kaggle.com/c/rsna-pneumonia-detection-challenge,teste
COVID-19_Radiography_Dataset/Normal/images/Normal-7013.png,Normal,6093db1f56d0b7340a417350c1e17d3b,kaggle.com/c/rsna-pneumonia-detection-challenge,validacao
COVID-19_Radiography_Dataset/Normal/images/Normal-7015.png,Normal,c4e943d1605ef9976d16a325d15242fd,kaggle.com/c/rsna-pneumonia-detection-challenge,teste_confirmatorio
COVID-19_Radiography_Dataset/Normal/images/Normal-702.png,Normal,3f20f2b6e71847019ae7f7d8037d101b,kaggle.com/c/rsna-pneumonia-detection-challenge,teste
COVID-19_Radiography_Dataset/Normal/images/Normal-7021.png,Normal,d1f6b017777521fb9cc294a4bdadd3d0,kaggle.com/c/rsna-pneumonia-detection-challenge,teste_confirmatorio
COVID-19_Radiography_Dataset/Normal/images/Normal-7022.png,Normal,2ca2a4774cb42ab083002f395e729acb,kaggle.com/c/rsna-pneumonia-detection-challenge,teste_confirmatorio
COVID-19_Radiography_Dataset/Normal/images/Normal-7023.png,Normal,f0d6de605d68695131d0c703982854a9,kaggle.com/c/rsna-pneumonia-detection-challenge,validacao
COVID-19_Radiography_Dataset/Normal/images/Normal-7048.png,Normal,40edfd48da65a063f867e8fd60ffd4a1,kaggle.com/c/rsna-pneumonia-detection-challenge,validacao
COVID-19_Radiography_Dataset/Normal/images/Normal-7056.png,Normal,6627796ffd195aec0c5b1cc5af0a2ab7,kaggle.com/c/rsna-pneumonia-detection-challenge,treino
COVID-19_Radiography_Dataset/Normal/images/Normal-7057.png,Normal,78d4adc491ee7071c542791acff472e8,kaggle.com/c/rsna-pneumonia-detection-challenge,treino
COVID-19_Radiography_Dataset/Normal/images/Normal-7061.png,Normal,25e4b1c3b91a3661e1efc2c005263f83,kaggle.com/c/rsna-pneumonia-detection-challenge,teste_confirmatorio
COVID-19_Radiography_Dataset/Normal/images/Normal-7065.png,Normal,16d4138f5440c31d8d92bbc4a358a128,kaggle.com/c/rsna-pneumonia-detection-challenge,treino
COVID-19_Radiography_Dataset/Normal/images/Normal-7067.png,Normal,7a925206e20606293891b800b8cd4993,kaggle.com/c/rsna-pneumonia-detection-challenge,teste_confirmatorio
COVID-19_Radiography_Dataset/Normal/images/Normal-7068.png,Normal,4e3dbb5f334619d6907dd05b6a387ab1,kaggle.com/c/rsna-pneumonia-detection-challenge,teste_confirmatorio
COVID-19_Radiography_Dataset/Normal/images/Normal-7071.png,Normal,e2c07a9728bedd2d2cc9363d7df6c08c,kaggle.com/c/rsna-pneumonia-detection-challenge,treino
COVID-19_Radiography_Dataset/Normal/images/Normal-7079.png,Normal,73b5139f341eb5e895509b21bfaeb5d8,kaggle.com/c/rsna-pneumonia-detection-challenge,treino
COVID-19_Radiography_Dataset/Normal/images/Normal-7080.png,Normal,6b2f495cf620d647010c45de564f4d56,kaggle.com/c/rsna-pneumonia-detection-challenge,treino
COVID-19_Radiography_Dataset/Normal/images/Normal-7082.png,Normal,3dc30a09e94d5690058711fa6e673761,kaggle.com/c/rsna-pneumonia-detection-challenge,teste
COVID-19_Radiography_Dataset/Normal/images/Normal-7088.png,Normal,6add5953b4b63c91726e927ec54dec44,kaggle.com/c/rsna-pneumonia-detection-challenge,teste_confirmatorio
COVID-19_Radiography_Dataset/Normal/images/Normal-7091.png,Normal,0c243b7eaab433a67310ae06620bb44b,kaggle.com/c/rsna-pneumonia-detection-challenge,teste_confirmatorio
COVID-19_Radiography_Dataset/Normal/images/Normal-7093.png,Normal,c086f1cb0a8309c86aaca328f4316268,kaggle.com/c/rsna-pneumonia-detection-challenge,teste
COVID-19_Radiography_Dataset/Normal/images/Normal-7104.png,Normal,1694a8519beb798878bcfbfcc074a38e,kaggle.com/c/rsna-pneumonia-detection-challenge,validacao
COVID-19_Radiography_Dataset/Normal/images/Normal-7106.png,Normal,b81ea0ef3a7ccf0483c8bbf1377d7c38,kaggle.com/c/rsna-pneumonia-detection-challenge,treino
COVID-19_Radiography_Dataset/Normal/images/Normal-711.png,Normal,2f2891d0621544dfb995c6f6662f0f70,kaggle.com/c/rsna-pneumonia-detection-challenge,validacao
COVID-19_Radiography_Dataset/Normal/images/Normal-7113.png,Normal,41ee720d3f71dce24505eefca6d400ed,kaggle.com/c/rsna-pneumonia-detection-challenge,teste
COVID-19_Radiography_Dataset/Normal/images/Normal-7115.png,Normal,1853247727a0ad0b2dd0e6a31cbed7ac,kaggle.com/c/rsna-pneumonia-detection-challenge,teste_confirmatorio
COVID-19_Radiography_Dataset/Normal/images/Normal-7117.png,Normal,ec0933c48512396eabb3c83f37416244,kaggle.com/c/rsna-pneumonia-detection-challenge,treino
COVID-19_Radiography_Dataset/Normal/images/Normal-7121.png,Normal,a55782019bb4ec1a3e794e6c1e8cc81f,kaggle.com/c/rsna-pneumonia-detection-challenge,teste_confirmatorio
COVID-19_Radiography_Dataset/Normal/images/Normal-7122.png,Normal,cacd739d404e56009c08d0b1648ac52d,kaggle.com/c/rsna-pneumonia-detection-challenge,treino
COVID-19_Radiography_Dataset/Normal/images/Normal-7125.png,Normal,9473ebd96932841778f613dda6bc71cb,kaggle.com/c/rsna-pneumonia-detection-challenge,teste_confirmatorio
COVID-19_Radiography_Dataset/Normal/images/Normal-7129.png,Normal,8ee018d11c6a625e841e8e8431ac53b4,kaggle.com/c/rsna-pneumonia-detection-challenge,teste_confirmatorio
COVID-19_Radiography_Dataset/Normal/images/Normal-7138.png,Normal,85219910d31a6f322076385eb6f98c20,kaggle.com/c/rsna-pneumonia-detection-challenge,teste_confirmatorio
COVID-19_Radiography_Dataset/Normal/images/Normal-7143.png,Normal,98668b2a7cb55327c2977d6c9f1a35b1,kaggle.com/c/rsna-pneumonia-detection-challenge,teste
COVID-19_Radiography_Dataset/Normal/images/Normal-7150.png,Normal,7fffe9bb2bc2371166aeb20daa2f3156,kaggle.com/c/rsna-pneumonia-detection-challenge,treino
COVID-19_Radiography_Dataset/Normal/images/Normal-7152.png,Normal,1309966a88e0cae1cde832b0b919a513,kaggle.com/c/rsna-pneumonia-detection-challenge,teste
COVID-19_Radiography_Dataset/Normal/images/Normal-7155.png,Normal,038f0d3cc120ed5ed950e72cd91b9f37,kaggle.com/c/rsna-pneumonia-detection-challenge,treino
COVID-19_Radiography_Dataset/Normal/images/Normal-7157.png,Normal,7e72c41fa56306f7aa846f2e171c24c2,kaggle.com/c/rsna-pneumonia-detection-challenge,treino
COVID-19_Radiography_Dataset/Normal/images/Normal-7159.png,Normal,db1e54d3ce627d9beb89b56eb75ccf67,kaggle.com/c/rsna-pneumonia-detection-challenge,validacao
COVID-19_Radiography_Dataset/Normal/images/Normal-716.png,Normal,70da1135db2bc6761067189daf97d875,kaggle.com/c/rsna-pneumonia-detection-challenge,treino
COVID-19_Radiography_Dataset/Normal/images/Normal-7166.png,Normal,1512dd1a2ad728c87484f7cb81bf56ee,kaggle.com/c/rsna-pneumonia-detection-challenge,treino
COVID-19_Radiography_Dataset/Normal/images/Normal-7168.png,Normal,dc14c9ec133ef5c7090dfd1b5fb91c57,kaggle.com/c/rsna-pneumonia-detection-challenge,teste
COVID-19_Radiography_Dataset/Normal/images/Normal-7170.png,Normal,de3d67543580f6ad1fb501aecca46c6c,kaggle.com/c/rsna-pneumonia-detection-challenge,treino
COVID-19_Radiography_Dataset/Normal/images/Normal-7172.png,Normal,2bfe31419fbd9b2b94e0e13cf57dc168,kaggle.com/c/rsna-pneumonia-detection-challenge,treino
COVID-19_Radiography_Dataset/Normal/images/Normal-7179.png,Normal,62fcdc5061d226235be9bd2b4f6ce3ec,kaggle.com/c/rsna-pneumonia-detection-challenge,treino
COVID-19_Radiography_Dataset/Normal/images/Normal-7193.png,Normal,60f262496672d9eaaed36369deb7f71b,kaggle.com/c/rsna-pneumonia-detection-challenge,treino
COVID-19_Radiography_Dataset/Normal/images/Normal-7194.png,Normal,0d9461c12358ef4cf31547ec07783a56,kaggle.com/c/rsna-pneumonia-detection-challenge,treino
COVID-19_Radiography_Dataset/Normal/images/Normal-7200.png,Normal,2acc3ef45191ff30b9304f9624eff1a9,kaggle.com/c/rsna-pneumonia-detection-challenge,validacao
COVID-19_Radiography_Dataset/Normal/images/Normal-7205.png,Normal,f35f0d0f14ede72456bcc225aab4a6aa,kaggle.com/c/rsna-pneumonia-detection-challenge,treino
COVID-19_Radiography_Dataset/Normal/images/Normal-7208.png,Normal,4d7f3f9a5c2c9ff9126350552874a5d5,kaggle.com/c/rsna-pneumonia-detection-challenge,teste
COVID-19_Radiography_Dataset/Normal/images/Normal-721.png,Normal,d87808f6b8fbd29a8217140f81e20b45,kaggle.com/c/rsna-pneumonia-detection-challenge,teste_confirmatorio
COVID-19_Radiography_Dataset/Normal/images/Normal-7215.png,Normal,524bb6df4cbefacbcfa518e5c55b27d1,kaggle.com/c/rsna-pneumonia-detection-challenge,teste
COVID-19_Radiography_Dataset/Normal/images/Normal-7219.png,Normal,337719f0d63f29da3a53c2ae9636b079,kaggle.com/c/rsna-pneumonia-detection-challenge,treino
COVID-19_Radiography_Dataset/Normal/images/Normal-7220.png,Normal,1ea94d623a97d2c8f9e662ffa9054fc1,kaggle.com/c/rsna-pneumonia-detection-challenge,treino
COVID-19_Radiography_Dataset/Normal/images/Normal-7222.png,Normal,88b9f64b3c68a12ba5d9dbced6c7414c,kaggle.com/c/rsna-pneumonia-detection-challenge,validacao
COVID-19_Radiography_Dataset/Normal/images/Normal-7223.png,Normal,95638b9136c2177e569a3c58b470d174,kaggle.com/c/rsna-pneumonia-detection-challenge,treino
COVID-19_Radiography_Dataset/Normal/images/Normal-7224.png,Normal,04493d69e4372adcef8e3c5bb5a48fb9,kaggle.com/c/rsna-pneumonia-detection-challenge,treino
COVID-19_Radiography_Dataset/Normal/images/Normal-7230.png,Normal,47ae49f15403604480cc3c0c9e702097,kaggle.com/c/rsna-pneumonia-detection-challenge,teste_confirmatorio
COVID-19_Radiography_Dataset/Normal/images/Normal-7234.png,Normal,1400408ffabca1f935b60619805a835d,kaggle.com/c/rsna-pneumonia-detection-challenge,teste
COVID-19_Radiography_Dataset/Normal/images/Normal-7236.png,Normal,08703bdad8ed2754a751845824be91ee,kaggle.com/c/rsna-pneumonia-detection-challenge,treino
COVID-19_Radiography_Dataset/Normal/images/Normal-7239.png,Normal,8e6cc733ea0c4f619fa2c9aac5308403,kaggle.com/c/rsna-pneumonia-detection-challenge,treino
COVID-19_Radiography_Dataset/Normal/images/Normal-7240.png,Normal,ef9435d84d7e3d7885b3f564fb85db25,kaggle.com/c/rsna-pneumonia-detection-challenge,validacao
COVID-19_Radiography_Dataset/Normal/images/Normal-7242.png,Normal,2fe71aceb5c8932fd6d87bc7439805af,kaggle.com/c/rsna-pneumonia-detection-challenge,validacao
COVID-19_Radiography_Dataset/Normal/images/Normal-7246.png,Normal,e2e546b58ae0a5b68bcab5b26f4c31da,kaggle.com/c/rsna-pneumonia-detection-challenge,treino
COVID-19_Radiography_Dataset/Normal/images/Normal-7250.png,Normal,b086f486a65b74140ab5b4ac3ab5244c,kaggle.com/c/rsna-pneumonia-detection-challenge,teste_confirmatorio
COVID-19_Radiography_Dataset/Normal/images/Normal-7252.png,Normal,cd00ee2cf3cd6489a6184b2ec217a684,kaggle.com/c/rsna-pneumonia-detection-challenge,teste
COVID-19_Radiography_Dataset/Normal/images/Normal-7257.png,Normal,85bf928a294b51b3a0b6e7e372c10b93,kaggle.com/c/rsna-pneumonia-detection-challenge,treino
COVID-19_Radiography_Dataset/Normal/images/Normal-7258.png,Normal,b5351dff79b917cb161edb691f8f4db3,kaggle.com/c/rsna-pneumonia-detection-challenge,validacao
COVID-19_Radiography_Dataset/Normal/images/Normal-7262.png,Normal,a9268bd39d63feba7b78ff5316613aba,kaggle.com/c/rsna-pneumonia-detection-challenge,teste_confirmatorio
COVID-19_Radiography_Dataset/Normal/images/Normal-7264.png,Normal,c17b9adaffb94dd09accd6d8a55beef0,kaggle.com/c/rsna-pneumonia-detection-challenge,treino
COVID-19_Radiography_Dataset/Normal/images/Normal-7270.png,Normal,75478e54cc93af8e37928a0036fc48bc,kaggle.com/c/rsna-pneumonia-detection-challenge,treino
COVID-19_Radiography_Dataset/Normal/images/Normal-7273.png,Normal,3bc5eeaf12648909d033858dcba187d6,kaggle.com/c/rsna-pneumonia-detection-challenge,teste
COVID-19_Radiography_Dataset/Normal/images/Normal-7276.png,Normal,e8b387b5774360011715340df7f21e41,kaggle.com/c/rsna-pneumonia-detection-challenge,teste
COVID-19_Radiography_Dataset/Normal/images/Normal-7282.png,Normal,549d3d9f76552d70c20c66b8d5811797,kaggle.com/c/rsna-pneumonia-detection-challenge,teste
COVID-19_Radiography_Dataset/Normal/images/Normal-7284.png,Normal,377ad1cac199bc2039fd16fe98d7c641,kaggle.com/c/rsna-pneumonia-detection-challenge,teste
COVID-19_Radiography_Dataset/Normal/images/Normal-7288.png,Normal,d1018aa9ea0ba6636c6a147b14878772,kaggle.com/c/rsna-pneumonia-detection-challenge,teste_confirmatorio
COVID-19_Radiography_Dataset/Normal/images/Normal-7294.png,Normal,52594c0c86461892719cfa41f349d4c5,kaggle.com/c/rsna-pneumonia-detection-challenge,teste_confirmatorio
COVID-19_Radiography_Dataset/Normal/images/Normal-730.png,Normal,cae97bc010f7be81b537382e59a15c24,kaggle.com/c/rsna-pneumonia-detection-challenge,treino
COVID-19_Radiography_Dataset/Normal/images/Normal-7300.png,Normal,696480ce0ade5ac8332404e700d3f865,kaggle.com/c/rsna-pneumonia-detection-challenge,teste_confirmatorio
COVID-19_Radiography_Dataset/Normal/images/Normal-7303.png,Normal,ba3bb2e0534aee5032857baf0cabcf64,kaggle.com/c/rsna-pneumonia-detection-challenge,treino
COVID-19_Radiography_Dataset/Normal/images/Normal-7307.png,Normal,99370891d4c01a278d775e4c98e5678d,kaggle.com/c/rsna-pneumonia-detection-challenge,teste_confirmatorio
COVID-19_Radiography_Dataset/Normal/images/Normal-7311.png,Normal,4ce0a443ed80483cdaa852b1e0852bd8,kaggle.com/c/rsna-pneumonia-detection-challenge,validacao
COVID-19_Radiography_Dataset/Normal/images/Normal-7312.png,Normal,c54946b97ce78d6ca4de872de87a6944,kaggle.com/c/rsna-pneumonia-detection-challenge,treino
COVID-19_Radiography_Dataset/Normal/images/Normal-7314.png,Normal,4b6fe96b4b1e2d84b9fe4ea3d08cee6b,kaggle.com/c/rsna-pneumonia-detection-challenge,teste
COVID-19_Radiography_Dataset/Normal/images/Normal-7316.png,Normal,32e3e04f367795edc3460f70b0eeefb0,kaggle.com/c/rsna-pneumonia-detection-challenge,teste
COVID-19_Radiography_Dataset/Normal/images/Normal-7319.png,Normal,e4d78cb35a26171756a356f183022295,kaggle.com/c/rsna-pneumonia-detection-challenge,treino
COVID-19_Radiography_Dataset/Normal/images/Normal-7327.png,Normal,19901d6ea208c8fcf55807242a11f33c,kaggle.com/c/rsna-pneumonia-detection-challenge,teste
COVID-19_Radiography_Dataset/Normal/images/Normal-7328.png,Normal,0966d3e39a718c8afaf0b12029812778,kaggle.com/c/rsna-pneumonia-detection-challenge,validacao
COVID-19_Radiography_Dataset/Normal/images/Normal-7336.png,Normal,c99b6f03a323b32a0f11e824fc2b6435,kaggle.com/c/rsna-pneumonia-detection-challenge,treino
COVID-19_Radiography_Dataset/Normal/images/Normal-7338.png,Normal,5c2cfcf5e6b3e11430ee1aa65a1c87d1,kaggle.com/c/rsna-pneumonia-detection-challenge,validacao
COVID-19_Radiography_Dataset/Normal/images/Normal-734.png,Normal,1a296baf08c54cea73a9afc507b18c1b,kaggle.com/c/rsna-pneumonia-detection-challenge,teste
COVID-19_Radiography_Dataset/Normal/images/Normal-7341.png,Normal,80f0a31b1b4748475fec03f71557b775,kaggle.com/c/rsna-pneumonia-detection-challenge,treino
COVID-19_Radiography_Dataset/Normal/images/Normal-7344.png,Normal,6aba6e8ec81752674ef00a968221f01e,kaggle.com/c/rsna-pneumonia-detection-challenge,teste_confirmatorio
COVID-19_Radiography_Dataset/Normal/images/Normal-7349.png,Normal,20870ee6b3e8b59b75a6d50e68919725,kaggle.com/c/rsna-pneumonia-detection-challenge,teste
COVID-19_Radiography_Dataset/Normal/images/Normal-735.png,Normal,d60e39fab3c675682ae8388cfd2ae1a0,kaggle.com/c/rsna-pneumonia-detection-challenge,validacao
COVID-19_Radiography_Dataset/Normal/images/Normal-7356.png,Normal,0c9ab7cdc34d114a82940563d59c6e37,kaggle.com/c/rsna-pneumonia-detection-challenge,teste
COVID-19_Radiography_Dataset/Normal/images/Normal-7359.png,Normal,4d27b8de4482a6e39c508f6b1da1d5f3,kaggle.com/c/rsna-pneumonia-detection-challenge,teste
COVID-19_Radiography_Dataset/Normal/images/Normal-7361.png,Normal,906cc00cff7114b193068a913df802d4,kaggle.com/c/rsna-pneumonia-detection-challenge,validacao
COVID-19_Radiography_Dataset/Normal/images/Normal-7362.png,Normal,889b01c0a02aa3e22d8b3afa86febe30,kaggle.com/c/rsna-pneumonia-detection-challenge,teste_confirmatorio
COVID-19_Radiography_Dataset/Normal/images/Normal-7371.png,Normal,a325eef7e0734e20c6b113fe87a184ff,kaggle.com/c/rsna-pneumonia-detection-challenge,treino
COVID-19_Radiography_Dataset/Normal/images/Normal-7378.png,Normal,f161bcb68f4bebfdea0e12460f94d731,kaggle.com/c/rsna-pneumonia-detection-challenge,teste_confirmatorio
COVID-19_Radiography_Dataset/Normal/images/Normal-7384.png,Normal,95ea6087b4e7fa51c4af044646f05bb9,kaggle.com/c/rsna-pneumonia-detection-challenge,teste
COVID-19_Radiography_Dataset/Normal/images/Normal-7385.png,Normal,bad3f8b8cd531657d48d21c6aae8d985,kaggle.com/c/rsna-pneumonia-detection-challenge,teste_confirmatorio
COVID-19_Radiography_Dataset/Normal/images/Normal-7394.png,Normal,f026ac258a64e8609f334d3c7d16adde,kaggle.com/c/rsna-pneumonia-detection-challenge,treino
COVID-19_Radiography_Dataset/Normal/images/Normal-7397.png,Normal,3081735c690e3bd84f2cebb1914a7a31,kaggle.com/c/rsna-pneumonia-detection-challenge,treino
COVID-19_Radiography_Dataset/Normal/images/Normal-7404.png,Normal,9153e6401fee38a8880c607498075296,kaggle.com/c/rsna-pneumonia-detection-challenge,teste_confirmatorio
COVID-19_Radiography_Dataset/Normal/images/Normal-7405.png,Normal,c7fc255c8b4410e53bc4e6393c7c7aeb,kaggle.com/c/rsna-pneumonia-detection-challenge,treino
COVID-19_Radiography_Dataset/Normal/images/Normal-741.png,Normal,f8753d1326603d3e76e310ae3fbd38db,kaggle.com/c/rsna-pneumonia-detection-challenge,teste_confirmatorio
COVID-19_Radiography_Dataset/Normal/images/Normal-7414.png,Normal,8d9229759f143e04b2ff0362f5e0d998,kaggle.com/c/rsna-pneumonia-detection-challenge,treino
COVID-19_Radiography_Dataset/Normal/images/Normal-7418.png,Normal,26f5a2c206d84464bf37971c7fbbe384,kaggle.com/c/rsna-pneumonia-detection-challenge,teste
COVID-19_Radiography_Dataset/Normal/images/Normal-7428.png,Normal,7dd70fff0a43fe74e88a95834579eb94,kaggle.com/c/rsna-pneumonia-detection-challenge,treino
COVID-19_Radiography_Dataset/Normal/images/Normal-743.png,Normal,0b0414be016a3434f9d2c2f6694a49d2,kaggle.com/c/rsna-pneumonia-detection-challenge,teste_confirmatorio
COVID-19_Radiography_Dataset/Normal/images/Normal-7432.png,Normal,1558b83269325ce72a210a74ec667a63,kaggle.com/c/rsna-pneumonia-detection-challenge,treino
COVID-19_Radiography_Dataset/Normal/images/Normal-744.png,Normal,d47f10c65ecf6a9b490b01df62c6018e,kaggle.com/c/rsna-pneumonia-detection-challenge,treino
COVID-19_Radiography_Dataset/Normal/images/Normal-7440.png,Normal,1e3a360ea02462c12dbfd04186f7fe18,kaggle.com/c/rsna-pneumonia-detection-challenge,teste
COVID-19_Radiography_Dataset/Normal/images/Normal-7442.png,Normal,e62b9408a923e2d37b4377d8c83431ba,kaggle.com/c/rsna-pneumonia-detection-challenge,teste_confirmatorio
COVID-19_Radiography_Dataset/Normal/images/Normal-7445.png,Normal,0ada65f061e6faa881edbce3ae294090,kaggle.com/c/rsna-pneumonia-detection-challenge,teste_confirmatorio
COVID-19_Radiography_Dataset/Normal/images/Normal-7447.png,Normal,31c4d8aef320f8b473137b5769cd33d9,kaggle.com/c/rsna-pneumonia-detection-challenge,treino
COVID-19_Radiography_Dataset/Normal/images/Normal-7448.png,Normal,f4f0a6e677d30b17439f9e9e3a49967f,kaggle.com/c/rsna-pneumonia-detection-challenge,teste
COVID-19_Radiography_Dataset/Normal/images/Normal-745.png,Normal,08ec87e82e69783157cbf19f06c1bd7d,kaggle.com/c/rsna-pneumonia-detection-challenge,teste_confirmatorio
COVID-19_Radiography_Dataset/Normal/images/Normal-7450.png,Normal,3a44aa8df743036b893e13cd6ad20efb,kaggle.com/c/rsna-pneumonia-detection-challenge,treino
COVID-19_Radiography_Dataset/Normal/images/Normal-7458.png,Normal,ed25b8eb607f80a5b1b12f253ca4ef0c,kaggle.com/c/rsna-pneumonia-detection-challenge,treino
COVID-19_Radiography_Dataset/Normal/images/Normal-7459.png,Normal,e4dd4a02c512eb7e82115b2f34eaadce,kaggle.com/c/rsna-pneumonia-detection-challenge,teste_confirmatorio
COVID-19_Radiography_Dataset/Normal/images/Normal-7467.png,Normal,8d91618b113a0261a5b460ab76cda213,kaggle.com/c/rsna-pneumonia-detection-challenge,treino
COVID-19_Radiography_Dataset/Normal/images/Normal-7468.png,Normal,fe37713f3ae2ee0aeb562864fa39c7ae,kaggle.com/c/rsna-pneumonia-detection-challenge,treino
COVID-19_Radiography_Dataset/Normal/images/Normal-7471.png,Normal,8bcf2a11a06b497646557257bb3ff4c7,kaggle.com/c/rsna-pneumonia-detection-challenge,teste_confirmatorio
COVID-19_Radiography_Dataset/Normal/images/Normal-7481.png,Normal,f27c0ec2c70cdeba0178271cf2583885,kaggle.com/c/rsna-pneumonia-detection-challenge,teste_confirmatorio
COVID-19_Radiography_Dataset/Normal/images/Normal-7483.png,Normal,af686d919df0d66e605748d0560f2352,kaggle.com/c/rsna-pneumonia-detection-challenge,treino
COVID-19_Radiography_Dataset/Normal/images/Normal-7485.png,Normal,6d7c23b2c1d76a7ec28341dbc82e9b52,kaggle.com/c/rsna-pneumonia-detection-challenge,teste
COVID-19_Radiography_Dataset/Normal/images/Normal-7488.png,Normal,b9a3e835c85304a6b88fb28e3e2cad75,kaggle.com/c/rsna-pneumonia-detection-challenge,teste_confirmatorio
COVID-19_Radiography_Dataset/Normal/images/Normal-7494.png,Normal,febcb572825bf8fb8ef35d365f503b0f,kaggle.com/c/rsna-pneumonia-detection-challenge,validacao
COVID-19_Radiography_Dataset/Normal/images/Normal-7495.png,Normal,78ca6b80fa60ea5359f9eb7cedf5abc1,kaggle.com/c/rsna-pneumonia-detection-challenge,teste_confirmatorio
COVID-19_Radiography_Dataset/Normal/images/Normal-75.png,Normal,ee7752cce599a61379a9b7d38881db03,kaggle.com/c/rsna-pneumonia-detection-challenge,treino
COVID-19_Radiography_Dataset/Normal/images/Normal-7502.png,Normal,6e9fac46d46b8bb90bfc4ef81fdd079d,kaggle.com/c/rsna-pneumonia-detection-challenge,teste_confirmatorio
COVID-19_Radiography_Dataset/Normal/images/Normal-7507.png,Normal,81c9481c4a035204f500aca5038f799f,kaggle.com/c/rsna-pneumonia-detection-challenge,treino
COVID-19_Radiography_Dataset/Normal/images/Normal-7509.png,Normal,fbc2274ab2c73cef9d135a366766daba,kaggle.com/c/rsna-pneumonia-detection-challenge,teste
COVID-19_Radiography_Dataset/Normal/images/Normal-7510.png,Normal,055f75c5f224ce2d0faebca032a37fb2,kaggle.com/c/rsna-pneumonia-detection-challenge,teste
COVID-19_Radiography_Dataset/Normal/images/Normal-7518.png,Normal,60349fbca4e22d224a4d2d6e6e6a7fe2,kaggle.com/c/rsna-pneumonia-detection-challenge,treino
COVID-19_Radiography_Dataset/Normal/images/Normal-752.png,Normal,b52693531c88598527a7890f790c26aa,kaggle.com/c/rsna-pneumonia-detection-challenge,treino
COVID-19_Radiography_Dataset/Normal/images/Normal-7522.png,Normal,e580a0a7751d72c25de1e7c25e490eb5,kaggle.com/c/rsna-pneumonia-detection-challenge,teste
COVID-19_Radiography_Dataset/Normal/images/Normal-7523.png,Normal,a9e528115a47fe36250daa9ec1f16271,kaggle.com/c/rsna-pneumonia-detection-challenge,treino
COVID-19_Radiography_Dataset/Normal/images/Normal-753.png,Normal,a8c98a96df309d23e5f70a06492eabba,kaggle.com/c/rsna-pneumonia-detection-challenge,teste_confirmatorio
COVID-19_Radiography_Dataset/Normal/images/Normal-7531.png,Normal,5b956ae0a73cf1c32605de02866e129c,kaggle.com/c/rsna-pneumonia-detection-challenge,treino
COVID-19_Radiography_Dataset/Normal/images/Normal-7539.png,Normal,d7dfbf0e94f3c669845893f592c3e12c,kaggle.com/c/rsna-pneumonia-detection-challenge,validacao
COVID-19_Radiography_Dataset/Normal/images/Normal-7547.png,Normal,9d90faee3144f0be51deb56dc3d9a8c6,kaggle.com/c/rsna-pneumonia-detection-challenge,teste_confirmatorio
COVID-19_Radiography_Dataset/Normal/images/Normal-7548.png,Normal,05b13b85e673fdb37ffc324c5d1c0e73,kaggle.com/c/rsna-pneumonia-detection-challenge,teste
COVID-19_Radiography_Dataset/Normal/images/Normal-755.png,Normal,89d9f7db1271990ea0547ceae4b1be75,kaggle.com/c/rsna-pneumonia-detection-challenge,teste_confirmatorio
COVID-19_Radiography_Dataset/Normal/images/Normal-7555.png,Normal,03909cb7490641caa1b937ecfaae41f6,kaggle.com/c/rsna-pneumonia-detection-challenge,treino
COVID-19_Radiography_Dataset/Normal/images/Normal-7558.png,Normal,e478e8fc4821bdeb26951f40940ed402,kaggle.com/c/rsna-pneumonia-detection-challenge,teste
COVID-19_Radiography_Dataset/Normal/images/Normal-756.png,Normal,443571f56760ae392b2a8a638dca6ce9,kaggle.com/c/rsna-pneumonia-detection-challenge,teste
COVID-19_Radiography_Dataset/Normal/images/Normal-7561.png,Normal,8c14411aac98981d03fc7db3e4f0c612,kaggle.com/c/rsna-pneumonia-detection-challenge,teste
COVID-19_Radiography_Dataset/Normal/images/Normal-7563.png,Normal,f39dfc2e5616c5848c59578b0f9b83c5,kaggle.com/c/rsna-pneumonia-detection-challenge,treino
COVID-19_Radiography_Dataset/Normal/images/Normal-7564.png,Normal,c859725810b9c90038d8016b59f11819,kaggle.com/c/rsna-pneumonia-detection-challenge,treino
COVID-19_Radiography_Dataset/Normal/images/Normal-7572.png,Normal,3413f6fbcae9140db238634d5b45081c,kaggle.com/c/rsna-pneumonia-detection-challenge,teste_confirmatorio
COVID-19_Radiography_Dataset/Normal/images/Normal-7579.png,Normal,05ce7c8a3d92bb1a607ccf2874897866,kaggle.com/c/rsna-pneumonia-detection-challenge,teste_confirmatorio
COVID-19_Radiography_Dataset/Normal/images/Normal-7582.png,Normal,754f0c7df2a37a72bc2fb7a443b5429f,kaggle.com/c/rsna-pneumonia-detection-challenge,teste
COVID-19_Radiography_Dataset/Normal/images/Normal-7589.png,Normal,5022cbe8712aaf687830f75831a2e685,kaggle.com/c/rsna-pneumonia-detection-challenge,teste
COVID-19_Radiography_Dataset/Normal/images/Normal-7592.png,Normal,67bb87c4707912e556eb8578c44550dd,kaggle.com/c/rsna-pneumonia-detection-challenge,teste_confirmatorio
COVID-19_Radiography_Dataset/Normal/images/Normal-760.png,Normal,21aceed54c12e80457d4c97e21e8e4e9,kaggle.com/c/rsna-pneumonia-detection-challenge,teste_confirmatorio
COVID-19_Radiography_Dataset/Normal/images/Normal-7603.png,Normal,9a5320fe1f8854223f4e278a64e600eb,kaggle.com/c/rsna-pneumonia-detection-challenge,treino
COVID-19_Radiography_Dataset/Normal/images/Normal-7604.png,Normal,5b7190e0a42249947951628b9e8298d7,kaggle.com/c/rsna-pneumonia-detection-challenge,teste
COVID-19_Radiography_Dataset/Normal/images/Normal-761.png,Normal,6d7c95130d7256695b003642f267ef7e,kaggle.com/c/rsna-pneumonia-detection-challenge,treino
COVID-19_Radiography_Dataset/Normal/images/Normal-7613.png,Normal,df4c7e752ded7056b5f457a361894d6c,kaggle.com/c/rsna-pneumonia-detection-challenge,teste
COVID-19_Radiography_Dataset/Normal/images/Normal-7620.png,Normal,2e87e84808c1ec38f4ad496f0c4171a5,kaggle.com/c/rsna-pneumonia-detection-challenge,teste_confirmatorio
COVID-19_Radiography_Dataset/Normal/images/Normal-7624.png,Normal,91191a03125c86cab13597208eb56a27,kaggle.com/c/rsna-pneumonia-detection-challenge,teste
COVID-19_Radiography_Dataset/Normal/images/Normal-7639.png,Normal,51f4ee15c1536f283cc9ef32f65d026b,kaggle.com/c/rsna-pneumonia-detection-challenge,treino
COVID-19_Radiography_Dataset/Normal/images/Normal-7640.png,Normal,5851f8633e6e3dfc3ccaffea99e6e70c,kaggle.com/c/rsna-pneumonia-detection-challenge,treino
COVID-19_Radiography_Dataset/Normal/images/Normal-7641.png,Normal,962846e9a84fa8493de9c13f130b7b69,kaggle.com/c/rsna-pneumonia-detection-challenge,teste_confirmatorio
COVID-19_Radiography_Dataset/Normal/images/Normal-7642.png,Normal,e01e57a1b7ed2aa946653beeb9017156,kaggle.com/c/rsna-pneumonia-detection-challenge,teste_confirmatorio
COVID-19_Radiography_Dataset/Normal/images/Normal-7651.png,Normal,e12276c1341eaa3ae7dd05951aa9b7d7,kaggle.com/c/rsna-pneumonia-detection-challenge,treino
COVID-19_Radiography_Dataset/Normal/images/Normal-7654.png,Normal,76bb302e3a34aba4dfca5c960ca0c5cd,kaggle.com/c/rsna-pneumonia-detection-challenge,treino
COVID-19_Radiography_Dataset/Normal/images/Normal-7656.png,Normal,c07cc96fedd5c00aa0c864010f473c86,kaggle.com/c/rsna-pneumonia-detection-challenge,treino
COVID-19_Radiography_Dataset/Normal/images/Normal-7671.png,Normal,836f06e7c103930ea77a6bb33cdb4709,kaggle.com/c/rsna-pneumonia-detection-challenge,teste_confirmatorio
COVID-19_Radiography_Dataset/Normal/images/Normal-7674.png,Normal,8f481678b114ef8b5285da43bbefa7cb,kaggle.com/c/rsna-pneumonia-detection-challenge,treino
COVID-19_Radiography_Dataset/Normal/images/Normal-7676.png,Normal,3f3f22db5878420a2e88237908a0f9bb,kaggle.com/c/rsna-pneumonia-detection-challenge,treino
COVID-19_Radiography_Dataset/Normal/images/Normal-7677.png,Normal,53bde7d2443e2a6b5b50fab1dee50117,kaggle.com/c/rsna-pneumonia-detection-challenge,teste_confirmatorio
COVID-19_Radiography_Dataset/Normal/images/Normal-7679.png,Normal,6f0eb7174e54bf87a9ff8a145734db70,kaggle.com/c/rsna-pneumonia-detection-challenge,treino
COVID-19_Radiography_Dataset/Normal/images/Normal-768.png,Normal,d626050ce44f93ea078ed2b4337c63e3,kaggle.com/c/rsna-pneumonia-detection-challenge,teste
COVID-19_Radiography_Dataset/Normal/images/Normal-7692.png,Normal,4c27fd2719106887fb5747dcc15d2a57,kaggle.com/c/rsna-pneumonia-detection-challenge,teste_confirmatorio
COVID-19_Radiography_Dataset/Normal/images/Normal-7693.png,Normal,cdb2c1de3d75a25bcce77066a557d77e,kaggle.com/c/rsna-pneumonia-detection-challenge,teste_confirmatorio
COVID-19_Radiography_Dataset/Normal/images/Normal-7695.png,Normal,99de6a15898649484904bc137626864f,kaggle.com/c/rsna-pneumonia-detection-challenge,teste_confirmatorio
COVID-19_Radiography_Dataset/Normal/images/Normal-7698.png,Normal,4957bdab22b2d6026c7cab2a96e10dc1,kaggle.com/c/rsna-pneumonia-detection-challenge,treino
COVID-19_Radiography_Dataset/Normal/images/Normal-770.png,Normal,e12cb7f57acf1539ec20d656aad80597,kaggle.com/c/rsna-pneumonia-detection-challenge,treino
COVID-19_Radiography_Dataset/Normal/images/Normal-7700.png,Normal,113c70fbac08d151be50050b5607bd4c,kaggle.com/c/rsna-pneumonia-detection-challenge,treino
COVID-19_Radiography_Dataset/Normal/images/Normal-7705.png,Normal,0b42aae28137bef190fafcc48d3b049e,kaggle.com/c/rsna-pneumonia-detection-challenge,teste
COVID-19_Radiography_Dataset/Normal/images/Normal-7711.png,Normal,4766b6387e34dfab0fd40547c6c1801a,kaggle.com/c/rsna-pneumonia-detection-challenge,teste_confirmatorio
COVID-19_Radiography_Dataset/Normal/images/Normal-7713.png,Normal,9f8bccd9098a759ed6f54b9683356cf7,kaggle.com/c/rsna-pneumonia-detection-challenge,teste_confirmatorio
COVID-19_Radiography_Dataset/Normal/images/Normal-7714.png,Normal,5fd7b4b7d27571eeddb7aae838d5c79b,kaggle.com/c/rsna-pneumonia-detection-challenge,teste
COVID-19_Radiography_Dataset/Normal/images/Normal-7716.png,Normal,4a227f12801d20746bfd4f13edc67c1d,kaggle.com/c/rsna-pneumonia-detection-challenge,teste
COVID-19_Radiography_Dataset/Normal/images/Normal-7719.png,Normal,56282038c8cc4c769f8bcb120e4c2b62,kaggle.com/c/rsna-pneumonia-detection-challenge,teste
COVID-19_Radiography_Dataset/Normal/images/Normal-7720.png,Normal,b42338bde18b076f71943ab2f26419be,kaggle.com/c/rsna-pneumonia-detection-challenge,teste
COVID-19_Radiography_Dataset/Normal/images/Normal-7723.png,Normal,0d9431ad9071d6f8e5b5e72ca6993252,kaggle.com/c/rsna-pneumonia-detection-challenge,teste_confirmatorio
COVID-19_Radiography_Dataset/Normal/images/Normal-7724.png,Normal,6fa1db6b9ccd6d664a9ac64403692dfe,kaggle.com/c/rsna-pneumonia-detection-challenge,teste_confirmatorio
COVID-19_Radiography_Dataset/Normal/images/Normal-7725.png,Normal,e79b3462c68111bc8561c21723c3842d,kaggle.com/c/rsna-pneumonia-detection-challenge,teste_confirmatorio
COVID-19_Radiography_Dataset/Normal/images/Normal-7726.png,Normal,f912342e3658cb0dbd9b83b3c3a9b1a6,kaggle.com/c/rsna-pneumonia-detection-challenge,teste_confirmatorio
COVID-19_Radiography_Dataset/Normal/images/Normal-7728.png,Normal,a4733c72690a6144db291e1373334057,kaggle.com/c/rsna-pneumonia-detection-challenge,treino
COVID-19_Radiography_Dataset/Normal/images/Normal-7734.png,Normal,24850b596f88bc8a0265866b8e3c85d8,kaggle.com/c/rsna-pneumonia-detection-challenge,teste_confirmatorio
COVID-19_Radiography_Dataset/Normal/images/Normal-7736.png,Normal,8108a2095a35c9eaa04690857b3d671e,kaggle.com/c/rsna-pneumonia-detection-challenge,teste
COVID-19_Radiography_Dataset/Normal/images/Normal-774.png,Normal,bcdd60291cbdcc052c64db36c5da3d1b,kaggle.com/c/rsna-pneumonia-detection-challenge,treino
COVID-19_Radiography_Dataset/Normal/images/Normal-7741.png,Normal,80d074044147e2411ab00dfa5088ad15,kaggle.com/c/rsna-pneumonia-detection-challenge,teste
COVID-19_Radiography_Dataset/Normal/images/Normal-7743.png,Normal,1e86d74878f280219ed9c24d6716403a,kaggle.com/c/rsna-pneumonia-detection-challenge,validacao
COVID-19_Radiography_Dataset/Normal/images/Normal-7747.png,Normal,49cf94c977caf6d40e4899ee73d789d7,kaggle.com/c/rsna-pneumonia-detection-challenge,treino
COVID-19_Radiography_Dataset/Normal/images/Normal-7755.png,Normal,8450294caebb8f98952d4a604f3639ae,kaggle.com/c/rsna-pneumonia-detection-challenge,teste
COVID-19_Radiography_Dataset/Normal/images/Normal-776.png,Normal,7198dec89a1b9ded6158d1e6463191b4,kaggle.com/c/rsna-pneumonia-detection-challenge,teste_confirmatorio
COVID-19_Radiography_Dataset/Normal/images/Normal-7760.png,Normal,1d495b8cc7fe6927f3aae45768088765,kaggle.com/c/rsna-pneumonia-detection-challenge,validacao
COVID-19_Radiography_Dataset/Normal/images/Normal-7766.png,Normal,77ee781d526decdfc428cc1947249b6c,kaggle.com/c/rsna-pneumonia-detection-challenge,treino
COVID-19_Radiography_Dataset/Normal/images/Normal-7769.png,Normal,38c3bf626724755b5351cb741a9640c6,kaggle.com/c/rsna-pneumonia-detection-challenge,teste
COVID-19_Radiography_Dataset/Normal/images/Normal-7778.png,Normal,0e1412f50d38c75dbdc002573d30ee50,kaggle.com/c/rsna-pneumonia-detection-challenge,teste_confirmatorio
COVID-19_Radiography_Dataset/Normal/images/Normal-7781.png,Normal,afd0177427dbae67eb61ddf67bbe23d5,kaggle.com/c/rsna-pneumonia-detection-challenge,treino
COVID-19_Radiography_Dataset/Normal/images/Normal-7782.png,Normal,7be79dfd17bd2c853a164b38d27aef92,kaggle.com/c/rsna-pneumonia-detection-challenge,teste_confirmatorio
COVID-19_Radiography_Dataset/Normal/images/Normal-7787.png,Normal,07bb4f1d00374d9755af42b24d033a23,kaggle.com/c/rsna-pneumonia-detection-challenge,teste_confirmatorio
COVID-19_Radiography_Dataset/Normal/images/Normal-7788.png,Normal,b563d83066342cac9d34e50b333b4e4a,kaggle.com/c/rsna-pneumonia-detection-challenge,treino
COVID-19_Radiography_Dataset/Normal/images/Normal-7789.png,Normal,3605db9fb872d0db8f796f7f6b694a5f,kaggle.com/c/rsna-pneumonia-detection-challenge,validacao
COVID-19_Radiography_Dataset/Normal/images/Normal-779.png,Normal,0f207a5889467ac4f01db1866a769fd0,kaggle.com/c/rsna-pneumonia-detection-challenge,treino
COVID-19_Radiography_Dataset/Normal/images/Normal-7794.png,Normal,9414d21cd93e6ceb58d98234e31228ff,kaggle.com/c/rsna-pneumonia-detection-challenge,treino
COVID-19_Radiography_Dataset/Normal/images/Normal-7802.png,Normal,c67dfaf250e9dcbc9fdb3322921df0eb,kaggle.com/c/rsna-pneumonia-detection-challenge,treino
COVID-19_Radiography_Dataset/Normal/images/Normal-7805.png,Normal,e100262c0190a5272c8a139b771c44c9,kaggle.com/c/rsna-pneumonia-detection-challenge,treino
COVID-19_Radiography_Dataset/Normal/images/Normal-781.png,Normal,4ae8f02718b3025e31522d20df49f2ca,kaggle.com/c/rsna-pneumonia-detection-challenge,teste
COVID-19_Radiography_Dataset/Normal/images/Normal-7811.png,Normal,6b7a1d9de7d899d601ad7954fb321e2a,kaggle.com/c/rsna-pneumonia-detection-challenge,validacao
COVID-19_Radiography_Dataset/Normal/images/Normal-7814.png,Normal,2eefb4f2d25c7893babdcb49ad1ec25d,kaggle.com/c/rsna-pneumonia-detection-challenge,treino
COVID-19_Radiography_Dataset/Normal/images/Normal-782.png,Normal,c8ddedd3f0ac1b493916dc8a6ea40a16,kaggle.com/c/rsna-pneumonia-detection-challenge,teste_confirmatorio
COVID-19_Radiography_Dataset/Normal/images/Normal-7820.png,Normal,133df4c3cf36906b06e3f91007a51310,kaggle.com/c/rsna-pneumonia-detection-challenge,teste
COVID-19_Radiography_Dataset/Normal/images/Normal-7825.png,Normal,cc0e8d7bb67535c2294dc0387f12c49d,kaggle.com/c/rsna-pneumonia-detection-challenge,teste
COVID-19_Radiography_Dataset/Normal/images/Normal-7829.png,Normal,f853ce88505d7fedddd886886871d76f,kaggle.com/c/rsna-pneumonia-detection-challenge,teste
COVID-19_Radiography_Dataset/Normal/images/Normal-7833.png,Normal,bb5d0ef8318217b7c69df6677a486c99,kaggle.com/c/rsna-pneumonia-detection-challenge,teste_confirmatorio
COVID-19_Radiography_Dataset/Normal/images/Normal-7834.png,Normal,22d15ce1c60db029f65ef30a1fc19d17,kaggle.com/c/rsna-pneumonia-detection-challenge,teste
COVID-19_Radiography_Dataset/Normal/images/Normal-7840.png,Normal,05854edfc438daed64cab72406fd6878,kaggle.com/c/rsna-pneumonia-detection-challenge,validacao
COVID-19_Radiography_Dataset/Normal/images/Normal-7844.png,Normal,13211a8d67925d722b9642ba85c21b11,kaggle.com/c/rsna-pneumonia-detection-challenge,teste
COVID-19_Radiography_Dataset/Normal/images/Normal-7846.png,Normal,accb5f502fa3b58af924e467232f536a,kaggle.com/c/rsna-pneumonia-detection-challenge,treino
COVID-19_Radiography_Dataset/Normal/images/Normal-7864.png,Normal,855c5ea84f6f6c3db3d32a68caa69778,kaggle.com/c/rsna-pneumonia-detection-challenge,treino
COVID-19_Radiography_Dataset/Normal/images/Normal-7867.png,Normal,a970bae4a2be7e7395d0b1c9b5aac792,kaggle.com/c/rsna-pneumonia-detection-challenge,treino
COVID-19_Radiography_Dataset/Normal/images/Normal-7870.png,Normal,ad7631426ad0676d18f27afeca37d950,kaggle.com/c/rsna-pneumonia-detection-challenge,treino
COVID-19_Radiography_Dataset/Normal/images/Normal-7880.png,Normal,11639b40100a4057e4db34b19e78012c,kaggle.com/c/rsna-pneumonia-detection-challenge,teste_confirmatorio
COVID-19_Radiography_Dataset/Normal/images/Normal-7885.png,Normal,b6e2a5327251b69d277f8d9396fc0981,kaggle.com/c/rsna-pneumonia-detection-challenge,treino
COVID-19_Radiography_Dataset/Normal/images/Normal-7892.png,Normal,c72a822e497d090b58381e33d420e453,kaggle.com/c/rsna-pneumonia-detection-challenge,treino
COVID-19_Radiography_Dataset/Normal/images/Normal-7905.png,Normal,1cb374058eaf98290a2a543f2206ac1c,kaggle.com/c/rsna-pneumonia-detection-challenge,treino
COVID-19_Radiography_Dataset/Normal/images/Normal-7906.png,Normal,579373c05b8b1cd13780f3e2132dbf5f,kaggle.com/c/rsna-pneumonia-detection-challenge,teste_confirmatorio
COVID-19_Radiography_Dataset/Normal/images/Normal-7910.png,Normal,1eaf0d321a1b92567060a49726b7cbdd,kaggle.com/c/rsna-pneumonia-detection-challenge,teste_confirmatorio
COVID-19_Radiography_Dataset/Normal/images/Normal-7924.png,Normal,c913c500d8fbbc47a90a9981df3d6364,kaggle.com/c/rsna-pneumonia-detection-challenge,teste
COVID-19_Radiography_Dataset/Normal/images/Normal-7929.png,Normal,8b3af4f241ddb52ebe5f94002f35ffe8,kaggle.com/c/rsna-pneumonia-detection-challenge,teste
COVID-19_Radiography_Dataset/Normal/images/Normal-7930.png,Normal,fe8a0e1daf97fa6025041aedc3a0331a,kaggle.com/c/rsna-pneumonia-detection-challenge,treino
COVID-19_Radiography_Dataset/Normal/images/Normal-7934.png,Normal,2cae3639eb0693b90ecc1af3f5db7916,kaggle.com/c/rsna-pneumonia-detection-challenge,teste_confirmatorio
COVID-19_Radiography_Dataset/Normal/images/Normal-7943.png,Normal,b4e39400445c5ffa84bb2bf7404497b4,kaggle.com/c/rsna-pneumonia-detection-challenge,treino
COVID-19_Radiography_Dataset/Normal/images/Normal-7944.png,Normal,aaee12d84c2be7de5e8e363dd10102c9,kaggle.com/c/rsna-pneumonia-detection-challenge,treino
COVID-19_Radiography_Dataset/Normal/images/Normal-7945.png,Normal,d6d711c1e2ccce89e6c5de63b5f33edd,kaggle.com/c/rsna-pneumonia-detection-challenge,teste
COVID-19_Radiography_Dataset/Normal/images/Normal-7946.png,Normal,1410def72b290725cca5c597d5560a72,kaggle.com/c/rsna-pneumonia-detection-challenge,validacao
COVID-19_Radiography_Dataset/Normal/images/Normal-795.png,Normal,a7cd7026ab836357752ce36bd7b42510,kaggle.com/c/rsna-pneumonia-detection-challenge,teste
COVID-19_Radiography_Dataset/Normal/images/Normal-7952.png,Normal,8ff7e6e60c43aa06f5604148dd75a80f,kaggle.com/c/rsna-pneumonia-detection-challenge,treino
COVID-19_Radiography_Dataset/Normal/images/Normal-7953.png,Normal,3ac772a6248c1eb0413d8e9ec8bfc53d,kaggle.com/c/rsna-pneumonia-detection-challenge,teste
COVID-19_Radiography_Dataset/Normal/images/Normal-7955.png,Normal,485b5115c660443b3856a10f115372d2,kaggle.com/c/rsna-pneumonia-detection-challenge,treino
COVID-19_Radiography_Dataset/Normal/images/Normal-7956.png,Normal,36687e401e5837f936a8d091ccfe41e3,kaggle.com/c/rsna-pneumonia-detection-challenge,treino
COVID-19_Radiography_Dataset/Normal/images/Normal-7957.png,Normal,ef7af814f806f99722fb1dfa22a8ecad,kaggle.com/c/rsna-pneumonia-detection-challenge,treino
COVID-19_Radiography_Dataset/Normal/images/Normal-7969.png,Normal,ec70b4881186a4436a123d57ea621dc2,kaggle.com/c/rsna-pneumonia-detection-challenge,validacao
COVID-19_Radiography_Dataset/Normal/images/Normal-797.png,Normal,7ab3cfd7569bd0fa2f283c460ddd05ce,kaggle.com/c/rsna-pneumonia-detection-challenge,teste_confirmatorio
COVID-19_Radiography_Dataset/Normal/images/Normal-7970.png,Normal,02a8270e149749ee9cfbd352ab760be5,kaggle.com/c/rsna-pneumonia-detection-challenge,teste
COVID-19_Radiography_Dataset/Normal/images/Normal-7972.png,Normal,18bdb645b47c5ee3b705b70c94fcd6ea,kaggle.com/c/rsna-pneumonia-detection-challenge,teste
COVID-19_Radiography_Dataset/Normal/images/Normal-7978.png,Normal,9feaaabb423a52f4b058bf52f86e1ecd,kaggle.com/c/rsna-pneumonia-detection-challenge,teste_confirmatorio
COVID-19_Radiography_Dataset/Normal/images/Normal-7981.png,Normal,f43098f48d40230a4e1ed405aa6fe865,kaggle.com/c/rsna-pneumonia-detection-challenge,treino
COVID-19_Radiography_Dataset/Normal/images/Normal-7986.png,Normal,bf1a5f6f7a0e0309db2aad2d57c6eaf7,kaggle.com/c/rsna-pneumonia-detection-challenge,treino
COVID-19_Radiography_Dataset/Normal/images/Normal-7988.png,Normal,eecd5e4d98b75407b315f75b884e6de8,kaggle.com/c/rsna-pneumonia-detection-challenge,teste_confirmatorio
COVID-19_Radiography_Dataset/Normal/images/Normal-7989.png,Normal,a7f6bce44fec12678fb3e603e6a18b0f,kaggle.com/c/rsna-pneumonia-detection-challenge,treino
COVID-19_Radiography_Dataset/Normal/images/Normal-7991.png,Normal,19075178f411c069a69b9ef32faeba30,kaggle.com/c/rsna-pneumonia-detection-challenge,teste_confirmatorio
COVID-19_Radiography_Dataset/Normal/images/Normal-7993.png,Normal,9322712b3554f8b6f7d612dc025395e0,kaggle.com/c/rsna-pneumonia-detection-challenge,teste_confirmatorio
COVID-19_Radiography_Dataset/Normal/images/Normal-7995.png,Normal,80d6e7b634e9e608ba8e00ae32063930,kaggle.com/c/rsna-pneumonia-detection-challenge,teste
COVID-19_Radiography_Dataset/Normal/images/Normal-800.png,Normal,3709d3e9490c8c93eebc9fa8f84fd030,kaggle.com/c/rsna-pneumonia-detection-challenge,treino
COVID-19_Radiography_Dataset/Normal/images/Normal-8002.png,Normal,16ff10c6188bd35c98813a6b6f7af4ab,kaggle.com/c/rsna-pneumonia-detection-challenge,teste
COVID-19_Radiography_Dataset/Normal/images/Normal-8004.png,Normal,b37aaab055c0a237bbdafc8a05e79b87,kaggle.com/c/rsna-pneumonia-detection-challenge,validacao
COVID-19_Radiography_Dataset/Normal/images/Normal-8006.png,Normal,4b909f0483e7e1971537d8d1fba5da45,kaggle.com/c/rsna-pneumonia-detection-challenge,teste
COVID-19_Radiography_Dataset/Normal/images/Normal-8008.png,Normal,2bd7e897c3674ef5c3ae462bdc17216e,kaggle.com/c/rsna-pneumonia-detection-challenge,treino
COVID-19_Radiography_Dataset/Normal/images/Normal-8009.png,Normal,1b47d1bf2e9718afccf4c4a51d7c08aa,kaggle.com/c/rsna-pneumonia-detection-challenge,treino
COVID-19_Radiography_Dataset/Normal/images/Normal-8011.png,Normal,eec8ee4fe8e1a491aac8eb08da135026,kaggle.com/c/rsna-pneumonia-detection-challenge,validacao
COVID-19_Radiography_Dataset/Normal/images/Normal-8012.png,Normal,9b17d1286609bb473eb5845f05b74d95,kaggle.com/c/rsna-pneumonia-detection-challenge,validacao
COVID-19_Radiography_Dataset/Normal/images/Normal-8017.png,Normal,598eb64e1240bf709964a2e6171ef14d,kaggle.com/c/rsna-pneumonia-detection-challenge,treino
COVID-19_Radiography_Dataset/Normal/images/Normal-8019.png,Normal,c67867248417124ef099758a314e2c9c,kaggle.com/c/rsna-pneumonia-detection-challenge,treino
COVID-19_Radiography_Dataset/Normal/images/Normal-802.png,Normal,a8b8f4a75681d3361255164696394d09,kaggle.com/c/rsna-pneumonia-detection-challenge,validacao
COVID-19_Radiography_Dataset/Normal/images/Normal-8021.png,Normal,f7436b38e4d2ac4976ef427ff3a06ebe,kaggle.com/c/rsna-pneumonia-detection-challenge,treino
COVID-19_Radiography_Dataset/Normal/images/Normal-8026.png,Normal,75909f3d7d0d265238774997c2219eef,kaggle.com/c/rsna-pneumonia-detection-challenge,treino
COVID-19_Radiography_Dataset/Normal/images/Normal-8027.png,Normal,25b92a0c2daacf8ac77c6d4817333688,kaggle.com/c/rsna-pneumonia-detection-challenge,treino
COVID-19_Radiography_Dataset/Normal/images/Normal-8028.png,Normal,27047f3146d9eae13568b1d1a4553847,kaggle.com/c/rsna-pneumonia-detection-challenge,treino
COVID-19_Radiography_Dataset/Normal/images/Normal-8030.png,Normal,25b11e445fb8542896ded58effb388ec,kaggle.com/c/rsna-pneumonia-detection-challenge,treino
COVID-19_Radiography_Dataset/Normal/images/Normal-8031.png,Normal,2e2b3a6e0a594286c282f584d5659e89,kaggle.com/c/rsna-pneumonia-detection-challenge,treino
COVID-19_Radiography_Dataset/Normal/images/Normal-8033.png,Normal,e2c1c75f7a2aad0fb8c60f4fd02b58aa,kaggle.com/c/rsna-pneumonia-detection-challenge,treino
COVID-19_Radiography_Dataset/Normal/images/Normal-8034.png,Normal,a833abf4fa5c32ec1bce369e7d074803,kaggle.com/c/rsna-pneumonia-detection-challenge,validacao
COVID-19_Radiography_Dataset/Normal/images/Normal-8035.png,Normal,1bff4d794e9bcec8163a1c9b225e8fa5,kaggle.com/c/rsna-pneumonia-detection-challenge,validacao
COVID-19_Radiography_Dataset/Normal/images/Normal-8037.png,Normal,08e1dd06c5f6995648fee940415ae86f,kaggle.com/c/rsna-pneumonia-detection-challenge,teste_confirmatorio
COVID-19_Radiography_Dataset/Normal/images/Normal-804.png,Normal,d32b538214df04593143d9c00ee14053,kaggle.com/c/rsna-pneumonia-detection-challenge,teste
COVID-19_Radiography_Dataset/Normal/images/Normal-8048.png,Normal,fb1bdeb3f4f32b24a512718cfc467a4e,kaggle.com/c/rsna-pneumonia-detection-challenge,validacao
COVID-19_Radiography_Dataset/Normal/images/Normal-8053.png,Normal,aef879b278d0ced33e43f5ab1fcaf443,kaggle.com/c/rsna-pneumonia-detection-challenge,teste
COVID-19_Radiography_Dataset/Normal/images/Normal-8062.png,Normal,241c0ea693ecef13438d6771efe58c5c,kaggle.com/c/rsna-pneumonia-detection-challenge,treino
COVID-19_Radiography_Dataset/Normal/images/Normal-8065.png,Normal,12666ffd34d2a25b61b119367f9c3344,kaggle.com/c/rsna-pneumonia-detection-challenge,treino
COVID-19_Radiography_Dataset/Normal/images/Normal-8066.png,Normal,189d9c069499e2886a91496c77c0d8ff,kaggle.com/c/rsna-pneumonia-detection-challenge,teste
COVID-19_Radiography_Dataset/Normal/images/Normal-8067.png,Normal,e86dc0cc229aede85d60228ca3d29eea,kaggle.com/c/rsna-pneumonia-detection-challenge,validacao
COVID-19_Radiography_Dataset/Normal/images/Normal-8070.png,Normal,4942a144e5a7ba8ef8eb612e49a7d4cf,kaggle.com/c/rsna-pneumonia-detection-challenge,teste_confirmatorio
COVID-19_Radiography_Dataset/Normal/images/Normal-8071.png,Normal,9aed9a12bbd9714f9cd2eb65fe3ab9a9,kaggle.com/c/rsna-pneumonia-detection-challenge,treino
COVID-19_Radiography_Dataset/Normal/images/Normal-8072.png,Normal,8390d4e568b1ab5e1195a501dfc0f3db,kaggle.com/c/rsna-pneumonia-detection-challenge,teste_confirmatorio
COVID-19_Radiography_Dataset/Normal/images/Normal-8076.png,Normal,7d632636b933bbd8ebb91be1796a9525,kaggle.com/c/rsna-pneumonia-detection-challenge,teste_confirmatorio
COVID-19_Radiography_Dataset/Normal/images/Normal-8087.png,Normal,a54297370fa5f075a691225021794a17,kaggle.com/c/rsna-pneumonia-detection-challenge,validacao
COVID-19_Radiography_Dataset/Normal/images/Normal-8090.png,Normal,9afda754b2aae58260f80b0ff69917f2,kaggle.com/c/rsna-pneumonia-detection-challenge,teste_confirmatorio
COVID-19_Radiography_Dataset/Normal/images/Normal-811.png,Normal,c7990fc93337ec6e152a54cb8fcdc948,kaggle.com/c/rsna-pneumonia-detection-challenge,teste_confirmatorio
COVID-19_Radiography_Dataset/Normal/images/Normal-8110.png,Normal,cfcea7aca01bcfda2017803602b35e6f,kaggle.com/c/rsna-pneumonia-detection-challenge,teste
COVID-19_Radiography_Dataset/Normal/images/Normal-8112.png,Normal,9d1e29f761e8bde4ef36619cc52b86b5,kaggle.com/c/rsna-pneumonia-detection-challenge,teste
COVID-19_Radiography_Dataset/Normal/images/Normal-8115.png,Normal,6d3b510164cb9c909a50a47440bac103,kaggle.com/c/rsna-pneumonia-detection-challenge,teste
COVID-19_Radiography_Dataset/Normal/images/Normal-813.png,Normal,44172caeeeb6d7bd3258bb58d5126f91,kaggle.com/c/rsna-pneumonia-detection-challenge,teste_confirmatorio
COVID-19_Radiography_Dataset/Normal/images/Normal-8134.png,Normal,5d134197a84d96b2eb5a4d8c5b08a615,kaggle.com/c/rsna-pneumonia-detection-challenge,treino
COVID-19_Radiography_Dataset/Normal/images/Normal-8146.png,Normal,f6a33733e637bdf35d5879b77de26c35,kaggle.com/c/rsna-pneumonia-detection-challenge,validacao
COVID-19_Radiography_Dataset/Normal/images/Normal-8151.png,Normal,9f99edd480964fd3c6df1209629702e6,kaggle.com/c/rsna-pneumonia-detection-challenge,teste
COVID-19_Radiography_Dataset/Normal/images/Normal-8155.png,Normal,2377877f13a753b0ce10da23a41b4b41,kaggle.com/c/rsna-pneumonia-detection-challenge,teste_confirmatorio
COVID-19_Radiography_Dataset/Normal/images/Normal-8157.png,Normal,675fa9cfd46a66f896cd26bd6e605221,kaggle.com/c/rsna-pneumonia-detection-challenge,teste
COVID-19_Radiography_Dataset/Normal/images/Normal-8161.png,Normal,bf203599aaf49cfb79ed390b2afbb51e,kaggle.com/c/rsna-pneumonia-detection-challenge,treino
COVID-19_Radiography_Dataset/Normal/images/Normal-8167.png,Normal,903030f9c4b0d40952eac70de74cc545,kaggle.com/c/rsna-pneumonia-detection-challenge,teste_confirmatorio
COVID-19_Radiography_Dataset/Normal/images/Normal-8172.png,Normal,8c12a0c1cdec4d9110b81bad9d57cb63,kaggle.com/c/rsna-pneumonia-detection-challenge,teste_confirmatorio
COVID-19_Radiography_Dataset/Normal/images/Normal-8174.png,Normal,862b6c3937cfebb66ed896b6cb0a2280,kaggle.com/c/rsna-pneumonia-detection-challenge,teste_confirmatorio
COVID-19_Radiography_Dataset/Normal/images/Normal-8182.png,Normal,d68598c95a62e37ab3b41c494097116a,kaggle.com/c/rsna-pneumonia-detection-challenge,treino
COVID-19_Radiography_Dataset/Normal/images/Normal-8183.png,Normal,71e208c33d553c08c7e6df092fa8cbd1,kaggle.com/c/rsna-pneumonia-detection-challenge,teste
COVID-19_Radiography_Dataset/Normal/images/Normal-8187.png,Normal,11b577846e3c0b17bb86620297435ad2,kaggle.com/c/rsna-pneumonia-detection-challenge,teste_confirmatorio
COVID-19_Radiography_Dataset/Normal/images/Normal-8190.png,Normal,1e12da3ca5a220ea794e32286aca7ea6,kaggle.com/c/rsna-pneumonia-detection-challenge,teste
COVID-19_Radiography_Dataset/Normal/images/Normal-8193.png,Normal,c6b5515753109ff98b4deae0207592c8,kaggle.com/c/rsna-pneumonia-detection-challenge,treino
COVID-19_Radiography_Dataset/Normal/images/Normal-82.png,Normal,6ce6e376fe5bd9ad9a4c3ee1ce21a116,kaggle.com/c/rsna-pneumonia-detection-challenge,treino
COVID-19_Radiography_Dataset/Normal/images/Normal-8203.png,Normal,a6f0c6ed0e0eb93ff5c30119bf461d14,kaggle.com/c/rsna-pneumonia-detection-challenge,teste_confirmatorio
COVID-19_Radiography_Dataset/Normal/images/Normal-8205.png,Normal,ed5129b89e181e5095349bb1d043baf6,kaggle.com/c/rsna-pneumonia-detection-challenge,teste_confirmatorio
COVID-19_Radiography_Dataset/Normal/images/Normal-8215.png,Normal,f62225abdaf51f311463c5aba330bf2e,kaggle.com/c/rsna-pneumonia-detection-challenge,treino
COVID-19_Radiography_Dataset/Normal/images/Normal-822.png,Normal,f04fac66fb4da93782322830ca550707,kaggle.com/c/rsna-pneumonia-detection-challenge,validacao
COVID-19_Radiography_Dataset/Normal/images/Normal-8223.png,Normal,8f62c27aabefbe1a4cb1706651d62cb3,kaggle.com/c/rsna-pneumonia-detection-challenge,validacao
COVID-19_Radiography_Dataset/Normal/images/Normal-8231.png,Normal,417cab9fcc498c73b98661dc737ee794,kaggle.com/c/rsna-pneumonia-detection-challenge,validacao
COVID-19_Radiography_Dataset/Normal/images/Normal-8233.png,Normal,c36031497d52f7250a4041364fb53f7f,kaggle.com/c/rsna-pneumonia-detection-challenge,teste_confirmatorio
COVID-19_Radiography_Dataset/Normal/images/Normal-8235.png,Normal,a26ecc33cfd2b5897f4402ce49c4dc29,kaggle.com/c/rsna-pneumonia-detection-challenge,teste
COVID-19_Radiography_Dataset/Normal/images/Normal-824.png,Normal,e233b1112b6684e202f3b614ba3cf8e0,kaggle.com/c/rsna-pneumonia-detection-challenge,treino
COVID-19_Radiography_Dataset/Normal/images/Normal-8240.png,Normal,3cb6300b396259107ad89482ba525ce4,kaggle.com/c/rsna-pneumonia-detection-challenge,teste_confirmatorio
COVID-19_Radiography_Dataset/Normal/images/Normal-8245.png,Normal,7ad58cfd7d81fad4dc7ade9534ee47e6,kaggle.com/c/rsna-pneumonia-detection-challenge,teste_confirmatorio
COVID-19_Radiography_Dataset/Normal/images/Normal-8246.png,Normal,84537135d8afccbcf3063271c0bfd54f,kaggle.com/c/rsna-pneumonia-detection-challenge,treino
COVID-19_Radiography_Dataset/Normal/images/Normal-8248.png,Normal,a510c4bee943bd12927658b774eb521d,kaggle.com/c/rsna-pneumonia-detection-challenge,treino
COVID-19_Radiography_Dataset/Normal/images/Normal-8249.png,Normal,181c0a3ba2ca01b32cc4f26383cd300e,kaggle.com/c/rsna-pneumonia-detection-challenge,teste
COVID-19_Radiography_Dataset/Normal/images/Normal-825.png,Normal,cf2a559561ad2bd3f1b5a3956e541e6d,kaggle.com/c/rsna-pneumonia-detection-challenge,teste
COVID-19_Radiography_Dataset/Normal/images/Normal-8251.png,Normal,9f06ff7a8c40c5848f1fb4bc871d7d6d,kaggle.com/c/rsna-pneumonia-detection-challenge,validacao
COVID-19_Radiography_Dataset/Normal/images/Normal-8255.png,Normal,4fd9118cc57e9944332b1c1f465f9259,kaggle.com/c/rsna-pneumonia-detection-challenge,treino
COVID-19_Radiography_Dataset/Normal/images/Normal-826.png,Normal,c177b1085f5628bde1a5edbd425b8f5a,kaggle.com/c/rsna-pneumonia-detection-challenge,validacao
COVID-19_Radiography_Dataset/Normal/images/Normal-8260.png,Normal,4a91ac4ffa12af67636296cf02e0e874,kaggle.com/c/rsna-pneumonia-detection-challenge,teste_confirmatorio
COVID-19_Radiography_Dataset/Normal/images/Normal-8264.png,Normal,c0dce22094e8132ee0f242cfe6d61e39,kaggle.com/c/rsna-pneumonia-detection-challenge,treino
COVID-19_Radiography_Dataset/Normal/images/Normal-8271.png,Normal,c44fc3eb71bedf17773f7c4c414154f2,kaggle.com/c/rsna-pneumonia-detection-challenge,teste_confirmatorio
COVID-19_Radiography_Dataset/Normal/images/Normal-8272.png,Normal,4df949fc5da115bb86a918491b52c06c,kaggle.com/c/rsna-pneumonia-detection-challenge,treino
COVID-19_Radiography_Dataset/Normal/images/Normal-8275.png,Normal,3e4de8d90bd86965d04f42df865b0300,kaggle.com/c/rsna-pneumonia-detection-challenge,teste_confirmatorio
COVID-19_Radiography_Dataset/Normal/images/Normal-8279.png,Normal,1a987b06bcb5adc743eab027d1a2ab20,kaggle.com/c/rsna-pneumonia-detection-challenge,validacao
COVID-19_Radiography_Dataset/Normal/images/Normal-828.png,Normal,205c06ed845f58641fdfe105547d4122,kaggle.com/c/rsna-pneumonia-detection-challenge,validacao
COVID-19_Radiography_Dataset/Normal/images/Normal-8290.png,Normal,53eacdce96f8114094e63aa79f9a7693,kaggle.com/c/rsna-pneumonia-detection-challenge,teste
COVID-19_Radiography_Dataset/Normal/images/Normal-8296.png,Normal,28ea16c3d41740aa12d161d131625107,kaggle.com/c/rsna-pneumonia-detection-challenge,teste
COVID-19_Radiography_Dataset/Normal/images/Normal-8297.png,Normal,0f75bdaacd10c93e42d108a01128dd36,kaggle.com/c/rsna-pneumonia-detection-challenge,teste_confirmatorio
COVID-19_Radiography_Dataset/Normal/images/Normal-8298.png,Normal,da625d20ccc6489de039b1f7ef236039,kaggle.com/c/rsna-pneumonia-detection-challenge,treino
COVID-19_Radiography_Dataset/Normal/images/Normal-83.png,Normal,ebd03a452418e0d1629ef8884fc74b27,kaggle.com/c/rsna-pneumonia-detection-challenge,treino
COVID-19_Radiography_Dataset/Normal/images/Normal-8310.png,Normal,e1c1359ae26c8fab42c3cddcd26de1da,kaggle.com/c/rsna-pneumonia-detection-challenge,validacao
COVID-19_Radiography_Dataset/Normal/images/Normal-832.png,Normal,b2f5532c41ee33914749c6023213512c,kaggle.com/c/rsna-pneumonia-detection-challenge,teste
COVID-19_Radiography_Dataset/Normal/images/Normal-8326.png,Normal,f690d85d5f883e8e070b2b109fdb412a,kaggle.com/c/rsna-pneumonia-detection-challenge,teste
COVID-19_Radiography_Dataset/Normal/images/Normal-8327.png,Normal,c95d1c1eb8fd10d508a5c4181198c7a5,kaggle.com/c/rsna-pneumonia-detection-challenge,treino
COVID-19_Radiography_Dataset/Normal/images/Normal-8332.png,Normal,4fea18487f43c6f46552f74306bf3c21,kaggle.com/c/rsna-pneumonia-detection-challenge,treino
COVID-19_Radiography_Dataset/Normal/images/Normal-8337.png,Normal,978dd8d4b527c1b3e96ba7f44e47ae2c,kaggle.com/c/rsna-pneumonia-detection-challenge,treino
COVID-19_Radiography_Dataset/Normal/images/Normal-834.png,Normal,76f52c332af10a944046aa21901191e2,kaggle.com/c/rsna-pneumonia-detection-challenge,treino
COVID-19_Radiography_Dataset/Normal/images/Normal-8340.png,Normal,b7f8c74d1b482f8871e587ed1bf6f625,kaggle.com/c/rsna-pneumonia-detection-challenge,treino
COVID-19_Radiography_Dataset/Normal/images/Normal-8341.png,Normal,3d4bd5dd97e9002f961111e11566eb72,kaggle.com/c/rsna-pneumonia-detection-challenge,teste
COVID-19_Radiography_Dataset/Normal/images/Normal-8344.png,Normal,7abf75038da0a366cdee318ad2cff699,kaggle.com/c/rsna-pneumonia-detection-challenge,teste_confirmatorio
COVID-19_Radiography_Dataset/Normal/images/Normal-8352.png,Normal,3f8766b0bd4d615d6eadf94bfd366850,kaggle.com/c/rsna-pneumonia-detection-challenge,treino
COVID-19_Radiography_Dataset/Normal/images/Normal-8362.png,Normal,aeae1c19b3185b6bf4706cbc74f9188b,kaggle.com/c/rsna-pneumonia-detection-challenge,treino
COVID-19_Radiography_Dataset/Normal/images/Normal-8374.png,Normal,17695f7803a0a0bda7133eed7940437f,kaggle.com/c/rsna-pneumonia-detection-challenge,validacao
COVID-19_Radiography_Dataset/Normal/images/Normal-8377.png,Normal,2ad117684bc56f96a735b6a886da71db,kaggle.com/c/rsna-pneumonia-detection-challenge,teste
COVID-19_Radiography_Dataset/Normal/images/Normal-8378.png,Normal,bdf691af1430514701eae45c5145aaf0,kaggle.com/c/rsna-pneumonia-detection-challenge,teste
COVID-19_Radiography_Dataset/Normal/images/Normal-838.png,Normal,f95c7df1ff3b033d730397b6169cba3f,kaggle.com/c/rsna-pneumonia-detection-challenge,teste_confirmatorio
COVID-19_Radiography_Dataset/Normal/images/Normal-8386.png,Normal,33dc653f4f669269dc6c8e75e18ff721,kaggle.com/c/rsna-pneumonia-detection-challenge,teste
COVID-19_Radiography_Dataset/Normal/images/Normal-839.png,Normal,725ed73d9b2e949ff665ca468b1ad725,kaggle.com/c/rsna-pneumonia-detection-challenge,teste
COVID-19_Radiography_Dataset/Normal/images/Normal-8404.png,Normal,5bcbedc0b52c34f6ff74f89357db4059,kaggle.com/c/rsna-pneumonia-detection-challenge,teste
COVID-19_Radiography_Dataset/Normal/images/Normal-8405.png,Normal,fee8f592a672d0f95550051ce249065f,kaggle.com/c/rsna-pneumonia-detection-challenge,treino
COVID-19_Radiography_Dataset/Normal/images/Normal-8407.png,Normal,074966399b51e419ae5ad56e41a56e41,kaggle.com/c/rsna-pneumonia-detection-challenge,treino
COVID-19_Radiography_Dataset/Normal/images/Normal-8409.png,Normal,57133c8ff18c1fc142732bec8a41892a,kaggle.com/c/rsna-pneumonia-detection-challenge,teste
COVID-19_Radiography_Dataset/Normal/images/Normal-8410.png,Normal,a490e64abffdd29620919ffefdfda3e3,kaggle.com/c/rsna-pneumonia-detection-challenge,teste_confirmatorio
COVID-19_Radiography_Dataset/Normal/images/Normal-8414.png,Normal,6527ca1d24367a198fdfa5df97711bd6,kaggle.com/c/rsna-pneumonia-detection-challenge,validacao
COVID-19_Radiography_Dataset/Normal/images/Normal-8416.png,Normal,d581bfa6d470882961a9d792398d6073,kaggle.com/c/rsna-pneumonia-detection-challenge,teste
COVID-19_Radiography_Dataset/Normal/images/Normal-8422.png,Normal,3b2b6e11cf9005c992446fd114a0195a,kaggle.com/c/rsna-pneumonia-detection-challenge,teste
COVID-19_Radiography_Dataset/Normal/images/Normal-8427.png,Normal,4a0070d0f00c861819aa8bd6a94a28ea,kaggle.com/c/rsna-pneumonia-detection-challenge,validacao
COVID-19_Radiography_Dataset/Normal/images/Normal-8428.png,Normal,3dca034c6ee9b232e70ea9185dcdb72d,kaggle.com/c/rsna-pneumonia-detection-challenge,teste_confirmatorio
COVID-19_Radiography_Dataset/Normal/images/Normal-8432.png,Normal,d8e29bb7c2055e9e5d070258764445c2,kaggle.com/c/rsna-pneumonia-detection-challenge,teste_confirmatorio
COVID-19_Radiography_Dataset/Normal/images/Normal-8442.png,Normal,8cbd9c2b296204999dd97eb0cea0cd82,kaggle.com/c/rsna-pneumonia-detection-challenge,validacao
COVID-19_Radiography_Dataset/Normal/images/Normal-8445.png,Normal,fba110e16f0c0a21abab76add69b7175,kaggle.com/c/rsna-pneumonia-detection-challenge,teste_confirmatorio
COVID-19_Radiography_Dataset/Normal/images/Normal-845.png,Normal,daf3e03842f70761657b6a6a8cf4f0e7,kaggle.com/c/rsna-pneumonia-detection-challenge,treino
COVID-19_Radiography_Dataset/Normal/images/Normal-8451.png,Normal,ee620b0d3113f17232679849b805163a,kaggle.com/c/rsna-pneumonia-detection-challenge,validacao
COVID-19_Radiography_Dataset/Normal/images/Normal-8455.png,Normal,03368e8f6e81eb582f908cbebe14168d,kaggle.com/c/rsna-pneumonia-detection-challenge,validacao
COVID-19_Radiography_Dataset/Normal/images/Normal-8459.png,Normal,39ecc0c6990087845345d2d6eb568a3f,kaggle.com/c/rsna-pneumonia-detection-challenge,teste
COVID-19_Radiography_Dataset/Normal/images/Normal-8475.png,Normal,83a088999831bce2d20df9d68f841561,kaggle.com/c/rsna-pneumonia-detection-challenge,teste
COVID-19_Radiography_Dataset/Normal/images/Normal-8478.png,Normal,e82ae56148faf0e3c4957efd29a52b88,kaggle.com/c/rsna-pneumonia-detection-challenge,treino
COVID-19_Radiography_Dataset/Normal/images/Normal-8490.png,Normal,9ebef9fcc0a84e8d5956bf6a951d238e,kaggle.com/c/rsna-pneumonia-detection-challenge,teste
COVID-19_Radiography_Dataset/Normal/images/Normal-8493.png,Normal,d4f24684bc12c1c19aa11d8c5bd9e5c4,kaggle.com/c/rsna-pneumonia-detection-challenge,teste
COVID-19_Radiography_Dataset/Normal/images/Normal-8495.png,Normal,38d8658be119dcb37fa5c1717b90a680,kaggle.com/c/rsna-pneumonia-detection-challenge,validacao
COVID-19_Radiography_Dataset/Normal/images/Normal-8505.png,Normal,c9bc16465bff7c16ca5b475d895e8617,kaggle.com/c/rsna-pneumonia-detection-challenge,validacao
COVID-19_Radiography_Dataset/Normal/images/Normal-8511.png,Normal,c98a28010e8f4d86ad2aa1bc0e37d7cf,kaggle.com/c/rsna-pneumonia-detection-challenge,teste_confirmatorio
COVID-19_Radiography_Dataset/Normal/images/Normal-8516.png,Normal,4ce2baac0615c5f08ab43ff310563cb2,kaggle.com/c/rsna-pneumonia-detection-challenge,treino
COVID-19_Radiography_Dataset/Normal/images/Normal-8517.png,Normal,95a81ce8a3b92bdcad8717e1cce92ec5,kaggle.com/c/rsna-pneumonia-detection-challenge,validacao
COVID-19_Radiography_Dataset/Normal/images/Normal-8518.png,Normal,7fb5ed18f2c94a7514a7a6f3a324b563,kaggle.com/c/rsna-pneumonia-detection-challenge,teste
COVID-19_Radiography_Dataset/Normal/images/Normal-8524.png,Normal,23a0c51905bce4f452dc2c5d4597cd5f,kaggle.com/c/rsna-pneumonia-detection-challenge,treino
COVID-19_Radiography_Dataset/Normal/images/Normal-8525.png,Normal,ba6257217e5213375f49da3ebe723a28,kaggle.com/c/rsna-pneumonia-detection-challenge,treino
COVID-19_Radiography_Dataset/Normal/images/Normal-8544.png,Normal,39a54bcedefb3761dba47adc4c21d56f,kaggle.com/c/rsna-pneumonia-detection-challenge,treino
COVID-19_Radiography_Dataset/Normal/images/Normal-8545.png,Normal,6d8ca917703fa8beb53d80ca4fae32ba,kaggle.com/c/rsna-pneumonia-detection-challenge,validacao
COVID-19_Radiography_Dataset/Normal/images/Normal-8547.png,Normal,b92404b9b5b8c872268c9fac6bf8dbf9,kaggle.com/c/rsna-pneumonia-detection-challenge,teste_confirmatorio
COVID-19_Radiography_Dataset/Normal/images/Normal-855.png,Normal,48b18400aa61216a63a7661e28f573da,kaggle.com/c/rsna-pneumonia-detection-challenge,validacao
COVID-19_Radiography_Dataset/Normal/images/Normal-8552.png,Normal,face8da00c208b7efdb70e223ffba147,kaggle.com/c/rsna-pneumonia-detection-challenge,teste_confirmatorio
COVID-19_Radiography_Dataset/Normal/images/Normal-8555.png,Normal,ae74d6ca65d5a69972bf0b44b8949f56,kaggle.com/c/rsna-pneumonia-detection-challenge,teste
COVID-19_Radiography_Dataset/Normal/images/Normal-8556.png,Normal,d541dd481c4c5a6f7a1b67115741316f,kaggle.com/c/rsna-pneumonia-detection-challenge,teste_confirmatorio
COVID-19_Radiography_Dataset/Normal/images/Normal-856.png,Normal,60d1031aabfd7bb78c7c6df5f9c8a310,kaggle.com/c/rsna-pneumonia-detection-challenge,validacao
COVID-19_Radiography_Dataset/Normal/images/Normal-8560.png,Normal,0934b7785555279d68a73883e00ad30f,kaggle.com/c/rsna-pneumonia-detection-challenge,teste_confirmatorio
COVID-19_Radiography_Dataset/Normal/images/Normal-8561.png,Normal,1c6d9fb3633904f471d8ef4a40d7f825,kaggle.com/c/rsna-pneumonia-detection-challenge,treino
COVID-19_Radiography_Dataset/Normal/images/Normal-8564.png,Normal,89b4c0451cf6058adbbf25361d1b1268,kaggle.com/c/rsna-pneumonia-detection-challenge,teste
COVID-19_Radiography_Dataset/Normal/images/Normal-8573.png,Normal,34b82ec4aae86ea7014837c1dd41f72a,kaggle.com/c/rsna-pneumonia-detection-challenge,teste
COVID-19_Radiography_Dataset/Normal/images/Normal-8580.png,Normal,bac8851be5f6b2acdfac8f3cdb8a9624,kaggle.com/c/rsna-pneumonia-detection-challenge,validacao
COVID-19_Radiography_Dataset/Normal/images/Normal-8584.png,Normal,7d40fd0b17210137f48c3bfb00a817af,kaggle.com/c/rsna-pneumonia-detection-challenge,teste
COVID-19_Radiography_Dataset/Normal/images/Normal-8587.png,Normal,fad41ed0b1405534e968a83c2b768de8,kaggle.com/c/rsna-pneumonia-detection-challenge,teste
COVID-19_Radiography_Dataset/Normal/images/Normal-8589.png,Normal,fb412af503199901a645a3e8bbf74b77,kaggle.com/c/rsna-pneumonia-detection-challenge,treino
COVID-19_Radiography_Dataset/Normal/images/Normal-8592.png,Normal,765deabc64fe2c43d307dc24151022fd,kaggle.com/c/rsna-pneumonia-detection-challenge,teste_confirmatorio
COVID-19_Radiography_Dataset/Normal/images/Normal-8594.png,Normal,a1c9489f1b3ec42a33892cdee3fab99e,kaggle.com/c/rsna-pneumonia-detection-challenge,validacao
COVID-19_Radiography_Dataset/Normal/images/Normal-8598.png,Normal,542fa63a7ed94c2fee258848340c4a73,kaggle.com/c/rsna-pneumonia-detection-challenge,treino
COVID-19_Radiography_Dataset/Normal/images/Normal-86.png,Normal,4b0378c21a5313d789d8890a663ae269,kaggle.com/c/rsna-pneumonia-detection-challenge,teste_confirmatorio
COVID-19_Radiography_Dataset/Normal/images/Normal-860.png,Normal,b3b649dfb818f78a5ea7d64248d618a1,kaggle.com/c/rsna-pneumonia-detection-challenge,treino
COVID-19_Radiography_Dataset/Normal/images/Normal-8601.png,Normal,89fa81bc896731c29cd2c1f5e15aff15,kaggle.com/c/rsna-pneumonia-detection-challenge,teste_confirmatorio
COVID-19_Radiography_Dataset/Normal/images/Normal-8603.png,Normal,f3b69cd747b2ba4557fc701b951e7c65,kaggle.com/c/rsna-pneumonia-detection-challenge,teste
COVID-19_Radiography_Dataset/Normal/images/Normal-8605.png,Normal,43a63e49350a9d8394fe88eb41906b0a,kaggle.com/c/rsna-pneumonia-detection-challenge,treino
COVID-19_Radiography_Dataset/Normal/images/Normal-8606.png,Normal,8d821d556261af43fd7e03913a19bbd6,kaggle.com/c/rsna-pneumonia-detection-challenge,teste
COVID-19_Radiography_Dataset/Normal/images/Normal-8610.png,Normal,e611b340f3a0540ebc924bf38c7070de,kaggle.com/c/rsna-pneumonia-detection-challenge,teste_confirmatorio
COVID-19_Radiography_Dataset/Normal/images/Normal-8612.png,Normal,e42b7447effa490f4b3b577453da5ca8,kaggle.com/c/rsna-pneumonia-detection-challenge,teste_confirmatorio
COVID-19_Radiography_Dataset/Normal/images/Normal-8614.png,Normal,cc31cfc7477bfbb490be26a422ff2a5a,kaggle.com/c/rsna-pneumonia-detection-challenge,treino
COVID-19_Radiography_Dataset/Normal/images/Normal-862.png,Normal,fc0de14ad7eaa7d56abc9518b1380341,kaggle.com/c/rsna-pneumonia-detection-challenge,teste_confirmatorio
COVID-19_Radiography_Dataset/Normal/images/Normal-8620.png,Normal,63f17088e69da1f9c686752908138c2a,kaggle.com/c/rsna-pneumonia-detection-challenge,treino
COVID-19_Radiography_Dataset/Normal/images/Normal-8623.png,Normal,506aa1021d3420f838d3e5414d954f19,kaggle.com/c/rsna-pneumonia-detection-challenge,validacao
COVID-19_Radiography_Dataset/Normal/images/Normal-8629.png,Normal,40a0bffba6b2abea17b85dded9045f5c,kaggle.com/c/rsna-pneumonia-detection-challenge,validacao
COVID-19_Radiography_Dataset/Normal/images/Normal-8630.png,Normal,4d6c4732dd7879755c2cef9194f484e9,kaggle.com/c/rsna-pneumonia-detection-challenge,treino
COVID-19_Radiography_Dataset/Normal/images/Normal-8635.png,Normal,610242fe796095b2b1f7a3f5cb087c83,kaggle.com/c/rsna-pneumonia-detection-challenge,validacao
COVID-19_Radiography_Dataset/Normal/images/Normal-864.png,Normal,bcad8918f10acddf89496cbba07038b1,kaggle.com/c/rsna-pneumonia-detection-challenge,treino
COVID-19_Radiography_Dataset/Normal/images/Normal-8644.png,Normal,07f532e84d3deeee1f51cb2f46633fe5,kaggle.com/c/rsna-pneumonia-detection-challenge,teste
COVID-19_Radiography_Dataset/Normal/images/Normal-8645.png,Normal,eebaa1144a3874ef5ee5246fb20e9331,kaggle.com/c/rsna-pneumonia-detection-challenge,teste_confirmatorio
COVID-19_Radiography_Dataset/Normal/images/Normal-8647.png,Normal,1ce327c290b5b07ebdd22edbd5b82efc,kaggle.com/c/rsna-pneumonia-detection-challenge,treino
COVID-19_Radiography_Dataset/Normal/images/Normal-8654.png,Normal,f6da1a541804bf623058290ed13e6353,kaggle.com/c/rsna-pneumonia-detection-challenge,treino
COVID-19_Radiography_Dataset/Normal/images/Normal-8655.png,Normal,ecfbeb3e3ea5de77c7ce485497f213fd,kaggle.com/c/rsna-pneumonia-detection-challenge,teste
COVID-19_Radiography_Dataset/Normal/images/Normal-866.png,Normal,a4cba479eb2c431f0bd447db49eede7a,kaggle.com/c/rsna-pneumonia-detection-challenge,teste
COVID-19_Radiography_Dataset/Normal/images/Normal-8660.png,Normal,c59aacc2570a7357dcb9e91ee10e5ce6,kaggle.com/c/rsna-pneumonia-detection-challenge,teste
COVID-19_Radiography_Dataset/Normal/images/Normal-8662.png,Normal,5dd52ea7e2dcb5c2973e1328421498ae,kaggle.com/c/rsna-pneumonia-detection-challenge,treino
COVID-19_Radiography_Dataset/Normal/images/Normal-8664.png,Normal,7e935b8252b0a26730ba2f35099bc38e,kaggle.com/c/rsna-pneumonia-detection-challenge,teste_confirmatorio
COVID-19_Radiography_Dataset/Normal/images/Normal-8669.png,Normal,7132996a340d7d67c60ccba717fdfa0a,kaggle.com/c/rsna-pneumonia-detection-challenge,treino
COVID-19_Radiography_Dataset/Normal/images/Normal-8673.png,Normal,15400c098178f35730a49e4288809f2d,kaggle.com/c/rsna-pneumonia-detection-challenge,treino
COVID-19_Radiography_Dataset/Normal/images/Normal-868.png,Normal,55da08b5574174651c1983bc5437845f,kaggle.com/c/rsna-pneumonia-detection-challenge,teste_confirmatorio
COVID-19_Radiography_Dataset/Normal/images/Normal-8688.png,Normal,323128f3c99a93a7c867bdc1f5e809ed,kaggle.com/c/rsna-pneumonia-detection-challenge,treino
COVID-19_Radiography_Dataset/Normal/images/Normal-8691.png,Normal,b039173dbc58c8f05442af97a56205d1,kaggle.com/c/rsna-pneumonia-detection-challenge,teste
COVID-19_Radiography_Dataset/Normal/images/Normal-8697.png,Normal,f534a399521f252f583b172c4decd0b4,kaggle.com/c/rsna-pneumonia-detection-challenge,treino
COVID-19_Radiography_Dataset/Normal/images/Normal-8698.png,Normal,b5da681ca6cea687592e93664b10de45,kaggle.com/c/rsna-pneumonia-detection-challenge,treino
COVID-19_Radiography_Dataset/Normal/images/Normal-8700.png,Normal,ffd49bd656ca9273e973ec916ca975b2,kaggle.com/c/rsna-pneumonia-detection-challenge,treino
COVID-19_Radiography_Dataset/Normal/images/Normal-8702.png,Normal,c6f472113e0f72b61f44e5c955970a9b,kaggle.com/c/rsna-pneumonia-detection-challenge,teste
COVID-19_Radiography_Dataset/Normal/images/Normal-8710.png,Normal,5a18bdd07e7809b58888926e9267dcee,kaggle.com/c/rsna-pneumonia-detection-challenge,validacao
COVID-19_Radiography_Dataset/Normal/images/Normal-8711.png,Normal,b47fa319d25db01dd16cb4ed29460f2f,kaggle.com/c/rsna-pneumonia-detection-challenge,teste_confirmatorio
COVID-19_Radiography_Dataset/Normal/images/Normal-8717.png,Normal,3406e89a9d9441fa9af46e07c3b3c33f,kaggle.com/c/rsna-pneumonia-detection-challenge,teste
COVID-19_Radiography_Dataset/Normal/images/Normal-872.png,Normal,f6372f7235310dc58775c64d6f692548,kaggle.com/c/rsna-pneumonia-detection-challenge,validacao
COVID-19_Radiography_Dataset/Normal/images/Normal-8731.png,Normal,6afb61b59ded50e1dd3b3f1a77ffa3c6,kaggle.com/c/rsna-pneumonia-detection-challenge,teste
COVID-19_Radiography_Dataset/Normal/images/Normal-8735.png,Normal,8363a3355f93a878fd0eb5aaa23f8ecb,kaggle.com/c/rsna-pneumonia-detection-challenge,teste
COVID-19_Radiography_Dataset/Normal/images/Normal-8737.png,Normal,446c2045172624181e9b73032da89d07,kaggle.com/c/rsna-pneumonia-detection-challenge,treino
COVID-19_Radiography_Dataset/Normal/images/Normal-874.png,Normal,d96b73c6efbfd6014b89c37077097d8e,kaggle.com/c/rsna-pneumonia-detection-challenge,teste_confirmatorio
COVID-19_Radiography_Dataset/Normal/images/Normal-8745.png,Normal,15e3d60b8b2a4f1c165977d41331c690,kaggle.com/c/rsna-pneumonia-detection-challenge,teste
COVID-19_Radiography_Dataset/Normal/images/Normal-875.png,Normal,9f928c87562372245ac0ebab03edda7c,kaggle.com/c/rsna-pneumonia-detection-challenge,teste_confirmatorio
COVID-19_Radiography_Dataset/Normal/images/Normal-8757.png,Normal,247b6733c9658d9d6cb6a262ff4ad433,kaggle.com/c/rsna-pneumonia-detection-challenge,treino
COVID-19_Radiography_Dataset/Normal/images/Normal-8763.png,Normal,2b30d734ffc793748235d413b1214070,kaggle.com/c/rsna-pneumonia-detection-challenge,teste
COVID-19_Radiography_Dataset/Normal/images/Normal-8767.png,Normal,75604f608a94869e0c4feee13d066e3b,kaggle.com/c/rsna-pneumonia-detection-challenge,treino
COVID-19_Radiography_Dataset/Normal/images/Normal-8768.png,Normal,406eb23e18efa27ec70cd075691e967d,kaggle.com/c/rsna-pneumonia-detection-challenge,teste
COVID-19_Radiography_Dataset/Normal/images/Normal-8769.png,Normal,ebc6d4da960cb27ba077b4cc3805144a,kaggle.com/c/rsna-pneumonia-detection-challenge,treino
COVID-19_Radiography_Dataset/Normal/images/Normal-8770.png,Normal,7503bea818013cec4b19ed84320d7256,kaggle.com/c/rsna-pneumonia-detection-challenge,teste
COVID-19_Radiography_Dataset/Normal/images/Normal-8779.png,Normal,ff2759518db535b0ae37fdac0410fd07,kaggle.com/c/rsna-pneumonia-detection-challenge,treino
COVID-19_Radiography_Dataset/Normal/images/Normal-8781.png,Normal,85307b8e4cd422da8b5bc8f85854ab9d,kaggle.com/c/rsna-pneumonia-detection-challenge,validacao
COVID-19_Radiography_Dataset/Normal/images/Normal-8785.png,Normal,a32daee2d0a5bd4a1aff69d89a6559c4,kaggle.com/c/rsna-pneumonia-detection-challenge,teste
COVID-19_Radiography_Dataset/Normal/images/Normal-8789.png,Normal,ddb0a14a8ff9dacd5497bc289aecbb39,kaggle.com/c/rsna-pneumonia-detection-challenge,teste_confirmatorio
COVID-19_Radiography_Dataset/Normal/images/Normal-8793.png,Normal,bc109e96c34f30271ffc7e8c9207328d,kaggle.com/c/rsna-pneumonia-detection-challenge,validacao
COVID-19_Radiography_Dataset/Normal/images/Normal-8799.png,Normal,b9b94519e168d3f4f22bbef4f75aa383,kaggle.com/c/rsna-pneumonia-detection-challenge,treino
COVID-19_Radiography_Dataset/Normal/images/Normal-88.png,Normal,87260a894f906da6f9d0167af826ce68,kaggle.com/c/rsna-pneumonia-detection-challenge,treino
COVID-19_Radiography_Dataset/Normal/images/Normal-8804.png,Normal,e5afba6ce6acd7c2b5900af313fd2bef,kaggle.com/c/rsna-pneumonia-detection-challenge,treino
COVID-19_Radiography_Dataset/Normal/images/Normal-8806.png,Normal,e0ee2b23fbeff3fb7276e703e12e7b2d,kaggle.com/c/rsna-pneumonia-detection-challenge,validacao
COVID-19_Radiography_Dataset/Normal/images/Normal-8808.png,Normal,bee122d6bde56121902101d10d2325b2,kaggle.com/c/rsna-pneumonia-detection-challenge,teste
COVID-19_Radiography_Dataset/Normal/images/Normal-8817.png,Normal,f467b426127a2be3180c27dd817077a2,kaggle.com/c/rsna-pneumonia-detection-challenge,teste_confirmatorio
COVID-19_Radiography_Dataset/Normal/images/Normal-8823.png,Normal,a008fb27ce30ab2d1ea58577ccd90ac3,kaggle.com/c/rsna-pneumonia-detection-challenge,teste
COVID-19_Radiography_Dataset/Normal/images/Normal-883.png,Normal,53084f699d55c6989058c6bae9c19c5e,kaggle.com/c/rsna-pneumonia-detection-challenge,teste
COVID-19_Radiography_Dataset/Normal/images/Normal-8831.png,Normal,351f7908273964e3ed3244f481616ef6,kaggle.com/c/rsna-pneumonia-detection-challenge,treino
COVID-19_Radiography_Dataset/Normal/images/Normal-8832.png,Normal,29ecf2bef1f6ad6c8482483136c24d0c,kaggle.com/c/rsna-pneumonia-detection-challenge,teste
COVID-19_Radiography_Dataset/Normal/images/Normal-8833.png,Normal,28e1ee029c7524fbedef92ca50fa0b4a,kaggle.com/c/rsna-pneumonia-detection-challenge,validacao
COVID-19_Radiography_Dataset/Normal/images/Normal-8836.png,Normal,01e8f5744a21295f41832cbe3debbbb4,kaggle.com/c/rsna-pneumonia-detection-challenge,teste
COVID-19_Radiography_Dataset/Normal/images/Normal-8838.png,Normal,6ebcfbdefcbc4ddbef1878dc097b5e7c,kaggle.com/c/rsna-pneumonia-detection-challenge,teste
COVID-19_Radiography_Dataset/Normal/images/Normal-8842.png,Normal,7370b2369e85faeeded9bab543d0043d,kaggle.com/c/rsna-pneumonia-detection-challenge,teste
COVID-19_Radiography_Dataset/Normal/images/Normal-8851.png,Normal,0f346a21ccc957d6c78d3ce54ef0e92e,kaggle.com/c/rsna-pneumonia-detection-challenge,validacao
COVID-19_Radiography_Dataset/Normal/images/Normal-8857.png,Normal,583e347ecf7405d3a884adac3943b28d,kaggle.com/paultimothymooney/chest-xray-pneumonia,teste
COVID-19_Radiography_Dataset/Normal/images/Normal-8858.png,Normal,c938cc83c6ef04c550c9cb9c19a960b2,kaggle.com/paultimothymooney/chest-xray-pneumonia,treino
COVID-19_Radiography_Dataset/Normal/images/Normal-8859.png,Normal,8b6ebdadaf23cfdbed616b0ff76d9d19,kaggle.com/paultimothymooney/chest-xray-pneumonia,treino
COVID-19_Radiography_Dataset/Normal/images/Normal-8865.png,Normal,f7ca840a15f52dfc7cb1fdd1b1cdee0f,kaggle.com/paultimothymooney/chest-xray-pneumonia,teste
COVID-19_Radiography_Dataset/Normal/images/Normal-887.png,Normal,167843db9fcd520f73a70124d0a8fe4f,kaggle.com/c/rsna-pneumonia-detection-challenge,teste_confirmatorio
COVID-19_Radiography_Dataset/Normal/images/Normal-8873.png,Normal,894775b9495f6e4ac33194b39eb60882,kaggle.com/paultimothymooney/chest-xray-pneumonia,treino
COVID-19_Radiography_Dataset/Normal/images/Normal-8881.png,Normal,a6566aae811d0be789e3a2a5635c2031,kaggle.com/paultimothymooney/chest-xray-pneumonia,treino
COVID-19_Radiography_Dataset/Normal/images/Normal-8883.png,Normal,5ebb39f57471015ba5d80ec000b425f0,kaggle.com/paultimothymooney/chest-xray-pneumonia,treino
COVID-19_Radiography_Dataset/Normal/images/Normal-8886.png,Normal,164eb594e5d4640b74b5a9e4ea2b1762,kaggle.com/paultimothymooney/chest-xray-pneumonia,teste_confirmatorio
COVID-19_Radiography_Dataset/Normal/images/Normal-8892.png,Normal,803d92bd07303ff79e545b2ec8d4b83b,kaggle.com/paultimothymooney/chest-xray-pneumonia,validacao
COVID-19_Radiography_Dataset/Normal/images/Normal-8895.png,Normal,7682c2311e649ac27d594acf9b362f3e,kaggle.com/paultimothymooney/chest-xray-pneumonia,teste
COVID-19_Radiography_Dataset/Normal/images/Normal-890.png,Normal,65fbef21acca2c84711e65062c87ac9b,kaggle.com/c/rsna-pneumonia-detection-challenge,treino
COVID-19_Radiography_Dataset/Normal/images/Normal-8909.png,Normal,0c8b568ef6a0c229d4971216f9288cc1,kaggle.com/paultimothymooney/chest-xray-pneumonia,teste
COVID-19_Radiography_Dataset/Normal/images/Normal-8914.png,Normal,c82f535bdb1140f1aab20c6a7a712f25,kaggle.com/paultimothymooney/chest-xray-pneumonia,teste_confirmatorio
COVID-19_Radiography_Dataset/Normal/images/Normal-8920.png,Normal,093577397249d88241f51c41042287fd,kaggle.com/paultimothymooney/chest-xray-pneumonia,teste_confirmatorio
COVID-19_Radiography_Dataset/Normal/images/Normal-8921.png,Normal,3bee3a7bcb845a19fe451c72557b2646,kaggle.com/paultimothymooney/chest-xray-pneumonia,teste_confirmatorio
COVID-19_Radiography_Dataset/Normal/images/Normal-8925.png,Normal,d8d729a1b1f1a58e915bb0bc54438fc4,kaggle.com/paultimothymooney/chest-xray-pneumonia,treino
COVID-19_Radiography_Dataset/Normal/images/Normal-8926.png,Normal,0962a19244f4c05f424268f4478da801,kaggle.com/paultimothymooney/chest-xray-pneumonia,treino
COVID-19_Radiography_Dataset/Normal/images/Normal-8928.png,Normal,1cd4ae246bfd2ed1edd271e77eda12e0,kaggle.com/paultimothymooney/chest-xray-pneumonia,validacao
COVID-19_Radiography_Dataset/Normal/images/Normal-8930.png,Normal,18a101f54fbc6e4198d8cbcba9c57aad,kaggle.com/paultimothymooney/chest-xray-pneumonia,teste_confirmatorio
COVID-19_Radiography_Dataset/Normal/images/Normal-8936.png,Normal,3eafc5f09d3efecd27c48f2b3e8fc265,kaggle.com/paultimothymooney/chest-xray-pneumonia,treino
COVID-19_Radiography_Dataset/Normal/images/Normal-8937.png,Normal,f7f3f39ca249d6ed049713eb39a3022d,kaggle.com/paultimothymooney/chest-xray-pneumonia,teste_confirmatorio
COVID-19_Radiography_Dataset/Normal/images/Normal-8940.png,Normal,a1a0111858b0a54318830062eabd49ea,kaggle.com/paultimothymooney/chest-xray-pneumonia,teste
COVID-19_Radiography_Dataset/Normal/images/Normal-8944.png,Normal,3da149020020e981e1dc8542423683ee,kaggle.com/paultimothymooney/chest-xray-pneumonia,teste
COVID-19_Radiography_Dataset/Normal/images/Normal-8947.png,Normal,8f5253eb37ca49099f27fce5e4c3d3b3,kaggle.com/paultimothymooney/chest-xray-pneumonia,treino
COVID-19_Radiography_Dataset/Normal/images/Normal-8949.png,Normal,8d577c314f4ca1447a47bbac3cfe2665,kaggle.com/paultimothymooney/chest-xray-pneumonia,teste
COVID-19_Radiography_Dataset/Normal/images/Normal-8950.png,Normal,4da59f2a0d0b7719d67baaefbc1c6bbc,kaggle.com/paultimothymooney/chest-xray-pneumonia,treino
COVID-19_Radiography_Dataset/Normal/images/Normal-8951.png,Normal,bf75c3b5ff3783e3fa94b951ce3cbc1a,kaggle.com/paultimothymooney/chest-xray-pneumonia,teste_confirmatorio
COVID-19_Radiography_Dataset/Normal/images/Normal-8952.png,Normal,50f79f36d29fcfa8dd6ffc703e456e53,kaggle.com/paultimothymooney/chest-xray-pneumonia,validacao
COVID-19_Radiography_Dataset/Normal/images/Normal-8954.png,Normal,ce2d05f91c1e4fc3c483900bdde85812,kaggle.com/paultimothymooney/chest-xray-pneumonia,teste_confirmatorio
COVID-19_Radiography_Dataset/Normal/images/Normal-8958.png,Normal,c3920cf52ddebb8b7c4b9faae172501a,kaggle.com/paultimothymooney/chest-xray-pneumonia,teste_confirmatorio
COVID-19_Radiography_Dataset/Normal/images/Normal-8975.png,Normal,1a907a8a6c75e86b5f8bc0dd1d0859a3,kaggle.com/paultimothymooney/chest-xray-pneumonia,teste
COVID-19_Radiography_Dataset/Normal/images/Normal-8977.png,Normal,a871525aef94b5af7458e42d8f97b515,kaggle.com/paultimothymooney/chest-xray-pneumonia,teste_confirmatorio
COVID-19_Radiography_Dataset/Normal/images/Normal-8985.png,Normal,d4009c75f1998bd081dca8f937cdfa31,kaggle.com/paultimothymooney/chest-xray-pneumonia,teste_confirmatorio
COVID-19_Radiography_Dataset/Normal/images/Normal-8991.png,Normal,185c96f68d8371a67ab78c244c50b3ab,kaggle.com/paultimothymooney/chest-xray-pneumonia,treino
COVID-19_Radiography_Dataset/Normal/images/Normal-8999.png,Normal,4066ae41e4838f9a89dc971197991142,kaggle.com/paultimothymooney/chest-xray-pneumonia,validacao
COVID-19_Radiography_Dataset/Normal/images/Normal-9000.png,Normal,49db780c36a8014b83ce8da47d0658b6,kaggle.com/paultimothymooney/chest-xray-pneumonia,teste_confirmatorio
COVID-19_Radiography_Dataset/Normal/images/Normal-9001.png,Normal,49c1a68dc43d50fb7cf2d0ad75d75933,kaggle.com/paultimothymooney/chest-xray-pneumonia,teste_confirmatorio
COVID-19_Radiography_Dataset/Normal/images/Normal-9002.png,Normal,7a5cf058b44d42e1161da2586fed8e10,kaggle.com/paultimothymooney/chest-xray-pneumonia,treino
COVID-19_Radiography_Dataset/Normal/images/Normal-9007.png,Normal,60197ca2cf3e3b2ac800b681373f5f9f,kaggle.com/paultimothymooney/chest-xray-pneumonia,treino
COVID-19_Radiography_Dataset/Normal/images/Normal-9010.png,Normal,9970ce038869cbed75784e8c56926ed2,kaggle.com/paultimothymooney/chest-xray-pneumonia,teste_confirmatorio
COVID-19_Radiography_Dataset/Normal/images/Normal-9021.png,Normal,66489f8fe71776fbcc3ad15f0dfc1a9a,kaggle.com/paultimothymooney/chest-xray-pneumonia,treino
COVID-19_Radiography_Dataset/Normal/images/Normal-9030.png,Normal,c10a5dcb04c793895a1bcd3f9d2983bd,kaggle.com/paultimothymooney/chest-xray-pneumonia,treino
COVID-19_Radiography_Dataset/Normal/images/Normal-9040.png,Normal,bb4b4e08137b2bef7df852ca6c92a2b3,kaggle.com/paultimothymooney/chest-xray-pneumonia,teste_confirmatorio
COVID-19_Radiography_Dataset/Normal/images/Normal-9045.png,Normal,917e7917c4edb89b4428c5adff900118,kaggle.com/paultimothymooney/chest-xray-pneumonia,validacao
COVID-19_Radiography_Dataset/Normal/images/Normal-9046.png,Normal,228a299dc3a33b4f2414470909b34d77,kaggle.com/paultimothymooney/chest-xray-pneumonia,validacao
COVID-19_Radiography_Dataset/Normal/images/Normal-9048.png,Normal,52dbbf7295f333308b92f19cc7276a6f,kaggle.com/paultimothymooney/chest-xray-pneumonia,treino
COVID-19_Radiography_Dataset/Normal/images/Normal-905.png,Normal,9cccdf58b32147e14410dff98ea781dc,kaggle.com/c/rsna-pneumonia-detection-challenge,treino
COVID-19_Radiography_Dataset/Normal/images/Normal-9054.png,Normal,cb9817ab1e7442e8c2fb37e88baa74d8,kaggle.com/paultimothymooney/chest-xray-pneumonia,teste_confirmatorio
COVID-19_Radiography_Dataset/Normal/images/Normal-9057.png,Normal,82c2deded29a56d87d001ceaa712274c,kaggle.com/paultimothymooney/chest-xray-pneumonia,teste
COVID-19_Radiography_Dataset/Normal/images/Normal-9072.png,Normal,3c0003bcec38d419eb95035c6317e008,kaggle.com/paultimothymooney/chest-xray-pneumonia,treino
COVID-19_Radiography_Dataset/Normal/images/Normal-9073.png,Normal,232e248be59154cecf3d599c51bb2491,kaggle.com/paultimothymooney/chest-xray-pneumonia,treino
COVID-19_Radiography_Dataset/Normal/images/Normal-9078.png,Normal,b6d12eda353bc328071534c084f71626,kaggle.com/paultimothymooney/chest-xray-pneumonia,teste
COVID-19_Radiography_Dataset/Normal/images/Normal-9085.png,Normal,e255c4c098904f5c2cbe7a419f49e5da,kaggle.com/paultimothymooney/chest-xray-pneumonia,treino
COVID-19_Radiography_Dataset/Normal/images/Normal-9087.png,Normal,99f24b16b4523088984a51d547ec85c9,kaggle.com/paultimothymooney/chest-xray-pneumonia,teste
COVID-19_Radiography_Dataset/Normal/images/Normal-9089.png,Normal,4f479c93b33a4a4a49571532acc3190a,kaggle.com/paultimothymooney/chest-xray-pneumonia,teste_confirmatorio
COVID-19_Radiography_Dataset/Normal/images/Normal-9091.png,Normal,5a5b35b2ff460c782f8c97f7a3762f39,kaggle.com/paultimothymooney/chest-xray-pneumonia,teste_confirmatorio
COVID-19_Radiography_Dataset/Normal/images/Normal-9099.png,Normal,c45fb5e4650dbbe0c51ed9c15f0aa86b,kaggle.com/paultimothymooney/chest-xray-pneumonia,treino
COVID-19_Radiography_Dataset/Normal/images/Normal-910.png,Normal,ac43d1a2d18de0f8be5ffdb631826dca,kaggle.com/c/rsna-pneumonia-detection-challenge,teste_confirmatorio
COVID-19_Radiography_Dataset/Normal/images/Normal-9100.png,Normal,b5b1df3fa7ad7c2a097b8e5bcd87e7fb,kaggle.com/paultimothymooney/chest-xray-pneumonia,validacao
COVID-19_Radiography_Dataset/Normal/images/Normal-9102.png,Normal,e1109a77d47ca99cfa2fd4fdf3d6dcd8,kaggle.com/paultimothymooney/chest-xray-pneumonia,teste_confirmatorio
COVID-19_Radiography_Dataset/Normal/images/Normal-9106.png,Normal,ad2effc88aab880dfb10beaad44fcdde,kaggle.com/paultimothymooney/chest-xray-pneumonia,treino
COVID-19_Radiography_Dataset/Normal/images/Normal-9109.png,Normal,bd1a975d34495b57ecf4d1517832e524,kaggle.com/paultimothymooney/chest-xray-pneumonia,treino
COVID-19_Radiography_Dataset/Normal/images/Normal-9111.png,Normal,b4aacf4d7769296c787eef79b56d03dd,kaggle.com/paultimothymooney/chest-xray-pneumonia,validacao
COVID-19_Radiography_Dataset/Normal/images/Normal-9113.png,Normal,c38818bd6ee208c1d63cac71d2aca37c,kaggle.com/paultimothymooney/chest-xray-pneumonia,validacao
COVID-19_Radiography_Dataset/Normal/images/Normal-9114.png,Normal,2bcade86a4efbe6c98b27317b0b8a3ea,kaggle.com/paultimothymooney/chest-xray-pneumonia,teste_confirmatorio
COVID-19_Radiography_Dataset/Normal/images/Normal-9116.png,Normal,d00a8c355fe0666b79d707f141c5ff98,kaggle.com/paultimothymooney/chest-xray-pneumonia,treino
COVID-19_Radiography_Dataset/Normal/images/Normal-9118.png,Normal,027d5c4d4b91086f807f8b200779e8a4,kaggle.com/paultimothymooney/chest-xray-pneumonia,treino
COVID-19_Radiography_Dataset/Normal/images/Normal-912.png,Normal,2efd351a694e2985ae3f21f6897b2125,kaggle.com/c/rsna-pneumonia-detection-challenge,treino
COVID-19_Radiography_Dataset/Normal/images/Normal-9120.png,Normal,2f0eb733cf7d1ed530f6f21c3c96e2b0,kaggle.com/paultimothymooney/chest-xray-pneumonia,teste_confirmatorio
COVID-19_Radiography_Dataset/Normal/images/Normal-9122.png,Normal,c2a602b984f7c744c513efa7deb9a837,kaggle.com/paultimothymooney/chest-xray-pneumonia,teste
COVID-19_Radiography_Dataset/Normal/images/Normal-9129.png,Normal,6295e11f89db44d2717b43f6634dc8a3,kaggle.com/paultimothymooney/chest-xray-pneumonia,teste
COVID-19_Radiography_Dataset/Normal/images/Normal-9133.png,Normal,5dfffef6a610837e924c5e5cd8e26bb9,kaggle.com/paultimothymooney/chest-xray-pneumonia,teste
COVID-19_Radiography_Dataset/Normal/images/Normal-9136.png,Normal,da92848aa70876a51dbcbc84f5cf05e5,kaggle.com/paultimothymooney/chest-xray-pneumonia,teste
COVID-19_Radiography_Dataset/Normal/images/Normal-914.png,Normal,10f4a7786b4577d3c96f17e694976398,kaggle.com/c/rsna-pneumonia-detection-challenge,teste_confirmatorio
COVID-19_Radiography_Dataset/Normal/images/Normal-9142.png,Normal,101894054862f2bb4878c8bce4ab2014,kaggle.com/paultimothymooney/chest-xray-pneumonia,teste
COVID-19_Radiography_Dataset/Normal/images/Normal-9148.png,Normal,aab6b88d9afaba2ff2035ca1b1999be9,kaggle.com/paultimothymooney/chest-xray-pneumonia,teste_confirmatorio
COVID-19_Radiography_Dataset/Normal/images/Normal-9150.png,Normal,9ccdc223a1057e8bcc19f0ab1199aef2,kaggle.com/paultimothymooney/chest-xray-pneumonia,teste_confirmatorio
COVID-19_Radiography_Dataset/Normal/images/Normal-9162.png,Normal,085ebc3f9206a7a7c3f7fba216a53dd8,kaggle.com/paultimothymooney/chest-xray-pneumonia,treino
COVID-19_Radiography_Dataset/Normal/images/Normal-9171.png,Normal,30e1fea616beb536c1aa6ebdaa042ae8,kaggle.com/paultimothymooney/chest-xray-pneumonia,teste
COVID-19_Radiography_Dataset/Normal/images/Normal-9172.png,Normal,03cb3cdefc02a20221a7cffe69ff06cc,kaggle.com/paultimothymooney/chest-xray-pneumonia,teste_confirmatorio
COVID-19_Radiography_Dataset/Normal/images/Normal-919.png,Normal,6bea014939936c85079fab0f6beddad2,kaggle.com/c/rsna-pneumonia-detection-challenge,teste_confirmatorio
COVID-19_Radiography_Dataset/Normal/images/Normal-9191.png,Normal,9baadcd6321cc17edf73d8ef19ce9920,kaggle.com/paultimothymooney/chest-xray-pneumonia,teste_confirmatorio
COVID-19_Radiography_Dataset/Normal/images/Normal-9192.png,Normal,7f21646ebb013ffbbbb5b076ff0274bf,kaggle.com/paultimothymooney/chest-xray-pneumonia,treino
COVID-19_Radiography_Dataset/Normal/images/Normal-9193.png,Normal,79158d41b7739ca4392d6156c05f8166,kaggle.com/paultimothymooney/chest-xray-pneumonia,treino
COVID-19_Radiography_Dataset/Normal/images/Normal-9194.png,Normal,a1bdc83160a8adbfc063adacb4499ae8,kaggle.com/paultimothymooney/chest-xray-pneumonia,teste
COVID-19_Radiography_Dataset/Normal/images/Normal-9202.png,Normal,3c33b5251b147c45f69eaf279d369b54,kaggle.com/paultimothymooney/chest-xray-pneumonia,treino
COVID-19_Radiography_Dataset/Normal/images/Normal-9213.png,Normal,2fa31e695ae6b769f51e017a50b9e8cd,kaggle.com/paultimothymooney/chest-xray-pneumonia,treino
COVID-19_Radiography_Dataset/Normal/images/Normal-9214.png,Normal,bf1aa3a67942b95e51016b00f52fa6c9,kaggle.com/paultimothymooney/chest-xray-pneumonia,teste_confirmatorio
COVID-19_Radiography_Dataset/Normal/images/Normal-9215.png,Normal,65e00832be44d8a915feff2e015c5f4e,kaggle.com/paultimothymooney/chest-xray-pneumonia,teste_confirmatorio
COVID-19_Radiography_Dataset/Normal/images/Normal-9231.png,Normal,e30de1627194e64773b8c23b2dde64d4,kaggle.com/paultimothymooney/chest-xray-pneumonia,teste
COVID-19_Radiography_Dataset/Normal/images/Normal-9235.png,Normal,a82ce157cfb44c946b64dee0482a21bd,kaggle.com/paultimothymooney/chest-xray-pneumonia,treino
COVID-19_Radiography_Dataset/Normal/images/Normal-9239.png,Normal,20b31f6944c591a3131ed54b52836091,kaggle.com/paultimothymooney/chest-xray-pneumonia,treino
COVID-19_Radiography_Dataset/Normal/images/Normal-924.png,Normal,1d2b5f86637c8102b1def8f315bd6967,kaggle.com/c/rsna-pneumonia-detection-challenge,treino
COVID-19_Radiography_Dataset/Normal/images/Normal-9249.png,Normal,d5235f10c828162101ccc42e3a86a537,kaggle.com/paultimothymooney/chest-xray-pneumonia,teste
COVID-19_Radiography_Dataset/Normal/images/Normal-9252.png,Normal,4067dcb4d562ee4485e88a659c3cc8ae,kaggle.com/paultimothymooney/chest-xray-pneumonia,treino
COVID-19_Radiography_Dataset/Normal/images/Normal-9254.png,Normal,0af58c72fa71b625be77bf0ed2a03a5c,kaggle.com/paultimothymooney/chest-xray-pneumonia,teste_confirmatorio
COVID-19_Radiography_Dataset/Normal/images/Normal-9256.png,Normal,ace363cbd553bb65872b5802f6e4e43b,kaggle.com/paultimothymooney/chest-xray-pneumonia,teste
COVID-19_Radiography_Dataset/Normal/images/Normal-9262.png,Normal,361453298b0eaf6232f2ec24766d9aaf,kaggle.com/paultimothymooney/chest-xray-pneumonia,treino
COVID-19_Radiography_Dataset/Normal/images/Normal-9265.png,Normal,cafc09316356a093376142cd5b1ff4cd,kaggle.com/paultimothymooney/chest-xray-pneumonia,treino
COVID-19_Radiography_Dataset/Normal/images/Normal-927.png,Normal,eaa4b690a7798a128cfe2ae28e4ead24,kaggle.com/c/rsna-pneumonia-detection-challenge,teste_confirmatorio
COVID-19_Radiography_Dataset/Normal/images/Normal-9272.png,Normal,d9b469599789a08c76f8609e85c9ef2c,kaggle.com/paultimothymooney/chest-xray-pneumonia,validacao
COVID-19_Radiography_Dataset/Normal/images/Normal-9274.png,Normal,e79c5423c6a60fc67e6f66166dc5f6c9,kaggle.com/paultimothymooney/chest-xray-pneumonia,validacao
COVID-19_Radiography_Dataset/Normal/images/Normal-9284.png,Normal,fa29a0f1c01ec163d4f801ecf92b7d9b,kaggle.com/paultimothymooney/chest-xray-pneumonia,teste_confirmatorio
COVID-19_Radiography_Dataset/Normal/images/Normal-9288.png,Normal,88f032df395ca6baaa0f75042535125f,kaggle.com/paultimothymooney/chest-xray-pneumonia,treino
COVID-19_Radiography_Dataset/Normal/images/Normal-929.png,Normal,e872601bacc99839afc8e005d0411154,kaggle.com/c/rsna-pneumonia-detection-challenge,validacao
COVID-19_Radiography_Dataset/Normal/images/Normal-9290.png,Normal,28eb1ea17343e7c087437b3054536a28,kaggle.com/paultimothymooney/chest-xray-pneumonia,teste
COVID-19_Radiography_Dataset/Normal/images/Normal-9294.png,Normal,9b633a02e477ee8617d976808644bb51,kaggle.com/paultimothymooney/chest-xray-pneumonia,teste_confirmatorio
COVID-19_Radiography_Dataset/Normal/images/Normal-9295.png,Normal,6a6f2d320cf229888fe47f8742c2a53a,kaggle.com/paultimothymooney/chest-xray-pneumonia,validacao
COVID-19_Radiography_Dataset/Normal/images/Normal-930.png,Normal,7bcea9cf73a10d2c794f017982711ab5,kaggle.com/c/rsna-pneumonia-detection-challenge,treino
COVID-19_Radiography_Dataset/Normal/images/Normal-9303.png,Normal,7146498c12a77505a8d76390155ea38e,kaggle.com/paultimothymooney/chest-xray-pneumonia,treino
COVID-19_Radiography_Dataset/Normal/images/Normal-9309.png,Normal,e235247e753d1811f3afe56843086e24,kaggle.com/paultimothymooney/chest-xray-pneumonia,teste_confirmatorio
COVID-19_Radiography_Dataset/Normal/images/Normal-9314.png,Normal,1efc248b576cb107a4d90baa87919eed,kaggle.com/paultimothymooney/chest-xray-pneumonia,teste_confirmatorio
COVID-19_Radiography_Dataset/Normal/images/Normal-9318.png,Normal,ad2b2f5c5c57c510d25deba56c1dd077,kaggle.com/paultimothymooney/chest-xray-pneumonia,teste
COVID-19_Radiography_Dataset/Normal/images/Normal-9329.png,Normal,b4025c79c49917612cc2dcd6b5b9856d,kaggle.com/paultimothymooney/chest-xray-pneumonia,treino
COVID-19_Radiography_Dataset/Normal/images/Normal-9338.png,Normal,b1c16c0d127b402669f43e5d15cb1571,kaggle.com/paultimothymooney/chest-xray-pneumonia,teste_confirmatorio
COVID-19_Radiography_Dataset/Normal/images/Normal-9339.png,Normal,3860d4328cb61a0593de7aec16c64c52,kaggle.com/paultimothymooney/chest-xray-pneumonia,treino
COVID-19_Radiography_Dataset/Normal/images/Normal-9341.png,Normal,0feea335ea396e6599edaaed95fb8f9f,kaggle.com/paultimothymooney/chest-xray-pneumonia,teste_confirmatorio
COVID-19_Radiography_Dataset/Normal/images/Normal-9342.png,Normal,8def5d147c6993b6c5f2ca92c7de7ef5,kaggle.com/paultimothymooney/chest-xray-pneumonia,validacao
COVID-19_Radiography_Dataset/Normal/images/Normal-9344.png,Normal,c220dc59b13573a3765028f17ebfb04b,kaggle.com/paultimothymooney/chest-xray-pneumonia,treino
COVID-19_Radiography_Dataset/Normal/images/Normal-935.png,Normal,363b00660060fe9137863a4f1ef4118b,kaggle.com/c/rsna-pneumonia-detection-challenge,teste_confirmatorio
COVID-19_Radiography_Dataset/Normal/images/Normal-9358.png,Normal,8ef316ef877f5eaa4b27cb84a437ecb5,kaggle.com/paultimothymooney/chest-xray-pneumonia,treino
COVID-19_Radiography_Dataset/Normal/images/Normal-9378.png,Normal,841b8cc61310c169b160bf6ef696d312,kaggle.com/paultimothymooney/chest-xray-pneumonia,treino
COVID-19_Radiography_Dataset/Normal/images/Normal-938.png,Normal,c8ce8af14e214801664c555f2e9a80b1,kaggle.com/c/rsna-pneumonia-detection-challenge,treino
COVID-19_Radiography_Dataset/Normal/images/Normal-9388.png,Normal,afeef99ee07748be14b50399a0af6f13,kaggle.com/paultimothymooney/chest-xray-pneumonia,treino
COVID-19_Radiography_Dataset/Normal/images/Normal-9394.png,Normal,22e48f7c8a8a257e925aeeb6d09d39c2,kaggle.com/paultimothymooney/chest-xray-pneumonia,treino
COVID-19_Radiography_Dataset/Normal/images/Normal-9395.png,Normal,53188b308643858ec1bd0e935b7ecac2,kaggle.com/paultimothymooney/chest-xray-pneumonia,teste
COVID-19_Radiography_Dataset/Normal/images/Normal-9396.png,Normal,6c8415412ea3a87d2edbfb8c45379969,kaggle.com/paultimothymooney/chest-xray-pneumonia,treino
COVID-19_Radiography_Dataset/Normal/images/Normal-940.png,Normal,09c56a4fea7e54f36328ad293e26a975,kaggle.com/c/rsna-pneumonia-detection-challenge,validacao
COVID-19_Radiography_Dataset/Normal/images/Normal-9403.png,Normal,ea3cefb3a14a795d74622503937b931a,kaggle.com/paultimothymooney/chest-xray-pneumonia,teste_confirmatorio
COVID-19_Radiography_Dataset/Normal/images/Normal-9408.png,Normal,4f544be753a382b6538888a7f300c635,kaggle.com/paultimothymooney/chest-xray-pneumonia,teste
COVID-19_Radiography_Dataset/Normal/images/Normal-9409.png,Normal,e3a8a4a5cc2c0ae705c24e0846cf33f3,kaggle.com/paultimothymooney/chest-xray-pneumonia,teste
COVID-19_Radiography_Dataset/Normal/images/Normal-9415.png,Normal,d32cbc443d03e818b3a54f5fc3e8edd7,kaggle.com/paultimothymooney/chest-xray-pneumonia,validacao
COVID-19_Radiography_Dataset/Normal/images/Normal-9421.png,Normal,881a85391df759366174d3217fbb7e87,kaggle.com/paultimothymooney/chest-xray-pneumonia,treino
COVID-19_Radiography_Dataset/Normal/images/Normal-9426.png,Normal,27d76952bbc6afd2a615e796a96c43e1,kaggle.com/paultimothymooney/chest-xray-pneumonia,treino
COVID-19_Radiography_Dataset/Normal/images/Normal-9430.png,Normal,fcd6fa012ab0e0394de6708a778d0846,kaggle.com/paultimothymooney/chest-xray-pneumonia,teste_confirmatorio
COVID-19_Radiography_Dataset/Normal/images/Normal-9436.png,Normal,159d614cf0c82e8fb418d5826cdcac95,kaggle.com/paultimothymooney/chest-xray-pneumonia,treino
COVID-19_Radiography_Dataset/Normal/images/Normal-9446.png,Normal,e5b266d0d18c4d06192bbc3ff3a1f6d4,kaggle.com/paultimothymooney/chest-xray-pneumonia,treino
COVID-19_Radiography_Dataset/Normal/images/Normal-9448.png,Normal,18b80265d50c58d5c0ba79210d7334aa,kaggle.com/paultimothymooney/chest-xray-pneumonia,teste_confirmatorio
COVID-19_Radiography_Dataset/Normal/images/Normal-9450.png,Normal,06491008e10327165bc66c904209d09a,kaggle.com/paultimothymooney/chest-xray-pneumonia,validacao
COVID-19_Radiography_Dataset/Normal/images/Normal-9451.png,Normal,8203a6c67aa32fceaa40a3ec8f0db6b0,kaggle.com/paultimothymooney/chest-xray-pneumonia,treino
COVID-19_Radiography_Dataset/Normal/images/Normal-9454.png,Normal,89b5ee1a28789a45958e4ef71ca44952,kaggle.com/paultimothymooney/chest-xray-pneumonia,teste_confirmatorio
COVID-19_Radiography_Dataset/Normal/images/Normal-9456.png,Normal,0531bc19cef9c3d4c7c3611b30cf1b2c,kaggle.com/paultimothymooney/chest-xray-pneumonia,treino
COVID-19_Radiography_Dataset/Normal/images/Normal-9463.png,Normal,6927caad2ffdaceaf904d851a1a73a74,kaggle.com/paultimothymooney/chest-xray-pneumonia,treino
COVID-19_Radiography_Dataset/Normal/images/Normal-9465.png,Normal,c652f1370eadc5329ad07bf09551fb0e,kaggle.com/paultimothymooney/chest-xray-pneumonia,treino
COVID-19_Radiography_Dataset/Normal/images/Normal-9468.png,Normal,86e86ab7c9828bfcd4ca6414e85c6a93,kaggle.com/paultimothymooney/chest-xray-pneumonia,validacao
COVID-19_Radiography_Dataset/Normal/images/Normal-947.png,Normal,d0ce181b5f87bda63103181d0c653e59,kaggle.com/c/rsna-pneumonia-detection-challenge,teste_confirmatorio
COVID-19_Radiography_Dataset/Normal/images/Normal-9479.png,Normal,dd92889e13bacac504505d8ee269cee6,kaggle.com/paultimothymooney/chest-xray-pneumonia,teste
COVID-19_Radiography_Dataset/Normal/images/Normal-9482.png,Normal,c2bd622ba5c7633474e731766c1880b7,kaggle.com/paultimothymooney/chest-xray-pneumonia,teste
COVID-19_Radiography_Dataset/Normal/images/Normal-949.png,Normal,d8c90419917da7f4bf841b6faad882ed,kaggle.com/c/rsna-pneumonia-detection-challenge,teste
COVID-19_Radiography_Dataset/Normal/images/Normal-9490.png,Normal,98f8fcef02255501a42262bbe14e75ce,kaggle.com/paultimothymooney/chest-xray-pneumonia,teste
COVID-19_Radiography_Dataset/Normal/images/Normal-95.png,Normal,2b824dbd1798cbbd8c612462f324d0d4,kaggle.com/c/rsna-pneumonia-detection-challenge,treino
COVID-19_Radiography_Dataset/Normal/images/Normal-9500.png,Normal,d3009e43f100eb62624ea496632df41e,kaggle.com/paultimothymooney/chest-xray-pneumonia,validacao
COVID-19_Radiography_Dataset/Normal/images/Normal-9503.png,Normal,c307c3545140295f53c7f2edd8c7797b,kaggle.com/paultimothymooney/chest-xray-pneumonia,teste
COVID-19_Radiography_Dataset/Normal/images/Normal-9513.png,Normal,35bad76af5f94199197ede9ee9a4e595,kaggle.com/paultimothymooney/chest-xray-pneumonia,treino
COVID-19_Radiography_Dataset/Normal/images/Normal-9516.png,Normal,4465992b4502e632883fd4ace0c56ec8,kaggle.com/paultimothymooney/chest-xray-pneumonia,teste
COVID-19_Radiography_Dataset/Normal/images/Normal-9519.png,Normal,2eda42ee28eb61985888e725e81a0a22,kaggle.com/paultimothymooney/chest-xray-pneumonia,treino
COVID-19_Radiography_Dataset/Normal/images/Normal-9523.png,Normal,7597301e80217db4eec9e72259f0d325,kaggle.com/paultimothymooney/chest-xray-pneumonia,validacao
COVID-19_Radiography_Dataset/Normal/images/Normal-9526.png,Normal,93732ecc52ae7b84f5fc5777959921f2,kaggle.com/paultimothymooney/chest-xray-pneumonia,treino
COVID-19_Radiography_Dataset/Normal/images/Normal-9527.png,Normal,7d90c73ce26b8f2d3faa41e346cce259,kaggle.com/paultimothymooney/chest-xray-pneumonia,teste
COVID-19_Radiography_Dataset/Normal/images/Normal-9531.png,Normal,96d7152a523e329dfba2ce41b4cc448e,kaggle.com/paultimothymooney/chest-xray-pneumonia,teste
COVID-19_Radiography_Dataset/Normal/images/Normal-9533.png,Normal,e5ecb2560221148dd87f2ef9f4084c25,kaggle.com/paultimothymooney/chest-xray-pneumonia,teste_confirmatorio
COVID-19_Radiography_Dataset/Normal/images/Normal-9541.png,Normal,ef92ff9fef143036af11a3568c7b4620,kaggle.com/paultimothymooney/chest-xray-pneumonia,treino
COVID-19_Radiography_Dataset/Normal/images/Normal-955.png,Normal,905cf269a5030e699590ec33b2a4b210,kaggle.com/c/rsna-pneumonia-detection-challenge,teste_confirmatorio
COVID-19_Radiography_Dataset/Normal/images/Normal-9554.png,Normal,af26d5d7b196e70d7b95d90e70bb5623,kaggle.com/paultimothymooney/chest-xray-pneumonia,teste_confirmatorio
COVID-19_Radiography_Dataset/Normal/images/Normal-9561.png,Normal,0d991259e2d44aa61e8fa089d55d4d77,kaggle.com/paultimothymooney/chest-xray-pneumonia,teste
COVID-19_Radiography_Dataset/Normal/images/Normal-9564.png,Normal,7b704925063a738e44b84d5b15634dbb,kaggle.com/paultimothymooney/chest-xray-pneumonia,treino
COVID-19_Radiography_Dataset/Normal/images/Normal-9569.png,Normal,348411d125a1441ef1855702753152dc,kaggle.com/paultimothymooney/chest-xray-pneumonia,teste
COVID-19_Radiography_Dataset/Normal/images/Normal-9571.png,Normal,d0970cc805ab6e3b758809d05d44d18d,kaggle.com/paultimothymooney/chest-xray-pneumonia,teste
COVID-19_Radiography_Dataset/Normal/images/Normal-9573.png,Normal,c8334c5da08d17fc8f88568be094e10b,kaggle.com/paultimothymooney/chest-xray-pneumonia,teste_confirmatorio
COVID-19_Radiography_Dataset/Normal/images/Normal-9577.png,Normal,a98edd07c2e004454b27dbe3cbe4d751,kaggle.com/paultimothymooney/chest-xray-pneumonia,teste
COVID-19_Radiography_Dataset/Normal/images/Normal-9580.png,Normal,b4ab93ca62265c6213666e6d657d5ece,kaggle.com/paultimothymooney/chest-xray-pneumonia,teste_confirmatorio
COVID-19_Radiography_Dataset/Normal/images/Normal-9581.png,Normal,b0a3db9be2d885b9dddb6cd0e5915e0e,kaggle.com/paultimothymooney/chest-xray-pneumonia,treino
COVID-19_Radiography_Dataset/Normal/images/Normal-9583.png,Normal,e3e46c53de74d029847d2f06c3f83fe6,kaggle.com/paultimothymooney/chest-xray-pneumonia,teste
COVID-19_Radiography_Dataset/Normal/images/Normal-9590.png,Normal,a4f67cf73e356560fcda587805d64d15,kaggle.com/paultimothymooney/chest-xray-pneumonia,teste_confirmatorio
COVID-19_Radiography_Dataset/Normal/images/Normal-9596.png,Normal,36920e9cb8e4c4f044ed2e8c3f061de9,kaggle.com/paultimothymooney/chest-xray-pneumonia,teste
COVID-19_Radiography_Dataset/Normal/images/Normal-9599.png,Normal,fbe05c08b2e424e1a4f674d23ed5aed4,kaggle.com/paultimothymooney/chest-xray-pneumonia,treino
COVID-19_Radiography_Dataset/Normal/images/Normal-96.png,Normal,60894cea1d32bd5fd90a94b28febe338,kaggle.com/c/rsna-pneumonia-detection-challenge,teste
COVID-19_Radiography_Dataset/Normal/images/Normal-9601.png,Normal,b69192a0adef9e6472fb3b638b811b2f,kaggle.com/paultimothymooney/chest-xray-pneumonia,treino
COVID-19_Radiography_Dataset/Normal/images/Normal-9608.png,Normal,a9499af4c54a2f066b4f472cc571cafd,kaggle.com/paultimothymooney/chest-xray-pneumonia,teste_confirmatorio
COVID-19_Radiography_Dataset/Normal/images/Normal-9621.png,Normal,bd914fc133a5ce2dff3396d703ffa19d,kaggle.com/paultimothymooney/chest-xray-pneumonia,teste_confirmatorio
COVID-19_Radiography_Dataset/Normal/images/Normal-9627.png,Normal,79346434bd94f88bfbaa818df1afda8b,kaggle.com/paultimothymooney/chest-xray-pneumonia,teste_confirmatorio
COVID-19_Radiography_Dataset/Normal/images/Normal-9633.png,Normal,1bbe869c1d836ff9586ad33007cb204c,kaggle.com/paultimothymooney/chest-xray-pneumonia,treino
COVID-19_Radiography_Dataset/Normal/images/Normal-9634.png,Normal,4a1c736d30c5b00c600d550239703a0e,kaggle.com/paultimothymooney/chest-xray-pneumonia,teste
COVID-19_Radiography_Dataset/Normal/images/Normal-9639.png,Normal,be67736e20e656877206fba305efc1f1,kaggle.com/paultimothymooney/chest-xray-pneumonia,treino
COVID-19_Radiography_Dataset/Normal/images/Normal-9647.png,Normal,a728118f4a5843791d20973d440adbe6,kaggle.com/paultimothymooney/chest-xray-pneumonia,teste
COVID-19_Radiography_Dataset/Normal/images/Normal-9648.png,Normal,9fe3e4f9109bff8ea5ea051e6fb7f80c,kaggle.com/paultimothymooney/chest-xray-pneumonia,treino
COVID-19_Radiography_Dataset/Normal/images/Normal-965.png,Normal,c53e974a707cd96f7f9a4a4ffe2383bb,kaggle.com/c/rsna-pneumonia-detection-challenge,treino
COVID-19_Radiography_Dataset/Normal/images/Normal-9651.png,Normal,dc5766f8942377642fd644ec0bdf8022,kaggle.com/paultimothymooney/chest-xray-pneumonia,validacao
COVID-19_Radiography_Dataset/Normal/images/Normal-9652.png,Normal,3dce156698dafed6876591cf694e5ccc,kaggle.com/paultimothymooney/chest-xray-pneumonia,teste_confirmatorio
COVID-19_Radiography_Dataset/Normal/images/Normal-9653.png,Normal,877ec57ef1a16dccf3af1b4fc683e9f7,kaggle.com/paultimothymooney/chest-xray-pneumonia,treino
COVID-19_Radiography_Dataset/Normal/images/Normal-9654.png,Normal,75683f74d954d6bf9143bb30a75393b8,kaggle.com/paultimothymooney/chest-xray-pneumonia,treino
COVID-19_Radiography_Dataset/Normal/images/Normal-9660.png,Normal,9db0663c4a49653cbbeec96c8366f34f,kaggle.com/paultimothymooney/chest-xray-pneumonia,treino
COVID-19_Radiography_Dataset/Normal/images/Normal-9675.png,Normal,b1feb88b980ba40aae3846a5321d1b5a,kaggle.com/paultimothymooney/chest-xray-pneumonia,teste
COVID-19_Radiography_Dataset/Normal/images/Normal-9681.png,Normal,4f7ac34c4a0b47592ca732b835a56394,kaggle.com/paultimothymooney/chest-xray-pneumonia,treino
COVID-19_Radiography_Dataset/Normal/images/Normal-9685.png,Normal,4c300c9d3396d82a8baa81d52971e003,kaggle.com/paultimothymooney/chest-xray-pneumonia,treino
COVID-19_Radiography_Dataset/Normal/images/Normal-9687.png,Normal,d362b39241709b0b27f581de469413c5,kaggle.com/paultimothymooney/chest-xray-pneumonia,validacao
COVID-19_Radiography_Dataset/Normal/images/Normal-97.png,Normal,87ef115adde4fa36c50ba13a4ec753ad,kaggle.com/c/rsna-pneumonia-detection-challenge,teste
COVID-19_Radiography_Dataset/Normal/images/Normal-9704.png,Normal,6ada7be60da54f7225ba3869114dbb53,kaggle.com/paultimothymooney/chest-xray-pneumonia,validacao
COVID-19_Radiography_Dataset/Normal/images/Normal-9707.png,Normal,8416afbf4335d3ce74b715fb32b2e35e,kaggle.com/paultimothymooney/chest-xray-pneumonia,teste
COVID-19_Radiography_Dataset/Normal/images/Normal-9709.png,Normal,398bce8752f09e86c8b58c41de7e2679,kaggle.com/paultimothymooney/chest-xray-pneumonia,teste
COVID-19_Radiography_Dataset/Normal/images/Normal-9710.png,Normal,5410d3674a80f3ad744f07153b06c1dc,kaggle.com/paultimothymooney/chest-xray-pneumonia,teste_confirmatorio
COVID-19_Radiography_Dataset/Normal/images/Normal-9712.png,Normal,64b687e0d9e89f034a6f7c6384eeb025,kaggle.com/paultimothymooney/chest-xray-pneumonia,teste_confirmatorio
COVID-19_Radiography_Dataset/Normal/images/Normal-9713.png,Normal,742c20ab29031cda417e48ef091ef03f,kaggle.com/paultimothymooney/chest-xray-pneumonia,teste_confirmatorio
COVID-19_Radiography_Dataset/Normal/images/Normal-9714.png,Normal,097028875c547e7ebb94742ef2d67ec0,kaggle.com/paultimothymooney/chest-xray-pneumonia,treino
COVID-19_Radiography_Dataset/Normal/images/Normal-9715.png,Normal,02c228d7659aa37cae05eca050cf544a,kaggle.com/paultimothymooney/chest-xray-pneumonia,treino
COVID-19_Radiography_Dataset/Normal/images/Normal-9716.png,Normal,7c7d8c7c5996bc192b6b0a5ef5ab9f51,kaggle.com/paultimothymooney/chest-xray-pneumonia,teste_confirmatorio
COVID-19_Radiography_Dataset/Normal/images/Normal-9717.png,Normal,a4b3d11193242e670f5ac8d24af91f13,kaggle.com/paultimothymooney/chest-xray-pneumonia,validacao
COVID-19_Radiography_Dataset/Normal/images/Normal-9719.png,Normal,bed27962de078a30048d54f6c5fb62d0,kaggle.com/paultimothymooney/chest-xray-pneumonia,teste
COVID-19_Radiography_Dataset/Normal/images/Normal-9720.png,Normal,440457e45f02a3abd3c3c9d0cf8028f5,kaggle.com/paultimothymooney/chest-xray-pneumonia,validacao
COVID-19_Radiography_Dataset/Normal/images/Normal-9722.png,Normal,f17d66313965c21a5a6841114c0370e7,kaggle.com/paultimothymooney/chest-xray-pneumonia,validacao
COVID-19_Radiography_Dataset/Normal/images/Normal-9734.png,Normal,d6b8e638199b8b3fc4912c4823593952,kaggle.com/paultimothymooney/chest-xray-pneumonia,teste
COVID-19_Radiography_Dataset/Normal/images/Normal-9735.png,Normal,6493165785faaced35ec1a66b0110488,kaggle.com/paultimothymooney/chest-xray-pneumonia,treino
COVID-19_Radiography_Dataset/Normal/images/Normal-9741.png,Normal,d0d4d871035a5723a2ba61e02bb29ff2,kaggle.com/paultimothymooney/chest-xray-pneumonia,teste_confirmatorio
COVID-19_Radiography_Dataset/Normal/images/Normal-9750.png,Normal,bfd0884e4e2bab0025c392c8308ee485,kaggle.com/paultimothymooney/chest-xray-pneumonia,treino
COVID-19_Radiography_Dataset/Normal/images/Normal-9751.png,Normal,50652b00ce57a264a730e20bfded718b,kaggle.com/paultimothymooney/chest-xray-pneumonia,teste
COVID-19_Radiography_Dataset/Normal/images/Normal-9752.png,Normal,fa4a7a610f84a5fb26d30d722be80f6e,kaggle.com/paultimothymooney/chest-xray-pneumonia,teste_confirmatorio
COVID-19_Radiography_Dataset/Normal/images/Normal-9753.png,Normal,b2412d31056e36c100480eedbf5ac7b9,kaggle.com/paultimothymooney/chest-xray-pneumonia,treino
COVID-19_Radiography_Dataset/Normal/images/Normal-9756.png,Normal,29aa4014e7b15d7741a06d1bd7d164ea,kaggle.com/paultimothymooney/chest-xray-pneumonia,teste
COVID-19_Radiography_Dataset/Normal/images/Normal-9757.png,Normal,b5ac5ac2c578015d1a15890a56303039,kaggle.com/paultimothymooney/chest-xray-pneumonia,teste_confirmatorio
COVID-19_Radiography_Dataset/Normal/images/Normal-9758.png,Normal,4e39c273e1f53e5985b7b0f5ab3d115f,kaggle.com/paultimothymooney/chest-xray-pneumonia,treino
COVID-19_Radiography_Dataset/Normal/images/Normal-9760.png,Normal,d73c574924e235cb1bd339cacd518421,kaggle.com/paultimothymooney/chest-xray-pneumonia,teste_confirmatorio
COVID-19_Radiography_Dataset/Normal/images/Normal-9763.png,Normal,4761363da04dd5e417ccfcc30ac8d8e2,kaggle.com/paultimothymooney/chest-xray-pneumonia,teste_confirmatorio
COVID-19_Radiography_Dataset/Normal/images/Normal-9770.png,Normal,fb4356b5aef6141098d29b83698c0e9b,kaggle.com/paultimothymooney/chest-xray-pneumonia,teste
COVID-19_Radiography_Dataset/Normal/images/Normal-9782.png,Normal,30b43f636c710473d94cc7055f07587c,kaggle.com/paultimothymooney/chest-xray-pneumonia,teste_confirmatorio
COVID-19_Radiography_Dataset/Normal/images/Normal-9787.png,Normal,337514366e320ef1a2ff4431d137f232,kaggle.com/paultimothymooney/chest-xray-pneumonia,teste_confirmatorio
COVID-19_Radiography_Dataset/Normal/images/Normal-9791.png,Normal,e08b70c80b748b150e9c83d52fcaaee0,kaggle.com/paultimothymooney/chest-xray-pneumonia,teste
COVID-19_Radiography_Dataset/Normal/images/Normal-9792.png,Normal,45b49c67fb616ecb859be1890b42b16b,kaggle.com/paultimothymooney/chest-xray-pneumonia,teste_confirmatorio
COVID-19_Radiography_Dataset/Normal/images/Normal-9797.png,Normal,b098439f969705d81e2327c91ac57466,kaggle.com/paultimothymooney/chest-xray-pneumonia,validacao
COVID-19_Radiography_Dataset/Normal/images/Normal-9798.png,Normal,8a71a160046c656279b53b1ff7dff77b,kaggle.com/paultimothymooney/chest-xray-pneumonia,treino
COVID-19_Radiography_Dataset/Normal/images/Normal-98.png,Normal,1f7d9e3eff5d146839426d6b9ecfa26f,kaggle.com/c/rsna-pneumonia-detection-challenge,teste
COVID-19_Radiography_Dataset/Normal/images/Normal-980.png,Normal,a2c2b24b3b9fafb00e9f5a5b9658a4d0,kaggle.com/c/rsna-pneumonia-detection-challenge,treino
COVID-19_Radiography_Dataset/Normal/images/Normal-981.png,Normal,f76c27b2ee8cee9be2b642c8caacab52,kaggle.com/c/rsna-pneumonia-detection-challenge,teste
COVID-19_Radiography_Dataset/Normal/images/Normal-9813.png,Normal,555c106a10e20618b2922e938bf11a5d,kaggle.com/paultimothymooney/chest-xray-pneumonia,teste
COVID-19_Radiography_Dataset/Normal/images/Normal-982.png,Normal,b86be9454a819a214904024cb3439538,kaggle.com/c/rsna-pneumonia-detection-challenge,teste_confirmatorio
COVID-19_Radiography_Dataset/Normal/images/Normal-9824.png,Normal,cf458e9ad26e08bc1e629db3d846918d,kaggle.com/paultimothymooney/chest-xray-pneumonia,treino
COVID-19_Radiography_Dataset/Normal/images/Normal-9826.png,Normal,f319b73bc845e020634c87ef79172fe1,kaggle.com/paultimothymooney/chest-xray-pneumonia,validacao
COVID-19_Radiography_Dataset/Normal/images/Normal-9827.png,Normal,6e444ade57ad2e2d1e8a68447ccfcfbf,kaggle.com/paultimothymooney/chest-xray-pneumonia,teste
COVID-19_Radiography_Dataset/Normal/images/Normal-9832.png,Normal,bc541d701432bc3e54194d4c8ff9ed60,kaggle.com/paultimothymooney/chest-xray-pneumonia,teste_confirmatorio
COVID-19_Radiography_Dataset/Normal/images/Normal-9836.png,Normal,5403556ab8187a6f2abd7089a4afe0fc,kaggle.com/paultimothymooney/chest-xray-pneumonia,teste_confirmatorio
COVID-19_Radiography_Dataset/Normal/images/Normal-9839.png,Normal,9e4110e695a6b580ff4c07d21cf79dbb,kaggle.com/paultimothymooney/chest-xray-pneumonia,teste
COVID-19_Radiography_Dataset/Normal/images/Normal-984.png,Normal,59630df03275a28961925e66ff65b345,kaggle.com/c/rsna-pneumonia-detection-challenge,teste
COVID-19_Radiography_Dataset/Normal/images/Normal-9849.png,Normal,da7c0969344930a1d5d9a66cdf91918c,kaggle.com/paultimothymooney/chest-xray-pneumonia,treino
COVID-19_Radiography_Dataset/Normal/images/Normal-9857.png,Normal,99528a3430c8a41a9d74436df4627f37,kaggle.com/paultimothymooney/chest-xray-pneumonia,teste
COVID-19_Radiography_Dataset/Normal/images/Normal-9858.png,Normal,b3f5030d3e991a20cef726d54e4da88a,kaggle.com/paultimothymooney/chest-xray-pneumonia,treino
COVID-19_Radiography_Dataset/Normal/images/Normal-9860.png,Normal,d7a190d39f877ef85d5c543b4ffb524f,kaggle.com/paultimothymooney/chest-xray-pneumonia,teste_confirmatorio
COVID-19_Radiography_Dataset/Normal/images/Normal-9864.png,Normal,cb9c7ce89862c4fb0c9f5fff903194ab,kaggle.com/paultimothymooney/chest-xray-pneumonia,treino
COVID-19_Radiography_Dataset/Normal/images/Normal-9866.png,Normal,7711fc2614e293a321146117e614e7ca,kaggle.com/paultimothymooney/chest-xray-pneumonia,teste
COVID-19_Radiography_Dataset/Normal/images/Normal-9872.png,Normal,ef5298f0c227a69815e4b71999d9b717,kaggle.com/paultimothymooney/chest-xray-pneumonia,teste
COVID-19_Radiography_Dataset/Normal/images/Normal-9874.png,Normal,ac3f9d9f61d1cd134559176b0b1a7a3e,kaggle.com/paultimothymooney/chest-xray-pneumonia,treino
COVID-19_Radiography_Dataset/Normal/images/Normal-9877.png,Normal,3c175c30606c673e433a91a2a1d26fc1,kaggle.com/paultimothymooney/chest-xray-pneumonia,teste_confirmatorio
COVID-19_Radiography_Dataset/Normal/images/Normal-9879.png,Normal,37808388c4dbe8848f1295c0c0ea15df,kaggle.com/paultimothymooney/chest-xray-pneumonia,teste
COVID-19_Radiography_Dataset/Normal/images/Normal-988.png,Normal,79e6b0e29bfee6487dcd7add4c7d5fff,kaggle.com/c/rsna-pneumonia-detection-challenge,teste_confirmatorio
COVID-19_Radiography_Dataset/Normal/images/Normal-9882.png,Normal,e53be0d340750530cd33e5d1d63a46cf,kaggle.com/paultimothymooney/chest-xray-pneumonia,validacao
COVID-19_Radiography_Dataset/Normal/images/Normal-9883.png,Normal,8ec442e0d9fc66201e4130604ede86f7,kaggle.com/paultimothymooney/chest-xray-pneumonia,teste
COVID-19_Radiography_Dataset/Normal/images/Normal-9891.png,Normal,73964310fcffba32eaaa5c6aa016c2df,kaggle.com/paultimothymooney/chest-xray-pneumonia,validacao
COVID-19_Radiography_Dataset/Normal/images/Normal-9892.png,Normal,5014995546df3796ef6a134bc8f4f5d0,kaggle.com/paultimothymooney/chest-xray-pneumonia,teste_confirmatorio
COVID-19_Radiography_Dataset/Normal/images/Normal-9893.png,Normal,5533babec5aba3afb7d6336f3f4a1c53,kaggle.com/paultimothymooney/chest-xray-pneumonia,teste_confirmatorio
COVID-19_Radiography_Dataset/Normal/images/Normal-9894.png,Normal,9245ee875401de1f81b03cd24b5ca08b,kaggle.com/paultimothymooney/chest-xray-pneumonia,teste
COVID-19_Radiography_Dataset/Normal/images/Normal-99.png,Normal,71a7a5d3467aa21868e6a906478ec8ee,kaggle.com/c/rsna-pneumonia-detection-challenge,teste_confirmatorio
COVID-19_Radiography_Dataset/Normal/images/Normal-990.png,Normal,0c65dad8e1838c43d5a29ebdafaddeca,kaggle.com/c/rsna-pneumonia-detection-challenge,treino
COVID-19_Radiography_Dataset/Normal/images/Normal-9901.png,Normal,7b6ed0755d4058aaa524bbe2e22069c4,kaggle.com/paultimothymooney/chest-xray-pneumonia,validacao
COVID-19_Radiography_Dataset/Normal/images/Normal-9902.png,Normal,3d3d2e6d041f49969921b298a9ca1f93,kaggle.com/paultimothymooney/chest-xray-pneumonia,treino
COVID-19_Radiography_Dataset/Normal/images/Normal-9904.png,Normal,6475315bdb7836eeb97ada523b84ae07,kaggle.com/paultimothymooney/chest-xray-pneumonia,teste
COVID-19_Radiography_Dataset/Normal/images/Normal-9905.png,Normal,43b6088af4e18ff87207ee02f7ba7081,kaggle.com/paultimothymooney/chest-xray-pneumonia,validacao
COVID-19_Radiography_Dataset/Normal/images/Normal-9911.png,Normal,9939fad481d965eebb34a11349acd7f1,kaggle.com/paultimothymooney/chest-xray-pneumonia,validacao
COVID-19_Radiography_Dataset/Normal/images/Normal-9925.png,Normal,552426b351bbaadc03efb58c16e2be5f,kaggle.com/paultimothymooney/chest-xray-pneumonia,teste_confirmatorio
COVID-19_Radiography_Dataset/Normal/images/Normal-9927.png,Normal,8b0258f9ad72d8a305976f1daf7dbe69,kaggle.com/paultimothymooney/chest-xray-pneumonia,teste
COVID-19_Radiography_Dataset/Normal/images/Normal-9931.png,Normal,ef3c3584d0de8499702be4909dbff122,kaggle.com/paultimothymooney/chest-xray-pneumonia,validacao
COVID-19_Radiography_Dataset/Normal/images/Normal-9942.png,Normal,cd97d288b7b93c4c89fa29768c11488b,kaggle.com/paultimothymooney/chest-xray-pneumonia,treino
COVID-19_Radiography_Dataset/Normal/images/Normal-9943.png,Normal,066422a3a4c5d7f97f73161aa50d7379,kaggle.com/paultimothymooney/chest-xray-pneumonia,treino
COVID-19_Radiography_Dataset/Normal/images/Normal-9946.png,Normal,1522a8207fddcdf9cd9c744fd9e9aef1,kaggle.com/paultimothymooney/chest-xray-pneumonia,treino
COVID-19_Radiography_Dataset/Normal/images/Normal-9957.png,Normal,6e73ae41742e2f1ffaf45eebf70f5389,kaggle.com/paultimothymooney/chest-xray-pneumonia,treino
COVID-19_Radiography_Dataset/Normal/images/Normal-9961.png,Normal,da9e64b121e497c8ad750dfc9b8cb4a9,kaggle.com/paultimothymooney/chest-xray-pneumonia,teste_confirmatorio
COVID-19_Radiography_Dataset/Normal/images/Normal-9965.png,Normal,f494951521d39b48697b718b2def3ee4,kaggle.com/paultimothymooney/chest-xray-pneumonia,teste
COVID-19_Radiography_Dataset/Normal/images/Normal-9975.png,Normal,4081ad6d84c3099443c034037288108c,kaggle.com/paultimothymooney/chest-xray-pneumonia,validacao
COVID-19_Radiography_Dataset/Normal/images/Normal-998.png,Normal,b0610aefa1fbf40cbe700e8dd55bf3dc,kaggle.com/c/rsna-pneumonia-detection-challenge,teste_confirmatorio
COVID-19_Radiography_Dataset/Normal/images/Normal-9988.png,Normal,9302c3df575816d5a2a252bd28886fa6,kaggle.com/paultimothymooney/chest-xray-pneumonia,treino
COVID-19_Radiography_Dataset/Normal/images/Normal-9989.png,Normal,8e081ca89c40f91fe97720f7a24a85fc,kaggle.com/paultimothymooney/chest-xray-pneumonia,validacao
COVID-19_Radiography_Dataset/Normal/images/Normal-9990.png,Normal,2b24b7ef1770137fde7a0558ff0b571a,kaggle.com/paultimothymooney/chest-xray-pneumonia,treino
COVID-19_Radiography_Dataset/Normal/images/Normal-9992.png,Normal,2b4367bfecae12115a2dc7b19b463a37,kaggle.com/paultimothymooney/chest-xray-pneumonia,treino
COVID-19_Radiography_Dataset/Viral Pneumonia/images/Viral Pneumonia-10.png,Viral Pneumonia,87593be64c4d400e28ff9b33853631a3,kaggle.com/paultimothymooney/chest-xray-pneumonia,teste_confirmatorio
COVID-19_Radiography_Dataset/Viral Pneumonia/images/Viral Pneumonia-100.png,Viral Pneumonia,9f17f132aff79d1361900626e4db9272,kaggle.com/paultimothymooney/chest-xray-pneumonia,validacao
COVID-19_Radiography_Dataset/Viral Pneumonia/images/Viral Pneumonia-1000.png,Viral Pneumonia,66205992e18c051d728f76383cad4da0,kaggle.com/paultimothymooney/chest-xray-pneumonia,validacao
COVID-19_Radiography_Dataset/Viral Pneumonia/images/Viral Pneumonia-1001.png,Viral Pneumonia,df72fce3ca7b130ab6ea6e531d8902b3,kaggle.com/paultimothymooney/chest-xray-pneumonia,treino
COVID-19_Radiography_Dataset/Viral Pneumonia/images/Viral Pneumonia-1002.png,Viral Pneumonia,7350fef3ccd26c15ad76f54f8ea6309b,kaggle.com/paultimothymooney/chest-xray-pneumonia,teste_confirmatorio
COVID-19_Radiography_Dataset/Viral Pneumonia/images/Viral Pneumonia-1003.png,Viral Pneumonia,b76684ca49727b3faccc74e508aac7de,kaggle.com/paultimothymooney/chest-xray-pneumonia,teste_confirmatorio
COVID-19_Radiography_Dataset/Viral Pneumonia/images/Viral Pneumonia-1004.png,Viral Pneumonia,11bc273ec28153e0cc08568ed2f8349e,kaggle.com/paultimothymooney/chest-xray-pneumonia,treino
COVID-19_Radiography_Dataset/Viral Pneumonia/images/Viral Pneumonia-1005.png,Viral Pneumonia,845ba4ac50c2a586345fb2bb3ab97565,kaggle.com/paultimothymooney/chest-xray-pneumonia,teste_confirmatorio
COVID-19_Radiography_Dataset/Viral Pneumonia/images/Viral Pneumonia-1006.png,Viral Pneumonia,d507991581713650c16e11eb9c93091d,kaggle.com/paultimothymooney/chest-xray-pneumonia,treino
COVID-19_Radiography_Dataset/Viral Pneumonia/images/Viral Pneumonia-1007.png,Viral Pneumonia,bf818f598348b31db221b988a3b414f3,kaggle.com/paultimothymooney/chest-xray-pneumonia,teste
COVID-19_Radiography_Dataset/Viral Pneumonia/images/Viral Pneumonia-1008.png,Viral Pneumonia,7acf6f6c1d0fce0106d9149fe8802269,kaggle.com/paultimothymooney/chest-xray-pneumonia,validacao
COVID-19_Radiography_Dataset/Viral Pneumonia/images/Viral Pneumonia-1010.png,Viral Pneumonia,9e3dafb5dc7e16f49ff50b792b1b3973,kaggle.com/paultimothymooney/chest-xray-pneumonia,treino
COVID-19_Radiography_Dataset/Viral Pneumonia/images/Viral Pneumonia-1015.png,Viral Pneumonia,8f576a8ed2a4de17b5f7b431b62f444f,kaggle.com/paultimothymooney/chest-xray-pneumonia,teste_confirmatorio
COVID-19_Radiography_Dataset/Viral Pneumonia/images/Viral Pneumonia-1016.png,Viral Pneumonia,81ff4145c49b9e4fa0d88d1d018dd3ca,kaggle.com/paultimothymooney/chest-xray-pneumonia,teste_confirmatorio
COVID-19_Radiography_Dataset/Viral Pneumonia/images/Viral Pneumonia-1019.png,Viral Pneumonia,01cab5f49c1f9044c301519fee5cb1fb,kaggle.com/paultimothymooney/chest-xray-pneumonia,teste
COVID-19_Radiography_Dataset/Viral Pneumonia/images/Viral Pneumonia-102.png,Viral Pneumonia,4f905c39a62ad9834244eaf884237da0,kaggle.com/paultimothymooney/chest-xray-pneumonia,teste_confirmatorio
COVID-19_Radiography_Dataset/Viral Pneumonia/images/Viral Pneumonia-1020.png,Viral Pneumonia,9d4274069c180e17aba2d5d551c192c9,kaggle.com/paultimothymooney/chest-xray-pneumonia,validacao
COVID-19_Radiography_Dataset/Viral Pneumonia/images/Viral Pneumonia-1022.png,Viral Pneumonia,0fa156941a022f51541880451a0f425d,kaggle.com/paultimothymooney/chest-xray-pneumonia,teste_confirmatorio
COVID-19_Radiography_Dataset/Viral Pneumonia/images/Viral Pneumonia-1024.png,Viral Pneumonia,81e2a42635a8d689547fdc97244d5357,kaggle.com/paultimothymooney/chest-xray-pneumonia,teste
COVID-19_Radiography_Dataset/Viral Pneumonia/images/Viral Pneumonia-1025.png,Viral Pneumonia,31fbc123a2e94ffd8b8acd4ded512a2c,kaggle.com/paultimothymooney/chest-xray-pneumonia,treino
COVID-19_Radiography_Dataset/Viral Pneumonia/images/Viral Pneumonia-1026.png,Viral Pneumonia,f0f9e1d0e4b850b7f1a9b2391c15906f,kaggle.com/paultimothymooney/chest-xray-pneumonia,teste
COVID-19_Radiography_Dataset/Viral Pneumonia/images/Viral Pneumonia-1027.png,Viral Pneumonia,1e55344480985e5df29f1e8ff7319e13,kaggle.com/paultimothymooney/chest-xray-pneumonia,teste
COVID-19_Radiography_Dataset/Viral Pneumonia/images/Viral Pneumonia-1029.png,Viral Pneumonia,099fff40049880ac4f3da979ccfedf50,kaggle.com/paultimothymooney/chest-xray-pneumonia,treino
COVID-19_Radiography_Dataset/Viral Pneumonia/images/Viral Pneumonia-103.png,Viral Pneumonia,ae11371b771d323d072cc68df0f3433d,kaggle.com/paultimothymooney/chest-xray-pneumonia,validacao
COVID-19_Radiography_Dataset/Viral Pneumonia/images/Viral Pneumonia-1030.png,Viral Pneumonia,a7266457d18aaf315b14081e013e51c2,kaggle.com/paultimothymooney/chest-xray-pneumonia,validacao
COVID-19_Radiography_Dataset/Viral Pneumonia/images/Viral Pneumonia-1031.png,Viral Pneumonia,3bfc9b2373f6286cc63f26225647b4c1,kaggle.com/paultimothymooney/chest-xray-pneumonia,teste_confirmatorio
COVID-19_Radiography_Dataset/Viral Pneumonia/images/Viral Pneumonia-1032.png,Viral Pneumonia,ff4ea10b61db3cc3c0956498bf74f7be,kaggle.com/paultimothymooney/chest-xray-pneumonia,teste_confirmatorio
COVID-19_Radiography_Dataset/Viral Pneumonia/images/Viral Pneumonia-1034.png,Viral Pneumonia,d5395817602d4ca74d1c0803bc2ce94b,kaggle.com/paultimothymooney/chest-xray-pneumonia,treino
COVID-19_Radiography_Dataset/Viral Pneumonia/images/Viral Pneumonia-1035.png,Viral Pneumonia,d13ae516c9452ef73cfe1340ee77bdda,kaggle.com/paultimothymooney/chest-xray-pneumonia,treino
COVID-19_Radiography_Dataset/Viral Pneumonia/images/Viral Pneumonia-1036.png,Viral Pneumonia,63970c776201359b0f14038c00ce8bb1,kaggle.com/paultimothymooney/chest-xray-pneumonia,treino
COVID-19_Radiography_Dataset/Viral Pneumonia/images/Viral Pneumonia-1037.png,Viral Pneumonia,34c3a0ac968406d475b67a612f9423c1,kaggle.com/paultimothymooney/chest-xray-pneumonia,teste
COVID-19_Radiography_Dataset/Viral Pneumonia/images/Viral Pneumonia-1038.png,Viral Pneumonia,818d0c6076db4f09d510aa3d2c9d7f39,kaggle.com/paultimothymooney/chest-xray-pneumonia,teste
COVID-19_Radiography_Dataset/Viral Pneumonia/images/Viral Pneumonia-104.png,Viral Pneumonia,8e6d98b9f726e86122871d9ffade2fe4,kaggle.com/paultimothymooney/chest-xray-pneumonia,validacao
COVID-19_Radiography_Dataset/Viral Pneumonia/images/Viral Pneumonia-1040.png,Viral Pneumonia,f9f2b2880133a60de13a198d6f47bc8e,kaggle.com/paultimothymooney/chest-xray-pneumonia,treino
COVID-19_Radiography_Dataset/Viral Pneumonia/images/Viral Pneumonia-1041.png,Viral Pneumonia,8dedb5255d205020c3b9a03ea2d47171,kaggle.com/paultimothymooney/chest-xray-pneumonia,teste
COVID-19_Radiography_Dataset/Viral Pneumonia/images/Viral Pneumonia-1042.png,Viral Pneumonia,052660d135baaa32983160d42555a856,kaggle.com/paultimothymooney/chest-xray-pneumonia,teste
COVID-19_Radiography_Dataset/Viral Pneumonia/images/Viral Pneumonia-1043.png,Viral Pneumonia,b6ea18439de58e5458a56e39240f4947,kaggle.com/paultimothymooney/chest-xray-pneumonia,teste_confirmatorio
COVID-19_Radiography_Dataset/Viral Pneumonia/images/Viral Pneumonia-1044.png,Viral Pneumonia,ab5aaa6732e29fbf5424642bb2806ea0,kaggle.com/paultimothymooney/chest-xray-pneumonia,teste
COVID-19_Radiography_Dataset/Viral Pneumonia/images/Viral Pneumonia-1047.png,Viral Pneumonia,ec29991c2417b7838adfcd4f1be565a1,kaggle.com/paultimothymooney/chest-xray-pneumonia,teste
COVID-19_Radiography_Dataset/Viral Pneumonia/images/Viral Pneumonia-1048.png,Viral Pneumonia,83691967ffc6a1dd1ff4d2637fe94926,kaggle.com/paultimothymooney/chest-xray-pneumonia,teste_confirmatorio
COVID-19_Radiography_Dataset/Viral Pneumonia/images/Viral Pneumonia-1049.png,Viral Pneumonia,7e76d4c970fbe8527be18a71a90ba79a,kaggle.com/paultimothymooney/chest-xray-pneumonia,teste
COVID-19_Radiography_Dataset/Viral Pneumonia/images/Viral Pneumonia-1050.png,Viral Pneumonia,ec4fc7ab1d5e2fabcf81c63bfb18d97a,kaggle.com/paultimothymooney/chest-xray-pneumonia,teste
COVID-19_Radiography_Dataset/Viral Pneumonia/images/Viral Pneumonia-1051.png,Viral Pneumonia,283ba8eea34c18ee9ab56cb659d51c59,kaggle.com/paultimothymooney/chest-xray-pneumonia,treino
COVID-19_Radiography_Dataset/Viral Pneumonia/images/Viral Pneumonia-1052.png,Viral Pneumonia,bea45adf9d89af380502199dcd6e230c,kaggle.com/paultimothymooney/chest-xray-pneumonia,teste_confirmatorio
COVID-19_Radiography_Dataset/Viral Pneumonia/images/Viral Pneumonia-1056.png,Viral Pneumonia,c1ca0a5efae745bf041c37476c9203c6,kaggle.com/paultimothymooney/chest-xray-pneumonia,teste
COVID-19_Radiography_Dataset/Viral Pneumonia/images/Viral Pneumonia-1058.png,Viral Pneumonia,34d7c46419e23d685aedf09adef29493,kaggle.com/paultimothymooney/chest-xray-pneumonia,teste
COVID-19_Radiography_Dataset/Viral Pneumonia/images/Viral Pneumonia-1059.png,Viral Pneumonia,fa82e8c3bd0df3fa25da55edade364f2,kaggle.com/paultimothymooney/chest-xray-pneumonia,treino
COVID-19_Radiography_Dataset/Viral Pneumonia/images/Viral Pneumonia-1061.png,Viral Pneumonia,9b73af695d2d1a1252fd3e3d29760d08,kaggle.com/paultimothymooney/chest-xray-pneumonia,validacao
COVID-19_Radiography_Dataset/Viral Pneumonia/images/Viral Pneumonia-1062.png,Viral Pneumonia,edbcb5c051f689c20f3fe714568fed4f,kaggle.com/paultimothymooney/chest-xray-pneumonia,teste
COVID-19_Radiography_Dataset/Viral Pneumonia/images/Viral Pneumonia-1063.png,Viral Pneumonia,f4b9f25e5a9779b37dd59229dbdde2db,kaggle.com/paultimothymooney/chest-xray-pneumonia,teste_confirmatorio
COVID-19_Radiography_Dataset/Viral Pneumonia/images/Viral Pneumonia-1065.png,Viral Pneumonia,5732d5c42ea4c49ca0bae680062308d6,kaggle.com/paultimothymooney/chest-xray-pneumonia,treino
COVID-19_Radiography_Dataset/Viral Pneumonia/images/Viral Pneumonia-1067.png,Viral Pneumonia,65d40f8293a3e4fba059f33a9d1e9be3,kaggle.com/paultimothymooney/chest-xray-pneumonia,validacao
COVID-19_Radiography_Dataset/Viral Pneumonia/images/Viral Pneumonia-1068.png,Viral Pneumonia,57aecbbe0b06c5236d84bafc53648eaf,kaggle.com/paultimothymooney/chest-xray-pneumonia,teste
COVID-19_Radiography_Dataset/Viral Pneumonia/images/Viral Pneumonia-1069.png,Viral Pneumonia,64a8d8c1d1291eda560195e416558272,kaggle.com/paultimothymooney/chest-xray-pneumonia,teste_confirmatorio
COVID-19_Radiography_Dataset/Viral Pneumonia/images/Viral Pneumonia-107.png,Viral Pneumonia,bf0f6c745c5a0b7e76d5a5ef95a61c1e,kaggle.com/paultimothymooney/chest-xray-pneumonia,teste
COVID-19_Radiography_Dataset/Viral Pneumonia/images/Viral Pneumonia-1072.png,Viral Pneumonia,32614d94a9a99cfed53be970d4ebd154,kaggle.com/paultimothymooney/chest-xray-pneumonia,teste
COVID-19_Radiography_Dataset/Viral Pneumonia/images/Viral Pneumonia-1073.png,Viral Pneumonia,cf1e2a9687e3293bb0107076a7ea17e3,kaggle.com/paultimothymooney/chest-xray-pneumonia,validacao
COVID-19_Radiography_Dataset/Viral Pneumonia/images/Viral Pneumonia-1074.png,Viral Pneumonia,d236a896f8dac3ed8d8dee355c6f4ec8,kaggle.com/paultimothymooney/chest-xray-pneumonia,treino
COVID-19_Radiography_Dataset/Viral Pneumonia/images/Viral Pneumonia-1075.png,Viral Pneumonia,5da07cda910b7ec1aff396264a681f64,kaggle.com/paultimothymooney/chest-xray-pneumonia,treino
COVID-19_Radiography_Dataset/Viral Pneumonia/images/Viral Pneumonia-1076.png,Viral Pneumonia,440d8bb5b9b52054166062bba7b400c8,kaggle.com/paultimothymooney/chest-xray-pneumonia,validacao
COVID-19_Radiography_Dataset/Viral Pneumonia/images/Viral Pneumonia-1077.png,Viral Pneumonia,77c005c8460410d228d6778dd228157d,kaggle.com/paultimothymooney/chest-xray-pneumonia,teste
COVID-19_Radiography_Dataset/Viral Pneumonia/images/Viral Pneumonia-1078.png,Viral Pneumonia,2cbb88f1a8138fc0f41344f054858090,kaggle.com/paultimothymooney/chest-xray-pneumonia,validacao
COVID-19_Radiography_Dataset/Viral Pneumonia/images/Viral Pneumonia-108.png,Viral Pneumonia,90f1c5d6946da13df42d6efc48f41d6c,kaggle.com/paultimothymooney/chest-xray-pneumonia,teste_confirmatorio
COVID-19_Radiography_Dataset/Viral Pneumonia/images/Viral Pneumonia-1080.png,Viral Pneumonia,88a4f99c61b40be2289aa8f543aeb8df,kaggle.com/paultimothymooney/chest-xray-pneumonia,validacao
COVID-19_Radiography_Dataset/Viral Pneumonia/images/Viral Pneumonia-1085.png,Viral Pneumonia,a8539bca0dd8cfede5917577c1b453fd,kaggle.com/paultimothymooney/chest-xray-pneumonia,teste_confirmatorio
COVID-19_Radiography_Dataset/Viral Pneumonia/images/Viral Pneumonia-1086.png,Viral Pneumonia,ed0370ea08579ab5cc8a4fc86e5e49db,kaggle.com/paultimothymooney/chest-xray-pneumonia,validacao
COVID-19_Radiography_Dataset/Viral Pneumonia/images/Viral Pneumonia-1087.png,Viral Pneumonia,963f0fb30de0b7dbf7d7ea014187061d,kaggle.com/paultimothymooney/chest-xray-pneumonia,treino
COVID-19_Radiography_Dataset/Viral Pneumonia/images/Viral Pneumonia-1088.png,Viral Pneumonia,dd2bad79f32dccd309be123e09f257a4,kaggle.com/paultimothymooney/chest-xray-pneumonia,teste_confirmatorio
COVID-19_Radiography_Dataset/Viral Pneumonia/images/Viral Pneumonia-1089.png,Viral Pneumonia,fba997d51b7095e616b2f6c63d855a96,kaggle.com/paultimothymooney/chest-xray-pneumonia,treino
COVID-19_Radiography_Dataset/Viral Pneumonia/images/Viral Pneumonia-109.png,Viral Pneumonia,6c8b056bf31d8aaaeb49b08fc0118e9d,kaggle.com/paultimothymooney/chest-xray-pneumonia,treino
COVID-19_Radiography_Dataset/Viral Pneumonia/images/Viral Pneumonia-1090.png,Viral Pneumonia,85b0c0982c1199a0892d220534f5ab46,kaggle.com/paultimothymooney/chest-xray-pneumonia,teste
COVID-19_Radiography_Dataset/Viral Pneumonia/images/Viral Pneumonia-1091.png,Viral Pneumonia,4c12d40582af36cd7667dd52ce369428,kaggle.com/paultimothymooney/chest-xray-pneumonia,treino
COVID-19_Radiography_Dataset/Viral Pneumonia/images/Viral Pneumonia-1094.png,Viral Pneumonia,1e5016b23c7983011f4f88cd1af44b3f,kaggle.com/paultimothymooney/chest-xray-pneumonia,treino
COVID-19_Radiography_Dataset/Viral Pneumonia/images/Viral Pneumonia-1096.png,Viral Pneumonia,bc972281188ce459b68d0f7cf11951ef,kaggle.com/paultimothymooney/chest-xray-pneumonia,teste
COVID-19_Radiography_Dataset/Viral Pneumonia/images/Viral Pneumonia-1097.png,Viral Pneumonia,b17fb524e841a55436aed133fd2d3123,kaggle.com/paultimothymooney/chest-xray-pneumonia,validacao
COVID-19_Radiography_Dataset/Viral Pneumonia/images/Viral Pneumonia-1098.png,Viral Pneumonia,3d20478331709f5d2e98793de3859c10,kaggle.com/paultimothymooney/chest-xray-pneumonia,teste
COVID-19_Radiography_Dataset/Viral Pneumonia/images/Viral Pneumonia-1099.png,Viral Pneumonia,c072689f7155a310a4a52389314ab195,kaggle.com/paultimothymooney/chest-xray-pneumonia,treino
COVID-19_Radiography_Dataset/Viral Pneumonia/images/Viral Pneumonia-11.png,Viral Pneumonia,f02e22c0b439ee59f125e6c885452ce1,kaggle.com/paultimothymooney/chest-xray-pneumonia,validacao
COVID-19_Radiography_Dataset/Viral Pneumonia/images/Viral Pneumonia-1100.png,Viral Pneumonia,3994e662cedc0d1e0e2d1098c26e2673,kaggle.com/paultimothymooney/chest-xray-pneumonia,teste
COVID-19_Radiography_Dataset/Viral Pneumonia/images/Viral Pneumonia-1102.png,Viral Pneumonia,bb4f3abe6cced06d4e37e3a9de4a81b4,kaggle.com/paultimothymooney/chest-xray-pneumonia,teste
COVID-19_Radiography_Dataset/Viral Pneumonia/images/Viral Pneumonia-1104.png,Viral Pneumonia,b7092ccd08e334dfdb68d03b29d24299,kaggle.com/paultimothymooney/chest-xray-pneumonia,treino
COVID-19_Radiography_Dataset/Viral Pneumonia/images/Viral Pneumonia-1105.png,Viral Pneumonia,0feeb9954bead5e2a5c8a8564505b3cd,kaggle.com/paultimothymooney/chest-xray-pneumonia,treino
COVID-19_Radiography_Dataset/Viral Pneumonia/images/Viral Pneumonia-1106.png,Viral Pneumonia,6cabee390e758e53a43faed2c6ff6a0b,kaggle.com/paultimothymooney/chest-xray-pneumonia,treino
COVID-19_Radiography_Dataset/Viral Pneumonia/images/Viral Pneumonia-1107.png,Viral Pneumonia,c0acbc9d54ccda37e8a447764722c0d0,kaggle.com/paultimothymooney/chest-xray-pneumonia,teste_confirmatorio
COVID-19_Radiography_Dataset/Viral Pneumonia/images/Viral Pneumonia-1108.png,Viral Pneumonia,60e2222921fe47a5aca60a997d7de974,kaggle.com/paultimothymooney/chest-xray-pneumonia,validacao
COVID-19_Radiography_Dataset/Viral Pneumonia/images/Viral Pneumonia-111.png,Viral Pneumonia,ad6679f9aa78307a6ccd0da18c0912da,kaggle.com/paultimothymooney/chest-xray-pneumonia,teste
COVID-19_Radiography_Dataset/Viral Pneumonia/images/Viral Pneumonia-1110.png,Viral Pneumonia,2c6077d54f2144cd88feb5945430f449,kaggle.com/paultimothymooney/chest-xray-pneumonia,treino
COVID-19_Radiography_Dataset/Viral Pneumonia/images/Viral Pneumonia-1111.png,Viral Pneumonia,6b19a4a1b5e9f2577a7f5843384936dc,kaggle.com/paultimothymooney/chest-xray-pneumonia,treino
COVID-19_Radiography_Dataset/Viral Pneumonia/images/Viral Pneumonia-1112.png,Viral Pneumonia,3b24ec14e571bbfc69594c7ddf462928,kaggle.com/paultimothymooney/chest-xray-pneumonia,validacao
COVID-19_Radiography_Dataset/Viral Pneumonia/images/Viral Pneumonia-1113.png,Viral Pneumonia,e05c3e1150ab30919350dadd56f7c55b,kaggle.com/paultimothymooney/chest-xray-pneumonia,validacao
COVID-19_Radiography_Dataset/Viral Pneumonia/images/Viral Pneumonia-1114.png,Viral Pneumonia,430827b8c048f41a5283b19a6eccf3c9,kaggle.com/paultimothymooney/chest-xray-pneumonia,teste
COVID-19_Radiography_Dataset/Viral Pneumonia/images/Viral Pneumonia-1115.png,Viral Pneumonia,5b7cc175df314d0baab8ac5e07abbf7f,kaggle.com/paultimothymooney/chest-xray-pneumonia,teste_confirmatorio
COVID-19_Radiography_Dataset/Viral Pneumonia/images/Viral Pneumonia-1116.png,Viral Pneumonia,aabf6e770d4eccdd079aafc84251b03e,kaggle.com/paultimothymooney/chest-xray-pneumonia,treino
COVID-19_Radiography_Dataset/Viral Pneumonia/images/Viral Pneumonia-1118.png,Viral Pneumonia,e21260922d49c5f10302cab9bd72aabb,kaggle.com/paultimothymooney/chest-xray-pneumonia,treino
COVID-19_Radiography_Dataset/Viral Pneumonia/images/Viral Pneumonia-1119.png,Viral Pneumonia,720b02e22263c8998217953a34083155,kaggle.com/paultimothymooney/chest-xray-pneumonia,teste_confirmatorio
COVID-19_Radiography_Dataset/Viral Pneumonia/images/Viral Pneumonia-112.png,Viral Pneumonia,a97073bbc2646bbe10e5983b1db4a36e,kaggle.com/paultimothymooney/chest-xray-pneumonia,validacao
COVID-19_Radiography_Dataset/Viral Pneumonia/images/Viral Pneumonia-1120.png,Viral Pneumonia,c27113f373a810f46cb2ffcd6e22b3ba,kaggle.com/paultimothymooney/chest-xray-pneumonia,teste
COVID-19_Radiography_Dataset/Viral Pneumonia/images/Viral Pneumonia-1121.png,Viral Pneumonia,f9c32b320614399b2dd3bea417dcb278,kaggle.com/paultimothymooney/chest-xray-pneumonia,teste_confirmatorio
COVID-19_Radiography_Dataset/Viral Pneumonia/images/Viral Pneumonia-1122.png,Viral Pneumonia,2086b8a81845843091b7dbeb88b2c937,kaggle.com/paultimothymooney/chest-xray-pneumonia,validacao
COVID-19_Radiography_Dataset/Viral Pneumonia/images/Viral Pneumonia-1123.png,Viral Pneumonia,84d5022193ba275fa4746f4e1e3c22d6,kaggle.com/paultimothymooney/chest-xray-pneumonia,teste_confirmatorio
COVID-19_Radiography_Dataset/Viral Pneumonia/images/Viral Pneumonia-1124.png,Viral Pneumonia,12f8c1258168c41f210d3b0f6439e769,kaggle.com/paultimothymooney/chest-xray-pneumonia,teste_confirmatorio
COVID-19_Radiography_Dataset/Viral Pneumonia/images/Viral Pneumonia-1125.png,Viral Pneumonia,af53c350a5016a9ec1d59edf00d88e09,kaggle.com/paultimothymooney/chest-xray-pneumonia,teste
COVID-19_Radiography_Dataset/Viral Pneumonia/images/Viral Pneumonia-1126.png,Viral Pneumonia,480e044760887ed081255eca7de9f914,kaggle.com/paultimothymooney/chest-xray-pneumonia,teste_confirmatorio
COVID-19_Radiography_Dataset/Viral Pneumonia/images/Viral Pneumonia-1127.png,Viral Pneumonia,2a59dac26a0b363eb0f7f77bdadadaa0,kaggle.com/paultimothymooney/chest-xray-pneumonia,validacao
COVID-19_Radiography_Dataset/Viral Pneumonia/images/Viral Pneumonia-1128.png,Viral Pneumonia,e282125daca74faa677267d8fc21222c,kaggle.com/paultimothymooney/chest-xray-pneumonia,teste_confirmatorio
COVID-19_Radiography_Dataset/Viral Pneumonia/images/Viral Pneumonia-1130.png,Viral Pneumonia,6c4b9c0575de340097ffed9c1a1ac1d2,kaggle.com/paultimothymooney/chest-xray-pneumonia,teste_confirmatorio
COVID-19_Radiography_Dataset/Viral Pneumonia/images/Viral Pneumonia-1131.png,Viral Pneumonia,735e842e61480d9792c93ae9758c4a25,kaggle.com/paultimothymooney/chest-xray-pneumonia,teste
COVID-19_Radiography_Dataset/Viral Pneumonia/images/Viral Pneumonia-1132.png,Viral Pneumonia,6f4a8b842d1ae17e7b98512eefaba069,kaggle.com/paultimothymooney/chest-xray-pneumonia,treino
COVID-19_Radiography_Dataset/Viral Pneumonia/images/Viral Pneumonia-1133.png,Viral Pneumonia,2f5df19940f5550eb6461793e1edb055,kaggle.com/paultimothymooney/chest-xray-pneumonia,treino
COVID-19_Radiography_Dataset/Viral Pneumonia/images/Viral Pneumonia-1134.png,Viral Pneumonia,cc051104118baf57080fee3bf00b007a,kaggle.com/paultimothymooney/chest-xray-pneumonia,teste_confirmatorio
COVID-19_Radiography_Dataset/Viral Pneumonia/images/Viral Pneumonia-1135.png,Viral Pneumonia,206c3289c013d14afeb2d58720f7067e,kaggle.com/paultimothymooney/chest-xray-pneumonia,teste_confirmatorio
COVID-19_Radiography_Dataset/Viral Pneumonia/images/Viral Pneumonia-1137.png,Viral Pneumonia,ef4d3b16e161d0b22b08adb1fdd0ecc8,kaggle.com/paultimothymooney/chest-xray-pneumonia,treino
COVID-19_Radiography_Dataset/Viral Pneumonia/images/Viral Pneumonia-1138.png,Viral Pneumonia,4542416720dc2e3272305854f1e1445a,kaggle.com/paultimothymooney/chest-xray-pneumonia,teste_confirmatorio
COVID-19_Radiography_Dataset/Viral Pneumonia/images/Viral Pneumonia-1139.png,Viral Pneumonia,ab335124ba23e05371fe6f652859ed67,kaggle.com/paultimothymooney/chest-xray-pneumonia,teste
COVID-19_Radiography_Dataset/Viral Pneumonia/images/Viral Pneumonia-114.png,Viral Pneumonia,dfea645948eeea6354fe7befd07aeb4b,kaggle.com/paultimothymooney/chest-xray-pneumonia,teste_confirmatorio
COVID-19_Radiography_Dataset/Viral Pneumonia/images/Viral Pneumonia-1145.png,Viral Pneumonia,719bf68a1afd75e1a959d43985c7ee21,kaggle.com/paultimothymooney/chest-xray-pneumonia,treino
COVID-19_Radiography_Dataset/Viral Pneumonia/images/Viral Pneumonia-1146.png,Viral Pneumonia,d879e6ed33609972891f5c730d09ac81,kaggle.com/paultimothymooney/chest-xray-pneumonia,teste
COVID-19_Radiography_Dataset/Viral Pneumonia/images/Viral Pneumonia-1147.png,Viral Pneumonia,1eb8925069e6034b079559ea93eb9b55,kaggle.com/paultimothymooney/chest-xray-pneumonia,treino
COVID-19_Radiography_Dataset/Viral Pneumonia/images/Viral Pneumonia-1149.png,Viral Pneumonia,3f8fc1f35388a11e58ecf2bb7fc1df30,kaggle.com/paultimothymooney/chest-xray-pneumonia,teste_confirmatorio
COVID-19_Radiography_Dataset/Viral Pneumonia/images/Viral Pneumonia-1150.png,Viral Pneumonia,f8964e10ab833f914f4c67d0b5baceb3,kaggle.com/paultimothymooney/chest-xray-pneumonia,teste
COVID-19_Radiography_Dataset/Viral Pneumonia/images/Viral Pneumonia-1151.png,Viral Pneumonia,1c1257932ed38c920d3c5a8bb785cd07,kaggle.com/paultimothymooney/chest-xray-pneumonia,validacao
COVID-19_Radiography_Dataset/Viral Pneumonia/images/Viral Pneumonia-1152.png,Viral Pneumonia,dbb5b7b256e55a86491ae9eefab8750a,kaggle.com/paultimothymooney/chest-xray-pneumonia,teste
COVID-19_Radiography_Dataset/Viral Pneumonia/images/Viral Pneumonia-1154.png,Viral Pneumonia,9883f77b06d756587339540cd28c3014,kaggle.com/paultimothymooney/chest-xray-pneumonia,teste_confirmatorio
COVID-19_Radiography_Dataset/Viral Pneumonia/images/Viral Pneumonia-1155.png,Viral Pneumonia,3d80495e0e5595c03a81ddf7853635b0,kaggle.com/paultimothymooney/chest-xray-pneumonia,validacao
COVID-19_Radiography_Dataset/Viral Pneumonia/images/Viral Pneumonia-1156.png,Viral Pneumonia,1cba22ebf1bcf3455cccb9ee5a7d1a7f,kaggle.com/paultimothymooney/chest-xray-pneumonia,teste
COVID-19_Radiography_Dataset/Viral Pneumonia/images/Viral Pneumonia-1157.png,Viral Pneumonia,dc0b899b01650a0007706e1160281139,kaggle.com/paultimothymooney/chest-xray-pneumonia,teste
COVID-19_Radiography_Dataset/Viral Pneumonia/images/Viral Pneumonia-1159.png,Viral Pneumonia,3531d9a6983985d99a6d63837343831d,kaggle.com/paultimothymooney/chest-xray-pneumonia,validacao
COVID-19_Radiography_Dataset/Viral Pneumonia/images/Viral Pneumonia-1160.png,Viral Pneumonia,682974d205bec300eaf8acc4425dc289,kaggle.com/paultimothymooney/chest-xray-pneumonia,treino
COVID-19_Radiography_Dataset/Viral Pneumonia/images/Viral Pneumonia-1162.png,Viral Pneumonia,0d9eeda47ef24e94fd53378e378a081b,kaggle.com/paultimothymooney/chest-xray-pneumonia,treino
COVID-19_Radiography_Dataset/Viral Pneumonia/images/Viral Pneumonia-1165.png,Viral Pneumonia,ccd3a1776fbce135cbdfd088bfca49dc,kaggle.com/paultimothymooney/chest-xray-pneumonia,teste
COVID-19_Radiography_Dataset/Viral Pneumonia/images/Viral Pneumonia-1168.png,Viral Pneumonia,81c731932607c6be48228929e5911d32,kaggle.com/paultimothymooney/chest-xray-pneumonia,teste_confirmatorio
COVID-19_Radiography_Dataset/Viral Pneumonia/images/Viral Pneumonia-1169.png,Viral Pneumonia,42c06b53deb2ad878b368740ee3ac046,kaggle.com/paultimothymooney/chest-xray-pneumonia,teste_confirmatorio
COVID-19_Radiography_Dataset/Viral Pneumonia/images/Viral Pneumonia-1171.png,Viral Pneumonia,9c7ac8e8f7249d1253f1608d7f56374d,kaggle.com/paultimothymooney/chest-xray-pneumonia,teste_confirmatorio
COVID-19_Radiography_Dataset/Viral Pneumonia/images/Viral Pneumonia-1172.png,Viral Pneumonia,df2e74cecf1238397981d8c5e2d6b637,kaggle.com/paultimothymooney/chest-xray-pneumonia,teste
COVID-19_Radiography_Dataset/Viral Pneumonia/images/Viral Pneumonia-1174.png,Viral Pneumonia,da7ce770d56161cf0a8af2bbd0d642a8,kaggle.com/paultimothymooney/chest-xray-pneumonia,teste_confirmatorio
COVID-19_Radiography_Dataset/Viral Pneumonia/images/Viral Pneumonia-1176.png,Viral Pneumonia,98323c0fd73fceea32a10565a49fd266,kaggle.com/paultimothymooney/chest-xray-pneumonia,teste
COVID-19_Radiography_Dataset/Viral Pneumonia/images/Viral Pneumonia-1177.png,Viral Pneumonia,a426f150586899af36cdd10ecb9a2042,kaggle.com/paultimothymooney/chest-xray-pneumonia,validacao
COVID-19_Radiography_Dataset/Viral Pneumonia/images/Viral Pneumonia-1178.png,Viral Pneumonia,4ece98a4d1081e523a9ef97a0a9ba78b,kaggle.com/paultimothymooney/chest-xray-pneumonia,teste
COVID-19_Radiography_Dataset/Viral Pneumonia/images/Viral Pneumonia-1179.png,Viral Pneumonia,ebbed078f0f9bd96314653fdfe5e2dbf,kaggle.com/paultimothymooney/chest-xray-pneumonia,teste
COVID-19_Radiography_Dataset/Viral Pneumonia/images/Viral Pneumonia-1180.png,Viral Pneumonia,198378ac79e61ed28030457ad334aeb3,kaggle.com/paultimothymooney/chest-xray-pneumonia,teste_confirmatorio
COVID-19_Radiography_Dataset/Viral Pneumonia/images/Viral Pneumonia-1183.png,Viral Pneumonia,684216cf66a1e2e7752c83bcb0d8e11e,kaggle.com/paultimothymooney/chest-xray-pneumonia,treino
COVID-19_Radiography_Dataset/Viral Pneumonia/images/Viral Pneumonia-1184.png,Viral Pneumonia,9e3c9d97625d806df450bab73d140643,kaggle.com/paultimothymooney/chest-xray-pneumonia,treino
COVID-19_Radiography_Dataset/Viral Pneumonia/images/Viral Pneumonia-1186.png,Viral Pneumonia,0927eca3c98faad0a60ef334d79d0fcf,kaggle.com/paultimothymooney/chest-xray-pneumonia,treino
COVID-19_Radiography_Dataset/Viral Pneumonia/images/Viral Pneumonia-1187.png,Viral Pneumonia,bfb2c70ebda831e30a461d547ff0bdce,kaggle.com/paultimothymooney/chest-xray-pneumonia,teste_confirmatorio
COVID-19_Radiography_Dataset/Viral Pneumonia/images/Viral Pneumonia-1188.png,Viral Pneumonia,d5fb4e907e97845c0ab01c2a878d508d,kaggle.com/paultimothymooney/chest-xray-pneumonia,teste
COVID-19_Radiography_Dataset/Viral Pneumonia/images/Viral Pneumonia-1189.png,Viral Pneumonia,13b4c3448a4c27a8f90ce2807eb8b4f2,kaggle.com/paultimothymooney/chest-xray-pneumonia,teste
COVID-19_Radiography_Dataset/Viral Pneumonia/images/Viral Pneumonia-119.png,Viral Pneumonia,eb65d6f32c27f05e981fa9a878c41ca5,kaggle.com/paultimothymooney/chest-xray-pneumonia,teste
COVID-19_Radiography_Dataset/Viral Pneumonia/images/Viral Pneumonia-1190.png,Viral Pneumonia,281ab6006aea3445ac892fb0c0eb6453,kaggle.com/paultimothymooney/chest-xray-pneumonia,treino
COVID-19_Radiography_Dataset/Viral Pneumonia/images/Viral Pneumonia-1191.png,Viral Pneumonia,c762d4cf69adc994751c39e4904c341b,kaggle.com/paultimothymooney/chest-xray-pneumonia,teste_confirmatorio
COVID-19_Radiography_Dataset/Viral Pneumonia/images/Viral Pneumonia-1193.png,Viral Pneumonia,41dcb844ba4418b5b67d3bbeefb44cbb,kaggle.com/paultimothymooney/chest-xray-pneumonia,teste_confirmatorio
COVID-19_Radiography_Dataset/Viral Pneumonia/images/Viral Pneumonia-1197.png,Viral Pneumonia,90fcf36057c9d6e119638be644ae69c7,kaggle.com/paultimothymooney/chest-xray-pneumonia,teste
COVID-19_Radiography_Dataset/Viral Pneumonia/images/Viral Pneumonia-1198.png,Viral Pneumonia,e76fe1e5e3df94a876d10396b2a68a12,kaggle.com/paultimothymooney/chest-xray-pneumonia,validacao
COVID-19_Radiography_Dataset/Viral Pneumonia/images/Viral Pneumonia-1199.png,Viral Pneumonia,f0957fd958ab6df4a663a68fb3839d24,kaggle.com/paultimothymooney/chest-xray-pneumonia,teste
COVID-19_Radiography_Dataset/Viral Pneumonia/images/Viral Pneumonia-12.png,Viral Pneumonia,0c4a0ff9ccc0e121e73b96ef6f9d0c74,kaggle.com/paultimothymooney/chest-xray-pneumonia,teste
COVID-19_Radiography_Dataset/Viral Pneumonia/images/Viral Pneumonia-120.png,Viral Pneumonia,eb5301050632045f9ab8a6fe1676a280,kaggle.com/paultimothymooney/chest-xray-pneumonia,teste_confirmatorio
COVID-19_Radiography_Dataset/Viral Pneumonia/images/Viral Pneumonia-1202.png,Viral Pneumonia,97a9589cbf3f67cdd615bd23a2fc8bf8,kaggle.com/paultimothymooney/chest-xray-pneumonia,teste_confirmatorio
COVID-19_Radiography_Dataset/Viral Pneumonia/images/Viral Pneumonia-1206.png,Viral Pneumonia,5119d23c7e4f65a4da31342c4f7e49f8,kaggle.com/paultimothymooney/chest-xray-pneumonia,treino
COVID-19_Radiography_Dataset/Viral Pneumonia/images/Viral Pneumonia-1208.png,Viral Pneumonia,582ed48796c1e10d24cdc49de441ac5f,kaggle.com/paultimothymooney/chest-xray-pneumonia,teste
COVID-19_Radiography_Dataset/Viral Pneumonia/images/Viral Pneumonia-1209.png,Viral Pneumonia,689409551aec23a0110b236568dfd534,kaggle.com/paultimothymooney/chest-xray-pneumonia,validacao
COVID-19_Radiography_Dataset/Viral Pneumonia/images/Viral Pneumonia-121.png,Viral Pneumonia,bafdc147dd6acc47aba1ac85d04621f5,kaggle.com/paultimothymooney/chest-xray-pneumonia,teste
COVID-19_Radiography_Dataset/Viral Pneumonia/images/Viral Pneumonia-1210.png,Viral Pneumonia,744f3bb34f2f41a779d5ca32f09f4c17,kaggle.com/paultimothymooney/chest-xray-pneumonia,teste_confirmatorio
COVID-19_Radiography_Dataset/Viral Pneumonia/images/Viral Pneumonia-1211.png,Viral Pneumonia,ce3e0c9e184260b6ed2ee4df5af7035b,kaggle.com/paultimothymooney/chest-xray-pneumonia,treino
COVID-19_Radiography_Dataset/Viral Pneumonia/images/Viral Pneumonia-1213.png,Viral Pneumonia,92bc5ee96e3f5f652702ef16d338b5cd,kaggle.com/paultimothymooney/chest-xray-pneumonia,teste
COVID-19_Radiography_Dataset/Viral Pneumonia/images/Viral Pneumonia-1214.png,Viral Pneumonia,ccb33bba6a828b00a665e48a5dbd97e7,kaggle.com/paultimothymooney/chest-xray-pneumonia,teste_confirmatorio
COVID-19_Radiography_Dataset/Viral Pneumonia/images/Viral Pneumonia-1215.png,Viral Pneumonia,07cbf013066e06671f37f45f28058e59,kaggle.com/paultimothymooney/chest-xray-pneumonia,teste
COVID-19_Radiography_Dataset/Viral Pneumonia/images/Viral Pneumonia-1216.png,Viral Pneumonia,492258412fe91c5d64839cea68e61758,kaggle.com/paultimothymooney/chest-xray-pneumonia,teste
COVID-19_Radiography_Dataset/Viral Pneumonia/images/Viral Pneumonia-1217.png,Viral Pneumonia,c66a13eaa0a4b23efb72681117674de6,kaggle.com/paultimothymooney/chest-xray-pneumonia,teste_confirmatorio
COVID-19_Radiography_Dataset/Viral Pneumonia/images/Viral Pneumonia-1218.png,Viral Pneumonia,daeeed139d6c308c9cfd713dc2aecca6,kaggle.com/paultimothymooney/chest-xray-pneumonia,teste_confirmatorio
COVID-19_Radiography_Dataset/Viral Pneumonia/images/Viral Pneumonia-1219.png,Viral Pneumonia,5a0c766714509c8ed6c799e26b19f966,kaggle.com/paultimothymooney/chest-xray-pneumonia,teste
COVID-19_Radiography_Dataset/Viral Pneumonia/images/Viral Pneumonia-122.png,Viral Pneumonia,b9f2b375daee0f1b5e4746f943f1a95a,kaggle.com/paultimothymooney/chest-xray-pneumonia,teste
COVID-19_Radiography_Dataset/Viral Pneumonia/images/Viral Pneumonia-1221.png,Viral Pneumonia,bd030018047f5c991507c0d6d15e0a7c,kaggle.com/paultimothymooney/chest-xray-pneumonia,validacao
COVID-19_Radiography_Dataset/Viral Pneumonia/images/Viral Pneumonia-1222.png,Viral Pneumonia,5d0ecb4f20aa8ccae57f1735fcb41b2d,kaggle.com/paultimothymooney/chest-xray-pneumonia,teste
COVID-19_Radiography_Dataset/Viral Pneumonia/images/Viral Pneumonia-1223.png,Viral Pneumonia,9cb0ffef7dbf7e54d9cc0fe25b97db56,kaggle.com/paultimothymooney/chest-xray-pneumonia,teste_confirmatorio
COVID-19_Radiography_Dataset/Viral Pneumonia/images/Viral Pneumonia-1224.png,Viral Pneumonia,eb2fbb7052ac74d07bbc9fddc0ecf6e2,kaggle.com/paultimothymooney/chest-xray-pneumonia,treino
COVID-19_Radiography_Dataset/Viral Pneumonia/images/Viral Pneumonia-1226.png,Viral Pneumonia,434c6a7dea36c537adf7aabb27420be3,kaggle.com/paultimothymooney/chest-xray-pneumonia,teste_confirmatorio
COVID-19_Radiography_Dataset/Viral Pneumonia/images/Viral Pneumonia-1227.png,Viral Pneumonia,17c3dddaa6142e6371ad5f454d112990,kaggle.com/paultimothymooney/chest-xray-pneumonia,treino
COVID-19_Radiography_Dataset/Viral Pneumonia/images/Viral Pneumonia-1228.png,Viral Pneumonia,065f119af02af44980aad4b952b659cd,kaggle.com/paultimothymooney/chest-xray-pneumonia,validacao
COVID-19_Radiography_Dataset/Viral Pneumonia/images/Viral Pneumonia-1229.png,Viral Pneumonia,636d69cf83e5f19ebd6a8f23e64ee20b,kaggle.com/paultimothymooney/chest-xray-pneumonia,teste
COVID-19_Radiography_Dataset/Viral Pneumonia/images/Viral Pneumonia-123.png,Viral Pneumonia,e3fe06fc00e32b93a0fb086a0f27dff8,kaggle.com/paultimothymooney/chest-xray-pneumonia,validacao
COVID-19_Radiography_Dataset/Viral Pneumonia/images/Viral Pneumonia-1231.png,Viral Pneumonia,1b63f97b26eebe723c5f9ac6ac60f8d5,kaggle.com/paultimothymooney/chest-xray-pneumonia,teste_confirmatorio
COVID-19_Radiography_Dataset/Viral Pneumonia/images/Viral Pneumonia-1233.png,Viral Pneumonia,280f9f797a2e9f1a3272caf10269221a,kaggle.com/paultimothymooney/chest-xray-pneumonia,teste
COVID-19_Radiography_Dataset/Viral Pneumonia/images/Viral Pneumonia-1235.png,Viral Pneumonia,c9801a56db5f6f1e3b4c1db231003150,kaggle.com/paultimothymooney/chest-xray-pneumonia,teste
COVID-19_Radiography_Dataset/Viral Pneumonia/images/Viral Pneumonia-1236.png,Viral Pneumonia,a7421fb346d56afcd279f5082aa96239,kaggle.com/paultimothymooney/chest-xray-pneumonia,teste_confirmatorio
COVID-19_Radiography_Dataset/Viral Pneumonia/images/Viral Pneumonia-1237.png,Viral Pneumonia,09940f4e0847ce779d123518f1ab71e1,kaggle.com/paultimothymooney/chest-xray-pneumonia,treino
COVID-19_Radiography_Dataset/Viral Pneumonia/images/Viral Pneumonia-1239.png,Viral Pneumonia,ac2156c82692c1766260729c7ca5f62c,kaggle.com/paultimothymooney/chest-xray-pneumonia,teste
COVID-19_Radiography_Dataset/Viral Pneumonia/images/Viral Pneumonia-1240.png,Viral Pneumonia,a109d74dbc4c433afc7d23a049356fcf,kaggle.com/paultimothymooney/chest-xray-pneumonia,validacao
COVID-19_Radiography_Dataset/Viral Pneumonia/images/Viral Pneumonia-1241.png,Viral Pneumonia,f7d04be7b6c607e637b5ccc21a17b689,kaggle.com/paultimothymooney/chest-xray-pneumonia,validacao
COVID-19_Radiography_Dataset/Viral Pneumonia/images/Viral Pneumonia-1242.png,Viral Pneumonia,a0a475103be2fcfe7208d3a0bad161c2,kaggle.com/paultimothymooney/chest-xray-pneumonia,validacao
COVID-19_Radiography_Dataset/Viral Pneumonia/images/Viral Pneumonia-1243.png,Viral Pneumonia,1b2b26b550b5c00846e37a0c9cfe28ef,kaggle.com/paultimothymooney/chest-xray-pneumonia,teste
COVID-19_Radiography_Dataset/Viral Pneumonia/images/Viral Pneumonia-1246.png,Viral Pneumonia,990ebddf615cf854f43f9773b4f87f56,kaggle.com/paultimothymooney/chest-xray-pneumonia,validacao
COVID-19_Radiography_Dataset/Viral Pneumonia/images/Viral Pneumonia-1248.png,Viral Pneumonia,839177931fcdf7fb919074f97e307713,kaggle.com/paultimothymooney/chest-xray-pneumonia,teste
COVID-19_Radiography_Dataset/Viral Pneumonia/images/Viral Pneumonia-125.png,Viral Pneumonia,46d8935690db37a0e4cd22af83142189,kaggle.com/paultimothymooney/chest-xray-pneumonia,teste
COVID-19_Radiography_Dataset/Viral Pneumonia/images/Viral Pneumonia-1250.png,Viral Pneumonia,30b0f58c5b660eede1bb4bdbe7dc27d4,kaggle.com/paultimothymooney/chest-xray-pneumonia,teste_confirmatorio
COVID-19_Radiography_Dataset/Viral Pneumonia/images/Viral Pneumonia-1251.png,Viral Pneumonia,a3036749b1a0729222f21d4eab04f10e,kaggle.com/paultimothymooney/chest-xray-pneumonia,teste_confirmatorio
COVID-19_Radiography_Dataset/Viral Pneumonia/images/Viral Pneumonia-1252.png,Viral Pneumonia,880fc06ff4c1efe146e43932a8de1327,kaggle.com/paultimothymooney/chest-xray-pneumonia,validacao
COVID-19_Radiography_Dataset/Viral Pneumonia/images/Viral Pneumonia-1253.png,Viral Pneumonia,182ee17e33a6f6270e644a689dc60883,kaggle.com/paultimothymooney/chest-xray-pneumonia,teste_confirmatorio
COVID-19_Radiography_Dataset/Viral Pneumonia/images/Viral Pneumonia-1254.png,Viral Pneumonia,38981b4a9c1db609ae57b17052b57231,kaggle.com/paultimothymooney/chest-xray-pneumonia,teste
COVID-19_Radiography_Dataset/Viral Pneumonia/images/Viral Pneumonia-1255.png,Viral Pneumonia,cd426ea6d4cc1223f798d59e793adcac,kaggle.com/paultimothymooney/chest-xray-pneumonia,teste_confirmatorio
COVID-19_Radiography_Dataset/Viral Pneumonia/images/Viral Pneumonia-1256.png,Viral Pneumonia,7feb19467a6439bef377c03574f0c004,kaggle.com/paultimothymooney/chest-xray-pneumonia,teste_confirmatorio
COVID-19_Radiography_Dataset/Viral Pneumonia/images/Viral Pneumonia-1257.png,Viral Pneumonia,f7ae5a96c2f9ad427451154096a30732,kaggle.com/paultimothymooney/chest-xray-pneumonia,teste_confirmatorio
COVID-19_Radiography_Dataset/Viral Pneumonia/images/Viral Pneumonia-1258.png,Viral Pneumonia,6f950434bedfff69e7fbf7ddad0c7846,kaggle.com/paultimothymooney/chest-xray-pneumonia,teste
COVID-19_Radiography_Dataset/Viral Pneumonia/images/Viral Pneumonia-1259.png,Viral Pneumonia,5672f0cb841c4ab8eb89c681435febe9,kaggle.com/paultimothymooney/chest-xray-pneumonia,teste_confirmatorio
COVID-19_Radiography_Dataset/Viral Pneumonia/images/Viral Pneumonia-126.png,Viral Pneumonia,fe6b0b13f447e665a964cab1d29ad1f7,kaggle.com/paultimothymooney/chest-xray-pneumonia,teste_confirmatorio
COVID-19_Radiography_Dataset/Viral Pneumonia/images/Viral Pneumonia-1260.png,Viral Pneumonia,165bfd0a8038d0886e9ba8230244fdc9,kaggle.com/paultimothymooney/chest-xray-pneumonia,teste
COVID-19_Radiography_Dataset/Viral Pneumonia/images/Viral Pneumonia-1261.png,Viral Pneumonia,e717136c8e02ae187cd5d8d4dcd040a2,kaggle.com/paultimothymooney/chest-xray-pneumonia,teste_confirmatorio
COVID-19_Radiography_Dataset/Viral Pneumonia/images/Viral Pneumonia-1262.png,Viral Pneumonia,44c884d8fe7f04d19e218a40627c2cfd,kaggle.com/paultimothymooney/chest-xray-pneumonia,teste
COVID-19_Radiography_Dataset/Viral Pneumonia/images/Viral Pneumonia-1264.png,Viral Pneumonia,de43df051e5dc889d88f8a73d8499502,kaggle.com/paultimothymooney/chest-xray-pneumonia,teste_confirmatorio
COVID-19_Radiography_Dataset/Viral Pneumonia/images/Viral Pneumonia-1265.png,Viral Pneumonia,31ef5dd9fe98ce157da88efd71e168ff,kaggle.com/paultimothymooney/chest-xray-pneumonia,treino
COVID-19_Radiography_Dataset/Viral Pneumonia/images/Viral Pneumonia-1266.png,Viral Pneumonia,0349ca81fa6132862bc75f16f92dfabb,kaggle.com/paultimothymooney/chest-xray-pneumonia,teste_confirmatorio
COVID-19_Radiography_Dataset/Viral Pneumonia/images/Viral Pneumonia-1267.png,Viral Pneumonia,f9ac4c260606f2b997a655abce2336f6,kaggle.com/paultimothymooney/chest-xray-pneumonia,teste
COVID-19_Radiography_Dataset/Viral Pneumonia/images/Viral Pneumonia-1268.png,Viral Pneumonia,a27c269b18c125f54f3a2838e3a9bf0f,kaggle.com/paultimothymooney/chest-xray-pneumonia,teste
COVID-19_Radiography_Dataset/Viral Pneumonia/images/Viral Pneumonia-1269.png,Viral Pneumonia,a0d01a894f3e9ebae2bf2e8217b53dc0,kaggle.com/paultimothymooney/chest-xray-pneumonia,teste
COVID-19_Radiography_Dataset/Viral Pneumonia/images/Viral Pneumonia-1270.png,Viral Pneumonia,0f174bcfe06e276b7001fa9450a42ce5,kaggle.com/paultimothymooney/chest-xray-pneumonia,validacao
COVID-19_Radiography_Dataset/Viral Pneumonia/images/Viral Pneumonia-1271.png,Viral Pneumonia,f503ecd08eac2c98f0d07c9ca29b1662,kaggle.com/paultimothymooney/chest-xray-pneumonia,teste_confirmatorio
COVID-19_Radiography_Dataset/Viral Pneumonia/images/Viral Pneumonia-1272.png,Viral Pneumonia,c8d726237946565a07263a399cfc979f,kaggle.com/paultimothymooney/chest-xray-pneumonia,treino
COVID-19_Radiography_Dataset/Viral Pneumonia/images/Viral Pneumonia-1273.png,Viral Pneumonia,bdc5b0313747b530b4b54882d38c48ac,kaggle.com/paultimothymooney/chest-xray-pneumonia,teste
COVID-19_Radiography_Dataset/Viral Pneumonia/images/Viral Pneumonia-1275.png,Viral Pneumonia,ff0ee243d4aec07bde4a9f0e3e66c259,kaggle.com/paultimothymooney/chest-xray-pneumonia,treino
COVID-19_Radiography_Dataset/Viral Pneumonia/images/Viral Pneumonia-1276.png,Viral Pneumonia,9112a7150cc594af144402e96e292f14,kaggle.com/paultimothymooney/chest-xray-pneumonia,teste
COVID-19_Radiography_Dataset/Viral Pneumonia/images/Viral Pneumonia-1277.png,Viral Pneumonia,027a786e1c208a1b30e6872892259aab,kaggle.com/paultimothymooney/chest-xray-pneumonia,treino
COVID-19_Radiography_Dataset/Viral Pneumonia/images/Viral Pneumonia-1278.png,Viral Pneumonia,74a5d902b9ab6e8a2c92e640253b861e,kaggle.com/paultimothymooney/chest-xray-pneumonia,validacao
COVID-19_Radiography_Dataset/Viral Pneumonia/images/Viral Pneumonia-1279.png,Viral Pneumonia,91088c96afbccd60b3ec6566d4fe6d18,kaggle.com/paultimothymooney/chest-xray-pneumonia,teste
COVID-19_Radiography_Dataset/Viral Pneumonia/images/Viral Pneumonia-128.png,Viral Pneumonia,e67a76370458f4fd72035f07a3ac9c55,kaggle.com/paultimothymooney/chest-xray-pneumonia,teste_confirmatorio
COVID-19_Radiography_Dataset/Viral Pneumonia/images/Viral Pneumonia-1281.png,Viral Pneumonia,5b5c310623ded0680e4ddcd2b5a7f32e,kaggle.com/paultimothymooney/chest-xray-pneumonia,teste
COVID-19_Radiography_Dataset/Viral Pneumonia/images/Viral Pneumonia-1284.png,Viral Pneumonia,ca095bd2d03ac4c75988aea4f06f287b,kaggle.com/paultimothymooney/chest-xray-pneumonia,treino
COVID-19_Radiography_Dataset/Viral Pneumonia/images/Viral Pneumonia-1285.png,Viral Pneumonia,7e2e7761dcd2e05423efb7ad5e391614,kaggle.com/paultimothymooney/chest-xray-pneumonia,teste
COVID-19_Radiography_Dataset/Viral Pneumonia/images/Viral Pneumonia-1287.png,Viral Pneumonia,6e5bbd6709b42d8d4aca9ffa34f57e52,kaggle.com/paultimothymooney/chest-xray-pneumonia,validacao
COVID-19_Radiography_Dataset/Viral Pneumonia/images/Viral Pneumonia-129.png,Viral Pneumonia,2dd83787008badaf5ae8bf71f21eaf73,kaggle.com/paultimothymooney/chest-xray-pneumonia,validacao
COVID-19_Radiography_Dataset/Viral Pneumonia/images/Viral Pneumonia-1290.png,Viral Pneumonia,f99e1e61a3240fb56f3c7b60f7b4fefe,kaggle.com/paultimothymooney/chest-xray-pneumonia,treino
COVID-19_Radiography_Dataset/Viral Pneumonia/images/Viral Pneumonia-1291.png,Viral Pneumonia,54cd23875b215082665a4709526fe1d3,kaggle.com/paultimothymooney/chest-xray-pneumonia,treino
COVID-19_Radiography_Dataset/Viral Pneumonia/images/Viral Pneumonia-1292.png,Viral Pneumonia,38c549943c803d4ab89fadd0cd62797d,kaggle.com/paultimothymooney/chest-xray-pneumonia,treino
COVID-19_Radiography_Dataset/Viral Pneumonia/images/Viral Pneumonia-1293.png,Viral Pneumonia,09b8dd36f050014ab7a317b04a953a07,kaggle.com/paultimothymooney/chest-xray-pneumonia,treino
COVID-19_Radiography_Dataset/Viral Pneumonia/images/Viral Pneumonia-1294.png,Viral Pneumonia,b26443ce199e3d026728d411dbb1b309,kaggle.com/paultimothymooney/chest-xray-pneumonia,teste_confirmatorio
COVID-19_Radiography_Dataset/Viral Pneumonia/images/Viral Pneumonia-1295.png,Viral Pneumonia,d3df50e7db513bdc6da6991a102b322d,kaggle.com/paultimothymooney/chest-xray-pneumonia,treino
COVID-19_Radiography_Dataset/Viral Pneumonia/images/Viral Pneumonia-1297.png,Viral Pneumonia,2615d038638708f9ccc8f07ef011de9b,kaggle.com/paultimothymooney/chest-xray-pneumonia,treino
COVID-19_Radiography_Dataset/Viral Pneumonia/images/Viral Pneumonia-1298.png,Viral Pneumonia,cf1a2ccc8fdef96462bb48b448a19dd6,kaggle.com/paultimothymooney/chest-xray-pneumonia,validacao
COVID-19_Radiography_Dataset/Viral Pneumonia/images/Viral Pneumonia-1299.png,Viral Pneumonia,97aaa40d3902dafae81394209a467cad,kaggle.com/paultimothymooney/chest-xray-pneumonia,teste
COVID-19_Radiography_Dataset/Viral Pneumonia/images/Viral Pneumonia-1300.png,Viral Pneumonia,f74bec877725b1f33e6efcb279b1be33,kaggle.com/paultimothymooney/chest-xray-pneumonia,treino
COVID-19_Radiography_Dataset/Viral Pneumonia/images/Viral Pneumonia-1301.png,Viral Pneumonia,07b811f5852422b1e661f04525c5ecae,kaggle.com/paultimothymooney/chest-xray-pneumonia,validacao
COVID-19_Radiography_Dataset/Viral Pneumonia/images/Viral Pneumonia-1304.png,Viral Pneumonia,41159b3babbe4436e5984133f5249313,kaggle.com/paultimothymooney/chest-xray-pneumonia,teste_confirmatorio
COVID-19_Radiography_Dataset/Viral Pneumonia/images/Viral Pneumonia-1305.png,Viral Pneumonia,d61a6aa9bc16cd532195fd2d5e808201,kaggle.com/paultimothymooney/chest-xray-pneumonia,teste_confirmatorio
COVID-19_Radiography_Dataset/Viral Pneumonia/images/Viral Pneumonia-1306.png,Viral Pneumonia,8b41f43b7cda488dee15cb162fd0c7ff,kaggle.com/paultimothymooney/chest-xray-pneumonia,validacao
COVID-19_Radiography_Dataset/Viral Pneumonia/images/Viral Pneumonia-131.png,Viral Pneumonia,e77b3397ab90b9326385f921dbcd7b62,kaggle.com/paultimothymooney/chest-xray-pneumonia,teste
COVID-19_Radiography_Dataset/Viral Pneumonia/images/Viral Pneumonia-1310.png,Viral Pneumonia,493c8bd7a9a9c47e58ce806456210cc6,kaggle.com/paultimothymooney/chest-xray-pneumonia,teste_confirmatorio
COVID-19_Radiography_Dataset/Viral Pneumonia/images/Viral Pneumonia-1311.png,Viral Pneumonia,75b2a9b97020abf70448cee22b51e5ae,kaggle.com/paultimothymooney/chest-xray-pneumonia,teste
COVID-19_Radiography_Dataset/Viral Pneumonia/images/Viral Pneumonia-1312.png,Viral Pneumonia,0423b6403fa47bacb7a79b8426294859,kaggle.com/paultimothymooney/chest-xray-pneumonia,treino
COVID-19_Radiography_Dataset/Viral Pneumonia/images/Viral Pneumonia-1314.png,Viral Pneumonia,7069644ac7cd2ed64bda6e3dc8e49339,kaggle.com/paultimothymooney/chest-xray-pneumonia,teste_confirmatorio
COVID-19_Radiography_Dataset/Viral Pneumonia/images/Viral Pneumonia-1315.png,Viral Pneumonia,e9acab1ca548b751da0c0dc69d93f2d0,kaggle.com/paultimothymooney/chest-xray-pneumonia,teste
COVID-19_Radiography_Dataset/Viral Pneumonia/images/Viral Pneumonia-1316.png,Viral Pneumonia,b2e577b99496a513916dacecc2ef209a,kaggle.com/paultimothymooney/chest-xray-pneumonia,teste
COVID-19_Radiography_Dataset/Viral Pneumonia/images/Viral Pneumonia-1317.png,Viral Pneumonia,686f056e115d764ac8a111657d527411,kaggle.com/paultimothymooney/chest-xray-pneumonia,teste
COVID-19_Radiography_Dataset/Viral Pneumonia/images/Viral Pneumonia-1318.png,Viral Pneumonia,f5a52f1259c55672b2423454422ffb9f,kaggle.com/paultimothymooney/chest-xray-pneumonia,teste
COVID-19_Radiography_Dataset/Viral Pneumonia/images/Viral Pneumonia-1319.png,Viral Pneumonia,5945d294e68bfcc950d2ff710678724e,kaggle.com/paultimothymooney/chest-xray-pneumonia,teste_confirmatorio
COVID-19_Radiography_Dataset/Viral Pneumonia/images/Viral Pneumonia-132.png,Viral Pneumonia,64c2e44bbacc29731cd3ac727de989b7,kaggle.com/paultimothymooney/chest-xray-pneumonia,treino
COVID-19_Radiography_Dataset/Viral Pneumonia/images/Viral Pneumonia-1320.png,Viral Pneumonia,bd25d0e1938c5d8272173df237e7c44c,kaggle.com/paultimothymooney/chest-xray-pneumonia,validacao
COVID-19_Radiography_Dataset/Viral Pneumonia/images/Viral Pneumonia-1321.png,Viral Pneumonia,4abd6f52e75834ac830311cdb42d165b,kaggle.com/paultimothymooney/chest-xray-pneumonia,teste_confirmatorio
COVID-19_Radiography_Dataset/Viral Pneumonia/images/Viral Pneumonia-1322.png,Viral Pneumonia,e4418c49660c7eba83cb74eaa430d509,kaggle.com/paultimothymooney/chest-xray-pneumonia,teste
COVID-19_Radiography_Dataset/Viral Pneumonia/images/Viral Pneumonia-1323.png,Viral Pneumonia,21e411981177dbae3a1013c6e405d87c,kaggle.com/paultimothymooney/chest-xray-pneumonia,teste_confirmatorio
COVID-19_Radiography_Dataset/Viral Pneumonia/images/Viral Pneumonia-1324.png,Viral Pneumonia,145d02dac14c51b420c125688a8ff8a2,kaggle.com/paultimothymooney/chest-xray-pneumonia,teste_confirmatorio
COVID-19_Radiography_Dataset/Viral Pneumonia/images/Viral Pneumonia-1325.png,Viral Pneumonia,9a20a71a66f7524e5f0cbe595eb537f0,kaggle.com/paultimothymooney/chest-xray-pneumonia,teste
COVID-19_Radiography_Dataset/Viral Pneumonia/images/Viral Pneumonia-1326.png,Viral Pneumonia,1fa07c1d787f351c1a4f74b922842bad,kaggle.com/paultimothymooney/chest-xray-pneumonia,treino
COVID-19_Radiography_Dataset/Viral Pneumonia/images/Viral Pneumonia-1327.png,Viral Pneumonia,7204799b214b1ac29b1709311fb202d2,kaggle.com/paultimothymooney/chest-xray-pneumonia,teste
COVID-19_Radiography_Dataset/Viral Pneumonia/images/Viral Pneumonia-1328.png,Viral Pneumonia,259ceb561b9bdb8c651df29ca0a94066,kaggle.com/paultimothymooney/chest-xray-pneumonia,validacao
COVID-19_Radiography_Dataset/Viral Pneumonia/images/Viral Pneumonia-1329.png,Viral Pneumonia,503500ccdea513a35179c4d9da88632a,kaggle.com/paultimothymooney/chest-xray-pneumonia,teste
COVID-19_Radiography_Dataset/Viral Pneumonia/images/Viral Pneumonia-133.png,Viral Pneumonia,fe14b32baab3a6bf076a027a10c7a829,kaggle.com/paultimothymooney/chest-xray-pneumonia,teste_confirmatorio
COVID-19_Radiography_Dataset/Viral Pneumonia/images/Viral Pneumonia-1330.png,Viral Pneumonia,7ad59cb4c3ad6cf74715ee137dc9b2be,kaggle.com/paultimothymooney/chest-xray-pneumonia,teste
COVID-19_Radiography_Dataset/Viral Pneumonia/images/Viral Pneumonia-1331.png,Viral Pneumonia,84da65a0fcd7efa24d1d2860e28fa5fa,kaggle.com/paultimothymooney/chest-xray-pneumonia,teste_confirmatorio
COVID-19_Radiography_Dataset/Viral Pneumonia/images/Viral Pneumonia-1333.png,Viral Pneumonia,e5929a4623ddfedbd33954b644e537e5,kaggle.com/paultimothymooney/chest-xray-pneumonia,teste
COVID-19_Radiography_Dataset/Viral Pneumonia/images/Viral Pneumonia-1334.png,Viral Pneumonia,d047637bea0e8ad68a6bd77c0f264c29,kaggle.com/paultimothymooney/chest-xray-pneumonia,teste
COVID-19_Radiography_Dataset/Viral Pneumonia/images/Viral Pneumonia-1335.png,Viral Pneumonia,a1aae055967905835b06973d94cc8aa6,kaggle.com/paultimothymooney/chest-xray-pneumonia,treino
COVID-19_Radiography_Dataset/Viral Pneumonia/images/Viral Pneumonia-1336.png,Viral Pneumonia,d44475d255e9f87f67a27af8cf66f89f,kaggle.com/paultimothymooney/chest-xray-pneumonia,teste_confirmatorio
COVID-19_Radiography_Dataset/Viral Pneumonia/images/Viral Pneumonia-1337.png,Viral Pneumonia,ea60e4b5db2131408446d4634a7e6fe1,kaggle.com/paultimothymooney/chest-xray-pneumonia,teste
COVID-19_Radiography_Dataset/Viral Pneumonia/images/Viral Pneumonia-1338.png,Viral Pneumonia,d5a650aed16f15a5c9243869a66de6bf,kaggle.com/paultimothymooney/chest-xray-pneumonia,validacao
COVID-19_Radiography_Dataset/Viral Pneumonia/images/Viral Pneumonia-134.png,Viral Pneumonia,72d13186151e398877c34cf696216bdf,kaggle.com/paultimothymooney/chest-xray-pneumonia,teste
COVID-19_Radiography_Dataset/Viral Pneumonia/images/Viral Pneumonia-1341.png,Viral Pneumonia,1807f33d587f4e356fe31c755742c39d,kaggle.com/paultimothymooney/chest-xray-pneumonia,teste_confirmatorio
COVID-19_Radiography_Dataset/Viral Pneumonia/images/Viral Pneumonia-1342.png,Viral Pneumonia,d0f5c885438e702d67c14c141b77592b,kaggle.com/paultimothymooney/chest-xray-pneumonia,teste
COVID-19_Radiography_Dataset/Viral Pneumonia/images/Viral Pneumonia-1343.png,Viral Pneumonia,ed25fc9d62436cb4cf4205feda5bc053,kaggle.com/paultimothymooney/chest-xray-pneumonia,validacao
COVID-19_Radiography_Dataset/Viral Pneumonia/images/Viral Pneumonia-1344.png,Viral Pneumonia,90f2fd9447ed2796be40a973b935dd32,kaggle.com/paultimothymooney/chest-xray-pneumonia,treino
COVID-19_Radiography_Dataset/Viral Pneumonia/images/Viral Pneumonia-135.png,Viral Pneumonia,43a86ac20acdf3d265d6be3555c25d3b,kaggle.com/paultimothymooney/chest-xray-pneumonia,teste_confirmatorio
COVID-19_Radiography_Dataset/Viral Pneumonia/images/Viral Pneumonia-136.png,Viral Pneumonia,649c0b083c73916e1198e6982e0bc706,kaggle.com/paultimothymooney/chest-xray-pneumonia,treino
COVID-19_Radiography_Dataset/Viral Pneumonia/images/Viral Pneumonia-137.png,Viral Pneumonia,67a082790ebd7a82869858bc44b3fe05,kaggle.com/paultimothymooney/chest-xray-pneumonia,teste_confirmatorio
COVID-19_Radiography_Dataset/Viral Pneumonia/images/Viral Pneumonia-138.png,Viral Pneumonia,4e8f08c38ca51be5bd40a928763aab24,kaggle.com/paultimothymooney/chest-xray-pneumonia,validacao
COVID-19_Radiography_Dataset/Viral Pneumonia/images/Viral Pneumonia-14.png,Viral Pneumonia,da5d9e3227be8f946bcf05caaf03df7e,kaggle.com/paultimothymooney/chest-xray-pneumonia,validacao
COVID-19_Radiography_Dataset/Viral Pneumonia/images/Viral Pneumonia-140.png,Viral Pneumonia,82f999a0bdb0a6003351d5624b7a00bd,kaggle.com/paultimothymooney/chest-xray-pneumonia,teste
COVID-19_Radiography_Dataset/Viral Pneumonia/images/Viral Pneumonia-141.png,Viral Pneumonia,dba4683ddd1c45d9d8e3ad3fb6e0ea30,kaggle.com/paultimothymooney/chest-xray-pneumonia,treino
COVID-19_Radiography_Dataset/Viral Pneumonia/images/Viral Pneumonia-142.png,Viral Pneumonia,49470f1a7ce182280dfd884843e760dc,kaggle.com/paultimothymooney/chest-xray-pneumonia,teste_confirmatorio
COVID-19_Radiography_Dataset/Viral Pneumonia/images/Viral Pneumonia-144.png,Viral Pneumonia,c810d9eadbdb7db5728a324654f1a14a,kaggle.com/paultimothymooney/chest-xray-pneumonia,teste
COVID-19_Radiography_Dataset/Viral Pneumonia/images/Viral Pneumonia-145.png,Viral Pneumonia,15d4fc6d668568249465980e6d71c14f,kaggle.com/paultimothymooney/chest-xray-pneumonia,teste_confirmatorio
COVID-19_Radiography_Dataset/Viral Pneumonia/images/Viral Pneumonia-146.png,Viral Pneumonia,5ba8152e6622b52b1208a390f84bd78c,kaggle.com/paultimothymooney/chest-xray-pneumonia,treino
COVID-19_Radiography_Dataset/Viral Pneumonia/images/Viral Pneumonia-147.png,Viral Pneumonia,ff35265a046bde1c3d2d45e6612238a0,kaggle.com/paultimothymooney/chest-xray-pneumonia,teste_confirmatorio
COVID-19_Radiography_Dataset/Viral Pneumonia/images/Viral Pneumonia-148.png,Viral Pneumonia,d2c8784d629a1c535bc2723d67f96431,kaggle.com/paultimothymooney/chest-xray-pneumonia,teste
COVID-19_Radiography_Dataset/Viral Pneumonia/images/Viral Pneumonia-149.png,Viral Pneumonia,7380d233317103e1024b5f6c8268f013,kaggle.com/paultimothymooney/chest-xray-pneumonia,validacao
COVID-19_Radiography_Dataset/Viral Pneumonia/images/Viral Pneumonia-15.png,Viral Pneumonia,d1d1eb65e6f6e572c977a5e03ecaeab1,kaggle.com/paultimothymooney/chest-xray-pneumonia,teste_confirmatorio
COVID-19_Radiography_Dataset/Viral Pneumonia/images/Viral Pneumonia-150.png,Viral Pneumonia,093699278a28e5d5012970f492529b95,kaggle.com/paultimothymooney/chest-xray-pneumonia,validacao
COVID-19_Radiography_Dataset/Viral Pneumonia/images/Viral Pneumonia-151.png,Viral Pneumonia,b08da33b7c7d4a4fcc403b62c0054f25,kaggle.com/paultimothymooney/chest-xray-pneumonia,validacao
COVID-19_Radiography_Dataset/Viral Pneumonia/images/Viral Pneumonia-152.png,Viral Pneumonia,0106acd24ef33c445afae12a06aa359c,kaggle.com/paultimothymooney/chest-xray-pneumonia,validacao
COVID-19_Radiography_Dataset/Viral Pneumonia/images/Viral Pneumonia-153.png,Viral Pneumonia,f044201461945c402901cb4e5750e3eb,kaggle.com/paultimothymooney/chest-xray-pneumonia,validacao
COVID-19_Radiography_Dataset/Viral Pneumonia/images/Viral Pneumonia-154.png,Viral Pneumonia,64f72715579883da978ea36f0f41b31a,kaggle.com/paultimothymooney/chest-xray-pneumonia,teste
COVID-19_Radiography_Dataset/Viral Pneumonia/images/Viral Pneumonia-156.png,Viral Pneumonia,d78ccc38bb5b834b7b0e3687c507d26a,kaggle.com/paultimothymooney/chest-xray-pneumonia,teste_confirmatorio
COVID-19_Radiography_Dataset/Viral Pneumonia/images/Viral Pneumonia-157.png,Viral Pneumonia,35ba352314dc1c122154d84e01a2fae9,kaggle.com/paultimothymooney/chest-xray-pneumonia,treino
COVID-19_Radiography_Dataset/Viral Pneumonia/images/Viral Pneumonia-158.png,Viral Pneumonia,559ff07016ed1f984a95917b462110c1,kaggle.com/paultimothymooney/chest-xray-pneumonia,treino
COVID-19_Radiography_Dataset/Viral Pneumonia/images/Viral Pneumonia-159.png,Viral Pneumonia,c3fe5b2ba56e8f321cd8e4d40ecb0a01,kaggle.com/paultimothymooney/chest-xray-pneumonia,teste
COVID-19_Radiography_Dataset/Viral Pneumonia/images/Viral Pneumonia-16.png,Viral Pneumonia,41d217aaa79718b74b241aeef2ab2e69,kaggle.com/paultimothymooney/chest-xray-pneumonia,teste_confirmatorio
COVID-19_Radiography_Dataset/Viral Pneumonia/images/Viral Pneumonia-160.png,Viral Pneumonia,e3a2c842c22e2ed7e587d4fba7926d97,kaggle.com/paultimothymooney/chest-xray-pneumonia,teste_confirmatorio
COVID-19_Radiography_Dataset/Viral Pneumonia/images/Viral Pneumonia-161.png,Viral Pneumonia,f5f3759897bc653b3440202756e7132d,kaggle.com/paultimothymooney/chest-xray-pneumonia,teste
COVID-19_Radiography_Dataset/Viral Pneumonia/images/Viral Pneumonia-163.png,Viral Pneumonia,26afab207af4cb20ae68e6bfbadea498,kaggle.com/paultimothymooney/chest-xray-pneumonia,teste
COVID-19_Radiography_Dataset/Viral Pneumonia/images/Viral Pneumonia-165.png,Viral Pneumonia,0fe50b3832a2218bbdc6d8bc04e147d9,kaggle.com/paultimothymooney/chest-xray-pneumonia,validacao
COVID-19_Radiography_Dataset/Viral Pneumonia/images/Viral Pneumonia-166.png,Viral Pneumonia,167809497c57d8eb397568afd41ec7db,kaggle.com/paultimothymooney/chest-xray-pneumonia,treino
COVID-19_Radiography_Dataset/Viral Pneumonia/images/Viral Pneumonia-167.png,Viral Pneumonia,2759c9f9014205e200be6535a97c0bf2,kaggle.com/paultimothymooney/chest-xray-pneumonia,validacao
COVID-19_Radiography_Dataset/Viral Pneumonia/images/Viral Pneumonia-168.png,Viral Pneumonia,9567dff091a03520a4159079ae06d99a,kaggle.com/paultimothymooney/chest-xray-pneumonia,treino
COVID-19_Radiography_Dataset/Viral Pneumonia/images/Viral Pneumonia-17.png,Viral Pneumonia,7b3cbb86de25cd0c0ad8ecfa9f082a09,kaggle.com/paultimothymooney/chest-xray-pneumonia,teste
COVID-19_Radiography_Dataset/Viral Pneumonia/images/Viral Pneumonia-172.png,Viral Pneumonia,56d169a71d4eef747285c782dfeade8f,kaggle.com/paultimothymooney/chest-xray-pneumonia,teste
COVID-19_Radiography_Dataset/Viral Pneumonia/images/Viral Pneumonia-173.png,Viral Pneumonia,9d1eb835d1d07b716f29e3e79ebf297c,kaggle.com/paultimothymooney/chest-xray-pneumonia,teste_confirmatorio
COVID-19_Radiography_Dataset/Viral Pneumonia/images/Viral Pneumonia-174.png,Viral Pneumonia,237ac8ac9c829453a454c6a441bf70ae,kaggle.com/paultimothymooney/chest-xray-pneumonia,teste
COVID-19_Radiography_Dataset/Viral Pneumonia/images/Viral Pneumonia-175.png,Viral Pneumonia,594f283f2f0956c9a769cf06e36b12d5,kaggle.com/paultimothymooney/chest-xray-pneumonia,teste
COVID-19_Radiography_Dataset/Viral Pneumonia/images/Viral Pneumonia-176.png,Viral Pneumonia,b27a0894900ff4d3d3abbd5ff91893d2,kaggle.com/paultimothymooney/chest-xray-pneumonia,teste
COVID-19_Radiography_Dataset/Viral Pneumonia/images/Viral Pneumonia-177.png,Viral Pneumonia,f4d6476a7f4abcce0a88cdce0dc1715b,kaggle.com/paultimothymooney/chest-xray-pneumonia,teste
COVID-19_Radiography_Dataset/Viral Pneumonia/images/Viral Pneumonia-178.png,Viral Pneumonia,f441438e3930a8f5d43631078d02d60e,kaggle.com/paultimothymooney/chest-xray-pneumonia,teste_confirmatorio
COVID-19_Radiography_Dataset/Viral Pneumonia/images/Viral Pneumonia-179.png,Viral Pneumonia,e97c9891753bf76543c73b20203c1772,kaggle.com/paultimothymooney/chest-xray-pneumonia,teste_confirmatorio
COVID-19_Radiography_Dataset/Viral Pneumonia/images/Viral Pneumonia-18.png,Viral Pneumonia,1c5b33895cfb3d5481ce7a7cf95fae4e,kaggle.com/paultimothymooney/chest-xray-pneumonia,teste_confirmatorio
COVID-19_Radiography_Dataset/Viral Pneumonia/images/Viral Pneumonia-180.png,Viral Pneumonia,75da8c2be9a6d585093a79a362d0d11b,kaggle.com/paultimothymooney/chest-xray-pneumonia,teste_confirmatorio
COVID-19_Radiography_Dataset/Viral Pneumonia/images/Viral Pneumonia-181.png,Viral Pneumonia,ecd41cd1a8d06f4896bb29070b308f47,kaggle.com/paultimothymooney/chest-xray-pneumonia,validacao
COVID-19_Radiography_Dataset/Viral Pneumonia/images/Viral Pneumonia-182.png,Viral Pneumonia,5ca8b3006ec8476dcae0a643ff0c5454,kaggle.com/paultimothymooney/chest-xray-pneumonia,treino
COVID-19_Radiography_Dataset/Viral Pneumonia/images/Viral Pneumonia-184.png,Viral Pneumonia,bbc28322576a9126a3ce6ef1f97b0a09,kaggle.com/paultimothymooney/chest-xray-pneumonia,teste
COVID-19_Radiography_Dataset/Viral Pneumonia/images/Viral Pneumonia-185.png,Viral Pneumonia,bb8d4cf604f3e537d9d394d21d30fdab,kaggle.com/paultimothymooney/chest-xray-pneumonia,teste_confirmatorio
COVID-19_Radiography_Dataset/Viral Pneumonia/images/Viral Pneumonia-187.png,Viral Pneumonia,c16020833227cd927d28a113fd4ea842,kaggle.com/paultimothymooney/chest-xray-pneumonia,teste_confirmatorio
COVID-19_Radiography_Dataset/Viral Pneumonia/images/Viral Pneumonia-188.png,Viral Pneumonia,f6566061c59fb32e9aa1d0b6ef61c692,kaggle.com/paultimothymooney/chest-xray-pneumonia,treino
COVID-19_Radiography_Dataset/Viral Pneumonia/images/Viral Pneumonia-189.png,Viral Pneumonia,515c1020190e735e14403d132270fb8b,kaggle.com/paultimothymooney/chest-xray-pneumonia,treino
COVID-19_Radiography_Dataset/Viral Pneumonia/images/Viral Pneumonia-192.png,Viral Pneumonia,278e6539e3617e83f71f8435af585c0d,kaggle.com/paultimothymooney/chest-xray-pneumonia,teste
COVID-19_Radiography_Dataset/Viral Pneumonia/images/Viral Pneumonia-193.png,Viral Pneumonia,0700c377a3a670ea4aad4d40d23992aa,kaggle.com/paultimothymooney/chest-xray-pneumonia,validacao
COVID-19_Radiography_Dataset/Viral Pneumonia/images/Viral Pneumonia-194.png,Viral Pneumonia,86084f5ad434df3f0770407f8898f478,kaggle.com/paultimothymooney/chest-xray-pneumonia,teste_confirmatorio
COVID-19_Radiography_Dataset/Viral Pneumonia/images/Viral Pneumonia-195.png,Viral Pneumonia,38727703bedb23016990d7993337a8d8,kaggle.com/paultimothymooney/chest-xray-pneumonia,treino
COVID-19_Radiography_Dataset/Viral Pneumonia/images/Viral Pneumonia-197.png,Viral Pneumonia,efe0b1b86dad8f0a2d9a01da3b1be830,kaggle.com/paultimothymooney/chest-xray-pneumonia,teste_confirmatorio
COVID-19_Radiography_Dataset/Viral Pneumonia/images/Viral Pneumonia-198.png,Viral Pneumonia,4377dd7c393f63396959b5d1b7851469,kaggle.com/paultimothymooney/chest-xray-pneumonia,teste_confirmatorio
COVID-19_Radiography_Dataset/Viral Pneumonia/images/Viral Pneumonia-199.png,Viral Pneumonia,de03c1c4efd89058bbcae7c1245ef75e,kaggle.com/paultimothymooney/chest-xray-pneumonia,treino
COVID-19_Radiography_Dataset/Viral Pneumonia/images/Viral Pneumonia-2.png,Viral Pneumonia,5626ee812c94c7bf3e16753c9bd887ce,kaggle.com/paultimothymooney/chest-xray-pneumonia,treino
COVID-19_Radiography_Dataset/Viral Pneumonia/images/Viral Pneumonia-20.png,Viral Pneumonia,35601e7fdd0a6cf09a3eb0e0e4d9b90d,kaggle.com/paultimothymooney/chest-xray-pneumonia,teste_confirmatorio
COVID-19_Radiography_Dataset/Viral Pneumonia/images/Viral Pneumonia-200.png,Viral Pneumonia,0a0f0e66756eadfae05b726673f090bf,kaggle.com/paultimothymooney/chest-xray-pneumonia,validacao
COVID-19_Radiography_Dataset/Viral Pneumonia/images/Viral Pneumonia-202.png,Viral Pneumonia,a11831e98ede9112a1eb83d79361908c,kaggle.com/paultimothymooney/chest-xray-pneumonia,treino
COVID-19_Radiography_Dataset/Viral Pneumonia/images/Viral Pneumonia-203.png,Viral Pneumonia,36f486436dbe0977046587ff9f4989a3,kaggle.com/paultimothymooney/chest-xray-pneumonia,teste_confirmatorio
COVID-19_Radiography_Dataset/Viral Pneumonia/images/Viral Pneumonia-204.png,Viral Pneumonia,e9463c6e4fcd773cbaa6c92599f308de,kaggle.com/paultimothymooney/chest-xray-pneumonia,teste
COVID-19_Radiography_Dataset/Viral Pneumonia/images/Viral Pneumonia-205.png,Viral Pneumonia,1c0061cef331d551648b9f677c2f3bbe,kaggle.com/paultimothymooney/chest-xray-pneumonia,teste
COVID-19_Radiography_Dataset/Viral Pneumonia/images/Viral Pneumonia-206.png,Viral Pneumonia,f40973413ccfb0ba07a3fd419a4af079,kaggle.com/paultimothymooney/chest-xray-pneumonia,treino
COVID-19_Radiography_Dataset/Viral Pneumonia/images/Viral Pneumonia-207.png,Viral Pneumonia,fddc8e440d0f6389c6ea48ebbd0c3bc0,kaggle.com/paultimothymooney/chest-xray-pneumonia,teste
COVID-19_Radiography_Dataset/Viral Pneumonia/images/Viral Pneumonia-208.png,Viral Pneumonia,db753afce2a1a99336a598b6ffd05823,kaggle.com/paultimothymooney/chest-xray-pneumonia,teste_confirmatorio
COVID-19_Radiography_Dataset/Viral Pneumonia/images/Viral Pneumonia-209.png,Viral Pneumonia,00d453cc731217bc914b232e2f1cdc3e,kaggle.com/paultimothymooney/chest-xray-pneumonia,treino
COVID-19_Radiography_Dataset/Viral Pneumonia/images/Viral Pneumonia-21.png,Viral Pneumonia,8db63b33f43bd2001d85d418cb12bda3,kaggle.com/paultimothymooney/chest-xray-pneumonia,treino
COVID-19_Radiography_Dataset/Viral Pneumonia/images/Viral Pneumonia-210.png,Viral Pneumonia,3729a46cb6d29c72eed5198202ffb7fc,kaggle.com/paultimothymooney/chest-xray-pneumonia,treino
COVID-19_Radiography_Dataset/Viral Pneumonia/images/Viral Pneumonia-212.png,Viral Pneumonia,4b6739bdf36054da4d5e0e4095bc4e3a,kaggle.com/paultimothymooney/chest-xray-pneumonia,treino
COVID-19_Radiography_Dataset/Viral Pneumonia/images/Viral Pneumonia-213.png,Viral Pneumonia,92c1049b35b12bae8ea5835bc52b62b7,kaggle.com/paultimothymooney/chest-xray-pneumonia,teste_confirmatorio
COVID-19_Radiography_Dataset/Viral Pneumonia/images/Viral Pneumonia-215.png,Viral Pneumonia,2fafe63484791fc2f8e63aa37a8410c2,kaggle.com/paultimothymooney/chest-xray-pneumonia,treino
COVID-19_Radiography_Dataset/Viral Pneumonia/images/Viral Pneumonia-216.png,Viral Pneumonia,1a3619156dcd36c3186dcd0d44997161,kaggle.com/paultimothymooney/chest-xray-pneumonia,treino
COVID-19_Radiography_Dataset/Viral Pneumonia/images/Viral Pneumonia-219.png,Viral Pneumonia,0b24c2681ce5449a342f44577f1c5648,kaggle.com/paultimothymooney/chest-xray-pneumonia,teste
COVID-19_Radiography_Dataset/Viral Pneumonia/images/Viral Pneumonia-22.png,Viral Pneumonia,038ff29e52c8124c8189f966963ddf4d,kaggle.com/paultimothymooney/chest-xray-pneumonia,teste
COVID-19_Radiography_Dataset/Viral Pneumonia/images/Viral Pneumonia-220.png,Viral Pneumonia,bae595880046d28d63783198a572ff76,kaggle.com/paultimothymooney/chest-xray-pneumonia,treino
COVID-19_Radiography_Dataset/Viral Pneumonia/images/Viral Pneumonia-222.png,Viral Pneumonia,75d691986ba416fc6a3be258b019a02a,kaggle.com/paultimothymooney/chest-xray-pneumonia,teste
COVID-19_Radiography_Dataset/Viral Pneumonia/images/Viral Pneumonia-223.png,Viral Pneumonia,500358be59e129ae8411775582feb59e,kaggle.com/paultimothymooney/chest-xray-pneumonia,treino
COVID-19_Radiography_Dataset/Viral Pneumonia/images/Viral Pneumonia-224.png,Viral Pneumonia,4251b018e5b073ee5b9445e2f1ac580c,kaggle.com/paultimothymooney/chest-xray-pneumonia,validacao
COVID-19_Radiography_Dataset/Viral Pneumonia/images/Viral Pneumonia-225.png,Viral Pneumonia,5b92c4818a1c942d0870fe657c94fbba,kaggle.com/paultimothymooney/chest-xray-pneumonia,treino
COVID-19_Radiography_Dataset/Viral Pneumonia/images/Viral Pneumonia-226.png,Viral Pneumonia,d989e1823aea6723e46b7f69e875fcbf,kaggle.com/paultimothymooney/chest-xray-pneumonia,teste_confirmatorio
COVID-19_Radiography_Dataset/Viral Pneumonia/images/Viral Pneumonia-227.png,Viral Pneumonia,fa5fcb678ecfac95bbfe7290aed00ae6,kaggle.com/paultimothymooney/chest-xray-pneumonia,teste
COVID-19_Radiography_Dataset/Viral Pneumonia/images/Viral Pneumonia-228.png,Viral Pneumonia,47c5687b64eefc001d7da6daf70c06e5,kaggle.com/paultimothymooney/chest-xray-pneumonia,treino
COVID-19_Radiography_Dataset/Viral Pneumonia/images/Viral Pneumonia-23.png,Viral Pneumonia,e0a83bfabf2821eff70df4526c15f20e,kaggle.com/paultimothymooney/chest-xray-pneumonia,treino
COVID-19_Radiography_Dataset/Viral Pneumonia/images/Viral Pneumonia-230.png,Viral Pneumonia,27c2cdcf3c58d26448eb82b512086e0d,kaggle.com/paultimothymooney/chest-xray-pneumonia,teste_confirmatorio
COVID-19_Radiography_Dataset/Viral Pneumonia/images/Viral Pneumonia-231.png,Viral Pneumonia,6b39af4006a444926a01b2438b4eec8e,kaggle.com/paultimothymooney/chest-xray-pneumonia,teste_confirmatorio
COVID-19_Radiography_Dataset/Viral Pneumonia/images/Viral Pneumonia-232.png,Viral Pneumonia,4853571c3412ae50372ffef2c560c9b5,kaggle.com/paultimothymooney/chest-xray-pneumonia,treino
COVID-19_Radiography_Dataset/Viral Pneumonia/images/Viral Pneumonia-234.png,Viral Pneumonia,9b33b516c6d95101e8fe7a2fc63ad387,kaggle.com/paultimothymooney/chest-xray-pneumonia,teste
COVID-19_Radiography_Dataset/Viral Pneumonia/images/Viral Pneumonia-235.png,Viral Pneumonia,be73a8defd86d8df3e9141d4319691ed,kaggle.com/paultimothymooney/chest-xray-pneumonia,teste_confirmatorio
COVID-19_Radiography_Dataset/Viral Pneumonia/images/Viral Pneumonia-236.png,Viral Pneumonia,bde5e618f2ffcdb9ed3b41e255a70ef7,kaggle.com/paultimothymooney/chest-xray-pneumonia,teste_confirmatorio
COVID-19_Radiography_Dataset/Viral Pneumonia/images/Viral Pneumonia-237.png,Viral Pneumonia,211d1c7acd1606863b49be71cf6ab709,kaggle.com/paultimothymooney/chest-xray-pneumonia,teste_confirmatorio
COVID-19_Radiography_Dataset/Viral Pneumonia/images/Viral Pneumonia-238.png,Viral Pneumonia,fa5b27f387b84464f64ff44607c4c0b3,kaggle.com/paultimothymooney/chest-xray-pneumonia,teste_confirmatorio
COVID-19_Radiography_Dataset/Viral Pneumonia/images/Viral Pneumonia-239.png,Viral Pneumonia,50ba35d47faa6b5c1f67c3799cc7d2f6,kaggle.com/paultimothymooney/chest-xray-pneumonia,teste_confirmatorio
COVID-19_Radiography_Dataset/Viral Pneumonia/images/Viral Pneumonia-24.png,Viral Pneumonia,66b34bee9e62846a36571586e81e08a1,kaggle.com/paultimothymooney/chest-xray-pneumonia,teste_confirmatorio
COVID-19_Radiography_Dataset/Viral Pneumonia/images/Viral Pneumonia-241.png,Viral Pneumonia,f82460471d8f6cc3bc2538cf203c71f6,kaggle.com/paultimothymooney/chest-xray-pneumonia,treino
COVID-19_Radiography_Dataset/Viral Pneumonia/images/Viral Pneumonia-243.png,Viral Pneumonia,5ed92f712c9bda8762e2aa18e3f64f61,kaggle.com/paultimothymooney/chest-xray-pneumonia,teste_confirmatorio
COVID-19_Radiography_Dataset/Viral Pneumonia/images/Viral Pneumonia-244.png,Viral Pneumonia,254a1afef84d3c1d48700d13cc4de1f0,kaggle.com/paultimothymooney/chest-xray-pneumonia,teste_confirmatorio
COVID-19_Radiography_Dataset/Viral Pneumonia/images/Viral Pneumonia-245.png,Viral Pneumonia,c2d03b3e2cbb7e7e0b68a42dbd461fec,kaggle.com/paultimothymooney/chest-xray-pneumonia,teste
COVID-19_Radiography_Dataset/Viral Pneumonia/images/Viral Pneumonia-246.png,Viral Pneumonia,39bd85eb4af350aedb60c3641d737e21,kaggle.com/paultimothymooney/chest-xray-pneumonia,treino
COVID-19_Radiography_Dataset/Viral Pneumonia/images/Viral Pneumonia-248.png,Viral Pneumonia,712612abf127659126d6ab7ae6d7f7f7,kaggle.com/paultimothymooney/chest-xray-pneumonia,treino
COVID-19_Radiography_Dataset/Viral Pneumonia/images/Viral Pneumonia-249.png,Viral Pneumonia,60cf0049b29d4ee1c0743b969a4b2130,kaggle.com/paultimothymooney/chest-xray-pneumonia,teste_confirmatorio
COVID-19_Radiography_Dataset/Viral Pneumonia/images/Viral Pneumonia-25.png,Viral Pneumonia,77926d4a3482d508490ee8fdb624be32,kaggle.com/paultimothymooney/chest-xray-pneumonia,teste_confirmatorio
COVID-19_Radiography_Dataset/Viral Pneumonia/images/Viral Pneumonia-251.png,Viral Pneumonia,660c1ca69c2bf4ee2848fedcaee8fb1b,kaggle.com/paultimothymooney/chest-xray-pneumonia,teste_confirmatorio
COVID-19_Radiography_Dataset/Viral Pneumonia/images/Viral Pneumonia-252.png,Viral Pneumonia,79b2669a52a3dde6a32a9f6787a90cf6,kaggle.com/paultimothymooney/chest-xray-pneumonia,teste
COVID-19_Radiography_Dataset/Viral Pneumonia/images/Viral Pneumonia-255.png,Viral Pneumonia,1872fcad19a3595b9eb8f8b54437a5be,kaggle.com/paultimothymooney/chest-xray-pneumonia,teste_confirmatorio
COVID-19_Radiography_Dataset/Viral Pneumonia/images/Viral Pneumonia-256.png,Viral Pneumonia,bbb95c5ef82dee6f95dd1909525091a4,kaggle.com/paultimothymooney/chest-xray-pneumonia,teste_confirmatorio
COVID-19_Radiography_Dataset/Viral Pneumonia/images/Viral Pneumonia-257.png,Viral Pneumonia,96dfb72f7eec6683aa242379b641ce3f,kaggle.com/paultimothymooney/chest-xray-pneumonia,treino
COVID-19_Radiography_Dataset/Viral Pneumonia/images/Viral Pneumonia-258.png,Viral Pneumonia,f0b759cca6e0b3a9f66797fff736b72e,kaggle.com/paultimothymooney/chest-xray-pneumonia,teste_confirmatorio
COVID-19_Radiography_Dataset/Viral Pneumonia/images/Viral Pneumonia-259.png,Viral Pneumonia,2fa36dc21b7d17708d600151cf88c2ae,kaggle.com/paultimothymooney/chest-xray-pneumonia,treino
COVID-19_Radiography_Dataset/Viral Pneumonia/images/Viral Pneumonia-260.png,Viral Pneumonia,0ee33608435c586a64da7d21cadb6452,kaggle.com/paultimothymooney/chest-xray-pneumonia,teste
COVID-19_Radiography_Dataset/Viral Pneumonia/images/Viral Pneumonia-264.png,Viral Pneumonia,cd4783cbca4b4c74c90a44a13d31342f,kaggle.com/paultimothymooney/chest-xray-pneumonia,teste_confirmatorio
COVID-19_Radiography_Dataset/Viral Pneumonia/images/Viral Pneumonia-268.png,Viral Pneumonia,638fdff1dd073a9d9e07e36cb6a18269,kaggle.com/paultimothymooney/chest-xray-pneumonia,teste_confirmatorio
COVID-19_Radiography_Dataset/Viral Pneumonia/images/Viral Pneumonia-269.png,Viral Pneumonia,627941bc094e56bc18ff991401246701,kaggle.com/paultimothymooney/chest-xray-pneumonia,teste_confirmatorio
COVID-19_Radiography_Dataset/Viral Pneumonia/images/Viral Pneumonia-27.png,Viral Pneumonia,bd9b605072f09c88abea416229863f97,kaggle.com/paultimothymooney/chest-xray-pneumonia,treino
COVID-19_Radiography_Dataset/Viral Pneumonia/images/Viral Pneumonia-271.png,Viral Pneumonia,85752e8ede478c832e677ed4315a3c41,kaggle.com/paultimothymooney/chest-xray-pneumonia,teste
COVID-19_Radiography_Dataset/Viral Pneumonia/images/Viral Pneumonia-272.png,Viral Pneumonia,ae9a21a3f7f8e57bfc4a509bb1780fa5,kaggle.com/paultimothymooney/chest-xray-pneumonia,teste
COVID-19_Radiography_Dataset/Viral Pneumonia/images/Viral Pneumonia-273.png,Viral Pneumonia,51c1b800d37979c25a153bd2eb6e3ea9,kaggle.com/paultimothymooney/chest-xray-pneumonia,teste_confirmatorio
COVID-19_Radiography_Dataset/Viral Pneumonia/images/Viral Pneumonia-274.png,Viral Pneumonia,8a29c5f0b3b106084d55b93a848ab07d,kaggle.com/paultimothymooney/chest-xray-pneumonia,teste_confirmatorio
COVID-19_Radiography_Dataset/Viral Pneumonia/images/Viral Pneumonia-275.png,Viral Pneumonia,03aa36dc9b494666aa667625dd4a9ec8,kaggle.com/paultimothymooney/chest-xray-pneumonia,teste
COVID-19_Radiography_Dataset/Viral Pneumonia/images/Viral Pneumonia-276.png,Viral Pneumonia,2bd1e7ecc90f4a89886ae5ab70225d58,kaggle.com/paultimothymooney/chest-xray-pneumonia,treino
COVID-19_Radiography_Dataset/Viral Pneumonia/images/Viral Pneumonia-278.png,Viral Pneumonia,ccf70e356ecfe417ed38b250e7fb2710,kaggle.com/paultimothymooney/chest-xray-pneumonia,treino
COVID-19_Radiography_Dataset/Viral Pneumonia/images/Viral Pneumonia-279.png,Viral Pneumonia,e6f66133f966b90320e4db28a837c1a1,kaggle.com/paultimothymooney/chest-xray-pneumonia,teste
COVID-19_Radiography_Dataset/Viral Pneumonia/images/Viral Pneumonia-28.png,Viral Pneumonia,4dbeddd464bf8b718def5ee18e87fce0,kaggle.com/paultimothymooney/chest-xray-pneumonia,teste
COVID-19_Radiography_Dataset/Viral Pneumonia/images/Viral Pneumonia-280.png,Viral Pneumonia,1b2d39327879e1e40c147a56174b216a,kaggle.com/paultimothymooney/chest-xray-pneumonia,treino
COVID-19_Radiography_Dataset/Viral Pneumonia/images/Viral Pneumonia-281.png,Viral Pneumonia,9cc0165360e9fff125b4464981013e85,kaggle.com/paultimothymooney/chest-xray-pneumonia,treino
COVID-19_Radiography_Dataset/Viral Pneumonia/images/Viral Pneumonia-282.png,Viral Pneumonia,06919e538d6b67e293ff8b44c30fcf2d,kaggle.com/paultimothymooney/chest-xray-pneumonia,validacao
COVID-19_Radiography_Dataset/Viral Pneumonia/images/Viral Pneumonia-283.png,Viral Pneumonia,d009816ebc19b15304f3026da6fbedbe,kaggle.com/paultimothymooney/chest-xray-pneumonia,validacao
COVID-19_Radiography_Dataset/Viral Pneumonia/images/Viral Pneumonia-285.png,Viral Pneumonia,2596999425488ddfa8eba62e6abf37db,kaggle.com/paultimothymooney/chest-xray-pneumonia,treino
COVID-19_Radiography_Dataset/Viral Pneumonia/images/Viral Pneumonia-286.png,Viral Pneumonia,a63d5f8226e0d02a3bc47a7d7e06dc4e,kaggle.com/paultimothymooney/chest-xray-pneumonia,validacao
COVID-19_Radiography_Dataset/Viral Pneumonia/images/Viral Pneumonia-287.png,Viral Pneumonia,a08cd4bbb6014d5617e84ad22b0cd22a,kaggle.com/paultimothymooney/chest-xray-pneumonia,teste
COVID-19_Radiography_Dataset/Viral Pneumonia/images/Viral Pneumonia-288.png,Viral Pneumonia,81bd6fceb125126c29f2de1131e7919e,kaggle.com/paultimothymooney/chest-xray-pneumonia,teste
COVID-19_Radiography_Dataset/Viral Pneumonia/images/Viral Pneumonia-29.png,Viral Pneumonia,4fde48a1fe8fbb132f5731884863ef29,kaggle.com/paultimothymooney/chest-xray-pneumonia,validacao
COVID-19_Radiography_Dataset/Viral Pneumonia/images/Viral Pneumonia-290.png,Viral Pneumonia,9a339fdf56feb30651a4d1187269153d,kaggle.com/paultimothymooney/chest-xray-pneumonia,teste_confirmatorio
COVID-19_Radiography_Dataset/Viral Pneumonia/images/Viral Pneumonia-291.png,Viral Pneumonia,f077a44e7fc807c5971984b6060bd5bb,kaggle.com/paultimothymooney/chest-xray-pneumonia,treino
COVID-19_Radiography_Dataset/Viral Pneumonia/images/Viral Pneumonia-292.png,Viral Pneumonia,87ae949f1673e09480e354ea9520686f,kaggle.com/paultimothymooney/chest-xray-pneumonia,teste_confirmatorio
COVID-19_Radiography_Dataset/Viral Pneumonia/images/Viral Pneumonia-293.png,Viral Pneumonia,28f48c4a62e5b37ab670d94a56b69b99,kaggle.com/paultimothymooney/chest-xray-pneumonia,treino
COVID-19_Radiography_Dataset/Viral Pneumonia/images/Viral Pneumonia-294.png,Viral Pneumonia,a50d6fe17090c2a3741d2627446374a1,kaggle.com/paultimothymooney/chest-xray-pneumonia,teste_confirmatorio
COVID-19_Radiography_Dataset/Viral Pneumonia/images/Viral Pneumonia-296.png,Viral Pneumonia,e2edf92b462b4ccb974e37bb10b3dac1,kaggle.com/paultimothymooney/chest-xray-pneumonia,teste
COVID-19_Radiography_Dataset/Viral Pneumonia/images/Viral Pneumonia-297.png,Viral Pneumonia,bc6b761cd60b13438b2d6670339b5bfd,kaggle.com/paultimothymooney/chest-xray-pneumonia,teste
COVID-19_Radiography_Dataset/Viral Pneumonia/images/Viral Pneumonia-298.png,Viral Pneumonia,45c27c584bfacc12015071853bcbc32a,kaggle.com/paultimothymooney/chest-xray-pneumonia,teste_confirmatorio
COVID-19_Radiography_Dataset/Viral Pneumonia/images/Viral Pneumonia-3.png,Viral Pneumonia,9bd60761b0f92f3978db32c93d5cd74f,kaggle.com/paultimothymooney/chest-xray-pneumonia,teste_confirmatorio
COVID-19_Radiography_Dataset/Viral Pneumonia/images/Viral Pneumonia-30.png,Viral Pneumonia,6472ddd09740f1277876493e7063bd77,kaggle.com/paultimothymooney/chest-xray-pneumonia,treino
COVID-19_Radiography_Dataset/Viral Pneumonia/images/Viral Pneumonia-300.png,Viral Pneumonia,46051e3902378d1003e1165d0d8a8e86,kaggle.com/paultimothymooney/chest-xray-pneumonia,teste
COVID-19_Radiography_Dataset/Viral Pneumonia/images/Viral Pneumonia-301.png,Viral Pneumonia,59bf74b040944a23eec2ea1cc48af767,kaggle.com/paultimothymooney/chest-xray-pneumonia,teste
COVID-19_Radiography_Dataset/Viral Pneumonia/images/Viral Pneumonia-303.png,Viral Pneumonia,6c4a823374004ab87b6f34d25a2cf4df,kaggle.com/paultimothymooney/chest-xray-pneumonia,teste_confirmatorio
COVID-19_Radiography_Dataset/Viral Pneumonia/images/Viral Pneumonia-304.png,Viral Pneumonia,ba74ab09c164bafec16c376a1379f690,kaggle.com/paultimothymooney/chest-xray-pneumonia,teste
COVID-19_Radiography_Dataset/Viral Pneumonia/images/Viral Pneumonia-305.png,Viral Pneumonia,8a1ca1ef211e253d4dd01748a3534afe,kaggle.com/paultimothymooney/chest-xray-pneumonia,validacao
COVID-19_Radiography_Dataset/Viral Pneumonia/images/Viral Pneumonia-306.png,Viral Pneumonia,f29f2c7553ba041659b56fbb160c5d9a,kaggle.com/paultimothymooney/chest-xray-pneumonia,teste
COVID-19_Radiography_Dataset/Viral Pneumonia/images/Viral Pneumonia-307.png,Viral Pneumonia,9fb7d7bb79673d721063aa204ff8cacd,kaggle.com/paultimothymooney/chest-xray-pneumonia,teste_confirmatorio
COVID-19_Radiography_Dataset/Viral Pneumonia/images/Viral Pneumonia-309.png,Viral Pneumonia,3f4e1a663e309515ac58951eb55361e5,kaggle.com/paultimothymooney/chest-xray-pneumonia,teste
COVID-19_Radiography_Dataset/Viral Pneumonia/images/Viral Pneumonia-31.png,Viral Pneumonia,aa9548886626c18ff5d8bbf154ead47d,kaggle.com/paultimothymooney/chest-xray-pneumonia,validacao
COVID-19_Radiography_Dataset/Viral Pneumonia/images/Viral Pneumonia-311.png,Viral Pneumonia,eb83122e15e4ee7e2ebc5f12939aae19,kaggle.com/paultimothymooney/chest-xray-pneumonia,validacao
COVID-19_Radiography_Dataset/Viral Pneumonia/images/Viral Pneumonia-312.png,Viral Pneumonia,5e41470d8c264c6ac8916bc5fe6244d1,kaggle.com/paultimothymooney/chest-xray-pneumonia,treino
COVID-19_Radiography_Dataset/Viral Pneumonia/images/Viral Pneumonia-313.png,Viral Pneumonia,6d4696f69944972106b5a59129798d45,kaggle.com/paultimothymooney/chest-xray-pneumonia,validacao
COVID-19_Radiography_Dataset/Viral Pneumonia/images/Viral Pneumonia-314.png,Viral Pneumonia,668da0e3e76a1e89135f0245e1bac8fc,kaggle.com/paultimothymooney/chest-xray-pneumonia,teste
COVID-19_Radiography_Dataset/Viral Pneumonia/images/Viral Pneumonia-315.png,Viral Pneumonia,825a79452c95321ed627e38d1a6cf32f,kaggle.com/paultimothymooney/chest-xray-pneumonia,treino
COVID-19_Radiography_Dataset/Viral Pneumonia/images/Viral Pneumonia-318.png,Viral Pneumonia,191b0a49ec73e0b387d3d21aff7c7cf8,kaggle.com/paultimothymooney/chest-xray-pneumonia,teste
COVID-19_Radiography_Dataset/Viral Pneumonia/images/Viral Pneumonia-319.png,Viral Pneumonia,92adcf8cbb06849605078f41b6e2f03e,kaggle.com/paultimothymooney/chest-xray-pneumonia,validacao
COVID-19_Radiography_Dataset/Viral Pneumonia/images/Viral Pneumonia-320.png,Viral Pneumonia,f68b2f500d9dfa8201eba446137df42f,kaggle.com/paultimothymooney/chest-xray-pneumonia,teste_confirmatorio
COVID-19_Radiography_Dataset/Viral Pneumonia/images/Viral Pneumonia-321.png,Viral Pneumonia,bfc4ae9d5ac5e65a94c3c97b2af15734,kaggle.com/paultimothymooney/chest-xray-pneumonia,teste_confirmatorio
COVID-19_Radiography_Dataset/Viral Pneumonia/images/Viral Pneumonia-322.png,Viral Pneumonia,130dbe527cb9794d1872c9b63b0b3c2c,kaggle.com/paultimothymooney/chest-xray-pneumonia,teste_confirmatorio
COVID-19_Radiography_Dataset/Viral Pneumonia/images/Viral Pneumonia-323.png,Viral Pneumonia,d271c65ca22f3d24d79fe7b1d8017f3b,kaggle.com/paultimothymooney/chest-xray-pneumonia,teste
COVID-19_Radiography_Dataset/Viral Pneumonia/images/Viral Pneumonia-324.png,Viral Pneumonia,35c6284a3c8625f47b31aae450ffbf97,kaggle.com/paultimothymooney/chest-xray-pneumonia,teste_confirmatorio
COVID-19_Radiography_Dataset/Viral Pneumonia/images/Viral Pneumonia-325.png,Viral Pneumonia,bbe3c20f0a8bf908a630c77958a73a3e,kaggle.com/paultimothymooney/chest-xray-pneumonia,teste_confirmatorio
COVID-19_Radiography_Dataset/Viral Pneumonia/images/Viral Pneumonia-326.png,Viral Pneumonia,9618988507408219073da012273cfa47,kaggle.com/paultimothymooney/chest-xray-pneumonia,teste
COVID-19_Radiography_Dataset/Viral Pneumonia/images/Viral Pneumonia-327.png,Viral Pneumonia,ca41a38529a86412af616dbc58e355bc,kaggle.com/paultimothymooney/chest-xray-pneumonia,teste_confirmatorio
COVID-19_Radiography_Dataset/Viral Pneumonia/images/Viral Pneumonia-328.png,Viral Pneumonia,a638ea625e3f1b101bd5287dfe1e1073,kaggle.com/paultimothymooney/chest-xray-pneumonia,teste_confirmatorio
COVID-19_Radiography_Dataset/Viral Pneumonia/images/Viral Pneumonia-329.png,Viral Pneumonia,cc728bf0dde57840f0eb68144051e9eb,kaggle.com/paultimothymooney/chest-xray-pneumonia,teste
COVID-19_Radiography_Dataset/Viral Pneumonia/images/Viral Pneumonia-33.png,Viral Pneumonia,3e1d42002a829631bc5a1d0ee245dedc,kaggle.com/paultimothymooney/chest-xray-pneumonia,teste
COVID-19_Radiography_Dataset/Viral Pneumonia/images/Viral Pneumonia-330.png,Viral Pneumonia,7525e743d8d92b1aecc12a595024e6e1,kaggle.com/paultimothymooney/chest-xray-pneumonia,teste
COVID-19_Radiography_Dataset/Viral Pneumonia/images/Viral Pneumonia-332.png,Viral Pneumonia,ec175a1a98b3bae4e03a5ea8adebf07b,kaggle.com/paultimothymooney/chest-xray-pneumonia,treino
COVID-19_Radiography_Dataset/Viral Pneumonia/images/Viral Pneumonia-333.png,Viral Pneumonia,7de723933979b575929ebc7c5b9bb124,kaggle.com/paultimothymooney/chest-xray-pneumonia,teste_confirmatorio
COVID-19_Radiography_Dataset/Viral Pneumonia/images/Viral Pneumonia-334.png,Viral Pneumonia,1473d975873e9bffaa60c878d468affa,kaggle.com/paultimothymooney/chest-xray-pneumonia,treino
COVID-19_Radiography_Dataset/Viral Pneumonia/images/Viral Pneumonia-335.png,Viral Pneumonia,a9a6e16f26c38f269308eb902f5ef6a1,kaggle.com/paultimothymooney/chest-xray-pneumonia,teste_confirmatorio
COVID-19_Radiography_Dataset/Viral Pneumonia/images/Viral Pneumonia-336.png,Viral Pneumonia,d7301873ab6127797bdeae0d7c5e0f89,kaggle.com/paultimothymooney/chest-xray-pneumonia,teste
COVID-19_Radiography_Dataset/Viral Pneumonia/images/Viral Pneumonia-337.png,Viral Pneumonia,e5587130513e9c64c353e40ecea6abf2,kaggle.com/paultimothymooney/chest-xray-pneumonia,treino
COVID-19_Radiography_Dataset/Viral Pneumonia/images/Viral Pneumonia-339.png,Viral Pneumonia,ffa819e402871326d96657d7b0b89276,kaggle.com/paultimothymooney/chest-xray-pneumonia,teste_confirmatorio
COVID-19_Radiography_Dataset/Viral Pneumonia/images/Viral Pneumonia-34.png,Viral Pneumonia,da85f4d8f3e3f570d185a8d7cb19d5d0,kaggle.com/paultimothymooney/chest-xray-pneumonia,teste_confirmatorio
COVID-19_Radiography_Dataset/Viral Pneumonia/images/Viral Pneumonia-340.png,Viral Pneumonia,820c147e41b1e09946de6201293a9a1f,kaggle.com/paultimothymooney/chest-xray-pneumonia,teste
COVID-19_Radiography_Dataset/Viral Pneumonia/images/Viral Pneumonia-343.png,Viral Pneumonia,70da33946ace4b1762d47b6e1125e452,kaggle.com/paultimothymooney/chest-xray-pneumonia,treino
COVID-19_Radiography_Dataset/Viral Pneumonia/images/Viral Pneumonia-344.png,Viral Pneumonia,6f2580efc3c95df167b37536d9de45f1,kaggle.com/paultimothymooney/chest-xray-pneumonia,teste
COVID-19_Radiography_Dataset/Viral Pneumonia/images/Viral Pneumonia-345.png,Viral Pneumonia,18e22f5d056bea201d88b8194982e7c2,kaggle.com/paultimothymooney/chest-xray-pneumonia,teste
COVID-19_Radiography_Dataset/Viral Pneumonia/images/Viral Pneumonia-346.png,Viral Pneumonia,facd3d2ecca8d5539b40e53ac2b51d6f,kaggle.com/paultimothymooney/chest-xray-pneumonia,teste_confirmatorio
COVID-19_Radiography_Dataset/Viral Pneumonia/images/Viral Pneumonia-347.png,Viral Pneumonia,57a6776943e883b3ff1fbb8b855c979c,kaggle.com/paultimothymooney/chest-xray-pneumonia,teste
COVID-19_Radiography_Dataset/Viral Pneumonia/images/Viral Pneumonia-348.png,Viral Pneumonia,2ba5868de4a76e2dff6a537c648368e0,kaggle.com/paultimothymooney/chest-xray-pneumonia,teste
COVID-19_Radiography_Dataset/Viral Pneumonia/images/Viral Pneumonia-350.png,Viral Pneumonia,8c86aaa0071e403cc3ffd6eff2df8426,kaggle.com/paultimothymooney/chest-xray-pneumonia,treino
COVID-19_Radiography_Dataset/Viral Pneumonia/images/Viral Pneumonia-351.png,Viral Pneumonia,4759a81f49f000e7b4ea5b84559b686d,kaggle.com/paultimothymooney/chest-xray-pneumonia,teste
COVID-19_Radiography_Dataset/Viral Pneumonia/images/Viral Pneumonia-352.png,Viral Pneumonia,920a8577fdc70f7a7e3a1445c81f641e,kaggle.com/paultimothymooney/chest-xray-pneumonia,validacao
COVID-19_Radiography_Dataset/Viral Pneumonia/images/Viral Pneumonia-355.png,Viral Pneumonia,026d5a9e0402cda0518c51a33a566983,kaggle.com/paultimothymooney/chest-xray-pneumonia,treino
COVID-19_Radiography_Dataset/Viral Pneumonia/images/Viral Pneumonia-356.png,Viral Pneumonia,cf6ae4db934b0e17f99cdc3c26403540,kaggle.com/paultimothymooney/chest-xray-pneumonia,validacao
COVID-19_Radiography_Dataset/Viral Pneumonia/images/Viral Pneumonia-357.png,Viral Pneumonia,1fb645920e6a82c1d1fac72833958cc0,kaggle.com/paultimothymooney/chest-xray-pneumonia,treino
COVID-19_Radiography_Dataset/Viral Pneumonia/images/Viral Pneumonia-358.png,Viral Pneumonia,3b0f6d0c2e7c779cc4c1b2160830e96b,kaggle.com/paultimothymooney/chest-xray-pneumonia,teste
COVID-19_Radiography_Dataset/Viral Pneumonia/images/Viral Pneumonia-361.png,Viral Pneumonia,09188615c25223bb3955b1bbf6d0b6ff,kaggle.com/paultimothymooney/chest-xray-pneumonia,treino
COVID-19_Radiography_Dataset/Viral Pneumonia/images/Viral Pneumonia-362.png,Viral Pneumonia,2d6d0dc67fe60b79b931986f555883b6,kaggle.com/paultimothymooney/chest-xray-pneumonia,treino
COVID-19_Radiography_Dataset/Viral Pneumonia/images/Viral Pneumonia-363.png,Viral Pneumonia,d7e3fd655ca392dbdaef6c4d6b2e9f40,kaggle.com/paultimothymooney/chest-xray-pneumonia,teste_confirmatorio
COVID-19_Radiography_Dataset/Viral Pneumonia/images/Viral Pneumonia-364.png,Viral Pneumonia,f600e8a88b3bb7ff3e9af37798fd9f57,kaggle.com/paultimothymooney/chest-xray-pneumonia,teste
COVID-19_Radiography_Dataset/Viral Pneumonia/images/Viral Pneumonia-366.png,Viral Pneumonia,79ad727893eb2078f1e153988a738331,kaggle.com/paultimothymooney/chest-xray-pneumonia,validacao
COVID-19_Radiography_Dataset/Viral Pneumonia/images/Viral Pneumonia-368.png,Viral Pneumonia,d0deae3f4c8f157876e70060c84512d2,kaggle.com/paultimothymooney/chest-xray-pneumonia,teste_confirmatorio
COVID-19_Radiography_Dataset/Viral Pneumonia/images/Viral Pneumonia-369.png,Viral Pneumonia,361141e052cf4810fccb733102974119,kaggle.com/paultimothymooney/chest-xray-pneumonia,treino
COVID-19_Radiography_Dataset/Viral Pneumonia/images/Viral Pneumonia-370.png,Viral Pneumonia,b1fe1a4341d6f2e4e90ea6537b60b1c2,kaggle.com/paultimothymooney/chest-xray-pneumonia,treino
COVID-19_Radiography_Dataset/Viral Pneumonia/images/Viral Pneumonia-371.png,Viral Pneumonia,f7255eb89aac91013601d4a2aff45621,kaggle.com/paultimothymooney/chest-xray-pneumonia,treino
COVID-19_Radiography_Dataset/Viral Pneumonia/images/Viral Pneumonia-372.png,Viral Pneumonia,1f2f199433e3dd05a655031137e1cd47,kaggle.com/paultimothymooney/chest-xray-pneumonia,treino
COVID-19_Radiography_Dataset/Viral Pneumonia/images/Viral Pneumonia-373.png,Viral Pneumonia,d98b6c924fb63cb5d83e58044a5e3fe7,kaggle.com/paultimothymooney/chest-xray-pneumonia,teste_confirmatorio
COVID-19_Radiography_Dataset/Viral Pneumonia/images/Viral Pneumonia-374.png,Viral Pneumonia,d566e3904185579e80716217e4044f7e,kaggle.com/paultimothymooney/chest-xray-pneumonia,teste_confirmatorio
COVID-19_Radiography_Dataset/Viral Pneumonia/images/Viral Pneumonia-375.png,Viral Pneumonia,88a9c4311dc5141675428bed3ad5ef02,kaggle.com/paultimothymooney/chest-xray-pneumonia,teste_confirmatorio
COVID-19_Radiography_Dataset/Viral Pneumonia/images/Viral Pneumonia-377.png,Viral Pneumonia,e2c45d05f9feb96b5b6799b2fd233bd0,kaggle.com/paultimothymooney/chest-xray-pneumonia,teste
COVID-19_Radiography_Dataset/Viral Pneumonia/images/Viral Pneumonia-379.png,Viral Pneumonia,7387bff89e1b2c4e397290228759a9fa,kaggle.com/paultimothymooney/chest-xray-pneumonia,treino
COVID-19_Radiography_Dataset/Viral Pneumonia/images/Viral Pneumonia-38.png,Viral Pneumonia,177a3bf3b329f3b8ccfdb117d4f567ba,kaggle.com/paultimothymooney/chest-xray-pneumonia,teste_confirmatorio
COVID-19_Radiography_Dataset/Viral Pneumonia/images/Viral Pneumonia-380.png,Viral Pneumonia,a4851fc32377dfcc8c8ce974a0917fff,kaggle.com/paultimothymooney/chest-xray-pneumonia,teste
COVID-19_Radiography_Dataset/Viral Pneumonia/images/Viral Pneumonia-381.png,Viral Pneumonia,400fca43a462bdb1bdde7df54a2666c0,kaggle.com/paultimothymooney/chest-xray-pneumonia,treino
COVID-19_Radiography_Dataset/Viral Pneumonia/images/Viral Pneumonia-385.png,Viral Pneumonia,60ad4fc25115f6552232c437066ba8ac,kaggle.com/paultimothymooney/chest-xray-pneumonia,teste_confirmatorio
COVID-19_Radiography_Dataset/Viral Pneumonia/images/Viral Pneumonia-386.png,Viral Pneumonia,4f37a32c4e50f349cc550be30334544f,kaggle.com/paultimothymooney/chest-xray-pneumonia,teste
COVID-19_Radiography_Dataset/Viral Pneumonia/images/Viral Pneumonia-387.png,Viral Pneumonia,4338971cd06e9e6a28573fddf30c6cbb,kaggle.com/paultimothymooney/chest-xray-pneumonia,teste
COVID-19_Radiography_Dataset/Viral Pneumonia/images/Viral Pneumonia-39.png,Viral Pneumonia,2fc1cb495bd9cf978b6b52852f6b6675,kaggle.com/paultimothymooney/chest-xray-pneumonia,teste
COVID-19_Radiography_Dataset/Viral Pneumonia/images/Viral Pneumonia-390.png,Viral Pneumonia,044fd8546584af1bd0ef037f661c1113,kaggle.com/paultimothymooney/chest-xray-pneumonia,teste
COVID-19_Radiography_Dataset/Viral Pneumonia/images/Viral Pneumonia-391.png,Viral Pneumonia,b00b571147e186b86b1b04966c4fc005,kaggle.com/paultimothymooney/chest-xray-pneumonia,validacao
COVID-19_Radiography_Dataset/Viral Pneumonia/images/Viral Pneumonia-393.png,Viral Pneumonia,176a973db8790140f686a57ee75f6940,kaggle.com/paultimothymooney/chest-xray-pneumonia,treino
COVID-19_Radiography_Dataset/Viral Pneumonia/images/Viral Pneumonia-394.png,Viral Pneumonia,6519809db686aaf82370f38f7bf302d2,kaggle.com/paultimothymooney/chest-xray-pneumonia,teste_confirmatorio
COVID-19_Radiography_Dataset/Viral Pneumonia/images/Viral Pneumonia-395.png,Viral Pneumonia,6af8ed98bbc56feb4f48bc1840db793c,kaggle.com/paultimothymooney/chest-xray-pneumonia,teste
COVID-19_Radiography_Dataset/Viral Pneumonia/images/Viral Pneumonia-397.png,Viral Pneumonia,ce0f073bbd9fd416b9331f0221b865de,kaggle.com/paultimothymooney/chest-xray-pneumonia,treino
COVID-19_Radiography_Dataset/Viral Pneumonia/images/Viral Pneumonia-398.png,Viral Pneumonia,419657e9b13729e4dc6d4a874f1a79a6,kaggle.com/paultimothymooney/chest-xray-pneumonia,validacao
COVID-19_Radiography_Dataset/Viral Pneumonia/images/Viral Pneumonia-399.png,Viral Pneumonia,f0fda73281247133b06ba8a39412a84f,kaggle.com/paultimothymooney/chest-xray-pneumonia,treino
COVID-19_Radiography_Dataset/Viral Pneumonia/images/Viral Pneumonia-4.png,Viral Pneumonia,5a0fad4960b76a95ee0cc4d49d4f3882,kaggle.com/paultimothymooney/chest-xray-pneumonia,treino
COVID-19_Radiography_Dataset/Viral Pneumonia/images/Viral Pneumonia-40.png,Viral Pneumonia,2eceea8515f8f8703f999305745bc652,kaggle.com/paultimothymooney/chest-xray-pneumonia,teste_confirmatorio
COVID-19_Radiography_Dataset/Viral Pneumonia/images/Viral Pneumonia-400.png,Viral Pneumonia,79b4adc591721b141ee8f9293381a4cd,kaggle.com/paultimothymooney/chest-xray-pneumonia,teste_confirmatorio
COVID-19_Radiography_Dataset/Viral Pneumonia/images/Viral Pneumonia-401.png,Viral Pneumonia,e8ac5195ae4f0666f47c2a6e09d5ea7b,kaggle.com/paultimothymooney/chest-xray-pneumonia,teste
COVID-19_Radiography_Dataset/Viral Pneumonia/images/Viral Pneumonia-403.png,Viral Pneumonia,d4d59c55636717f74f391e16fea406f6,kaggle.com/paultimothymooney/chest-xray-pneumonia,teste_confirmatorio
COVID-19_Radiography_Dataset/Viral Pneumonia/images/Viral Pneumonia-405.png,Viral Pneumonia,483d582e221e8c25d180c944fb6ec6ba,kaggle.com/paultimothymooney/chest-xray-pneumonia,teste_confirmatorio
COVID-19_Radiography_Dataset/Viral Pneumonia/images/Viral Pneumonia-406.png,Viral Pneumonia,e6ab9d83fac318c350a94cb368a3d070,kaggle.com/paultimothymooney/chest-xray-pneumonia,teste_confirmatorio
COVID-19_Radiography_Dataset/Viral Pneumonia/images/Viral Pneumonia-407.png,Viral Pneumonia,5a37e923d2f34991a05d911a208d384c,kaggle.com/paultimothymooney/chest-xray-pneumonia,teste_confirmatorio
COVID-19_Radiography_Dataset/Viral Pneumonia/images/Viral Pneumonia-408.png,Viral Pneumonia,445684d3b6bd05ebe6fa759d0d174378,kaggle.com/paultimothymooney/chest-xray-pneumonia,treino
COVID-19_Radiography_Dataset/Viral Pneumonia/images/Viral Pneumonia-409.png,Viral Pneumonia,53f072db1c6499d5ff10369cf615344b,kaggle.com/paultimothymooney/chest-xray-pneumonia,validacao
COVID-19_Radiography_Dataset/Viral Pneumonia/images/Viral Pneumonia-41.png,Viral Pneumonia,310e5da8f0f7f1529884e5c572d62bb9,kaggle.com/paultimothymooney/chest-xray-pneumonia,treino
COVID-19_Radiography_Dataset/Viral Pneumonia/images/Viral Pneumonia-411.png,Viral Pneumonia,034b55fedc1829b72aef350b3db2af0a,kaggle.com/paultimothymooney/chest-xray-pneumonia,teste_confirmatorio
COVID-19_Radiography_Dataset/Viral Pneumonia/images/Viral Pneumonia-412.png,Viral Pneumonia,963fad6ac820c5763667ee2ca614cbc2,kaggle.com/paultimothymooney/chest-xray-pneumonia,teste_confirmatorio
COVID-19_Radiography_Dataset/Viral Pneumonia/images/Viral Pneumonia-413.png,Viral Pneumonia,7468f194fe983731fb8094c05c6f7fa0,kaggle.com/paultimothymooney/chest-xray-pneumonia,validacao
COVID-19_Radiography_Dataset/Viral Pneumonia/images/Viral Pneumonia-414.png,Viral Pneumonia,4dde1f05243ff3fd1bf5609e36152b95,kaggle.com/paultimothymooney/chest-xray-pneumonia,teste_confirmatorio
COVID-19_Radiography_Dataset/Viral Pneumonia/images/Viral Pneumonia-415.png,Viral Pneumonia,a27a1d34a07c05241f506d6dcbd3f12b,kaggle.com/paultimothymooney/chest-xray-pneumonia,teste_confirmatorio
COVID-19_Radiography_Dataset/Viral Pneumonia/images/Viral Pneumonia-416.png,Viral Pneumonia,cdc33137cffa5d63b8a6b325f0182686,kaggle.com/paultimothymooney/chest-xray-pneumonia,teste_confirmatorio
COVID-19_Radiography_Dataset/Viral Pneumonia/images/Viral Pneumonia-417.png,Viral Pneumonia,46cc967c2d8257f430eeb5a3a18b5f6c,kaggle.com/paultimothymooney/chest-xray-pneumonia,teste_confirmatorio
COVID-19_Radiography_Dataset/Viral Pneumonia/images/Viral Pneumonia-418.png,Viral Pneumonia,62d2253548c22e600685218a193d9364,kaggle.com/paultimothymooney/chest-xray-pneumonia,validacao
COVID-19_Radiography_Dataset/Viral Pneumonia/images/Viral Pneumonia-419.png,Viral Pneumonia,260660d0ace3dcba5832943c09afed1c,kaggle.com/paultimothymooney/chest-xray-pneumonia,treino
COVID-19_Radiography_Dataset/Viral Pneumonia/images/Viral Pneumonia-42.png,Viral Pneumonia,1d543580fe661c1edeb7f3a25a4723c2,kaggle.com/paultimothymooney/chest-xray-pneumonia,validacao
COVID-19_Radiography_Dataset/Viral Pneumonia/images/Viral Pneumonia-421.png,Viral Pneumonia,5a75ad6a5d35021e49a6dbe041eed369,kaggle.com/paultimothymooney/chest-xray-pneumonia,teste
COVID-19_Radiography_Dataset/Viral Pneumonia/images/Viral Pneumonia-422.png,Viral Pneumonia,7cbb3b53a5bb4f409fd9b052f0903cde,kaggle.com/paultimothymooney/chest-xray-pneumonia,validacao
COVID-19_Radiography_Dataset/Viral Pneumonia/images/Viral Pneumonia-423.png,Viral Pneumonia,ccc6bf667ba1543c52b3f8a4252950c6,kaggle.com/paultimothymooney/chest-xray-pneumonia,treino
COVID-19_Radiography_Dataset/Viral Pneumonia/images/Viral Pneumonia-425.png,Viral Pneumonia,2bb357a863f7b775521f27356d0d9a12,kaggle.com/paultimothymooney/chest-xray-pneumonia,validacao
COVID-19_Radiography_Dataset/Viral Pneumonia/images/Viral Pneumonia-426.png,Viral Pneumonia,72777b7ef10dd3a25b292bd2f07d04f7,kaggle.com/paultimothymooney/chest-xray-pneumonia,teste_confirmatorio
COVID-19_Radiography_Dataset/Viral Pneumonia/images/Viral Pneumonia-428.png,Viral Pneumonia,bfe29226deda906e42c16ae26920ab86,kaggle.com/paultimothymooney/chest-xray-pneumonia,teste
COVID-19_Radiography_Dataset/Viral Pneumonia/images/Viral Pneumonia-429.png,Viral Pneumonia,651ed4bb79015730b0ad8ab2b2ca30d3,kaggle.com/paultimothymooney/chest-xray-pneumonia,teste
COVID-19_Radiography_Dataset/Viral Pneumonia/images/Viral Pneumonia-43.png,Viral Pneumonia,248376a9b1a40ad96f1b42a3f09c6ba9,kaggle.com/paultimothymooney/chest-xray-pneumonia,teste_confirmatorio
COVID-19_Radiography_Dataset/Viral Pneumonia/images/Viral Pneumonia-430.png,Viral Pneumonia,9efb4a74355f5f3b8e6fd74f907d7e32,kaggle.com/paultimothymooney/chest-xray-pneumonia,teste
COVID-19_Radiography_Dataset/Viral Pneumonia/images/Viral Pneumonia-431.png,Viral Pneumonia,4501dd55901409ed837486e102f3913a,kaggle.com/paultimothymooney/chest-xray-pneumonia,validacao
COVID-19_Radiography_Dataset/Viral Pneumonia/images/Viral Pneumonia-432.png,Viral Pneumonia,0dc67f3f4f5cc3e36a90cc9f1ba1e88b,kaggle.com/paultimothymooney/chest-xray-pneumonia,teste
COVID-19_Radiography_Dataset/Viral Pneumonia/images/Viral Pneumonia-433.png,Viral Pneumonia,91ea669ec4e058ed24ce76e5f0fec527,kaggle.com/paultimothymooney/chest-xray-pneumonia,teste_confirmatorio
COVID-19_Radiography_Dataset/Viral Pneumonia/images/Viral Pneumonia-434.png,Viral Pneumonia,e7e055e0ad123a82f6f72a7b7e469504,kaggle.com/paultimothymooney/chest-xray-pneumonia,treino
COVID-19_Radiography_Dataset/Viral Pneumonia/images/Viral Pneumonia-435.png,Viral Pneumonia,83c614cfcf9bca09beb3518e7453e29f,kaggle.com/paultimothymooney/chest-xray-pneumonia,teste
COVID-19_Radiography_Dataset/Viral Pneumonia/images/Viral Pneumonia-437.png,Viral Pneumonia,de9156eb2f58603d44501cac4400b96a,kaggle.com/paultimothymooney/chest-xray-pneumonia,teste_confirmatorio
COVID-19_Radiography_Dataset/Viral Pneumonia/images/Viral Pneumonia-438.png,Viral Pneumonia,e39a12cf7d261910eabdc146116f4d4f,kaggle.com/paultimothymooney/chest-xray-pneumonia,validacao
COVID-19_Radiography_Dataset/Viral Pneumonia/images/Viral Pneumonia-439.png,Viral Pneumonia,ff7c0e8d5c2ed8f8d5db104bd4a67857,kaggle.com/paultimothymooney/chest-xray-pneumonia,teste_confirmatorio
COVID-19_Radiography_Dataset/Viral Pneumonia/images/Viral Pneumonia-44.png,Viral Pneumonia,0edc1c3ee2442358642c9ca899693338,kaggle.com/paultimothymooney/chest-xray-pneumonia,treino
COVID-19_Radiography_Dataset/Viral Pneumonia/images/Viral Pneumonia-440.png,Viral Pneumonia,344c6b15aab85d9532ee90dd34bb72ad,kaggle.com/paultimothymooney/chest-xray-pneumonia,teste
COVID-19_Radiography_Dataset/Viral Pneumonia/images/Viral Pneumonia-441.png,Viral Pneumonia,84e94b781ce45bc4f39ff9a8a760b36d,kaggle.com/paultimothymooney/chest-xray-pneumonia,teste_confirmatorio
COVID-19_Radiography_Dataset/Viral Pneumonia/images/Viral Pneumonia-443.png,Viral Pneumonia,d83112010c374916c73d1104bb5b4975,kaggle.com/paultimothymooney/chest-xray-pneumonia,teste_confirmatorio
COVID-19_Radiography_Dataset/Viral Pneumonia/images/Viral Pneumonia-444.png,Viral Pneumonia,233480886a4ce47b45af6f5f9eb41bb0,kaggle.com/paultimothymooney/chest-xray-pneumonia,treino
COVID-19_Radiography_Dataset/Viral Pneumonia/images/Viral Pneumonia-446.png,Viral Pneumonia,9eb31716f5cc684ff56fa0010647bf2b,kaggle.com/paultimothymooney/chest-xray-pneumonia,teste_confirmatorio
COVID-19_Radiography_Dataset/Viral Pneumonia/images/Viral Pneumonia-448.png,Viral Pneumonia,d0d50d6bfbc63687c42a68f2ea05603d,kaggle.com/paultimothymooney/chest-xray-pneumonia,validacao
COVID-19_Radiography_Dataset/Viral Pneumonia/images/Viral Pneumonia-449.png,Viral Pneumonia,b61c95bf4a525b08c99698e0958aa0b2,kaggle.com/paultimothymooney/chest-xray-pneumonia,validacao
COVID-19_Radiography_Dataset/Viral Pneumonia/images/Viral Pneumonia-451.png,Viral Pneumonia,08984e64797ad39847ee2427e4a2888b,kaggle.com/paultimothymooney/chest-xray-pneumonia,treino
COVID-19_Radiography_Dataset/Viral Pneumonia/images/Viral Pneumonia-452.png,Viral Pneumonia,0c0f07a287d2b28b31505c4edd94acd8,kaggle.com/paultimothymooney/chest-xray-pneumonia,validacao
COVID-19_Radiography_Dataset/Viral Pneumonia/images/Viral Pneumonia-453.png,Viral Pneumonia,145ce6466c4efa121d7a75b07793d829,kaggle.com/paultimothymooney/chest-xray-pneumonia,teste_confirmatorio
COVID-19_Radiography_Dataset/Viral Pneumonia/images/Viral Pneumonia-454.png,Viral Pneumonia,9dda4cce0003029512826d6ec29dc507,kaggle.com/paultimothymooney/chest-xray-pneumonia,teste_confirmatorio
COVID-19_Radiography_Dataset/Viral Pneumonia/images/Viral Pneumonia-456.png,Viral Pneumonia,c43313fc1c6c4a65db04128479bfc5f2,kaggle.com/paultimothymooney/chest-xray-pneumonia,teste_confirmatorio
COVID-19_Radiography_Dataset/Viral Pneumonia/images/Viral Pneumonia-457.png,Viral Pneumonia,83aab89689aa248f9b21f865e01552c4,kaggle.com/paultimothymooney/chest-xray-pneumonia,teste
COVID-19_Radiography_Dataset/Viral Pneumonia/images/Viral Pneumonia-458.png,Viral Pneumonia,cfb94ae031617408513542c9e0b96cab,kaggle.com/paultimothymooney/chest-xray-pneumonia,teste_confirmatorio
COVID-19_Radiography_Dataset/Viral Pneumonia/images/Viral Pneumonia-459.png,Viral Pneumonia,de20c14fdb5f08051286af9ee0f2d0be,kaggle.com/paultimothymooney/chest-xray-pneumonia,teste
COVID-19_Radiography_Dataset/Viral Pneumonia/images/Viral Pneumonia-460.png,Viral Pneumonia,3c04c83581f6a64ba5bdf7432f9a79a6,kaggle.com/paultimothymooney/chest-xray-pneumonia,treino
COVID-19_Radiography_Dataset/Viral Pneumonia/images/Viral Pneumonia-461.png,Viral Pneumonia,d6a4c9914872d8624f86d309635838a7,kaggle.com/paultimothymooney/chest-xray-pneumonia,teste
COVID-19_Radiography_Dataset/Viral Pneumonia/images/Viral Pneumonia-464.png,Viral Pneumonia,d0c4613ddcdfe40bcbdac796ff4f9469,kaggle.com/paultimothymooney/chest-xray-pneumonia,treino
COVID-19_Radiography_Dataset/Viral Pneumonia/images/Viral Pneumonia-465.png,Viral Pneumonia,9c3629ffdb5fa4282625e812188635fb,kaggle.com/paultimothymooney/chest-xray-pneumonia,teste_confirmatorio
COVID-19_Radiography_Dataset/Viral Pneumonia/images/Viral Pneumonia-466.png,Viral Pneumonia,6e1e1e696d9b7faa798bfd1408539857,kaggle.com/paultimothymooney/chest-xray-pneumonia,treino
COVID-19_Radiography_Dataset/Viral Pneumonia/images/Viral Pneumonia-467.png,Viral Pneumonia,41b6a41d3886c62a775ff05653c51b70,kaggle.com/paultimothymooney/chest-xray-pneumonia,treino
COVID-19_Radiography_Dataset/Viral Pneumonia/images/Viral Pneumonia-468.png,Viral Pneumonia,781b771aa7d4a31829f2f4d456724946,kaggle.com/paultimothymooney/chest-xray-pneumonia,treino
COVID-19_Radiography_Dataset/Viral Pneumonia/images/Viral Pneumonia-469.png,Viral Pneumonia,d64b3482bc0fd659600d08db6113ea10,kaggle.com/paultimothymooney/chest-xray-pneumonia,teste
COVID-19_Radiography_Dataset/Viral Pneumonia/images/Viral Pneumonia-470.png,Viral Pneumonia,cfb824bd19e12fb359a34a40ed589d97,kaggle.com/paultimothymooney/chest-xray-pneumonia,validacao
COVID-19_Radiography_Dataset/Viral Pneumonia/images/Viral Pneumonia-471.png,Viral Pneumonia,4414cd46dbe4c5a623c0052289f362a7,kaggle.com/paultimothymooney/chest-xray-pneumonia,teste
COVID-19_Radiography_Dataset/Viral Pneumonia/images/Viral Pneumonia-474.png,Viral Pneumonia,9d887f552972bcd825e32ee4015c1789,kaggle.com/paultimothymooney/chest-xray-pneumonia,validacao
COVID-19_Radiography_Dataset/Viral Pneumonia/images/Viral Pneumonia-476.png,Viral Pneumonia,587541e556c6f91e8cea1c6eca964ead,kaggle.com/paultimothymooney/chest-xray-pneumonia,treino
COVID-19_Radiography_Dataset/Viral Pneumonia/images/Viral Pneumonia-477.png,Viral Pneumonia,3c28f31c4cddf48d66c6e1af848b1275,kaggle.com/paultimothymooney/chest-xray-pneumonia,treino
COVID-19_Radiography_Dataset/Viral Pneumonia/images/Viral Pneumonia-48.png,Viral Pneumonia,e0597531826ccf298d00c6c817a0f2eb,kaggle.com/paultimothymooney/chest-xray-pneumonia,teste
COVID-19_Radiography_Dataset/Viral Pneumonia/images/Viral Pneumonia-480.png,Viral Pneumonia,66903491d3c34fe598a8e5547325c69f,kaggle.com/paultimothymooney/chest-xray-pneumonia,teste
COVID-19_Radiography_Dataset/Viral Pneumonia/images/Viral Pneumonia-481.png,Viral Pneumonia,858ceaabeff054337fc748f9d97cd2e4,kaggle.com/paultimothymooney/chest-xray-pneumonia,validacao
COVID-19_Radiography_Dataset/Viral Pneumonia/images/Viral Pneumonia-483.png,Viral Pneumonia,29e24c79daffaaf95a71801eb9dfba5a,kaggle.com/paultimothymooney/chest-xray-pneumonia,validacao
COVID-19_Radiography_Dataset/Viral Pneumonia/images/Viral Pneumonia-484.png,Viral Pneumonia,00bb4a377e827b37481b9a4092e4913f,kaggle.com/paultimothymooney/chest-xray-pneumonia,teste_confirmatorio
COVID-19_Radiography_Dataset/Viral Pneumonia/images/Viral Pneumonia-485.png,Viral Pneumonia,821a134b3adfb347528604448f38bcd3,kaggle.com/paultimothymooney/chest-xray-pneumonia,teste
COVID-19_Radiography_Dataset/Viral Pneumonia/images/Viral Pneumonia-486.png,Viral Pneumonia,80fa0fe0387d75498d6ee4659a60feac,kaggle.com/paultimothymooney/chest-xray-pneumonia,teste_confirmatorio
COVID-19_Radiography_Dataset/Viral Pneumonia/images/Viral Pneumonia-487.png,Viral Pneumonia,2e71cff7f4b950bc822aea94f826016e,kaggle.com/paultimothymooney/chest-xray-pneumonia,treino
COVID-19_Radiography_Dataset/Viral Pneumonia/images/Viral Pneumonia-488.png,Viral Pneumonia,9d163697aff958278e72c29700405c27,kaggle.com/paultimothymooney/chest-xray-pneumonia,treino
COVID-19_Radiography_Dataset/Viral Pneumonia/images/Viral Pneumonia-489.png,Viral Pneumonia,5ac95d15ae147a1ef53b1c2fecb261a2,kaggle.com/paultimothymooney/chest-xray-pneumonia,teste
COVID-19_Radiography_Dataset/Viral Pneumonia/images/Viral Pneumonia-49.png,Viral Pneumonia,1c61318348fa5fe996e5b5d9e368d150,kaggle.com/paultimothymooney/chest-xray-pneumonia,teste_confirmatorio
COVID-19_Radiography_Dataset/Viral Pneumonia/images/Viral Pneumonia-490.png,Viral Pneumonia,8634571cd1c219c3b88b9b53af9ed941,kaggle.com/paultimothymooney/chest-xray-pneumonia,validacao
COVID-19_Radiography_Dataset/Viral Pneumonia/images/Viral Pneumonia-491.png,Viral Pneumonia,d8421ff8161daa38b45f8df046c26537,kaggle.com/paultimothymooney/chest-xray-pneumonia,teste
COVID-19_Radiography_Dataset/Viral Pneumonia/images/Viral Pneumonia-492.png,Viral Pneumonia,c47e66f4047095d2049b95de431956f0,kaggle.com/paultimothymooney/chest-xray-pneumonia,teste
COVID-19_Radiography_Dataset/Viral Pneumonia/images/Viral Pneumonia-493.png,Viral Pneumonia,e57c4ae491281f8df6bacfb393d50cfa,kaggle.com/paultimothymooney/chest-xray-pneumonia,treino
COVID-19_Radiography_Dataset/Viral Pneumonia/images/Viral Pneumonia-494.png,Viral Pneumonia,a81343d63cacd91e8740e371aab06420,kaggle.com/paultimothymooney/chest-xray-pneumonia,teste
COVID-19_Radiography_Dataset/Viral Pneumonia/images/Viral Pneumonia-495.png,Viral Pneumonia,42b5d5cae7f64ac7f2142b14eba93361,kaggle.com/paultimothymooney/chest-xray-pneumonia,teste
COVID-19_Radiography_Dataset/Viral Pneumonia/images/Viral Pneumonia-497.png,Viral Pneumonia,efac0ea86584814ab2b9b6f05798f68f,kaggle.com/paultimothymooney/chest-xray-pneumonia,teste_confirmatorio
COVID-19_Radiography_Dataset/Viral Pneumonia/images/Viral Pneumonia-498.png,Viral Pneumonia,87c7eb0c76ccec01276e3ad4140d563f,kaggle.com/paultimothymooney/chest-xray-pneumonia,treino
COVID-19_Radiography_Dataset/Viral Pneumonia/images/Viral Pneumonia-50.png,Viral Pneumonia,67b7c2b1135c4b156e5ad1ad2592a09a,kaggle.com/paultimothymooney/chest-xray-pneumonia,teste_confirmatorio
COVID-19_Radiography_Dataset/Viral Pneumonia/images/Viral Pneumonia-500.png,Viral Pneumonia,aca74901f7d349a7a05f7ba77917685d,kaggle.com/paultimothymooney/chest-xray-pneumonia,teste
COVID-19_Radiography_Dataset/Viral Pneumonia/images/Viral Pneumonia-502.png,Viral Pneumonia,2c01f29f032d73a290f8285048671d54,kaggle.com/paultimothymooney/chest-xray-pneumonia,teste_confirmatorio
COVID-19_Radiography_Dataset/Viral Pneumonia/images/Viral Pneumonia-503.png,Viral Pneumonia,191c5bb3096165f4207cc35cedbbe8dd,kaggle.com/paultimothymooney/chest-xray-pneumonia,validacao
COVID-19_Radiography_Dataset/Viral Pneumonia/images/Viral Pneumonia-504.png,Viral Pneumonia,c92a34ea212d1d3de2b419f8777a8fb7,kaggle.com/paultimothymooney/chest-xray-pneumonia,teste
COVID-19_Radiography_Dataset/Viral Pneumonia/images/Viral Pneumonia-505.png,Viral Pneumonia,f96453c21435f05e83974819ab8968e2,kaggle.com/paultimothymooney/chest-xray-pneumonia,teste
COVID-19_Radiography_Dataset/Viral Pneumonia/images/Viral Pneumonia-506.png,Viral Pneumonia,ea53c22fb3c05d07b38f185851a7921a,kaggle.com/paultimothymooney/chest-xray-pneumonia,validacao
COVID-19_Radiography_Dataset/Viral Pneumonia/images/Viral Pneumonia-507.png,Viral Pneumonia,5d1e3cd9a4e35802814dd7c33abee540,kaggle.com/paultimothymooney/chest-xray-pneumonia,teste_confirmatorio
COVID-19_Radiography_Dataset/Viral Pneumonia/images/Viral Pneumonia-508.png,Viral Pneumonia,1a965c579469e997fbd8c5e5ed3c6573,kaggle.com/paultimothymooney/chest-xray-pneumonia,teste
COVID-19_Radiography_Dataset/Viral Pneumonia/images/Viral Pneumonia-51.png,Viral Pneumonia,5b71a9b75232e413d80476876293b988,kaggle.com/paultimothymooney/chest-xray-pneumonia,teste
COVID-19_Radiography_Dataset/Viral Pneumonia/images/Viral Pneumonia-510.png,Viral Pneumonia,7766c27c03549bc592469dbc78dc281d,kaggle.com/paultimothymooney/chest-xray-pneumonia,treino
COVID-19_Radiography_Dataset/Viral Pneumonia/images/Viral Pneumonia-512.png,Viral Pneumonia,79b8ee1c046e5bfd064cd618b8a25839,kaggle.com/paultimothymooney/chest-xray-pneumonia,teste_confirmatorio
COVID-19_Radiography_Dataset/Viral Pneumonia/images/Viral Pneumonia-513.png,Viral Pneumonia,8a22189817349f1db3da3ea3cf03a53b,kaggle.com/paultimothymooney/chest-xray-pneumonia,treino
COVID-19_Radiography_Dataset/Viral Pneumonia/images/Viral Pneumonia-514.png,Viral Pneumonia,c27c8ca8569862bcce5bfaf72cac9cbf,kaggle.com/paultimothymooney/chest-xray-pneumonia,treino
COVID-19_Radiography_Dataset/Viral Pneumonia/images/Viral Pneumonia-516.png,Viral Pneumonia,43ded3066801cb77a7a8f8e82efccbad,kaggle.com/paultimothymooney/chest-xray-pneumonia,treino
COVID-19_Radiography_Dataset/Viral Pneumonia/images/Viral Pneumonia-517.png,Viral Pneumonia,d08326d340bbb15db4d104aed5526e32,kaggle.com/paultimothymooney/chest-xray-pneumonia,teste
COVID-19_Radiography_Dataset/Viral Pneumonia/images/Viral Pneumonia-518.png,Viral Pneumonia,164f95121c7cf2407d973417b045530d,kaggle.com/paultimothymooney/chest-xray-pneumonia,treino
COVID-19_Radiography_Dataset/Viral Pneumonia/images/Viral Pneumonia-519.png,Viral Pneumonia,51e67cdb1e21b0dc3c137718995c785a,kaggle.com/paultimothymooney/chest-xray-pneumonia,teste
COVID-19_Radiography_Dataset/Viral Pneumonia/images/Viral Pneumonia-52.png,Viral Pneumonia,20e14ac6395387a17c5f9e11280a5538,kaggle.com/paultimothymooney/chest-xray-pneumonia,teste_confirmatorio
COVID-19_Radiography_Dataset/Viral Pneumonia/images/Viral Pneumonia-520.png,Viral Pneumonia,309119b357719019f9314a93b6f0eb61,kaggle.com/paultimothymooney/chest-xray-pneumonia,treino
COVID-19_Radiography_Dataset/Viral Pneumonia/images/Viral Pneumonia-521.png,Viral Pneumonia,89a8c63a83d60694467e301e45087a62,kaggle.com/paultimothymooney/chest-xray-pneumonia,treino
COVID-19_Radiography_Dataset/Viral Pneumonia/images/Viral Pneumonia-525.png,Viral Pneumonia,803cc18a711e2dabf29c06b0c9fe508e,kaggle.com/paultimothymooney/chest-xray-pneumonia,validacao
COVID-19_Radiography_Dataset/Viral Pneumonia/images/Viral Pneumonia-526.png,Viral Pneumonia,0427f4f7d1646e510e67dc4e5be2eb11,kaggle.com/paultimothymooney/chest-xray-pneumonia,teste_confirmatorio
COVID-19_Radiography_Dataset/Viral Pneumonia/images/Viral Pneumonia-527.png,Viral Pneumonia,1bd22b96df565e716e08bc1a6a530581,kaggle.com/paultimothymooney/chest-xray-pneumonia,teste
COVID-19_Radiography_Dataset/Viral Pneumonia/images/Viral Pneumonia-528.png,Viral Pneumonia,99e3b7690ce3953b43e6a3a324b259da,kaggle.com/paultimothymooney/chest-xray-pneumonia,teste
COVID-19_Radiography_Dataset/Viral Pneumonia/images/Viral Pneumonia-529.png,Viral Pneumonia,71d1f20553de8d2a6dca3e4fc6480273,kaggle.com/paultimothymooney/chest-xray-pneumonia,validacao
COVID-19_Radiography_Dataset/Viral Pneumonia/images/Viral Pneumonia-53.png,Viral Pneumonia,6b4d8d1708ada1e954f5cecbc5796e19,kaggle.com/paultimothymooney/chest-xray-pneumonia,teste_confirmatorio
COVID-19_Radiography_Dataset/Viral Pneumonia/images/Viral Pneumonia-530.png,Viral Pneumonia,35bf7a0ceab8f4ccca210eca5404a4cf,kaggle.com/paultimothymooney/chest-xray-pneumonia,treino
COVID-19_Radiography_Dataset/Viral Pneumonia/images/Viral Pneumonia-531.png,Viral Pneumonia,a99d97895af8ccbfdd9adcf2be904519,kaggle.com/paultimothymooney/chest-xray-pneumonia,validacao
COVID-19_Radiography_Dataset/Viral Pneumonia/images/Viral Pneumonia-532.png,Viral Pneumonia,00eac1dd52daf8c325e7cb6fdcac69e9,kaggle.com/paultimothymooney/chest-xray-pneumonia,teste_confirmatorio
COVID-19_Radiography_Dataset/Viral Pneumonia/images/Viral Pneumonia-533.png,Viral Pneumonia,46dabc7dc70b9c71c273647e5a1e5eec,kaggle.com/paultimothymooney/chest-xray-pneumonia,teste_confirmatorio
COVID-19_Radiography_Dataset/Viral Pneumonia/images/Viral Pneumonia-534.png,Viral Pneumonia,845a683d985b1f61461f1b2946da0588,kaggle.com/paultimothymooney/chest-xray-pneumonia,teste_confirmatorio
COVID-19_Radiography_Dataset/Viral Pneumonia/images/Viral Pneumonia-536.png,Viral Pneumonia,1797ac82ecc400a0559eaeae3c76af26,kaggle.com/paultimothymooney/chest-xray-pneumonia,teste_confirmatorio
COVID-19_Radiography_Dataset/Viral Pneumonia/images/Viral Pneumonia-537.png,Viral Pneumonia,8e90402076cd8b7a65d84de3876e0db7,kaggle.com/paultimothymooney/chest-xray-pneumonia,teste_confirmatorio
COVID-19_Radiography_Dataset/Viral Pneumonia/images/Viral Pneumonia-54.png,Viral Pneumonia,66dd48ea2a1a8a97f751068205cc0aa4,kaggle.com/paultimothymooney/chest-xray-pneumonia,treino
COVID-19_Radiography_Dataset/Viral Pneumonia/images/Viral Pneumonia-540.png,Viral Pneumonia,1ea24af2bf3bf4a9ef15bb95dfb46da3,kaggle.com/paultimothymooney/chest-xray-pneumonia,teste
COVID-19_Radiography_Dataset/Viral Pneumonia/images/Viral Pneumonia-541.png,Viral Pneumonia,e894bb807d18a7ced5c8b0fd5de8dd94,kaggle.com/paultimothymooney/chest-xray-pneumonia,teste_confirmatorio
COVID-19_Radiography_Dataset/Viral Pneumonia/images/Viral Pneumonia-542.png,Viral Pneumonia,17a7588a54e6c6e36006ab53a242a0c0,kaggle.com/paultimothymooney/chest-xray-pneumonia,treino
COVID-19_Radiography_Dataset/Viral Pneumonia/images/Viral Pneumonia-543.png,Viral Pneumonia,08cda50c0d7a7649637ceec9c22a32d6,kaggle.com/paultimothymooney/chest-xray-pneumonia,teste_confirmatorio
COVID-19_Radiography_Dataset/Viral Pneumonia/images/Viral Pneumonia-545.png,Viral Pneumonia,f24170ed96727bf6dcb7aeb5402eba44,kaggle.com/paultimothymooney/chest-xray-pneumonia,teste_confirmatorio
COVID-19_Radiography_Dataset/Viral Pneumonia/images/Viral Pneumonia-546.png,Viral Pneumonia,992482115bb824dbaad46019e7ab0336,kaggle.com/paultimothymooney/chest-xray-pneumonia,teste
COVID-19_Radiography_Dataset/Viral Pneumonia/images/Viral Pneumonia-547.png,Viral Pneumonia,0a4ffde0f8437a42a5932a666b909f5f,kaggle.com/paultimothymooney/chest-xray-pneumonia,treino
COVID-19_Radiography_Dataset/Viral Pneumonia/images/Viral Pneumonia-548.png,Viral Pneumonia,8332aa91e47bc8d15047556dd2c1a6bd,kaggle.com/paultimothymooney/chest-xray-pneumonia,treino
COVID-19_Radiography_Dataset/Viral Pneumonia/images/Viral Pneumonia-551.png,Viral Pneumonia,67ece0f7b997d586a2708dcf7850edc5,kaggle.com/paultimothymooney/chest-xray-pneumonia,teste_confirmatorio
COVID-19_Radiography_Dataset/Viral Pneumonia/images/Viral Pneumonia-553.png,Viral Pneumonia,a7655da2d642629fc387fb100151936b,kaggle.com/paultimothymooney/chest-xray-pneumonia,teste
COVID-19_Radiography_Dataset/Viral Pneumonia/images/Viral Pneumonia-556.png,Viral Pneumonia,92b504abfaeeb7d34e950b9a33515f9d,kaggle.com/paultimothymooney/chest-xray-pneumonia,teste
COVID-19_Radiography_Dataset/Viral Pneumonia/images/Viral Pneumonia-557.png,Viral Pneumonia,f98b708547a7f31510594b59e998da57,kaggle.com/paultimothymooney/chest-xray-pneumonia,teste
COVID-19_Radiography_Dataset/Viral Pneumonia/images/Viral Pneumonia-56.png,Viral Pneumonia,761a9ad7fe02bbe54b83382d44ec0323,kaggle.com/paultimothymooney/chest-xray-pneumonia,validacao
COVID-19_Radiography_Dataset/Viral Pneumonia/images/Viral Pneumonia-560.png,Viral Pneumonia,1bf76e1db5fb29bc0e58a798ade90d34,kaggle.com/paultimothymooney/chest-xray-pneumonia,treino
COVID-19_Radiography_Dataset/Viral Pneumonia/images/Viral Pneumonia-561.png,Viral Pneumonia,4c2160447648d4cd66118b854921b2b0,kaggle.com/paultimothymooney/chest-xray-pneumonia,teste
COVID-19_Radiography_Dataset/Viral Pneumonia/images/Viral Pneumonia-562.png,Viral Pneumonia,085b94b8ad7a23f757292bb636b4a1f8,kaggle.com/paultimothymooney/chest-xray-pneumonia,validacao
COVID-19_Radiography_Dataset/Viral Pneumonia/images/Viral Pneumonia-563.png,Viral Pneumonia,8b93273d0e4f1558fd13d4d0a7efa956,kaggle.com/paultimothymooney/chest-xray-pneumonia,treino
COVID-19_Radiography_Dataset/Viral Pneumonia/images/Viral Pneumonia-564.png,Viral Pneumonia,c9500af62448b0ec8461e9848c7b0639,kaggle.com/paultimothymooney/chest-xray-pneumonia,teste
COVID-19_Radiography_Dataset/Viral Pneumonia/images/Viral Pneumonia-565.png,Viral Pneumonia,ef1579ab0df05945d1715b39db3ead84,kaggle.com/paultimothymooney/chest-xray-pneumonia,teste
COVID-19_Radiography_Dataset/Viral Pneumonia/images/Viral Pneumonia-567.png,Viral Pneumonia,132aaaaf3fa52da91b1702572fa90d39,kaggle.com/paultimothymooney/chest-xray-pneumonia,treino
COVID-19_Radiography_Dataset/Viral Pneumonia/images/Viral Pneumonia-568.png,Viral Pneumonia,f2c6505648ea155b23ea057d89ad037a,kaggle.com/paultimothymooney/chest-xray-pneumonia,teste_confirmatorio
COVID-19_Radiography_Dataset/Viral Pneumonia/images/Viral Pneumonia-57.png,Viral Pneumonia,333ea57260998ac01100d774c7c0ae37,kaggle.com/paultimothymooney/chest-xray-pneumonia,teste_confirmatorio
COVID-19_Radiography_Dataset/Viral Pneumonia/images/Viral Pneumonia-570.png,Viral Pneumonia,6cae32a120cab35d7cba576e2a7cf97f,kaggle.com/paultimothymooney/chest-xray-pneumonia,treino
COVID-19_Radiography_Dataset/Viral Pneumonia/images/Viral Pneumonia-571.png,Viral Pneumonia,01201797c440132b21afdd458cbbc961,kaggle.com/paultimothymooney/chest-xray-pneumonia,teste_confirmatorio
COVID-19_Radiography_Dataset/Viral Pneumonia/images/Viral Pneumonia-572.png,Viral Pneumonia,27da8dc3e55d688c7cfb7d2dfa836bbe,kaggle.com/paultimothymooney/chest-xray-pneumonia,validacao
COVID-19_Radiography_Dataset/Viral Pneumonia/images/Viral Pneumonia-573.png,Viral Pneumonia,2e0604eaaae27c5ff95da2ffefdec37e,kaggle.com/paultimothymooney/chest-xray-pneumonia,teste
COVID-19_Radiography_Dataset/Viral Pneumonia/images/Viral Pneumonia-574.png,Viral Pneumonia,c4b6984dda26e291ff10a3009ecf24bc,kaggle.com/paultimothymooney/chest-xray-pneumonia,teste
COVID-19_Radiography_Dataset/Viral Pneumonia/images/Viral Pneumonia-575.png,Viral Pneumonia,b6fe0557503aeeeae9dd8311afbc472c,kaggle.com/paultimothymooney/chest-xray-pneumonia,treino
COVID-19_Radiography_Dataset/Viral Pneumonia/images/Viral Pneumonia-576.png,Viral Pneumonia,ac1a22b9ed144cdd2a44c5d1339aeab5,kaggle.com/paultimothymooney/chest-xray-pneumonia,validacao
COVID-19_Radiography_Dataset/Viral Pneumonia/images/Viral Pneumonia-578.png,Viral Pneumonia,25e16b64cdc8ef7dab0174e2ce0b9e1c,kaggle.com/paultimothymooney/chest-xray-pneumonia,treino
COVID-19_Radiography_Dataset/Viral Pneumonia/images/Viral Pneumonia-579.png,Viral Pneumonia,6cfb6779de86d5241d224c5edd2be90a,kaggle.com/paultimothymooney/chest-xray-pneumonia,teste_confirmatorio
COVID-19_Radiography_Dataset/Viral Pneumonia/images/Viral Pneumonia-58.png,Viral Pneumonia,6dd9e1f3ee849fe2a49adab5cea81782,kaggle.com/paultimothymooney/chest-xray-pneumonia,teste
COVID-19_Radiography_Dataset/Viral Pneumonia/images/Viral Pneumonia-580.png,Viral Pneumonia,7d19405c852bb0e3a95d8ad13529406c,kaggle.com/paultimothymooney/chest-xray-pneumonia,treino
COVID-19_Radiography_Dataset/Viral Pneumonia/images/Viral Pneumonia-581.png,Viral Pneumonia,5482a00a29355d943d1a096409cb01c7,kaggle.com/paultimothymooney/chest-xray-pneumonia,treino
COVID-19_Radiography_Dataset/Viral Pneumonia/images/Viral Pneumonia-582.png,Viral Pneumonia,aa2b320d1d245f81900b3295006b2edc,kaggle.com/paultimothymooney/chest-xray-pneumonia,treino
COVID-19_Radiography_Dataset/Viral Pneumonia/images/Viral Pneumonia-583.png,Viral Pneumonia,bafedb63b8d2610297031de5e408ede9,kaggle.com/paultimothymooney/chest-xray-pneumonia,validacao
COVID-19_Radiography_Dataset/Viral Pneumonia/images/Viral Pneumonia-584.png,Viral Pneumonia,ddcbf873149f4fb56550109b87fe6f65,kaggle.com/paultimothymooney/chest-xray-pneumonia,validacao
COVID-19_Radiography_Dataset/Viral Pneumonia/images/Viral Pneumonia-585.png,Viral Pneumonia,c7d19dab8c51c68169321767d652251c,kaggle.com/paultimothymooney/chest-xray-pneumonia,teste
COVID-19_Radiography_Dataset/Viral Pneumonia/images/Viral Pneumonia-586.png,Viral Pneumonia,f2b17c6101a902e8e21575b6e41c5240,kaggle.com/paultimothymooney/chest-xray-pneumonia,treino
COVID-19_Radiography_Dataset/Viral Pneumonia/images/Viral Pneumonia-587.png,Viral Pneumonia,370b67776f9ee4ecb01e9be5ebb74f6b,kaggle.com/paultimothymooney/chest-xray-pneumonia,validacao
COVID-19_Radiography_Dataset/Viral Pneumonia/images/Viral Pneumonia-588.png,Viral Pneumonia,a0ae775b622f03a00f9f7c5f0b1e800e,kaggle.com/paultimothymooney/chest-xray-pneumonia,validacao
COVID-19_Radiography_Dataset/Viral Pneumonia/images/Viral Pneumonia-589.png,Viral Pneumonia,4b29a2d7380a64776d07849a73ae719d,kaggle.com/paultimothymooney/chest-xray-pneumonia,teste
COVID-19_Radiography_Dataset/Viral Pneumonia/images/Viral Pneumonia-59.png,Viral Pneumonia,119e14d9e376223851ec0bb1ab53e507,kaggle.com/paultimothymooney/chest-xray-pneumonia,teste_confirmatorio
COVID-19_Radiography_Dataset/Viral Pneumonia/images/Viral Pneumonia-590.png,Viral Pneumonia,2f5bf845d1a8e49cf9e16cd8e133c0c3,kaggle.com/paultimothymooney/chest-xray-pneumonia,teste
COVID-19_Radiography_Dataset/Viral Pneumonia/images/Viral Pneumonia-591.png,Viral Pneumonia,cd1a9fca25d625179d41ca0887c60449,kaggle.com/paultimothymooney/chest-xray-pneumonia,teste
COVID-19_Radiography_Dataset/Viral Pneumonia/images/Viral Pneumonia-593.png,Viral Pneumonia,f9911819293ffb862e285ef2bebe29c4,kaggle.com/paultimothymooney/chest-xray-pneumonia,teste
COVID-19_Radiography_Dataset/Viral Pneumonia/images/Viral Pneumonia-594.png,Viral Pneumonia,dfb31039c18e1610a3ef2bc70619675c,kaggle.com/paultimothymooney/chest-xray-pneumonia,treino
COVID-19_Radiography_Dataset/Viral Pneumonia/images/Viral Pneumonia-595.png,Viral Pneumonia,770a1ed23df623f771fdecc5c06b464f,kaggle.com/paultimothymooney/chest-xray-pneumonia,teste
COVID-19_Radiography_Dataset/Viral Pneumonia/images/Viral Pneumonia-597.png,Viral Pneumonia,0210e69328e25a002eba27e9081588a8,kaggle.com/paultimothymooney/chest-xray-pneumonia,teste
COVID-19_Radiography_Dataset/Viral Pneumonia/images/Viral Pneumonia-598.png,Viral Pneumonia,969cebebee932de25e083c4c31401cbe,kaggle.com/paultimothymooney/chest-xray-pneumonia,teste
COVID-19_Radiography_Dataset/Viral Pneumonia/images/Viral Pneumonia-599.png,Viral Pneumonia,8599c01f40bd86439695a0ebf55676d4,kaggle.com/paultimothymooney/chest-xray-pneumonia,treino
COVID-19_Radiography_Dataset/Viral Pneumonia/images/Viral Pneumonia-6.png,Viral Pneumonia,f9f020577043752933b622c68c2aa48a,kaggle.com/paultimothymooney/chest-xray-pneumonia,validacao
COVID-19_Radiography_Dataset/Viral Pneumonia/images/Viral Pneumonia-600.png,Viral Pneumonia,2709e39b0dbfaf5b271a2a1c7e431297,kaggle.com/paultimothymooney/chest-xray-pneumonia,teste_confirmatorio
COVID-19_Radiography_Dataset/Viral Pneumonia/images/Viral Pneumonia-601.png,Viral Pneumonia,0d0256131f3b726c516d8409285e1e09,kaggle.com/paultimothymooney/chest-xray-pneumonia,teste
COVID-19_Radiography_Dataset/Viral Pneumonia/images/Viral Pneumonia-602.png,Viral Pneumonia,76864ede30a0a30b25a32a88eaba2466,kaggle.com/paultimothymooney/chest-xray-pneumonia,teste
COVID-19_Radiography_Dataset/Viral Pneumonia/images/Viral Pneumonia-603.png,Viral Pneumonia,835977cccb07c2e23acb5ddea58ce2c1,kaggle.com/paultimothymooney/chest-xray-pneumonia,teste
COVID-19_Radiography_Dataset/Viral Pneumonia/images/Viral Pneumonia-604.png,Viral Pneumonia,aebd9cab4c7c558bc50eb463756a2df5,kaggle.com/paultimothymooney/chest-xray-pneumonia,teste_confirmatorio
COVID-19_Radiography_Dataset/Viral Pneumonia/images/Viral Pneumonia-605.png,Viral Pneumonia,c2d608467d08bcfe675f88e6e62bec72,kaggle.com/paultimothymooney/chest-xray-pneumonia,teste
COVID-19_Radiography_Dataset/Viral Pneumonia/images/Viral Pneumonia-606.png,Viral Pneumonia,7e8ec38d32ca3ee3871baafa515f56de,kaggle.com/paultimothymooney/chest-xray-pneumonia,teste
COVID-19_Radiography_Dataset/Viral Pneumonia/images/Viral Pneumonia-607.png,Viral Pneumonia,18b64f2ca79a699cc9ba49de3757d874,kaggle.com/paultimothymooney/chest-xray-pneumonia,treino
COVID-19_Radiography_Dataset/Viral Pneumonia/images/Viral Pneumonia-608.png,Viral Pneumonia,7c4c24abac5e40d583b1e125167e44a2,kaggle.com/paultimothymooney/chest-xray-pneumonia,teste
COVID-19_Radiography_Dataset/Viral Pneumonia/images/Viral Pneumonia-609.png,Viral Pneumonia,dc6d82395587a1f5bb022a51fa90d332,kaggle.com/paultimothymooney/chest-xray-pneumonia,teste_confirmatorio
COVID-19_Radiography_Dataset/Viral Pneumonia/images/Viral Pneumonia-610.png,Viral Pneumonia,caa66164337a7ec6c89e1b5e91e8fafe,kaggle.com/paultimothymooney/chest-xray-pneumonia,validacao
COVID-19_Radiography_Dataset/Viral Pneumonia/images/Viral Pneumonia-611.png,Viral Pneumonia,357401589a193610ec23cd659d75427b,kaggle.com/paultimothymooney/chest-xray-pneumonia,teste_confirmatorio
COVID-19_Radiography_Dataset/Viral Pneumonia/images/Viral Pneumonia-612.png,Viral Pneumonia,7b000dfa5b8fed6f3e40bdfa1f4ca5f9,kaggle.com/paultimothymooney/chest-xray-pneumonia,treino
COVID-19_Radiography_Dataset/Viral Pneumonia/images/Viral Pneumonia-614.png,Viral Pneumonia,dc6dd1d09041bc16bc1ccbfbee3f0bc5,kaggle.com/paultimothymooney/chest-xray-pneumonia,teste_confirmatorio
COVID-19_Radiography_Dataset/Viral Pneumonia/images/Viral Pneumonia-615.png,Viral Pneumonia,00c4ca3ea87add7d09677e2a14e9e059,kaggle.com/paultimothymooney/chest-xray-pneumonia,teste_confirmatorio
COVID-19_Radiography_Dataset/Viral Pneumonia/images/Viral Pneumonia-616.png,Viral Pneumonia,b8a6f0d7b157a69fe9bf72a186afde2a,kaggle.com/paultimothymooney/chest-xray-pneumonia,treino
COVID-19_Radiography_Dataset/Viral Pneumonia/images/Viral Pneumonia-617.png,Viral Pneumonia,1019856e97299c5657d2c75d6054cc6a,kaggle.com/paultimothymooney/chest-xray-pneumonia,teste
COVID-19_Radiography_Dataset/Viral Pneumonia/images/Viral Pneumonia-619.png,Viral Pneumonia,31d214cabad0dbee907c1d9a13670328,kaggle.com/paultimothymooney/chest-xray-pneumonia,treino
COVID-19_Radiography_Dataset/Viral Pneumonia/images/Viral Pneumonia-62.png,Viral Pneumonia,58eb05f908914169850509c0e9e098cc,kaggle.com/paultimothymooney/chest-xray-pneumonia,teste
COVID-19_Radiography_Dataset/Viral Pneumonia/images/Viral Pneumonia-621.png,Viral Pneumonia,22d9b129dba6684181f844fb8e31d30f,kaggle.com/paultimothymooney/chest-xray-pneumonia,teste_confirmatorio
COVID-19_Radiography_Dataset/Viral Pneumonia/images/Viral Pneumonia-623.png,Viral Pneumonia,a4767f46d31a23816984e42b7e8564c4,kaggle.com/paultimothymooney/chest-xray-pneumonia,teste_confirmatorio
COVID-19_Radiography_Dataset/Viral Pneumonia/images/Viral Pneumonia-624.png,Viral Pneumonia,bfade0c5a162573ac0a059af954859d3,kaggle.com/paultimothymooney/chest-xray-pneumonia,validacao
COVID-19_Radiography_Dataset/Viral Pneumonia/images/Viral Pneumonia-625.png,Viral Pneumonia,fa06328e34a8e7e741c84da6c9efa57f,kaggle.com/paultimothymooney/chest-xray-pneumonia,teste
COVID-19_Radiography_Dataset/Viral Pneumonia/images/Viral Pneumonia-626.png,Viral Pneumonia,05483d82f3517772a4291a560c77d9ef,kaggle.com/paultimothymooney/chest-xray-pneumonia,teste_confirmatorio
COVID-19_Radiography_Dataset/Viral Pneumonia/images/Viral Pneumonia-627.png,Viral Pneumonia,acf9c795e8acaea750cce804708a32ca,kaggle.com/paultimothymooney/chest-xray-pneumonia,teste_confirmatorio
COVID-19_Radiography_Dataset/Viral Pneumonia/images/Viral Pneumonia-628.png,Viral Pneumonia,935c69f92a555217741c64cf6e3b46d6,kaggle.com/paultimothymooney/chest-xray-pneumonia,teste_confirmatorio
COVID-19_Radiography_Dataset/Viral Pneumonia/images/Viral Pneumonia-63.png,Viral Pneumonia,fa61359fbbf39d5277b052d53cbd4ed9,kaggle.com/paultimothymooney/chest-xray-pneumonia,teste
COVID-19_Radiography_Dataset/Viral Pneumonia/images/Viral Pneumonia-630.png,Viral Pneumonia,d27f2f8cf10b2ffeb043d862c74b377e,kaggle.com/paultimothymooney/chest-xray-pneumonia,teste
COVID-19_Radiography_Dataset/Viral Pneumonia/images/Viral Pneumonia-631.png,Viral Pneumonia,a3e5a58b4c85cfe8c95e6df708b2743f,kaggle.com/paultimothymooney/chest-xray-pneumonia,teste
COVID-19_Radiography_Dataset/Viral Pneumonia/images/Viral Pneumonia-632.png,Viral Pneumonia,919f116c545ecc9c4434e1bbe6d0d03e,kaggle.com/paultimothymooney/chest-xray-pneumonia,teste_confirmatorio
COVID-19_Radiography_Dataset/Viral Pneumonia/images/Viral Pneumonia-634.png,Viral Pneumonia,0d2ab20eefb7755b877b39929fdb2eee,kaggle.com/paultimothymooney/chest-xray-pneumonia,validacao
COVID-19_Radiography_Dataset/Viral Pneumonia/images/Viral Pneumonia-635.png,Viral Pneumonia,4d5a993775bd12af7ce514a15e98bfd4,kaggle.com/paultimothymooney/chest-xray-pneumonia,teste_confirmatorio
COVID-19_Radiography_Dataset/Viral Pneumonia/images/Viral Pneumonia-636.png,Viral Pneumonia,4353339fdef5de6883be2d3638f36ff9,kaggle.com/paultimothymooney/chest-xray-pneumonia,teste_confirmatorio
COVID-19_Radiography_Dataset/Viral Pneumonia/images/Viral Pneumonia-638.png,Viral Pneumonia,77bf8aaf5f63b19c22d3f481347c366f,kaggle.com/paultimothymooney/chest-xray-pneumonia,treino
COVID-19_Radiography_Dataset/Viral Pneumonia/images/Viral Pneumonia-639.png,Viral Pneumonia,f7ca4a4c35d3f4598998d2b7a4ec9f62,kaggle.com/paultimothymooney/chest-xray-pneumonia,treino
COVID-19_Radiography_Dataset/Viral Pneumonia/images/Viral Pneumonia-640.png,Viral Pneumonia,fec50c0fe655c458057eea545bd3bd48,kaggle.com/paultimothymooney/chest-xray-pneumonia,teste_confirmatorio
COVID-19_Radiography_Dataset/Viral Pneumonia/images/Viral Pneumonia-642.png,Viral Pneumonia,c2f5de109d09a7f682f7de67040f01bd,kaggle.com/paultimothymooney/chest-xray-pneumonia,treino
COVID-19_Radiography_Dataset/Viral Pneumonia/images/Viral Pneumonia-643.png,Viral Pneumonia,0fc25b44bb1d0d4a3199fdd081ebb6ef,kaggle.com/paultimothymooney/chest-xray-pneumonia,teste
COVID-19_Radiography_Dataset/Viral Pneumonia/images/Viral Pneumonia-645.png,Viral Pneumonia,c436ccdc342bbe01fbe9e2d470ec88ea,kaggle.com/paultimothymooney/chest-xray-pneumonia,teste
COVID-19_Radiography_Dataset/Viral Pneumonia/images/Viral Pneumonia-646.png,Viral Pneumonia,e483fc3db275dfd79390dfd3f5a13a63,kaggle.com/paultimothymooney/chest-xray-pneumonia,validacao
COVID-19_Radiography_Dataset/Viral Pneumonia/images/Viral Pneumonia-647.png,Viral Pneumonia,6fde6df5e9fd560ddeb036ec57edcda7,kaggle.com/paultimothymooney/chest-xray-pneumonia,teste_confirmatorio
COVID-19_Radiography_Dataset/Viral Pneumonia/images/Viral Pneumonia-648.png,Viral Pneumonia,31fe27c96d0b201bd09c0bbefb3ba296,kaggle.com/paultimothymooney/chest-xray-pneumonia,treino
COVID-19_Radiography_Dataset/Viral Pneumonia/images/Viral Pneumonia-65.png,Viral Pneumonia,7e99e68a0f8d8abe15332338279ed9d6,kaggle.com/paultimothymooney/chest-xray-pneumonia,teste
COVID-19_Radiography_Dataset/Viral Pneumonia/images/Viral Pneumonia-651.png,Viral Pneumonia,3e18677576128a3260be4529709a4536,kaggle.com/paultimothymooney/chest-xray-pneumonia,teste_confirmatorio
COVID-19_Radiography_Dataset/Viral Pneumonia/images/Viral Pneumonia-653.png,Viral Pneumonia,2af72b17319b68ae09f11e63897a9a52,kaggle.com/paultimothymooney/chest-xray-pneumonia,treino
COVID-19_Radiography_Dataset/Viral Pneumonia/images/Viral Pneumonia-654.png,Viral Pneumonia,6b214b743315dad58470f051d92edd25,kaggle.com/paultimothymooney/chest-xray-pneumonia,teste_confirmatorio
COVID-19_Radiography_Dataset/Viral Pneumonia/images/Viral Pneumonia-656.png,Viral Pneumonia,7f03c45307d1309fb62018a723972692,kaggle.com/paultimothymooney/chest-xray-pneumonia,treino
COVID-19_Radiography_Dataset/Viral Pneumonia/images/Viral Pneumonia-657.png,Viral Pneumonia,537d197b6d86d5dcd623c1958caa14d9,kaggle.com/paultimothymooney/chest-xray-pneumonia,teste_confirmatorio
COVID-19_Radiography_Dataset/Viral Pneumonia/images/Viral Pneumonia-66.png,Viral Pneumonia,b03139f4a37133cfe0b12c9ca87e61e6,kaggle.com/paultimothymooney/chest-xray-pneumonia,teste_confirmatorio
COVID-19_Radiography_Dataset/Viral Pneumonia/images/Viral Pneumonia-660.png,Viral Pneumonia,849513f81fc482053b55c0ad76ba5d1e,kaggle.com/paultimothymooney/chest-xray-pneumonia,teste_confirmatorio
COVID-19_Radiography_Dataset/Viral Pneumonia/images/Viral Pneumonia-663.png,Viral Pneumonia,21b06e069fb97bb5400b3ab38c17dee6,kaggle.com/paultimothymooney/chest-xray-pneumonia,teste_confirmatorio
COVID-19_Radiography_Dataset/Viral Pneumonia/images/Viral Pneumonia-665.png,Viral Pneumonia,57461ae76b315b26e82c1a178904eecc,kaggle.com/paultimothymooney/chest-xray-pneumonia,teste
COVID-19_Radiography_Dataset/Viral Pneumonia/images/Viral Pneumonia-668.png,Viral Pneumonia,e029ec506f085490053a5542061fade0,kaggle.com/paultimothymooney/chest-xray-pneumonia,validacao
COVID-19_Radiography_Dataset/Viral Pneumonia/images/Viral Pneumonia-67.png,Viral Pneumonia,0c6ecad9ec7ffc1524ea964b8dc2bd50,kaggle.com/paultimothymooney/chest-xray-pneumonia,teste
COVID-19_Radiography_Dataset/Viral Pneumonia/images/Viral Pneumonia-670.png,Viral Pneumonia,6f943b9f133e50b168554f54b4d8a9ce,kaggle.com/paultimothymooney/chest-xray-pneumonia,teste_confirmatorio
COVID-19_Radiography_Dataset/Viral Pneumonia/images/Viral Pneumonia-671.png,Viral Pneumonia,0a7eb660d003e7319fde73346b0bf279,kaggle.com/paultimothymooney/chest-xray-pneumonia,teste
COVID-19_Radiography_Dataset/Viral Pneumonia/images/Viral Pneumonia-672.png,Viral Pneumonia,c5cb9a93fcae0fc6a6344d4094cca092,kaggle.com/paultimothymooney/chest-xray-pneumonia,validacao
COVID-19_Radiography_Dataset/Viral Pneumonia/images/Viral Pneumonia-673.png,Viral Pneumonia,ebe5d22f45005d75a18378bcc40e7944,kaggle.com/paultimothymooney/chest-xray-pneumonia,teste_confirmatorio
COVID-19_Radiography_Dataset/Viral Pneumonia/images/Viral Pneumonia-674.png,Viral Pneumonia,80ae704a85e5f5392cb70f1e3de8bc13,kaggle.com/paultimothymooney/chest-xray-pneumonia,teste
COVID-19_Radiography_Dataset/Viral Pneumonia/images/Viral Pneumonia-675.png,Viral Pneumonia,05731d6427156aa8a7282f77b9e29945,kaggle.com/paultimothymooney/chest-xray-pneumonia,validacao
COVID-19_Radiography_Dataset/Viral Pneumonia/images/Viral Pneumonia-678.png,Viral Pneumonia,ef1b470822c8066ec16b9a2fd9e3a461,kaggle.com/paultimothymooney/chest-xray-pneumonia,treino
COVID-19_Radiography_Dataset/Viral Pneumonia/images/Viral Pneumonia-679.png,Viral Pneumonia,dcc6046616c8504642f7018b7c69f551,kaggle.com/paultimothymooney/chest-xray-pneumonia,treino
COVID-19_Radiography_Dataset/Viral Pneumonia/images/Viral Pneumonia-68.png,Viral Pneumonia,b2b27c14efd95435f8924b4f444d8e33,kaggle.com/paultimothymooney/chest-xray-pneumonia,teste_confirmatorio
COVID-19_Radiography_Dataset/Viral Pneumonia/images/Viral Pneumonia-682.png,Viral Pneumonia,fd2a02309daaff6f1aa9d6d55e06fa21,kaggle.com/paultimothymooney/chest-xray-pneumonia,teste
COVID-19_Radiography_Dataset/Viral Pneumonia/images/Viral Pneumonia-683.png,Viral Pneumonia,86417fb3a5c80d4297a07edd50e06956,kaggle.com/paultimothymooney/chest-xray-pneumonia,treino
COVID-19_Radiography_Dataset/Viral Pneumonia/images/Viral Pneumonia-684.png,Viral Pneumonia,8fc21ce0f8bbc1e1f2ece9a3ef9643b8,kaggle.com/paultimothymooney/chest-xray-pneumonia,teste
COVID-19_Radiography_Dataset/Viral Pneumonia/images/Viral Pneumonia-685.png,Viral Pneumonia,c0898ebe53d958454cdcf883720f8a80,kaggle.com/paultimothymooney/chest-xray-pneumonia,validacao
COVID-19_Radiography_Dataset/Viral Pneumonia/images/Viral Pneumonia-686.png,Viral Pneumonia,4858f489e69a00854c8e6994e3de5665,kaggle.com/paultimothymooney/chest-xray-pneumonia,teste_confirmatorio
COVID-19_Radiography_Dataset/Viral Pneumonia/images/Viral Pneumonia-687.png,Viral Pneumonia,73f20555ab50abfc02be6050aa8297b5,kaggle.com/paultimothymooney/chest-xray-pneumonia,treino
COVID-19_Radiography_Dataset/Viral Pneumonia/images/Viral Pneumonia-688.png,Viral Pneumonia,3f31b77d859dc4f6f35b5573a86e346a,kaggle.com/paultimothymooney/chest-xray-pneumonia,validacao
COVID-19_Radiography_Dataset/Viral Pneumonia/images/Viral Pneumonia-689.png,Viral Pneumonia,bb4b2160d153aaae5821ec26c550c89a,kaggle.com/paultimothymooney/chest-xray-pneumonia,teste_confirmatorio
COVID-19_Radiography_Dataset/Viral Pneumonia/images/Viral Pneumonia-690.png,Viral Pneumonia,90a838c98e5538f7685d36eec14b288d,kaggle.com/paultimothymooney/chest-xray-pneumonia,validacao
COVID-19_Radiography_Dataset/Viral Pneumonia/images/Viral Pneumonia-691.png,Viral Pneumonia,c3f697856c8d9eaefa64c46acbfc6179,kaggle.com/paultimothymooney/chest-xray-pneumonia,teste_confirmatorio
COVID-19_Radiography_Dataset/Viral Pneumonia/images/Viral Pneumonia-692.png,Viral Pneumonia,b1247f3cd8f204dbe764920958219fc9,kaggle.com/paultimothymooney/chest-xray-pneumonia,teste
COVID-19_Radiography_Dataset/Viral Pneumonia/images/Viral Pneumonia-694.png,Viral Pneumonia,7ce837c09882798543f11f13ddb02d1d,kaggle.com/paultimothymooney/chest-xray-pneumonia,teste_confirmatorio
COVID-19_Radiography_Dataset/Viral Pneumonia/images/Viral Pneumonia-695.png,Viral Pneumonia,31150ab93054dbc9764c3adbedb8380b,kaggle.com/paultimothymooney/chest-xray-pneumonia,teste_confirmatorio
COVID-19_Radiography_Dataset/Viral Pneumonia/images/Viral Pneumonia-696.png,Viral Pneumonia,80ef8d3feb775e4e3caa0c9b068018c3,kaggle.com/paultimothymooney/chest-xray-pneumonia,treino
COVID-19_Radiography_Dataset/Viral Pneumonia/images/Viral Pneumonia-698.png,Viral Pneumonia,d7827433e03fce0835e5f20cda77bcec,kaggle.com/paultimothymooney/chest-xray-pneumonia,treino
COVID-19_Radiography_Dataset/Viral Pneumonia/images/Viral Pneumonia-699.png,Viral Pneumonia,0ed4fd50bfd79090daa40b04665ddb50,kaggle.com/paultimothymooney/chest-xray-pneumonia,validacao
COVID-19_Radiography_Dataset/Viral Pneumonia/images/Viral Pneumonia-7.png,Viral Pneumonia,c9fb59bf00fd9d3070ed616ce2a5b029,kaggle.com/paultimothymooney/chest-xray-pneumonia,treino
COVID-19_Radiography_Dataset/Viral Pneumonia/images/Viral Pneumonia-70.png,Viral Pneumonia,65030adc92d0b634921782647adda586,kaggle.com/paultimothymooney/chest-xray-pneumonia,treino
COVID-19_Radiography_Dataset/Viral Pneumonia/images/Viral Pneumonia-700.png,Viral Pneumonia,d0e7128f02ed8a2e99a6c65ee01b2bda,kaggle.com/paultimothymooney/chest-xray-pneumonia,validacao
COVID-19_Radiography_Dataset/Viral Pneumonia/images/Viral Pneumonia-704.png,Viral Pneumonia,57e49aeec1d571c524ccaa9631c4d74d,kaggle.com/paultimothymooney/chest-xray-pneumonia,teste_confirmatorio
COVID-19_Radiography_Dataset/Viral Pneumonia/images/Viral Pneumonia-706.png,Viral Pneumonia,930a41cc3d8966106f0b9b92d6673ae0,kaggle.com/paultimothymooney/chest-xray-pneumonia,teste
COVID-19_Radiography_Dataset/Viral Pneumonia/images/Viral Pneumonia-707.png,Viral Pneumonia,ed9062d313cd0a812b1c963d250f7e3e,kaggle.com/paultimothymooney/chest-xray-pneumonia,teste_confirmatorio
COVID-19_Radiography_Dataset/Viral Pneumonia/images/Viral Pneumonia-709.png,Viral Pneumonia,d5b6c1799ede8fb4c382f970be24ae7e,kaggle.com/paultimothymooney/chest-xray-pneumonia,teste_confirmatorio
COVID-19_Radiography_Dataset/Viral Pneumonia/images/Viral Pneumonia-71.png,Viral Pneumonia,2fc8823e8d6ecd73e714a50991243f89,kaggle.com/paultimothymooney/chest-xray-pneumonia,teste_confirmatorio
COVID-19_Radiography_Dataset/Viral Pneumonia/images/Viral Pneumonia-710.png,Viral Pneumonia,fa0caa0d2fb208cf083875462ea27603,kaggle.com/paultimothymooney/chest-xray-pneumonia,teste_confirmatorio
COVID-19_Radiography_Dataset/Viral Pneumonia/images/Viral Pneumonia-711.png,Viral Pneumonia,87d290c073f433b67ee05e03422f382b,kaggle.com/paultimothymooney/chest-xray-pneumonia,teste_confirmatorio
COVID-19_Radiography_Dataset/Viral Pneumonia/images/Viral Pneumonia-713.png,Viral Pneumonia,fedbf1e01ccfae1a9c3ce10f3d1eef75,kaggle.com/paultimothymooney/chest-xray-pneumonia,teste_confirmatorio
COVID-19_Radiography_Dataset/Viral Pneumonia/images/Viral Pneumonia-714.png,Viral Pneumonia,5b47589ff8d9be59e0ededd525c821b5,kaggle.com/paultimothymooney/chest-xray-pneumonia,teste
COVID-19_Radiography_Dataset/Viral Pneumonia/images/Viral Pneumonia-715.png,Viral Pneumonia,da3116be3b14364563c04232fadcad36,kaggle.com/paultimothymooney/chest-xray-pneumonia,treino
COVID-19_Radiography_Dataset/Viral Pneumonia/images/Viral Pneumonia-716.png,Viral Pneumonia,dd7aa310e228b6abf86d8cd823094b8c,kaggle.com/paultimothymooney/chest-xray-pneumonia,teste_confirmatorio
COVID-19_Radiography_Dataset/Viral Pneumonia/images/Viral Pneumonia-718.png,Viral Pneumonia,95a12a5b47b733ab5582e74b5ad83f7a,kaggle.com/paultimothymooney/chest-xray-pneumonia,treino
COVID-19_Radiography_Dataset/Viral Pneumonia/images/Viral Pneumonia-720.png,Viral Pneumonia,3cecc31afc812b949739f85a83f2cd3e,kaggle.com/paultimothymooney/chest-xray-pneumonia,treino
COVID-19_Radiography_Dataset/Viral Pneumonia/images/Viral Pneumonia-721.png,Viral Pneumonia,88af3c70649af84d7a32faa49fbe0698,kaggle.com/paultimothymooney/chest-xray-pneumonia,teste
COVID-19_Radiography_Dataset/Viral Pneumonia/images/Viral Pneumonia-722.png,Viral Pneumonia,c8280784b61211e67a7f777059477355,kaggle.com/paultimothymooney/chest-xray-pneumonia,teste
COVID-19_Radiography_Dataset/Viral Pneumonia/images/Viral Pneumonia-723.png,Viral Pneumonia,26efe14fd3c38bbb737fad1f9ee711f8,kaggle.com/paultimothymooney/chest-xray-pneumonia,teste_confirmatorio
COVID-19_Radiography_Dataset/Viral Pneumonia/images/Viral Pneumonia-725.png,Viral Pneumonia,c16ef59c2d9494f8a39078e23768eb19,kaggle.com/paultimothymooney/chest-xray-pneumonia,teste_confirmatorio
COVID-19_Radiography_Dataset/Viral Pneumonia/images/Viral Pneumonia-726.png,Viral Pneumonia,c589241cc9aa52ec1c9b4f0c82210549,kaggle.com/paultimothymooney/chest-xray-pneumonia,validacao
COVID-19_Radiography_Dataset/Viral Pneumonia/images/Viral Pneumonia-727.png,Viral Pneumonia,c67b12ded169868cf965ac9eb2e39e13,kaggle.com/paultimothymooney/chest-xray-pneumonia,teste_confirmatorio
COVID-19_Radiography_Dataset/Viral Pneumonia/images/Viral Pneumonia-728.png,Viral Pneumonia,992f4338a6531639092644d96b2c5f66,kaggle.com/paultimothymooney/chest-xray-pneumonia,teste
COVID-19_Radiography_Dataset/Viral Pneumonia/images/Viral Pneumonia-729.png,Viral Pneumonia,b77c09f2ac141e35bb11698d1de3ab59,kaggle.com/paultimothymooney/chest-xray-pneumonia,validacao
COVID-19_Radiography_Dataset/Viral Pneumonia/images/Viral Pneumonia-73.png,Viral Pneumonia,9e470ef79e7c99e822f31216ba1d7ea1,kaggle.com/paultimothymooney/chest-xray-pneumonia,treino
COVID-19_Radiography_Dataset/Viral Pneumonia/images/Viral Pneumonia-730.png,Viral Pneumonia,b0f58b75b8729e60555828607a9a908e,kaggle.com/paultimothymooney/chest-xray-pneumonia,treino
COVID-19_Radiography_Dataset/Viral Pneumonia/images/Viral Pneumonia-731.png,Viral Pneumonia,5a46188071547a14fbdbbaa22e844aea,kaggle.com/paultimothymooney/chest-xray-pneumonia,teste
COVID-19_Radiography_Dataset/Viral Pneumonia/images/Viral Pneumonia-732.png,Viral Pneumonia,af48c228101b2843ea2a1faa2ae9e7fb,kaggle.com/paultimothymooney/chest-xray-pneumonia,validacao
COVID-19_Radiography_Dataset/Viral Pneumonia/images/Viral Pneumonia-733.png,Viral Pneumonia,5fb8b2cd28e23f6f5701efc448d9fbf9,kaggle.com/paultimothymooney/chest-xray-pneumonia,teste_confirmatorio
COVID-19_Radiography_Dataset/Viral Pneumonia/images/Viral Pneumonia-735.png,Viral Pneumonia,645e50c845ffa8c2bcadcfdb5bc4b5e3,kaggle.com/paultimothymooney/chest-xray-pneumonia,teste
COVID-19_Radiography_Dataset/Viral Pneumonia/images/Viral Pneumonia-736.png,Viral Pneumonia,3010152069e13223377c025bda47230b,kaggle.com/paultimothymooney/chest-xray-pneumonia,teste
COVID-19_Radiography_Dataset/Viral Pneumonia/images/Viral Pneumonia-738.png,Viral Pneumonia,9596b2d52ed6a108a2d3c0eae0adac2f,kaggle.com/paultimothymooney/chest-xray-pneumonia,teste_confirmatorio
COVID-19_Radiography_Dataset/Viral Pneumonia/images/Viral Pneumonia-74.png,Viral Pneumonia,1c28d2b6859a90eb21544f885109150d,kaggle.com/paultimothymooney/chest-xray-pneumonia,teste
COVID-19_Radiography_Dataset/Viral Pneumonia/images/Viral Pneumonia-742.png,Viral Pneumonia,fa498054e01f5fac9ff4183df70b45a3,kaggle.com/paultimothymooney/chest-xray-pneumonia,teste
COVID-19_Radiography_Dataset/Viral Pneumonia/images/Viral Pneumonia-745.png,Viral Pneumonia,f64f3a847068ca5c19b427d6227e487a,kaggle.com/paultimothymooney/chest-xray-pneumonia,treino
COVID-19_Radiography_Dataset/Viral Pneumonia/images/Viral Pneumonia-746.png,Viral Pneumonia,359e658ecbcf6dcb2353996634d08b74,kaggle.com/paultimothymooney/chest-xray-pneumonia,teste_confirmatorio
COVID-19_Radiography_Dataset/Viral Pneumonia/images/Viral Pneumonia-748.png,Viral Pneumonia,3bcb21eb616cc84b23dfdae3d19d6cf1,kaggle.com/paultimothymooney/chest-xray-pneumonia,treino
COVID-19_Radiography_Dataset/Viral Pneumonia/images/Viral Pneumonia-750.png,Viral Pneumonia,b52b5b160f0ddcf98b31941328f18dd5,kaggle.com/paultimothymooney/chest-xray-pneumonia,teste_confirmatorio
COVID-19_Radiography_Dataset/Viral Pneumonia/images/Viral Pneumonia-751.png,Viral Pneumonia,7d8f73366a83b7b543cc9957b50a2b20,kaggle.com/paultimothymooney/chest-xray-pneumonia,teste_confirmatorio
COVID-19_Radiography_Dataset/Viral Pneumonia/images/Viral Pneumonia-752.png,Viral Pneumonia,18cd0f2d44e6875468c8c601d175ca8a,kaggle.com/paultimothymooney/chest-xray-pneumonia,treino
COVID-19_Radiography_Dataset/Viral Pneumonia/images/Viral Pneumonia-753.png,Viral Pneumonia,5c1260b6900a07d304e760dae2ade3b8,kaggle.com/paultimothymooney/chest-xray-pneumonia,treino
COVID-19_Radiography_Dataset/Viral Pneumonia/images/Viral Pneumonia-754.png,Viral Pneumonia,91121656c3c383fd56ee7ede50b33cf8,kaggle.com/paultimothymooney/chest-xray-pneumonia,teste
COVID-19_Radiography_Dataset/Viral Pneumonia/images/Viral Pneumonia-757.png,Viral Pneumonia,5215c74f09f5b8fb72c819331b42a2a6,kaggle.com/paultimothymooney/chest-xray-pneumonia,teste_confirmatorio
COVID-19_Radiography_Dataset/Viral Pneumonia/images/Viral Pneumonia-758.png,Viral Pneumonia,111f64fee076d023626d3042347e1c91,kaggle.com/paultimothymooney/chest-xray-pneumonia,treino
COVID-19_Radiography_Dataset/Viral Pneumonia/images/Viral Pneumonia-759.png,Viral Pneumonia,49def0b3c6ae7fb9ae7263cef9b1035d,kaggle.com/paultimothymooney/chest-xray-pneumonia,teste_confirmatorio
COVID-19_Radiography_Dataset/Viral Pneumonia/images/Viral Pneumonia-76.png,Viral Pneumonia,44ee314f77b312f701fb3381bbbb17d4,kaggle.com/paultimothymooney/chest-xray-pneumonia,teste
COVID-19_Radiography_Dataset/Viral Pneumonia/images/Viral Pneumonia-760.png,Viral Pneumonia,c4c7f1fc7239b71337bed4af77774850,kaggle.com/paultimothymooney/chest-xray-pneumonia,teste
COVID-19_Radiography_Dataset/Viral Pneumonia/images/Viral Pneumonia-761.png,Viral Pneumonia,97c57bd56bebaec75066342793c88287,kaggle.com/paultimothymooney/chest-xray-pneumonia,treino
COVID-19_Radiography_Dataset/Viral Pneumonia/images/Viral Pneumonia-764.png,Viral Pneumonia,ca81d5a40d52b29a417dff3bccbc4d67,kaggle.com/paultimothymooney/chest-xray-pneumonia,teste
COVID-19_Radiography_Dataset/Viral Pneumonia/images/Viral Pneumonia-765.png,Viral Pneumonia,a865a4567c96fb7842529341daf4ad52,kaggle.com/paultimothymooney/chest-xray-pneumonia,treino
COVID-19_Radiography_Dataset/Viral Pneumonia/images/Viral Pneumonia-767.png,Viral Pneumonia,600fe503e63275240c1fa95b0c0f6126,kaggle.com/paultimothymooney/chest-xray-pneumonia,treino
COVID-19_Radiography_Dataset/Viral Pneumonia/images/Viral Pneumonia-768.png,Viral Pneumonia,17bde0799379ffbcede6a64b73abc990,kaggle.com/paultimothymooney/chest-xray-pneumonia,validacao
COVID-19_Radiography_Dataset/Viral Pneumonia/images/Viral Pneumonia-769.png,Viral Pneumonia,ee8cd0c2aaffe49b6697de41ab8ce577,kaggle.com/paultimothymooney/chest-xray-pneumonia,teste
COVID-19_Radiography_Dataset/Viral Pneumonia/images/Viral Pneumonia-77.png,Viral Pneumonia,362fd131c97d46a00a059668bd34bdc8,kaggle.com/paultimothymooney/chest-xray-pneumonia,validacao
COVID-19_Radiography_Dataset/Viral Pneumonia/images/Viral Pneumonia-772.png,Viral Pneumonia,8aea6c9c25cef9d93d1440acb077bef9,kaggle.com/paultimothymooney/chest-xray-pneumonia,validacao
COVID-19_Radiography_Dataset/Viral Pneumonia/images/Viral Pneumonia-773.png,Viral Pneumonia,84ae02d329bbd11711f1af4cedaa9045,kaggle.com/paultimothymooney/chest-xray-pneumonia,teste_confirmatorio
COVID-19_Radiography_Dataset/Viral Pneumonia/images/Viral Pneumonia-774.png,Viral Pneumonia,3252495edf5b4587e2b46969c995531e,kaggle.com/paultimothymooney/chest-xray-pneumonia,teste_confirmatorio
COVID-19_Radiography_Dataset/Viral Pneumonia/images/Viral Pneumonia-775.png,Viral Pneumonia,aca9cdceaa10ee28584b0b5b7711b2b9,kaggle.com/paultimothymooney/chest-xray-pneumonia,validacao
COVID-19_Radiography_Dataset/Viral Pneumonia/images/Viral Pneumonia-776.png,Viral Pneumonia,a4a247bc1a1ad8dec437f5552e9b0f95,kaggle.com/paultimothymooney/chest-xray-pneumonia,treino
COVID-19_Radiography_Dataset/Viral Pneumonia/images/Viral Pneumonia-777.png,Viral Pneumonia,37c6d17d839dddf4ae81fde782098ebc,kaggle.com/paultimothymooney/chest-xray-pneumonia,teste
COVID-19_Radiography_Dataset/Viral Pneumonia/images/Viral Pneumonia-778.png,Viral Pneumonia,7faf299d7694275f19a7bb09e13e91c6,kaggle.com/paultimothymooney/chest-xray-pneumonia,validacao
COVID-19_Radiography_Dataset/Viral Pneumonia/images/Viral Pneumonia-779.png,Viral Pneumonia,eeb0e231e65ed2f2a0ec1d40cbc3468d,kaggle.com/paultimothymooney/chest-xray-pneumonia,teste_confirmatorio
COVID-19_Radiography_Dataset/Viral Pneumonia/images/Viral Pneumonia-78.png,Viral Pneumonia,694cb99a9c6cfc4630e0677a1ee4540a,kaggle.com/paultimothymooney/chest-xray-pneumonia,teste_confirmatorio
COVID-19_Radiography_Dataset/Viral Pneumonia/images/Viral Pneumonia-780.png,Viral Pneumonia,fb5d18077a6b4df875fa682f6e3f2ba1,kaggle.com/paultimothymooney/chest-xray-pneumonia,treino
COVID-19_Radiography_Dataset/Viral Pneumonia/images/Viral Pneumonia-781.png,Viral Pneumonia,83170fdaa7d58f598e50e8b9c71fe7c1,kaggle.com/paultimothymooney/chest-xray-pneumonia,teste
COVID-19_Radiography_Dataset/Viral Pneumonia/images/Viral Pneumonia-782.png,Viral Pneumonia,87146cba4f707d35fc82d6de3db9537d,kaggle.com/paultimothymooney/chest-xray-pneumonia,teste
COVID-19_Radiography_Dataset/Viral Pneumonia/images/Viral Pneumonia-784.png,Viral Pneumonia,9b21f06e4c50efd411d090d37f257512,kaggle.com/paultimothymooney/chest-xray-pneumonia,treino
COVID-19_Radiography_Dataset/Viral Pneumonia/images/Viral Pneumonia-785.png,Viral Pneumonia,19c7250a815a2b89e6f0e8edea807ec0,kaggle.com/paultimothymooney/chest-xray-pneumonia,teste_confirmatorio
COVID-19_Radiography_Dataset/Viral Pneumonia/images/Viral Pneumonia-787.png,Viral Pneumonia,6b7281b722c1849fb29a45fd4af95396,kaggle.com/paultimothymooney/chest-xray-pneumonia,treino
COVID-19_Radiography_Dataset/Viral Pneumonia/images/Viral Pneumonia-788.png,Viral Pneumonia,b7c791a0c39f2bbadcc489ac04e8ad7b,kaggle.com/paultimothymooney/chest-xray-pneumonia,treino
COVID-19_Radiography_Dataset/Viral Pneumonia/images/Viral Pneumonia-79.png,Viral Pneumonia,2a3a1837e4feaf8a25eedc33e0826e6a,kaggle.com/paultimothymooney/chest-xray-pneumonia,teste
COVID-19_Radiography_Dataset/Viral Pneumonia/images/Viral Pneumonia-790.png,Viral Pneumonia,638f40d0cb7de7f96e2e71e69fea755b,kaggle.com/paultimothymooney/chest-xray-pneumonia,teste_confirmatorio
COVID-19_Radiography_Dataset/Viral Pneumonia/images/Viral Pneumonia-791.png,Viral Pneumonia,05c9eae62c2a5751186426fa50a4140b,kaggle.com/paultimothymooney/chest-xray-pneumonia,teste
COVID-19_Radiography_Dataset/Viral Pneumonia/images/Viral Pneumonia-792.png,Viral Pneumonia,5c073c67398c99dfb7fe371a14549916,kaggle.com/paultimothymooney/chest-xray-pneumonia,teste_confirmatorio
COVID-19_Radiography_Dataset/Viral Pneumonia/images/Viral Pneumonia-795.png,Viral Pneumonia,142ad54b8eedb2a44599bd5424f79b39,kaggle.com/paultimothymooney/chest-xray-pneumonia,treino
COVID-19_Radiography_Dataset/Viral Pneumonia/images/Viral Pneumonia-796.png,Viral Pneumonia,0dcff59f11606a24ee1d7264640bfd1a,kaggle.com/paultimothymooney/chest-xray-pneumonia,treino
COVID-19_Radiography_Dataset/Viral Pneumonia/images/Viral Pneumonia-797.png,Viral Pneumonia,8d26815be4432e59f7024fab62b2cb21,kaggle.com/paultimothymooney/chest-xray-pneumonia,teste
COVID-19_Radiography_Dataset/Viral Pneumonia/images/Viral Pneumonia-798.png,Viral Pneumonia,a52b9998f342226b5e723b7fb0a58682,kaggle.com/paultimothymooney/chest-xray-pneumonia,teste_confirmatorio
COVID-19_Radiography_Dataset/Viral Pneumonia/images/Viral Pneumonia-8.png,Viral Pneumonia,31e8a3a80b980ce7c34980975683c9b3,kaggle.com/paultimothymooney/chest-xray-pneumonia,teste_confirmatorio
COVID-19_Radiography_Dataset/Viral Pneumonia/images/Viral Pneumonia-80.png,Viral Pneumonia,d32d83df89145089af6e17c2aad135c3,kaggle.com/paultimothymooney/chest-xray-pneumonia,teste
COVID-19_Radiography_Dataset/Viral Pneumonia/images/Viral Pneumonia-800.png,Viral Pneumonia,6470f5ab595898d9a69615fd26c4a86c,kaggle.com/paultimothymooney/chest-xray-pneumonia,teste
COVID-19_Radiography_Dataset/Viral Pneumonia/images/Viral Pneumonia-801.png,Viral Pneumonia,e2fa34e38a4e7813f637482520175e85,kaggle.com/paultimothymooney/chest-xray-pneumonia,validacao
COVID-19_Radiography_Dataset/Viral Pneumonia/images/Viral Pneumonia-803.png,Viral Pneumonia,21627ba7f467c9157b2f56a89b5885be,kaggle.com/paultimothymooney/chest-xray-pneumonia,teste
COVID-19_Radiography_Dataset/Viral Pneumonia/images/Viral Pneumonia-804.png,Viral Pneumonia,808f41777aa1e4e8a7c0ae7b45728b41,kaggle.com/paultimothymooney/chest-xray-pneumonia,validacao
COVID-19_Radiography_Dataset/Viral Pneumonia/images/Viral Pneumonia-807.png,Viral Pneumonia,d49150421b6e4e990f02e05c4945c27b,kaggle.com/paultimothymooney/chest-xray-pneumonia,teste_confirmatorio
COVID-19_Radiography_Dataset/Viral Pneumonia/images/Viral Pneumonia-808.png,Viral Pneumonia,1b2bbdbbe7514b430436632076315f2e,kaggle.com/paultimothymooney/chest-xray-pneumonia,teste
COVID-19_Radiography_Dataset/Viral Pneumonia/images/Viral Pneumonia-811.png,Viral Pneumonia,b1a5e8da6906646a3fc2e73a9cdacb33,kaggle.com/paultimothymooney/chest-xray-pneumonia,teste_confirmatorio
COVID-19_Radiography_Dataset/Viral Pneumonia/images/Viral Pneumonia-813.png,Viral Pneumonia,587e9d1fbbd735db8fb34ccc3cc04574,kaggle.com/paultimothymooney/chest-xray-pneumonia,teste
COVID-19_Radiography_Dataset/Viral Pneumonia/images/Viral Pneumonia-815.png,Viral Pneumonia,1f00e3f8fae05f9f3370f050f7772e01,kaggle.com/paultimothymooney/chest-xray-pneumonia,teste
COVID-19_Radiography_Dataset/Viral Pneumonia/images/Viral Pneumonia-817.png,Viral Pneumonia,fab411a0bdc795904799b5239d31bb22,kaggle.com/paultimothymooney/chest-xray-pneumonia,teste
COVID-19_Radiography_Dataset/Viral Pneumonia/images/Viral Pneumonia-818.png,Viral Pneumonia,f6857d244f1624077f851a145fbce698,kaggle.com/paultimothymooney/chest-xray-pneumonia,validacao
COVID-19_Radiography_Dataset/Viral Pneumonia/images/Viral Pneumonia-819.png,Viral Pneumonia,0f3ca25b55074d9986943d2fa10d8a7e,kaggle.com/paultimothymooney/chest-xray-pneumonia,teste_confirmatorio
COVID-19_Radiography_Dataset/Viral Pneumonia/images/Viral Pneumonia-82.png,Viral Pneumonia,195a24eb6985a65c990c017f90958eda,kaggle.com/paultimothymooney/chest-xray-pneumonia,teste
COVID-19_Radiography_Dataset/Viral Pneumonia/images/Viral Pneumonia-820.png,Viral Pneumonia,6f08c1d81ce961cc796d146b1978ce97,kaggle.com/paultimothymooney/chest-xray-pneumonia,treino
COVID-19_Radiography_Dataset/Viral Pneumonia/images/Viral Pneumonia-821.png,Viral Pneumonia,cad143d1d209e9f7cb8dc6ca5c1f1172,kaggle.com/paultimothymooney/chest-xray-pneumonia,teste
COVID-19_Radiography_Dataset/Viral Pneumonia/images/Viral Pneumonia-822.png,Viral Pneumonia,f9420734d06d6703855eae138bb84256,kaggle.com/paultimothymooney/chest-xray-pneumonia,teste
COVID-19_Radiography_Dataset/Viral Pneumonia/images/Viral Pneumonia-823.png,Viral Pneumonia,8a305e9f4f86228a380940149557f335,kaggle.com/paultimothymooney/chest-xray-pneumonia,teste_confirmatorio
COVID-19_Radiography_Dataset/Viral Pneumonia/images/Viral Pneumonia-825.png,Viral Pneumonia,51933f6331ba4c7bef57438439166cd9,kaggle.com/paultimothymooney/chest-xray-pneumonia,teste_confirmatorio
COVID-19_Radiography_Dataset/Viral Pneumonia/images/Viral Pneumonia-827.png,Viral Pneumonia,d529e626da16e0e8cfc120e7430ee03d,kaggle.com/paultimothymooney/chest-xray-pneumonia,treino
COVID-19_Radiography_Dataset/Viral Pneumonia/images/Viral Pneumonia-828.png,Viral Pneumonia,0fd6d583d3ff16b0374339658dd42b6f,kaggle.com/paultimothymooney/chest-xray-pneumonia,teste
COVID-19_Radiography_Dataset/Viral Pneumonia/images/Viral Pneumonia-830.png,Viral Pneumonia,0a34e959933755100f282a4c2748ded2,kaggle.com/paultimothymooney/chest-xray-pneumonia,treino
COVID-19_Radiography_Dataset/Viral Pneumonia/images/Viral Pneumonia-831.png,Viral Pneumonia,dd03ea29b05ad27893e8452dd28094d6,kaggle.com/paultimothymooney/chest-xray-pneumonia,teste_confirmatorio
COVID-19_Radiography_Dataset/Viral Pneumonia/images/Viral Pneumonia-832.png,Viral Pneumonia,ee34b32e9c957c70b147fe74a4997cd6,kaggle.com/paultimothymooney/chest-xray-pneumonia,treino
COVID-19_Radiography_Dataset/Viral Pneumonia/images/Viral Pneumonia-833.png,Viral Pneumonia,1de9dec58b438d361fbfb8d77c90f7e0,kaggle.com/paultimothymooney/chest-xray-pneumonia,teste_confirmatorio
COVID-19_Radiography_Dataset/Viral Pneumonia/images/Viral Pneumonia-834.png,Viral Pneumonia,b939d87b572f15ea6dff2a8f9db83114,kaggle.com/paultimothymooney/chest-xray-pneumonia,teste_confirmatorio
COVID-19_Radiography_Dataset/Viral Pneumonia/images/Viral Pneumonia-837.png,Viral Pneumonia,7f0ff4a1030c1950c70c4363e6cf5c75,kaggle.com/paultimothymooney/chest-xray-pneumonia,validacao
COVID-19_Radiography_Dataset/Viral Pneumonia/images/Viral Pneumonia-840.png,Viral Pneumonia,6671ec5ed3cf6355fb9eb632f8602c5c,kaggle.com/paultimothymooney/chest-xray-pneumonia,teste_confirmatorio
COVID-19_Radiography_Dataset/Viral Pneumonia/images/Viral Pneumonia-841.png,Viral Pneumonia,09063ec35f736da587ec3fc243baf385,kaggle.com/paultimothymooney/chest-xray-pneumonia,treino
COVID-19_Radiography_Dataset/Viral Pneumonia/images/Viral Pneumonia-842.png,Viral Pneumonia,3c1b08806f4ff61db7467e7575ab9591,kaggle.com/paultimothymooney/chest-xray-pneumonia,teste_confirmatorio
COVID-19_Radiography_Dataset/Viral Pneumonia/images/Viral Pneumonia-843.png,Viral Pneumonia,72ab5bf44c68b6f57aa2ab04eaa34a97,kaggle.com/paultimothymooney/chest-xray-pneumonia,treino
COVID-19_Radiography_Dataset/Viral Pneumonia/images/Viral Pneumonia-844.png,Viral Pneumonia,242b84fd6f3a739ec7d7a9c5fcf3f616,kaggle.com/paultimothymooney/chest-xray-pneumonia,teste
COVID-19_Radiography_Dataset/Viral Pneumonia/images/Viral Pneumonia-845.png,Viral Pneumonia,18a29656767e12735f3633f5ec9f719e,kaggle.com/paultimothymooney/chest-xray-pneumonia,teste_confirmatorio
COVID-19_Radiography_Dataset/Viral Pneumonia/images/Viral Pneumonia-846.png,Viral Pneumonia,8fae6c8d3cc002dd3131638c3c641f77,kaggle.com/paultimothymooney/chest-xray-pneumonia,treino
COVID-19_Radiography_Dataset/Viral Pneumonia/images/Viral Pneumonia-847.png,Viral Pneumonia,bffe0486efc5d08761ca66cbef27afed,kaggle.com/paultimothymooney/chest-xray-pneumonia,treino
COVID-19_Radiography_Dataset/Viral Pneumonia/images/Viral Pneumonia-848.png,Viral Pneumonia,a63dd9488c1a4c7cc06f7a86950cc64d,kaggle.com/paultimothymooney/chest-xray-pneumonia,teste
COVID-19_Radiography_Dataset/Viral Pneumonia/images/Viral Pneumonia-85.png,Viral Pneumonia,cd6ec754948ed0646a090b51b7ced329,kaggle.com/paultimothymooney/chest-xray-pneumonia,teste_confirmatorio
COVID-19_Radiography_Dataset/Viral Pneumonia/images/Viral Pneumonia-851.png,Viral Pneumonia,c00aee71d053c640e5b920ccee8beaab,kaggle.com/paultimothymooney/chest-xray-pneumonia,teste
COVID-19_Radiography_Dataset/Viral Pneumonia/images/Viral Pneumonia-852.png,Viral Pneumonia,33b24d8700096f9cd90b8f0506b99a99,kaggle.com/paultimothymooney/chest-xray-pneumonia,teste
COVID-19_Radiography_Dataset/Viral Pneumonia/images/Viral Pneumonia-854.png,Viral Pneumonia,820a4ed489f2de6eaa56ee086a7597b0,kaggle.com/paultimothymooney/chest-xray-pneumonia,validacao
COVID-19_Radiography_Dataset/Viral Pneumonia/images/Viral Pneumonia-855.png,Viral Pneumonia,55f8b5b4005413f010cd779e7bf1d27a,kaggle.com/paultimothymooney/chest-xray-pneumonia,treino
COVID-19_Radiography_Dataset/Viral Pneumonia/images/Viral Pneumonia-856.png,Viral Pneumonia,b5e61ae943e56bc7a3abc9d80cb7b9e9,kaggle.com/paultimothymooney/chest-xray-pneumonia,treino
COVID-19_Radiography_Dataset/Viral Pneumonia/images/Viral Pneumonia-857.png,Viral Pneumonia,8b6e11038ae3455d11aca5ac446cc384,kaggle.com/paultimothymooney/chest-xray-pneumonia,validacao
COVID-19_Radiography_Dataset/Viral Pneumonia/images/Viral Pneumonia-858.png,Viral Pneumonia,a549834d0ebf6e050e4b74442dd6029d,kaggle.com/paultimothymooney/chest-xray-pneumonia,teste
COVID-19_Radiography_Dataset/Viral Pneumonia/images/Viral Pneumonia-859.png,Viral Pneumonia,a4144aac30f6be36dda128efb5dcf71c,kaggle.com/paultimothymooney/chest-xray-pneumonia,treino
COVID-19_Radiography_Dataset/Viral Pneumonia/images/Viral Pneumonia-86.png,Viral Pneumonia,b10a2560e8b0d5d87e45f9b6f3e3c979,kaggle.com/paultimothymooney/chest-xray-pneumonia,validacao
COVID-19_Radiography_Dataset/Viral Pneumonia/images/Viral Pneumonia-860.png,Viral Pneumonia,6fcceffd2a3e312d86bc45ef75683627,kaggle.com/paultimothymooney/chest-xray-pneumonia,validacao
COVID-19_Radiography_Dataset/Viral Pneumonia/images/Viral Pneumonia-864.png,Viral Pneumonia,0fa748411cf3b3d7eb5edd7563cf08d9,kaggle.com/paultimothymooney/chest-xray-pneumonia,teste_confirmatorio
COVID-19_Radiography_Dataset/Viral Pneumonia/images/Viral Pneumonia-865.png,Viral Pneumonia,9ef576384cc606be926bba198202ed5c,kaggle.com/paultimothymooney/chest-xray-pneumonia,teste_confirmatorio
COVID-19_Radiography_Dataset/Viral Pneumonia/images/Viral Pneumonia-866.png,Viral Pneumonia,335fa070a6bd3c118f3747bd06d8316b,kaggle.com/paultimothymooney/chest-xray-pneumonia,validacao
COVID-19_Radiography_Dataset/Viral Pneumonia/images/Viral Pneumonia-867.png,Viral Pneumonia,9d39e8a01e8c58b8b014d88f4fade86b,kaggle.com/paultimothymooney/chest-xray-pneumonia,teste
COVID-19_Radiography_Dataset/Viral Pneumonia/images/Viral Pneumonia-869.png,Viral Pneumonia,f1d1c1f15ae99463f4905e37847e3069,kaggle.com/paultimothymooney/chest-xray-pneumonia,teste_confirmatorio
COVID-19_Radiography_Dataset/Viral Pneumonia/images/Viral Pneumonia-870.png,Viral Pneumonia,f81f3ff2bd327cc077c4c2d82e90b994,kaggle.com/paultimothymooney/chest-xray-pneumonia,validacao
COVID-19_Radiography_Dataset/Viral Pneumonia/images/Viral Pneumonia-871.png,Viral Pneumonia,58b8c7b94eed0b912098f12922bf5dd7,kaggle.com/paultimothymooney/chest-xray-pneumonia,treino
COVID-19_Radiography_Dataset/Viral Pneumonia/images/Viral Pneumonia-873.png,Viral Pneumonia,3e8b30aa247384af6e66d6000ad800e9,kaggle.com/paultimothymooney/chest-xray-pneumonia,validacao
COVID-19_Radiography_Dataset/Viral Pneumonia/images/Viral Pneumonia-875.png,Viral Pneumonia,13bee815493f7b7354ce1b466ee23a56,kaggle.com/paultimothymooney/chest-xray-pneumonia,treino
COVID-19_Radiography_Dataset/Viral Pneumonia/images/Viral Pneumonia-876.png,Viral Pneumonia,9cde2a80fa21226a3706b903fe35ad90,kaggle.com/paultimothymooney/chest-xray-pneumonia,teste
COVID-19_Radiography_Dataset/Viral Pneumonia/images/Viral Pneumonia-877.png,Viral Pneumonia,9e62471acbc66262ef86a2138904ac95,kaggle.com/paultimothymooney/chest-xray-pneumonia,treino
COVID-19_Radiography_Dataset/Viral Pneumonia/images/Viral Pneumonia-878.png,Viral Pneumonia,273a262d038fa37e5e8ce1bea27ce3b1,kaggle.com/paultimothymooney/chest-xray-pneumonia,teste_confirmatorio
COVID-19_Radiography_Dataset/Viral Pneumonia/images/Viral Pneumonia-879.png,Viral Pneumonia,092991ddd8610e800b16dd4d20951504,kaggle.com/paultimothymooney/chest-xray-pneumonia,treino
COVID-19_Radiography_Dataset/Viral Pneumonia/images/Viral Pneumonia-88.png,Viral Pneumonia,a09528a4205d2e882ba1ed3d96f95348,kaggle.com/paultimothymooney/chest-xray-pneumonia,teste_confirmatorio
COVID-19_Radiography_Dataset/Viral Pneumonia/images/Viral Pneumonia-880.png,Viral Pneumonia,884e2c95ef26426b1f6876c212cea308,kaggle.com/paultimothymooney/chest-xray-pneumonia,teste
COVID-19_Radiography_Dataset/Viral Pneumonia/images/Viral Pneumonia-882.png,Viral Pneumonia,95b053a6816b352333b4c5cdc6f3a71c,kaggle.com/paultimothymooney/chest-xray-pneumonia,teste
COVID-19_Radiography_Dataset/Viral Pneumonia/images/Viral Pneumonia-883.png,Viral Pneumonia,6807ff4c944a92ad70c8e8693af2ed3e,kaggle.com/paultimothymooney/chest-xray-pneumonia,treino
COVID-19_Radiography_Dataset/Viral Pneumonia/images/Viral Pneumonia-884.png,Viral Pneumonia,b2b4e44e4fe616ce6a25916985c78613,kaggle.com/paultimothymooney/chest-xray-pneumonia,validacao
COVID-19_Radiography_Dataset/Viral Pneumonia/images/Viral Pneumonia-885.png,Viral Pneumonia,211a63d2e2b5013e12b2d24ed4783610,kaggle.com/paultimothymooney/chest-xray-pneumonia,teste
COVID-19_Radiography_Dataset/Viral Pneumonia/images/Viral Pneumonia-887.png,Viral Pneumonia,3c83c3a6d9cdb34e46a335436f093be6,kaggle.com/paultimothymooney/chest-xray-pneumonia,treino
COVID-19_Radiography_Dataset/Viral Pneumonia/images/Viral Pneumonia-888.png,Viral Pneumonia,24f5c5357776a8327421e46eb989b47f,kaggle.com/paultimothymooney/chest-xray-pneumonia,treino
COVID-19_Radiography_Dataset/Viral Pneumonia/images/Viral Pneumonia-889.png,Viral Pneumonia,5ed14a86f36c862b76d35f96bc4a7412,kaggle.com/paultimothymooney/chest-xray-pneumonia,teste_confirmatorio
COVID-19_Radiography_Dataset/Viral Pneumonia/images/Viral Pneumonia-891.png,Viral Pneumonia,4099a78177a2c7f14db454d7a8759389,kaggle.com/paultimothymooney/chest-xray-pneumonia,validacao
COVID-19_Radiography_Dataset/Viral Pneumonia/images/Viral Pneumonia-892.png,Viral Pneumonia,120796c680555d7ba867ccb49bbe51b6,kaggle.com/paultimothymooney/chest-xray-pneumonia,validacao
COVID-19_Radiography_Dataset/Viral Pneumonia/images/Viral Pneumonia-893.png,Viral Pneumonia,3ad737c67aa31846e561a0afad2e5bcc,kaggle.com/paultimothymooney/chest-xray-pneumonia,teste
COVID-19_Radiography_Dataset/Viral Pneumonia/images/Viral Pneumonia-894.png,Viral Pneumonia,a15b40e79e5fbb81bb74e1b4b73bb186,kaggle.com/paultimothymooney/chest-xray-pneumonia,treino
COVID-19_Radiography_Dataset/Viral Pneumonia/images/Viral Pneumonia-895.png,Viral Pneumonia,8e479638f7257fb6becbfc3341059c91,kaggle.com/paultimothymooney/chest-xray-pneumonia,teste_confirmatorio
COVID-19_Radiography_Dataset/Viral Pneumonia/images/Viral Pneumonia-896.png,Viral Pneumonia,baf322ffa57b91f776e4ad44f9a8bf30,kaggle.com/paultimothymooney/chest-xray-pneumonia,teste_confirmatorio
COVID-19_Radiography_Dataset/Viral Pneumonia/images/Viral Pneumonia-898.png,Viral Pneumonia,43bf4ad017586506827cbca0579ece64,kaggle.com/paultimothymooney/chest-xray-pneumonia,treino
COVID-19_Radiography_Dataset/Viral Pneumonia/images/Viral Pneumonia-899.png,Viral Pneumonia,86cf0d4463bd2da5cb5c852252a41d35,kaggle.com/paultimothymooney/chest-xray-pneumonia,teste
COVID-19_Radiography_Dataset/Viral Pneumonia/images/Viral Pneumonia-9.png,Viral Pneumonia,0c157917f6dfa5060ff82684e3621ecf,kaggle.com/paultimothymooney/chest-xray-pneumonia,teste
COVID-19_Radiography_Dataset/Viral Pneumonia/images/Viral Pneumonia-900.png,Viral Pneumonia,c95088cb5dbbac96ae32500863aaa4b0,kaggle.com/paultimothymooney/chest-xray-pneumonia,teste_confirmatorio
COVID-19_Radiography_Dataset/Viral Pneumonia/images/Viral Pneumonia-901.png,Viral Pneumonia,d3a5b18a6e62eeac34ed87447c6effa4,kaggle.com/paultimothymooney/chest-xray-pneumonia,validacao
COVID-19_Radiography_Dataset/Viral Pneumonia/images/Viral Pneumonia-904.png,Viral Pneumonia,95c5704c997b29b3e9f1902922aaaa1c,kaggle.com/paultimothymooney/chest-xray-pneumonia,treino
COVID-19_Radiography_Dataset/Viral Pneumonia/images/Viral Pneumonia-905.png,Viral Pneumonia,1644bb360a97248937da5d1b642309b0,kaggle.com/paultimothymooney/chest-xray-pneumonia,teste
COVID-19_Radiography_Dataset/Viral Pneumonia/images/Viral Pneumonia-906.png,Viral Pneumonia,aad71cf0004221f2847b7383897fe732,kaggle.com/paultimothymooney/chest-xray-pneumonia,validacao
COVID-19_Radiography_Dataset/Viral Pneumonia/images/Viral Pneumonia-907.png,Viral Pneumonia,259fbcad54cd92d17c8f344ca438ada4,kaggle.com/paultimothymooney/chest-xray-pneumonia,teste_confirmatorio
COVID-19_Radiography_Dataset/Viral Pneumonia/images/Viral Pneumonia-908.png,Viral Pneumonia,c9921ddc11276a199af740ec0d6d79a1,kaggle.com/paultimothymooney/chest-xray-pneumonia,treino
COVID-19_Radiography_Dataset/Viral Pneumonia/images/Viral Pneumonia-909.png,Viral Pneumonia,8ce59c0309220b3d9c8a008d8a9593d0,kaggle.com/paultimothymooney/chest-xray-pneumonia,treino
COVID-19_Radiography_Dataset/Viral Pneumonia/images/Viral Pneumonia-91.png,Viral Pneumonia,a45ff7db1d593d2e33924e178807e8a5,kaggle.com/paultimothymooney/chest-xray-pneumonia,teste
COVID-19_Radiography_Dataset/Viral Pneumonia/images/Viral Pneumonia-910.png,Viral Pneumonia,b3ac9401a79f6d617e0706f0da400f6d,kaggle.com/paultimothymooney/chest-xray-pneumonia,teste_confirmatorio
COVID-19_Radiography_Dataset/Viral Pneumonia/images/Viral Pneumonia-911.png,Viral Pneumonia,52076acab05d24a7568991a96dc26f61,kaggle.com/paultimothymooney/chest-xray-pneumonia,teste
COVID-19_Radiography_Dataset/Viral Pneumonia/images/Viral Pneumonia-912.png,Viral Pneumonia,dc187b3d4163b7f48f144bc13b14ee19,kaggle.com/paultimothymooney/chest-xray-pneumonia,teste_confirmatorio
COVID-19_Radiography_Dataset/Viral Pneumonia/images/Viral Pneumonia-913.png,Viral Pneumonia,2c03c212c71d0e93275f1e5876d75c9e,kaggle.com/paultimothymooney/chest-xray-pneumonia,teste_confirmatorio
COVID-19_Radiography_Dataset/Viral Pneumonia/images/Viral Pneumonia-914.png,Viral Pneumonia,e434d830fa95e3469def6ffbe55f1205,kaggle.com/paultimothymooney/chest-xray-pneumonia,teste_confirmatorio
COVID-19_Radiography_Dataset/Viral Pneumonia/images/Viral Pneumonia-915.png,Viral Pneumonia,6ff16370b9a72cdbdf0722ce56213e15,kaggle.com/paultimothymooney/chest-xray-pneumonia,teste
COVID-19_Radiography_Dataset/Viral Pneumonia/images/Viral Pneumonia-916.png,Viral Pneumonia,ff8f67cccb588009d5cd591220b60ddb,kaggle.com/paultimothymooney/chest-xray-pneumonia,treino
COVID-19_Radiography_Dataset/Viral Pneumonia/images/Viral Pneumonia-917.png,Viral Pneumonia,1f189a5244b66882c812895ef4c6cd42,kaggle.com/paultimothymooney/chest-xray-pneumonia,validacao
COVID-19_Radiography_Dataset/Viral Pneumonia/images/Viral Pneumonia-918.png,Viral Pneumonia,d6fb65b2f4aa08f9e144f7def25408e9,kaggle.com/paultimothymooney/chest-xray-pneumonia,teste
COVID-19_Radiography_Dataset/Viral Pneumonia/images/Viral Pneumonia-919.png,Viral Pneumonia,cd2d437b514aa131ed66d0b6c5e9a049,kaggle.com/paultimothymooney/chest-xray-pneumonia,treino
COVID-19_Radiography_Dataset/Viral Pneumonia/images/Viral Pneumonia-92.png,Viral Pneumonia,a3f53f0f9077a3e36b4fa3267c833168,kaggle.com/paultimothymooney/chest-xray-pneumonia,teste_confirmatorio
COVID-19_Radiography_Dataset/Viral Pneumonia/images/Viral Pneumonia-921.png,Viral Pneumonia,eb4849e88d0ac5ef1957f6e20b98e327,kaggle.com/paultimothymooney/chest-xray-pneumonia,teste
COVID-19_Radiography_Dataset/Viral Pneumonia/images/Viral Pneumonia-923.png,Viral Pneumonia,aba1c954a270b33e30aa738233dd8f15,kaggle.com/paultimothymooney/chest-xray-pneumonia,teste_confirmatorio
COVID-19_Radiography_Dataset/Viral Pneumonia/images/Viral Pneumonia-924.png,Viral Pneumonia,e7860b6abdcf8607f2f3a2251e31c69a,kaggle.com/paultimothymooney/chest-xray-pneumonia,teste
COVID-19_Radiography_Dataset/Viral Pneumonia/images/Viral Pneumonia-925.png,Viral Pneumonia,60f419fd333d150d6cf9c8fe88906688,kaggle.com/paultimothymooney/chest-xray-pneumonia,treino
COVID-19_Radiography_Dataset/Viral Pneumonia/images/Viral Pneumonia-926.png,Viral Pneumonia,4a8099e636b352b60f5f107a1300f03d,kaggle.com/paultimothymooney/chest-xray-pneumonia,treino
COVID-19_Radiography_Dataset/Viral Pneumonia/images/Viral Pneumonia-927.png,Viral Pneumonia,a34ac874191a7af5004ae7c09f9c1da6,kaggle.com/paultimothymooney/chest-xray-pneumonia,teste_confirmatorio
COVID-19_Radiography_Dataset/Viral Pneumonia/images/Viral Pneumonia-928.png,Viral Pneumonia,a352668ad44521cb451e233e7ccb9e4b,kaggle.com/paultimothymooney/chest-xray-pneumonia,teste_confirmatorio
COVID-19_Radiography_Dataset/Viral Pneumonia/images/Viral Pneumonia-929.png,Viral Pneumonia,60404d9bd197871299611792245d48c8,kaggle.com/paultimothymooney/chest-xray-pneumonia,treino
COVID-19_Radiography_Dataset/Viral Pneumonia/images/Viral Pneumonia-93.png,Viral Pneumonia,903dd0757f892aa8c0c4479c7b8479cc,kaggle.com/paultimothymooney/chest-xray-pneumonia,teste_confirmatorio
COVID-19_Radiography_Dataset/Viral Pneumonia/images/Viral Pneumonia-930.png,Viral Pneumonia,7d814b4a97b23cb75c0893d3d93c4a51,kaggle.com/paultimothymooney/chest-xray-pneumonia,teste
COVID-19_Radiography_Dataset/Viral Pneumonia/images/Viral Pneumonia-932.png,Viral Pneumonia,dbc8586899f9b3dd32840443fb7df100,kaggle.com/paultimothymooney/chest-xray-pneumonia,teste_confirmatorio
COVID-19_Radiography_Dataset/Viral Pneumonia/images/Viral Pneumonia-933.png,Viral Pneumonia,d380517e9b5a455f9cb24bcb8328b1fd,kaggle.com/paultimothymooney/chest-xray-pneumonia,treino
COVID-19_Radiography_Dataset/Viral Pneumonia/images/Viral Pneumonia-935.png,Viral Pneumonia,b9587bbbd0ac3a5960361ebcc11e4efd,kaggle.com/paultimothymooney/chest-xray-pneumonia,validacao
COVID-19_Radiography_Dataset/Viral Pneumonia/images/Viral Pneumonia-937.png,Viral Pneumonia,311609f949eb7956e54910ac491df7ef,kaggle.com/paultimothymooney/chest-xray-pneumonia,teste
COVID-19_Radiography_Dataset/Viral Pneumonia/images/Viral Pneumonia-938.png,Viral Pneumonia,62b9e0d37f836425cb82f43c26d174fa,kaggle.com/paultimothymooney/chest-xray-pneumonia,teste
COVID-19_Radiography_Dataset/Viral Pneumonia/images/Viral Pneumonia-939.png,Viral Pneumonia,60267315452b8a6f1e95bb966a7bbf0f,kaggle.com/paultimothymooney/chest-xray-pneumonia,validacao
COVID-19_Radiography_Dataset/Viral Pneumonia/images/Viral Pneumonia-94.png,Viral Pneumonia,5bba48eb14aa2810bbd7916558f0c4be,kaggle.com/paultimothymooney/chest-xray-pneumonia,treino
COVID-19_Radiography_Dataset/Viral Pneumonia/images/Viral Pneumonia-940.png,Viral Pneumonia,c6378cf937df123b0a078ed12e0ffb3a,kaggle.com/paultimothymooney/chest-xray-pneumonia,teste
COVID-19_Radiography_Dataset/Viral Pneumonia/images/Viral Pneumonia-941.png,Viral Pneumonia,354fcfa5c724b6c0816203e12ec1625e,kaggle.com/paultimothymooney/chest-xray-pneumonia,treino
COVID-19_Radiography_Dataset/Viral Pneumonia/images/Viral Pneumonia-943.png,Viral Pneumonia,9838de439bc4a0a09094180d3e0ea1a5,kaggle.com/paultimothymooney/chest-xray-pneumonia,teste_confirmatorio
COVID-19_Radiography_Dataset/Viral Pneumonia/images/Viral Pneumonia-945.png,Viral Pneumonia,c56c912c6771ec412d73f21aa4c36070,kaggle.com/paultimothymooney/chest-xray-pneumonia,teste_confirmatorio
COVID-19_Radiography_Dataset/Viral Pneumonia/images/Viral Pneumonia-946.png,Viral Pneumonia,4b28c08ff9176675f528be7baa9bf726,kaggle.com/paultimothymooney/chest-xray-pneumonia,teste
COVID-19_Radiography_Dataset/Viral Pneumonia/images/Viral Pneumonia-947.png,Viral Pneumonia,96208f6c4eabedfaaae723a1938240ab,kaggle.com/paultimothymooney/chest-xray-pneumonia,teste_confirmatorio
COVID-19_Radiography_Dataset/Viral Pneumonia/images/Viral Pneumonia-949.png,Viral Pneumonia,1e8d4249a2a63e43564119f699c34595,kaggle.com/paultimothymooney/chest-xray-pneumonia,teste_confirmatorio
COVID-19_Radiography_Dataset/Viral Pneumonia/images/Viral Pneumonia-95.png,Viral Pneumonia,d3f63d8d130037c1d32cd7234d053c4d,kaggle.com/paultimothymooney/chest-xray-pneumonia,validacao
COVID-19_Radiography_Dataset/Viral Pneumonia/images/Viral Pneumonia-950.png,Viral Pneumonia,f60450b3ff6010288691bfec62600c35,kaggle.com/paultimothymooney/chest-xray-pneumonia,teste
COVID-19_Radiography_Dataset/Viral Pneumonia/images/Viral Pneumonia-951.png,Viral Pneumonia,6d7d4474f65c70c3f7d8e117a5461cef,kaggle.com/paultimothymooney/chest-xray-pneumonia,teste
COVID-19_Radiography_Dataset/Viral Pneumonia/images/Viral Pneumonia-957.png,Viral Pneumonia,b914c647d7e18227adf483d5edcf7076,kaggle.com/paultimothymooney/chest-xray-pneumonia,validacao
COVID-19_Radiography_Dataset/Viral Pneumonia/images/Viral Pneumonia-959.png,Viral Pneumonia,95d9ab2b16b7230e43c4b66e26225945,kaggle.com/paultimothymooney/chest-xray-pneumonia,teste
COVID-19_Radiography_Dataset/Viral Pneumonia/images/Viral Pneumonia-960.png,Viral Pneumonia,fa9491c582ed4995dc17a3a2efb7b511,kaggle.com/paultimothymooney/chest-xray-pneumonia,teste_confirmatorio
COVID-19_Radiography_Dataset/Viral Pneumonia/images/Viral Pneumonia-961.png,Viral Pneumonia,79c8ba1f406a111b39c45260a58ba383,kaggle.com/paultimothymooney/chest-xray-pneumonia,teste
COVID-19_Radiography_Dataset/Viral Pneumonia/images/Viral Pneumonia-963.png,Viral Pneumonia,9919753c0e7a85f4622671349b8c95b2,kaggle.com/paultimothymooney/chest-xray-pneumonia,teste
COVID-19_Radiography_Dataset/Viral Pneumonia/images/Viral Pneumonia-964.png,Viral Pneumonia,2e377003bc77f1e91a45e41ca427d747,kaggle.com/paultimothymooney/chest-xray-pneumonia,teste
COVID-19_Radiography_Dataset/Viral Pneumonia/images/Viral Pneumonia-965.png,Viral Pneumonia,863c63af43a6513f89f8228c4bf5ae9f,kaggle.com/paultimothymooney/chest-xray-pneumonia,treino
COVID-19_Radiography_Dataset/Viral Pneumonia/images/Viral Pneumonia-966.png,Viral Pneumonia,e8b71beda5154d7114c2fec9efa5b2fa,kaggle.com/paultimothymooney/chest-xray-pneumonia,validacao
COVID-19_Radiography_Dataset/Viral Pneumonia/images/Viral Pneumonia-967.png,Viral Pneumonia,863f7b64baf9f3988bede981ccb66f26,kaggle.com/paultimothymooney/chest-xray-pneumonia,teste
COVID-19_Radiography_Dataset/Viral Pneumonia/images/Viral Pneumonia-968.png,Viral Pneumonia,b725012a4bf870a715c78e06e28cb940,kaggle.com/paultimothymooney/chest-xray-pneumonia,teste
COVID-19_Radiography_Dataset/Viral Pneumonia/images/Viral Pneumonia-969.png,Viral Pneumonia,e62df262598e75f341d4d6a5810507ec,kaggle.com/paultimothymooney/chest-xray-pneumonia,treino
COVID-19_Radiography_Dataset/Viral Pneumonia/images/Viral Pneumonia-970.png,Viral Pneumonia,2a547e7d108ee876b04797cd89680471,kaggle.com/paultimothymooney/chest-xray-pneumonia,validacao
COVID-19_Radiography_Dataset/Viral Pneumonia/images/Viral Pneumonia-972.png,Viral Pneumonia,ec68775e4b04d01d5f21fe09322a3153,kaggle.com/paultimothymooney/chest-xray-pneumonia,validacao
COVID-19_Radiography_Dataset/Viral Pneumonia/images/Viral Pneumonia-973.png,Viral Pneumonia,cfa6151f580ec8bfbe748cab12a312eb,kaggle.com/paultimothymooney/chest-xray-pneumonia,teste
COVID-19_Radiography_Dataset/Viral Pneumonia/images/Viral Pneumonia-974.png,Viral Pneumonia,dd777cc89e676b75f52c097ad9807b8e,kaggle.com/paultimothymooney/chest-xray-pneumonia,teste_confirmatorio
COVID-19_Radiography_Dataset/Viral Pneumonia/images/Viral Pneumonia-975.png,Viral Pneumonia,67aede6714b69e6594ff2ad3049bd131,kaggle.com/paultimothymooney/chest-xray-pneumonia,teste_confirmatorio
COVID-19_Radiography_Dataset/Viral Pneumonia/images/Viral Pneumonia-976.png,Viral Pneumonia,53aada94db3a9991533f064c96c7ab3a,kaggle.com/paultimothymooney/chest-xray-pneumonia,teste
COVID-19_Radiography_Dataset/Viral Pneumonia/images/Viral Pneumonia-977.png,Viral Pneumonia,5c59ddd1e7956c90fd9b072341b15bd4,kaggle.com/paultimothymooney/chest-xray-pneumonia,treino
COVID-19_Radiography_Dataset/Viral Pneumonia/images/Viral Pneumonia-978.png,Viral Pneumonia,4563c8c36ed4161d7a1065b254a9ff11,kaggle.com/paultimothymooney/chest-xray-pneumonia,teste
COVID-19_Radiography_Dataset/Viral Pneumonia/images/Viral Pneumonia-98.png,Viral Pneumonia,623be48ea28f1c875af79eff8d757051,kaggle.com/paultimothymooney/chest-xray-pneumonia,teste
COVID-19_Radiography_Dataset/Viral Pneumonia/images/Viral Pneumonia-980.png,Viral Pneumonia,800c0e8923715b37b8c47ae017f5772f,kaggle.com/paultimothymooney/chest-xray-pneumonia,teste_confirmatorio
COVID-19_Radiography_Dataset/Viral Pneumonia/images/Viral Pneumonia-982.png,Viral Pneumonia,9d3893eb20389d484251ffef02fa0b3d,kaggle.com/paultimothymooney/chest-xray-pneumonia,teste_confirmatorio
COVID-19_Radiography_Dataset/Viral Pneumonia/images/Viral Pneumonia-983.png,Viral Pneumonia,62bbc965bf8c8fc6d640b1f6ae98ddbd,kaggle.com/paultimothymooney/chest-xray-pneumonia,teste_confirmatorio
COVID-19_Radiography_Dataset/Viral Pneumonia/images/Viral Pneumonia-984.png,Viral Pneumonia,9aec9692bc25d64c6caa711103ab263b,kaggle.com/paultimothymooney/chest-xray-pneumonia,teste
COVID-19_Radiography_Dataset/Viral Pneumonia/images/Viral Pneumonia-985.png,Viral Pneumonia,2dc69d781a0d072ac5b71b4636764ce7,kaggle.com/paultimothymooney/chest-xray-pneumonia,teste
COVID-19_Radiography_Dataset/Viral Pneumonia/images/Viral Pneumonia-986.png,Viral Pneumonia,ce1fea34442492b85f05cae5347f6061,kaggle.com/paultimothymooney/chest-xray-pneumonia,teste
COVID-19_Radiography_Dataset/Viral Pneumonia/images/Viral Pneumonia-987.png,Viral Pneumonia,3c4c2babd5732e926790c5a8beafd91d,kaggle.com/paultimothymooney/chest-xray-pneumonia,teste
COVID-19_Radiography_Dataset/Viral Pneumonia/images/Viral Pneumonia-988.png,Viral Pneumonia,5f76b3c2b79c73027ffd5e4151fe49c0,kaggle.com/paultimothymooney/chest-xray-pneumonia,teste_confirmatorio
COVID-19_Radiography_Dataset/Viral Pneumonia/images/Viral Pneumonia-989.png,Viral Pneumonia,629606c6993e91449066ab7e530a220e,kaggle.com/paultimothymooney/chest-xray-pneumonia,validacao
COVID-19_Radiography_Dataset/Viral Pneumonia/images/Viral Pneumonia-99.png,Viral Pneumonia,78e6e601fc379375b3107bf5a9d35c41,kaggle.com/paultimothymooney/chest-xray-pneumonia,teste
COVID-19_Radiography_Dataset/Viral Pneumonia/images/Viral Pneumonia-992.png,Viral Pneumonia,7a0b1d4e2adeb3d7821d675b4b14b6d5,kaggle.com/paultimothymooney/chest-xray-pneumonia,treino
COVID-19_Radiography_Dataset/Viral Pneumonia/images/Viral Pneumonia-993.png,Viral Pneumonia,36e0fb621fdd3a6936a93c06d3ee9f8c,kaggle.com/paultimothymooney/chest-xray-pneumonia,treino
COVID-19_Radiography_Dataset/Viral Pneumonia/images/Viral Pneumonia-994.png,Viral Pneumonia,d06a56f63ec73c0b45e3688fc7d9a174,kaggle.com/paultimothymooney/chest-xray-pneumonia,validacao
COVID-19_Radiography_Dataset/Viral Pneumonia/images/Viral Pneumonia-996.png,Viral Pneumonia,f5b2a4a3a3ff4efca48cb41f9ef74ce3,kaggle.com/paultimothymooney/chest-xray-pneumonia,teste
COVID-19_Radiography_Dataset/Viral Pneumonia/images/Viral Pneumonia-997.png,Viral Pneumonia,06057f9a26f657073f446e0650668d5c,kaggle.com/paultimothymooney/chest-xray-pneumonia,teste_confirmatorio
COVID-19_Radiography_Dataset/COVID/images/COVID-1.png,COVID,f562f6a6290c0a8e27afc9f994625380,sirm.org,validacao
COVID-19_Radiography_Dataset/COVID/images/COVID-1008.png,COVID,d943b445e77b1322989f67980e4c3442,github.com,teste_confirmatorio
COVID-19_Radiography_Dataset/COVID/images/COVID-1010.png,COVID,eda7c8d33a7b248b5aed2ffe7da9f0cc,github.com,teste
COVID-19_Radiography_Dataset/COVID/images/COVID-1011.png,COVID,1f6cea7496fed4e1aa8f93f7eb9ae7c5,github.com,validacao
COVID-19_Radiography_Dataset/COVID/images/COVID-1013.png,COVID,64a5bbe062c9ccd69a3b854d92f92ca8,github.com,teste
COVID-19_Radiography_Dataset/COVID/images/COVID-1017.png,COVID,ae32ccc653e4e84308d8e05a810dc7e2,github.com,teste_confirmatorio
COVID-19_Radiography_Dataset/COVID/images/COVID-1020.png,COVID,0b7a97c505f1f8250be9e0914221ec9a,github.com,teste_confirmatorio
COVID-19_Radiography_Dataset/COVID/images/COVID-1021.png,COVID,3d016c3a3d079a00f6bb190299644a9d,github.com,teste
COVID-19_Radiography_Dataset/COVID/images/COVID-1025.png,COVID,1e5199f2c06c5c131309f8d2e67ed63e,github.com,teste
COVID-19_Radiography_Dataset/COVID/images/COVID-1027.png,COVID,5ece33729cf3c03f30b8d86f11fb80db,github.com,teste
COVID-19_Radiography_Dataset/COVID/images/COVID-1031.png,COVID,0585d2567cb15521a2160828926f7ed3,github.com,validacao
COVID-19_Radiography_Dataset/COVID/images/COVID-1034.png,COVID,7003b2fb37b33eff77c666236dd8dfc7,github.com,treino
COVID-19_Radiography_Dataset/COVID/images/COVID-1038.png,COVID,8489cc060ca2a30cc3703b9809e4e5d3,github.com,teste
COVID-19_Radiography_Dataset/COVID/images/COVID-1043.png,COVID,57fe93f9a07c4e6b0254eb3a3cffc60e,github.com,validacao
COVID-19_Radiography_Dataset/COVID/images/COVID-1044.png,COVID,03bde6766e6a5429d9c792683829fe80,github.com,teste
COVID-19_Radiography_Dataset/COVID/images/COVID-1045.png,COVID,c774f3e94c420870d5937a26ede1379f,github.com,teste
COVID-19_Radiography_Dataset/COVID/images/COVID-1051.png,COVID,c532b87701be2044072e45feb4cb2c67,github.com,validacao
COVID-19_Radiography_Dataset/COVID/images/COVID-1052.png,COVID,5825db2e8b174c3aebed918c8192d62d,github.com,validacao
COVID-19_Radiography_Dataset/COVID/images/COVID-1053.png,COVID,23828496f8808117cc852892543afa52,github.com,teste_confirmatorio
COVID-19_Radiography_Dataset/COVID/images/COVID-1055.png,COVID,574bcad72ebf059355378a4d9c594016,github.com,teste
COVID-19_Radiography_Dataset/COVID/images/COVID-1061.png,COVID,4d8844b1e01521ebb56668a3620dd606,github.com,teste
COVID-19_Radiography_Dataset/COVID/images/COVID-1064.png,COVID,868c8b02a17fa6e9bf201e4e880d91ff,github.com,validacao
COVID-19_Radiography_Dataset/COVID/images/COVID-1067.png,COVID,1ed4803fe8c8f810b81c4f087a35c89b,github.com,teste
COVID-19_Radiography_Dataset/COVID/images/COVID-1070.png,COVID,e3462978bc7844c3b6e2e339512fc231,github.com,teste
COVID-19_Radiography_Dataset/COVID/images/COVID-1076.png,COVID,8a801ac4df1ed73d85063599bb9e5fbd,github.com,treino
COVID-19_Radiography_Dataset/COVID/images/COVID-1078.png,COVID,6f6b202143ddcdc1d1a6847314750b07,github.com,teste_confirmatorio
COVID-19_Radiography_Dataset/COVID/images/COVID-1079.png,COVID,10da2f32915318886e6e99736e36345f,github.com,teste_confirmatorio
COVID-19_Radiography_Dataset/COVID/images/COVID-1082.png,COVID,b33c65ed8b6880f8b22365704d4afced,github.com,teste
COVID-19_Radiography_Dataset/COVID/images/COVID-1083.png,COVID,ab5e260348cef86843c3664fa36bc466,github.com,teste_confirmatorio
COVID-19_Radiography_Dataset/COVID/images/COVID-1084.png,COVID,7e31361ecad80a70bb3c928c7f1381ee,github.com,teste_confirmatorio
COVID-19_Radiography_Dataset/COVID/images/COVID-1088.png,COVID,09b276ab39ce7598ab40440f0881e1e3,github.com,teste_confirmatorio
COVID-19_Radiography_Dataset/COVID/images/COVID-1090.png,COVID,0dbd95f8d23d7e307d39f21465079281,github.com,teste
COVID-19_Radiography_Dataset/COVID/images/COVID-1091.png,COVID,85105e98d54408af74da55fbd986c737,github.com,teste_confirmatorio
COVID-19_Radiography_Dataset/COVID/images/COVID-1095.png,COVID,be6f59bac6445abba965e1d66c21ee1a,github.com,validacao
COVID-19_Radiography_Dataset/COVID/images/COVID-1103.png,COVID,8fa9de678fc2e1da46fe86c002d0c57f,github.com,validacao
COVID-19_Radiography_Dataset/COVID/images/COVID-1105.png,COVID,ac0579b9b2fade3405d0b06a8f1b085a,github.com,teste_confirmatorio
COVID-19_Radiography_Dataset/COVID/images/COVID-1110.png,COVID,964f51e136ec692cf3e2ed0060ae05c5,github.com,teste
COVID-19_Radiography_Dataset/COVID/images/COVID-1120.png,COVID,c93bf82d4e6a4efe040cc31cdd17f086,github.com,teste
COVID-19_Radiography_Dataset/COVID/images/COVID-1125.png,COVID,b7e40a76e680e8b7800595210a2c1e64,github.com,teste
COVID-19_Radiography_Dataset/COVID/images/COVID-1126.png,COVID,33278551d9c87843f1a6d79857ee20c3,github.com,teste_confirmatorio
COVID-19_Radiography_Dataset/COVID/images/COVID-113.png,COVID,5b6b3fe6c1c0f0df61795c2f87d579d1,sirm.org,teste
COVID-19_Radiography_Dataset/COVID/images/COVID-1136.png,COVID,31ccf8c346845f4fb0c60cb7b9192f59,github.com,treino
COVID-19_Radiography_Dataset/COVID/images/COVID-1137.png,COVID,df738687873ebe522bce53e2a3231c4b,github.com,teste
COVID-19_Radiography_Dataset/COVID/images/COVID-1142.png,COVID,06c32ed2e72ed0247cf47048b1e8ab1f,github.com,validacao
COVID-19_Radiography_Dataset/COVID/images/COVID-1147.png,COVID,787d54b8634d9e4103f0fa83a2fbf611,bimcv.cipf.es,validacao
COVID-19_Radiography_Dataset/COVID/images/COVID-1151.png,COVID,b877971defd62475077054280f74d12f,bimcv.cipf.es,teste
COVID-19_Radiography_Dataset/COVID/images/COVID-1155.png,COVID,c1e697205870da62fd595bfe669f8803,bimcv.cipf.es,validacao
COVID-19_Radiography_Dataset/COVID/images/COVID-1157.png,COVID,f376b79fdd04e9d98282f0ed40cc6a2e,bimcv.cipf.es,teste
COVID-19_Radiography_Dataset/COVID/images/COVID-116.png,COVID,01d0a7a57b3f1bd2545544d4cdebe08b,sirm.org,teste
COVID-19_Radiography_Dataset/COVID/images/COVID-1160.png,COVID,9c8a1befc87b5442d83d70361fc98ca8,bimcv.cipf.es,teste
COVID-19_Radiography_Dataset/COVID/images/COVID-1164.png,COVID,8d5d25ecb31ffb8ab9d76fe0000f459e,bimcv.cipf.es,teste
COVID-19_Radiography_Dataset/COVID/images/COVID-1169.png,COVID,e3e676a4d2a1a5ecdb83a0266c495597,bimcv.cipf.es,teste
COVID-19_Radiography_Dataset/COVID/images/COVID-117.png,COVID,db8956b718366177cb15895fca3fc001,sirm.org,teste
COVID-19_Radiography_Dataset/COVID/images/COVID-1177.png,COVID,21ca720beafe758279ed1e4386c88501,bimcv.cipf.es,teste
COVID-19_Radiography_Dataset/COVID/images/COVID-1179.png,COVID,828ca059fc62fb7a7edf76705105cc32,bimcv.cipf.es,teste
COVID-19_Radiography_Dataset/COVID/images/COVID-1186.png,COVID,c2231f20a550f69b1c8c97a9a5064735,bimcv.cipf.es,validacao
COVID-19_Radiography_Dataset/COVID/images/COVID-1187.png,COVID,15c291194063fb476a26930c177f4905,bimcv.cipf.es,teste
COVID-19_Radiography_Dataset/COVID/images/COVID-1188.png,COVID,2def6f314819e4cf4a3cf621e3cb8237,bimcv.cipf.es,treino
COVID-19_Radiography_Dataset/COVID/images/COVID-1190.png,COVID,03ed8e4c23a14878b96ae938dac40ac3,bimcv.cipf.es,validacao
COVID-19_Radiography_Dataset/COVID/images/COVID-1196.png,COVID,ae71ba147282916df866c5b2e0ecbefd,bimcv.cipf.es,validacao
COVID-19_Radiography_Dataset/COVID/images/COVID-12.png,COVID,7caee4a0e14e60414644eaf2f0a83aac,sirm.org,validacao
COVID-19_Radiography_Dataset/COVID/images/COVID-1203.png,COVID,b4da34e10bc6d3697ae581457266503b,bimcv.cipf.es,validacao
COVID-19_Radiography_Dataset/COVID/images/COVID-1206.png,COVID,4c5d543bff3f08e83ecc6bcb3df273b3,bimcv.cipf.es,treino
COVID-19_Radiography_Dataset/COVID/images/COVID-1210.png,COVID,dc2a148a660f3d3060bd0429162137b3,bimcv.cipf.es,teste
COVID-19_Radiography_Dataset/COVID/images/COVID-1214.png,COVID,18cef21725e4ddd77719a8553ce5e9f1,bimcv.cipf.es,validacao
COVID-19_Radiography_Dataset/COVID/images/COVID-1219.png,COVID,13921a44cf72c22eeb126fbf536d72ae,bimcv.cipf.es,teste
COVID-19_Radiography_Dataset/COVID/images/COVID-122.png,COVID,12bb9c568a910929db1369856cc1e76b,github.com,teste
COVID-19_Radiography_Dataset/COVID/images/COVID-1220.png,COVID,c132fd546e90e558a9f4a54bf5865368,bimcv.cipf.es,teste
COVID-19_Radiography_Dataset/COVID/images/COVID-1224.png,COVID,f88b3eb74e92008fa9d5d6f11c1c8436,bimcv.cipf.es,validacao
COVID-19_Radiography_Dataset/COVID/images/COVID-1226.png,COVID,a09efc21f8400b9351eb89837474d91e,bimcv.cipf.es,treino
COVID-19_Radiography_Dataset/COVID/images/COVID-1228.png,COVID,a33f27466db74abda8b354f599a6f233,bimcv.cipf.es,treino
COVID-19_Radiography_Dataset/COVID/images/COVID-1233.png,COVID,478c38c375855cff99e7e13a20b2624c,bimcv.cipf.es,teste
COVID-19_Radiography_Dataset/COVID/images/COVID-1234.png,COVID,d56fb4f2904f9ea199961467507ee19b,bimcv.cipf.es,teste_confirmatorio
COVID-19_Radiography_Dataset/COVID/images/COVID-1235.png,COVID,1d890c47a43c7de3e2dc735ab2c4dc37,bimcv.cipf.es,teste
COVID-19_Radiography_Dataset/COVID/images/COVID-1236.png,COVID,de7b828d77ef8925d8157f2e8695906f,bimcv.cipf.es,teste
COVID-19_Radiography_Dataset/COVID/images/COVID-1241.png,COVID,af132fe545c8588b605bc3090ff0bf78,bimcv.cipf.es,teste
COVID-19_Radiography_Dataset/COVID/images/COVID-1254.png,COVID,d6220f5862e5a942132461904e649f33,bimcv.cipf.es,teste_confirmatorio
COVID-19_Radiography_Dataset/COVID/images/COVID-1256.png,COVID,610c675c71cbad1155da2d5ad90de68a,bimcv.cipf.es,teste
COVID-19_Radiography_Dataset/COVID/images/COVID-1260.png,COVID,b7438a0d889940b465ca694fa6170243,bimcv.cipf.es,teste_confirmatorio
COVID-19_Radiography_Dataset/COVID/images/COVID-1265.png,COVID,2a6d05760115b8df46f85d5f6618cccf,bimcv.cipf.es,teste
COVID-19_Radiography_Dataset/COVID/images/COVID-1266.png,COVID,139e43f62de43ac1ce2fafd37543b7cc,bimcv.cipf.es,validacao
COVID-19_Radiography_Dataset/COVID/images/COVID-1267.png,COVID,acd8db3217164b704dfce0d3520e6087,bimcv.cipf.es,teste
COVID-19_Radiography_Dataset/COVID/images/COVID-1270.png,COVID,387dd21c0b6959d09bb7a1715a700d70,bimcv.cipf.es,validacao
COVID-19_Radiography_Dataset/COVID/images/COVID-1271.png,COVID,7f09ff6744a3a651bc9407bc8b8b7d02,bimcv.cipf.es,teste
COVID-19_Radiography_Dataset/COVID/images/COVID-1273.png,COVID,89e762e338c730e9d34b441a87ee00c9,bimcv.cipf.es,validacao
COVID-19_Radiography_Dataset/COVID/images/COVID-1274.png,COVID,32ee2981ba42ee53c9b38a6455aa33eb,bimcv.cipf.es,teste
COVID-19_Radiography_Dataset/COVID/images/COVID-1275.png,COVID,df53671fa1febe90cb257a7a8a4f8980,bimcv.cipf.es,teste
COVID-19_Radiography_Dataset/COVID/images/COVID-128.png,COVID,e7ab9beb8862b4d95047aec009d01e27,github.com,treino
COVID-19_Radiography_Dataset/COVID/images/COVID-1284.png,COVID,2566009e1b37586c1cb7d6c5119ecd56,bimcv.cipf.es,teste
COVID-19_Radiography_Dataset/COVID/images/COVID-1285.png,COVID,7e4a66a5f465c5e1749e5786b2c2962f,bimcv.cipf.es,validacao
COVID-19_Radiography_Dataset/COVID/images/COVID-1289.png,COVID,b87e9a5e2cb5c0c45cd1236c6a04cb2b,bimcv.cipf.es,teste
COVID-19_Radiography_Dataset/COVID/images/COVID-1293.png,COVID,171c74db6ab3c0f4acda40c485fa30d6,bimcv.cipf.es,teste_confirmatorio
COVID-19_Radiography_Dataset/COVID/images/COVID-1295.png,COVID,8220d431ba32411c3e2d106737c84554,bimcv.cipf.es,teste
COVID-19_Radiography_Dataset/COVID/images/COVID-1296.png,COVID,aa23b159e796309079642e8fc7d578d0,bimcv.cipf.es,teste
COVID-19_Radiography_Dataset/COVID/images/COVID-1299.png,COVID,feeece6fe5f6406e47f31f4aaa3313e3,bimcv.cipf.es,teste
COVID-19_Radiography_Dataset/COVID/images/COVID-13.png,COVID,982261eb78353b6e38bc7d048902891d,sirm.org,teste_confirmatorio
COVID-19_Radiography_Dataset/COVID/images/COVID-1304.png,COVID,c4256cc19b1e4481900970e30f40dee5,bimcv.cipf.es,teste
COVID-19_Radiography_Dataset/COVID/images/COVID-1310.png,COVID,e5b836ec28d9a75b0089688a35008e0b,bimcv.cipf.es,validacao
COVID-19_Radiography_Dataset/COVID/images/COVID-1314.png,COVID,7d11eaac49db88ae981fc8562a6d414f,bimcv.cipf.es,teste_confirmatorio
COVID-19_Radiography_Dataset/COVID/images/COVID-1319.png,COVID,1a7fc174cff1a56affed6957d70a6e19,bimcv.cipf.es,validacao
COVID-19_Radiography_Dataset/COVID/images/COVID-132.png,COVID,ad43c70db69f846195a92768e6bd40a7,github.com,validacao
COVID-19_Radiography_Dataset/COVID/images/COVID-1320.png,COVID,3174c8738137940c70162e3185007ba3,bimcv.cipf.es,teste_confirmatorio
COVID-19_Radiography_Dataset/COVID/images/COVID-1321.png,COVID,17accd76d797ac32dff5cd651484a6e7,bimcv.cipf.es,teste_confirmatorio
COVID-19_Radiography_Dataset/COVID/images/COVID-1323.png,COVID,12f4e27d576a3fe12aa7a5e5ac991d12,bimcv.cipf.es,teste_confirmatorio
COVID-19_Radiography_Dataset/COVID/images/COVID-1325.png,COVID,dbbe342b252f0f445028d7fbeb2fe46e,bimcv.cipf.es,teste
COVID-19_Radiography_Dataset/COVID/images/COVID-1339.png,COVID,965d776c1e3ed37162d065738c94c559,bimcv.cipf.es,teste
COVID-19_Radiography_Dataset/COVID/images/COVID-1342.png,COVID,badde6337e1890afe67f0dedc9748250,bimcv.cipf.es,validacao
COVID-19_Radiography_Dataset/COVID/images/COVID-1343.png,COVID,fa9202d745c33c79415253d7b7065732,bimcv.cipf.es,validacao
COVID-19_Radiography_Dataset/COVID/images/COVID-1345.png,COVID,2800e203a87131ae9182a6f3716feafc,bimcv.cipf.es,treino
COVID-19_Radiography_Dataset/COVID/images/COVID-1352.png,COVID,d901158e301dcb5ed2dbfdf29cfde5c5,bimcv.cipf.es,validacao
COVID-19_Radiography_Dataset/COVID/images/COVID-1359.png,COVID,25332c2a711fdadda510ab14ef05f1e0,bimcv.cipf.es,treino
COVID-19_Radiography_Dataset/COVID/images/COVID-1360.png,COVID,b019c2b026a9bbbc2d9990ccb63ed5c6,bimcv.cipf.es,teste_confirmatorio
COVID-19_Radiography_Dataset/COVID/images/COVID-1362.png,COVID,7fb8735ccd6c19f6d97f5d70a4abc7ac,bimcv.cipf.es,teste
COVID-19_Radiography_Dataset/COVID/images/COVID-1364.png,COVID,c96372f5a8e7eee16f95dd827b3c2d8b,bimcv.cipf.es,validacao
COVID-19_Radiography_Dataset/COVID/images/COVID-1373.png,COVID,df2f227992c1f7bc66f4b8216a28e240,bimcv.cipf.es,teste_confirmatorio
COVID-19_Radiography_Dataset/COVID/images/COVID-1376.png,COVID,83dca9402fa24b52682cbe571f45d626,bimcv.cipf.es,treino
COVID-19_Radiography_Dataset/COVID/images/COVID-1378.png,COVID,f48403e4eafb77354e65e137766ef370,bimcv.cipf.es,teste
COVID-19_Radiography_Dataset/COVID/images/COVID-138.png,COVID,fc9dc3a10d292cbc7b5ded974c177c88,github.com,teste
COVID-19_Radiography_Dataset/COVID/images/COVID-1383.png,COVID,e3898f052888d6e9b3c1996eb423c953,bimcv.cipf.es,teste
COVID-19_Radiography_Dataset/COVID/images/COVID-1385.png,COVID,f69853381b67a2214f85dfdbce0f5b84,bimcv.cipf.es,treino
COVID-19_Radiography_Dataset/COVID/images/COVID-1390.png,COVID,aa03b082c2a1364bbd30edf43557103f,bimcv.cipf.es,teste_confirmatorio
COVID-19_Radiography_Dataset/COVID/images/COVID-1395.png,COVID,e7b660d7f35d3c9c9f164d47ea68e58c,bimcv.cipf.es,teste_confirmatorio
COVID-19_Radiography_Dataset/COVID/images/COVID-14.png,COVID,7c12039720e57338dc54ba691c2efae2,sirm.org,teste
COVID-19_Radiography_Dataset/COVID/images/COVID-1401.png,COVID,616f35953b7e8e5b89de7751d6c00559,bimcv.cipf.es,teste
COVID-19_Radiography_Dataset/COVID/images/COVID-1405.png,COVID,0360307239984739d0712c2f5dc815cb,bimcv.cipf.es,teste_confirmatorio
COVID-19_Radiography_Dataset/COVID/images/COVID-1408.png,COVID,c6cae37b4c6132ecd7a7d0b7ce28c7f6,bimcv.cipf.es,teste
COVID-19_Radiography_Dataset/COVID/images/COVID-1410.png,COVID,99d69a0d9521d1df8cccf23c953554ec,bimcv.cipf.es,teste
COVID-19_Radiography_Dataset/COVID/images/COVID-1424.png,COVID,63c51318a88f9a471c9467d3d0fb1516,bimcv.cipf.es,teste_confirmatorio
COVID-19_Radiography_Dataset/COVID/images/COVID-1428.png,COVID,1a71168021b3d073e7f00ade5d77e121,bimcv.cipf.es,treino
COVID-19_Radiography_Dataset/COVID/images/COVID-1430.png,COVID,f19dca25b9bc6e918fa08c3f793ac888,bimcv.cipf.es,teste_confirmatorio
COVID-19_Radiography_Dataset/COVID/images/COVID-1431.png,COVID,4be7a6fe5214a4ae5aa5cf4bd5bb60c1,bimcv.cipf.es,teste
COVID-19_Radiography_Dataset/COVID/images/COVID-1434.png,COVID,43fd1496191d9ff8eef4aba04733b48d,bimcv.cipf.es,teste
COVID-19_Radiography_Dataset/COVID/images/COVID-1447.png,COVID,733ff7dbc13e41ba78ad5d5f1891ed7c,bimcv.cipf.es,validacao
COVID-19_Radiography_Dataset/COVID/images/COVID-145.png,COVID,13766f635aed65dea7fb80c5aa45da48,github.com,teste_confirmatorio
COVID-19_Radiography_Dataset/COVID/images/COVID-1451.png,COVID,315c15a4339da159de0d347c8ee6d138,bimcv.cipf.es,teste
COVID-19_Radiography_Dataset/COVID/images/COVID-1452.png,COVID,d331b759a2670d4521e14e01c86975a3,bimcv.cipf.es,teste
COVID-19_Radiography_Dataset/COVID/images/COVID-1459.png,COVID,71a80ea675553f9dc98f20d88c2696c0,bimcv.cipf.es,teste
COVID-19_Radiography_Dataset/COVID/images/COVID-1465.png,COVID,c89f423ab472b300a5fb34390a223e21,bimcv.cipf.es,teste_confirmatorio
COVID-19_Radiography_Dataset/COVID/images/COVID-1467.png,COVID,bebf45ae92fc87e7f5e600443e6c8195,bimcv.cipf.es,validacao
COVID-19_Radiography_Dataset/COVID/images/COVID-1468.png,COVID,62b10f71df6cf53895f98bab6f0f3dc9,bimcv.cipf.es,teste
COVID-19_Radiography_Dataset/COVID/images/COVID-147.png,COVID,5326a366a38dcc93ae1e03397f27bb8e,github.com,teste_confirmatorio
COVID-19_Radiography_Dataset/COVID/images/COVID-1470.png,COVID,67aa7a49a612fd4caed0f30b822816dc,bimcv.cipf.es,validacao
COVID-19_Radiography_Dataset/COVID/images/COVID-1472.png,COVID,160bf3971c3e9713ad72d2f1cea40fe5,bimcv.cipf.es,treino
COVID-19_Radiography_Dataset/COVID/images/COVID-1473.png,COVID,a2a1a1342cf308b8b157dc2503acf8b9,bimcv.cipf.es,teste
COVID-19_Radiography_Dataset/COVID/images/COVID-1478.png,COVID,8947d159a6832b83a50a4e3477b646bc,bimcv.cipf.es,teste_confirmatorio
COVID-19_Radiography_Dataset/COVID/images/COVID-1480.png,COVID,1f78a9680529ff8c30382f03e93e07fd,bimcv.cipf.es,validacao
COVID-19_Radiography_Dataset/COVID/images/COVID-1487.png,COVID,3fc58f74a433ae258b89322587be91b3,bimcv.cipf.es,validacao
COVID-19_Radiography_Dataset/COVID/images/COVID-1489.png,COVID,ab2bdb23913442e6372df206acbea34c,bimcv.cipf.es,teste_confirmatorio
COVID-19_Radiography_Dataset/COVID/images/COVID-1497.png,COVID,59e3a96c647293373b22ebdcbc11a0da,bimcv.cipf.es,teste
COVID-19_Radiography_Dataset/COVID/images/COVID-15.png,COVID,49cf4d6e32935cdccdabea90ff6ff444,sirm.org,teste_confirmatorio
COVID-19_Radiography_Dataset/COVID/images/COVID-1503.png,COVID,7edee20094cac3168b39e5954758b5c4,bimcv.cipf.es,treino
COVID-19_Radiography_Dataset/COVID/images/COVID-1507.png,COVID,11ad4d19236c48ae955235628bcf7f05,bimcv.cipf.es,teste
COVID-19_Radiography_Dataset/COVID/images/COVID-1508.png,COVID,3a4bd4384728c3b183be5ee63b67ae66,bimcv.cipf.es,treino
COVID-19_Radiography_Dataset/COVID/images/COVID-1512.png,COVID,93656ae557d99faa03ed642f4839b4de,bimcv.cipf.es,teste
COVID-19_Radiography_Dataset/COVID/images/COVID-1515.png,COVID,017e8b31c2cbf0f645f68af6c4d4e2ad,bimcv.cipf.es,validacao
COVID-19_Radiography_Dataset/COVID/images/COVID-1522.png,COVID,94a96c2bd2e0209260d90b4de35049a5,bimcv.cipf.es,teste
COVID-19_Radiography_Dataset/COVID/images/COVID-1523.png,COVID,c88510a87adcdfaba28418913bf2dae8,bimcv.cipf.es,validacao
COVID-19_Radiography_Dataset/COVID/images/COVID-1530.png,COVID,7d4dd63fe74a62154acb67518d2cacb3,bimcv.cipf.es,teste_confirmatorio
COVID-19_Radiography_Dataset/COVID/images/COVID-1531.png,COVID,ff00f453029b6f11ad0bed4dad1abf13,bimcv.cipf.es,teste
COVID-19_Radiography_Dataset/COVID/images/COVID-1532.png,COVID,d63101b16793b56c4c78640e75554cf4,bimcv.cipf.es,teste_confirmatorio
COVID-19_Radiography_Dataset/COVID/images/COVID-1533.png,COVID,436186eb15a37346243f6a87fb18bf95,bimcv.cipf.es,validacao
COVID-19_Radiography_Dataset/COVID/images/COVID-1534.png,COVID,39e37ee3d04f416ae32bce9bcb8d1f01,bimcv.cipf.es,teste
COVID-19_Radiography_Dataset/COVID/images/COVID-1536.png,COVID,2591443e5329198eb4f13e53f7ab173d,bimcv.cipf.es,teste_confirmatorio
COVID-19_Radiography_Dataset/COVID/images/COVID-1537.png,COVID,b8d11d0f06aaf62ee81c17ecb4b01458,bimcv.cipf.es,teste_confirmatorio
COVID-19_Radiography_Dataset/COVID/images/COVID-1548.png,COVID,113923b09af0bed2f16c7e19a121a24b,bimcv.cipf.es,treino
COVID-19_Radiography_Dataset/COVID/images/COVID-1555.png,COVID,082a849a257baba11555e12824d6484c,bimcv.cipf.es,treino
COVID-19_Radiography_Dataset/COVID/images/COVID-156.png,COVID,2743bdcef206ed04c5eb7b2688d61172,github.com,teste_confirmatorio
COVID-19_Radiography_Dataset/COVID/images/COVID-1560.png,COVID,c3749bb6160cc50aaa37ed52768b3a35,bimcv.cipf.es,teste
COVID-19_Radiography_Dataset/COVID/images/COVID-1562.png,COVID,9618e960dacc99863da202b48268d548,bimcv.cipf.es,teste_confirmatorio
COVID-19_Radiography_Dataset/COVID/images/COVID-1564.png,COVID,8a293a2101176c2d72cb3910562dd6ef,bimcv.cipf.es,teste
COVID-19_Radiography_Dataset/COVID/images/COVID-1567.png,COVID,28a44d043c8f9946fb5579cb360016bc,bimcv.cipf.es,validacao
COVID-19_Radiography_Dataset/COVID/images/COVID-1569.png,COVID,c2f0a3a134d296523641588d345f95d4,bimcv.cipf.es,validacao
COVID-19_Radiography_Dataset/COVID/images/COVID-1570.png,COVID,2dd55357053dcd8465d8d5d2214e827b,bimcv.cipf.es,teste_confirmatorio
COVID-19_Radiography_Dataset/COVID/images/COVID-1573.png,COVID,1e75b623dbfeca04172cdbdebe9972ec,bimcv.cipf.es,teste_confirmatorio
COVID-19_Radiography_Dataset/COVID/images/COVID-1577.png,COVID,eb219ed0cafbee74e03872430f6779a0,bimcv.cipf.es,validacao
COVID-19_Radiography_Dataset/COVID/images/COVID-1579.png,COVID,6a72ccd181d377e6a1bca1d07db92f09,bimcv.cipf.es,teste
COVID-19_Radiography_Dataset/COVID/images/COVID-158.png,COVID,ed2ac741134fd31097fe47cc2af85f13,github.com,teste
COVID-19_Radiography_Dataset/COVID/images/COVID-1582.png,COVID,da7e0136ec2ba366475e0391b7d71fc8,bimcv.cipf.es,treino
COVID-19_Radiography_Dataset/COVID/images/COVID-1587.png,COVID,0be1ccc226b6141fe9e7ef429899dcfa,bimcv.cipf.es,validacao
COVID-19_Radiography_Dataset/COVID/images/COVID-1588.png,COVID,439957463830f0e2f108829b36f35a82,bimcv.cipf.es,teste
COVID-19_Radiography_Dataset/COVID/images/COVID-1597.png,COVID,d97d6c540cb7c10942a10e6cd6d84ec6,bimcv.cipf.es,teste
COVID-19_Radiography_Dataset/COVID/images/COVID-1598.png,COVID,8b13c344c79b8783e3ba367cfc0fd4c9,bimcv.cipf.es,validacao
COVID-19_Radiography_Dataset/COVID/images/COVID-1610.png,COVID,e47a81dae3b13b681634c67242873ef5,bimcv.cipf.es,teste_confirmatorio
COVID-19_Radiography_Dataset/COVID/images/COVID-1618.png,COVID,47f19112d6b4f28cb2d89598324a1a97,bimcv.cipf.es,teste_confirmatorio
COVID-19_Radiography_Dataset/COVID/images/COVID-1632.png,COVID,1dd95eff977a11eedb54c3fea10405ec,bimcv.cipf.es,teste
COVID-19_Radiography_Dataset/COVID/images/COVID-1633.png,COVID,60516df713f85b4d63417c72a7db4818,bimcv.cipf.es,teste_confirmatorio
COVID-19_Radiography_Dataset/COVID/images/COVID-1635.png,COVID,bad0f8278866aa2a9a97a9f4e9224021,bimcv.cipf.es,teste_confirmatorio
COVID-19_Radiography_Dataset/COVID/images/COVID-1638.png,COVID,28321b885a672d6854ffbd9e9befc154,bimcv.cipf.es,treino
COVID-19_Radiography_Dataset/COVID/images/COVID-1640.png,COVID,8630c68e8ca1c8091a7fdb7354cae96f,bimcv.cipf.es,teste
COVID-19_Radiography_Dataset/COVID/images/COVID-1648.png,COVID,91359e76aee644d5c6f5efc66e404164,bimcv.cipf.es,treino
COVID-19_Radiography_Dataset/COVID/images/COVID-1649.png,COVID,938d8a594411cb2e22a36ab8e871b219,bimcv.cipf.es,teste_confirmatorio
COVID-19_Radiography_Dataset/COVID/images/COVID-1652.png,COVID,34f95933f281bba2ba7060e65290e22d,bimcv.cipf.es,teste_confirmatorio
COVID-19_Radiography_Dataset/COVID/images/COVID-1653.png,COVID,1fcbda6855d97745c1344a1f7c1f7343,bimcv.cipf.es,teste
COVID-19_Radiography_Dataset/COVID/images/COVID-1664.png,COVID,c2b7ceb78c9b47f99a89f326692e8f74,bimcv.cipf.es,teste
COVID-19_Radiography_Dataset/COVID/images/COVID-1670.png,COVID,7d3188efe93a3a721e65ae7f497d8149,bimcv.cipf.es,teste
COVID-19_Radiography_Dataset/COVID/images/COVID-1676.png,COVID,7efc9017f4d239edc7a322bfb2b3b664,bimcv.cipf.es,teste
COVID-19_Radiography_Dataset/COVID/images/COVID-1679.png,COVID,3cc2e59b0216d29728616699b5299b5d,bimcv.cipf.es,validacao
COVID-19_Radiography_Dataset/COVID/images/COVID-168.png,COVID,a046aa9ba6359f948ffcbbc5091077f7,github.com,teste_confirmatorio
COVID-19_Radiography_Dataset/COVID/images/COVID-1683.png,COVID,3b9cb95aa2f2c1abffe15e45555af339,bimcv.cipf.es,teste_confirmatorio
COVID-19_Radiography_Dataset/COVID/images/COVID-1684.png,COVID,0e37e76b484b7249044ecf46a3a2d9ba,bimcv.cipf.es,teste
COVID-19_Radiography_Dataset/COVID/images/COVID-1686.png,COVID,2440fa05a3a85c6ea8cf2ba809dee90b,bimcv.cipf.es,teste
COVID-19_Radiography_Dataset/COVID/images/COVID-1690.png,COVID,c6a7d87b9480fa2ea25a69df1100eb1c,bimcv.cipf.es,teste
COVID-19_Radiography_Dataset/COVID/images/COVID-1693.png,COVID,9938042c70aee254c25fcc23a678ade9,bimcv.cipf.es,validacao
COVID-19_Radiography_Dataset/COVID/images/COVID-1697.png,COVID,06e1da62dd2f4ef6673aa4fd11edf6f4,bimcv.cipf.es,teste_confirmatorio
COVID-19_Radiography_Dataset/COVID/images/COVID-17.png,COVID,ad723892b73506714660bf9ae4bd8729,sirm.org,treino
COVID-19_Radiography_Dataset/COVID/images/COVID-1704.png,COVID,ff1cd7c077a99c0b6a084396c7fc4f41,bimcv.cipf.es,teste_confirmatorio
COVID-19_Radiography_Dataset/COVID/images/COVID-1709.png,COVID,8bea53a4408aa2e108f667daf5adda7a,bimcv.cipf.es,teste_confirmatorio
COVID-19_Radiography_Dataset/COVID/images/COVID-1713.png,COVID,26e1a989a0a4d1439df760ba006f1f3a,bimcv.cipf.es,teste_confirmatorio
COVID-19_Radiography_Dataset/COVID/images/COVID-1716.png,COVID,5d7a6bc179ced1cce20ed93c4f1a1eeb,bimcv.cipf.es,validacao
COVID-19_Radiography_Dataset/COVID/images/COVID-1717.png,COVID,92a199ff08b2317e9960b83dbc693267,bimcv.cipf.es,teste
COVID-19_Radiography_Dataset/COVID/images/COVID-1718.png,COVID,4cfb97e587a89460256173e219ffd10a,bimcv.cipf.es,teste
COVID-19_Radiography_Dataset/COVID/images/COVID-1720.png,COVID,dda1c26f7599be49d80c68f45818503d,bimcv.cipf.es,teste_confirmatorio
COVID-19_Radiography_Dataset/COVID/images/COVID-1721.png,COVID,b98cb257c3b7174abec3bdffc750c354,bimcv.cipf.es,teste_confirmatorio
COVID-19_Radiography_Dataset/COVID/images/COVID-1729.png,COVID,85483548e24efa9405cd2fed476b3724,bimcv.cipf.es,teste_confirmatorio
COVID-19_Radiography_Dataset/COVID/images/COVID-173.png,COVID,ba5dd9a06ddeec3ba77b695fc71bf81b,github.com,teste_confirmatorio
COVID-19_Radiography_Dataset/COVID/images/COVID-1732.png,COVID,08d1fa3f89554b354d2b9df615830033,bimcv.cipf.es,teste
COVID-19_Radiography_Dataset/COVID/images/COVID-1733.png,COVID,aa4635fc36cc3557664557d211f98fa5,bimcv.cipf.es,teste_confirmatorio
COVID-19_Radiography_Dataset/COVID/images/COVID-1734.png,COVID,f146d69faa041c9023999d1a5f97c81f,bimcv.cipf.es,validacao
COVID-19_Radiography_Dataset/COVID/images/COVID-1736.png,COVID,dbb176629f1b5bdfb1d3d3bbade10283,bimcv.cipf.es,teste
COVID-19_Radiography_Dataset/COVID/images/COVID-1743.png,COVID,82fcc7d0eaffebaa9ae710e2a5400a28,bimcv.cipf.es,teste_confirmatorio
COVID-19_Radiography_Dataset/COVID/images/COVID-1746.png,COVID,feb338d408721c95654ade6b9331fed7,bimcv.cipf.es,validacao
COVID-19_Radiography_Dataset/COVID/images/COVID-1747.png,COVID,818e58e7e635b204929482c20b3f9971,bimcv.cipf.es,teste_confirmatorio
COVID-19_Radiography_Dataset/COVID/images/COVID-1754.png,COVID,58796026b8d80ece25c094bc4e656a94,bimcv.cipf.es,teste
COVID-19_Radiography_Dataset/COVID/images/COVID-1759.png,COVID,1ffa887da6d43fcd8b2c3b3d772887df,bimcv.cipf.es,teste
COVID-19_Radiography_Dataset/COVID/images/COVID-176.png,COVID,701fa3e5a51970d87271e029526d0d56,github.com,teste
COVID-19_Radiography_Dataset/COVID/images/COVID-1766.png,COVID,00ea43dae61d135330f0ca8c9254169d,bimcv.cipf.es,teste
COVID-19_Radiography_Dataset/COVID/images/COVID-1781.png,COVID,5f36189a0dfb330ddfb9b73f12de58c8,bimcv.cipf.es,teste_confirmatorio
COVID-19_Radiography_Dataset/COVID/images/COVID-1785.png,COVID,d83b5c4b739ab515d1008fb57b077656,bimcv.cipf.es,treino
COVID-19_Radiography_Dataset/COVID/images/COVID-1786.png,COVID,9a4f0bd661744d9bfda926bdaf400a0c,bimcv.cipf.es,teste
COVID-19_Radiography_Dataset/COVID/images/COVID-1787.png,COVID,eeb81ba7c4f4d2b803f0b60fd3d9b740,bimcv.cipf.es,validacao
COVID-19_Radiography_Dataset/COVID/images/COVID-1793.png,COVID,c0b2b7142b2356a0be6db4f0d58a47cd,bimcv.cipf.es,teste
COVID-19_Radiography_Dataset/COVID/images/COVID-18.png,COVID,a00f1e48eaebd032eee090def7795dac,sirm.org,teste_confirmatorio
COVID-19_Radiography_Dataset/COVID/images/COVID-1806.png,COVID,efe8dc8ab2697687e10d916796a545e1,bimcv.cipf.es,teste_confirmatorio
COVID-19_Radiography_Dataset/COVID/images/COVID-1807.png,COVID,73918eedb0e13acc8799183bb31a1c54,bimcv.cipf.es,validacao
COVID-19_Radiography_Dataset/COVID/images/COVID-1809.png,COVID,2c49be3f04c5f67f466a2f1e8bcaafb8,bimcv.cipf.es,teste
COVID-19_Radiography_Dataset/COVID/images/COVID-1811.png,COVID,1809ba2cfb0688c142ba7529d3fde908,bimcv.cipf.es,teste_confirmatorio
COVID-19_Radiography_Dataset/COVID/images/COVID-1812.png,COVID,9f1292f526cd4b65ea4572461940f101,bimcv.cipf.es,teste
COVID-19_Radiography_Dataset/COVID/images/COVID-1815.png,COVID,2cbb5aa2ed2576735ae8f15aa7487c26,bimcv.cipf.es,teste_confirmatorio
COVID-19_Radiography_Dataset/COVID/images/COVID-1816.png,COVID,e166f3b311f044070e9596035c47a907,bimcv.cipf.es,validacao
COVID-19_Radiography_Dataset/COVID/images/COVID-1819.png,COVID,f3fcdecdd0cf569394a395838269ae65,bimcv.cipf.es,teste
COVID-19_Radiography_Dataset/COVID/images/COVID-1821.png,COVID,908094a4cdf60b72abc82682cd51cd67,bimcv.cipf.es,teste_confirmatorio
COVID-19_Radiography_Dataset/COVID/images/COVID-1822.png,COVID,117c9e761e1cedfce21a8bd0eb088a9f,bimcv.cipf.es,treino
COVID-19_Radiography_Dataset/COVID/images/COVID-1829.png,COVID,81d983fc550dce74e45c2b515e11bed2,bimcv.cipf.es,validacao
COVID-19_Radiography_Dataset/COVID/images/COVID-1838.png,COVID,a360b1c82a713fcac3e6243faf55690d,bimcv.cipf.es,treino
COVID-19_Radiography_Dataset/COVID/images/COVID-1849.png,COVID,387cfff46916c683afb4c4ec6a9746ef,bimcv.cipf.es,teste
COVID-19_Radiography_Dataset/COVID/images/COVID-1850.png,COVID,9e2d746479c68e8f2b8b1c12f127de28,bimcv.cipf.es,teste
COVID-19_Radiography_Dataset/COVID/images/COVID-1852.png,COVID,b2c3d552db8d0cc00cfd99e8cd630557,bimcv.cipf.es,treino
COVID-19_Radiography_Dataset/COVID/images/COVID-1862.png,COVID,c4eb3ff6394986148ef71eaea946cc44,bimcv.cipf.es,treino
COVID-19_Radiography_Dataset/COVID/images/COVID-1864.png,COVID,9691f1c3c1efa71758f6abeb4cc398ae,bimcv.cipf.es,treino
COVID-19_Radiography_Dataset/COVID/images/COVID-1869.png,COVID,b31186c65e867504eef41f8a57e04216,bimcv.cipf.es,treino
COVID-19_Radiography_Dataset/COVID/images/COVID-1871.png,COVID,bc8aac7de39691fe53a05a6bb5afbf7c,bimcv.cipf.es,teste_confirmatorio
COVID-19_Radiography_Dataset/COVID/images/COVID-1874.png,COVID,287c7b90590e8ba31d1785b50ad60258,bimcv.cipf.es,teste
COVID-19_Radiography_Dataset/COVID/images/COVID-1878.png,COVID,6386f5740115429ba496c4fa44240119,bimcv.cipf.es,treino
COVID-19_Radiography_Dataset/COVID/images/COVID-1882.png,COVID,a1f0adfdcccd79dbe68b1395736cb2ed,bimcv.cipf.es,validacao
COVID-19_Radiography_Dataset/COVID/images/COVID-1886.png,COVID,1f47dbb84239c54fca21dac1a6d8cb80,bimcv.cipf.es,teste
COVID-19_Radiography_Dataset/COVID/images/COVID-1887.png,COVID,fd407e215d7a661027a200a40af9d146,bimcv.cipf.es,treino
COVID-19_Radiography_Dataset/COVID/images/COVID-1890.png,COVID,47cb30b163c7f7cbf9d04bee10b42ed3,bimcv.cipf.es,validacao
COVID-19_Radiography_Dataset/COVID/images/COVID-1891.png,COVID,0ac394fffafce3f99723c368274fc854,bimcv.cipf.es,teste_confirmatorio
COVID-19_Radiography_Dataset/COVID/images/COVID-1892.png,COVID,c25db293315c2b8fbc971347d7517aee,bimcv.cipf.es,validacao
COVID-19_Radiography_Dataset/COVID/images/COVID-1898.png,COVID,0c683a17dea47dbef535a2e0dadbd533,bimcv.cipf.es,teste_confirmatorio
COVID-19_Radiography_Dataset/COVID/images/COVID-1899.png,COVID,0a8bdd750dc05b9a15940be26d32b74c,bimcv.cipf.es,teste_confirmatorio
COVID-19_Radiography_Dataset/COVID/images/COVID-1907.png,COVID,268100ce5f3d59edeb1bd9f3964f7987,bimcv.cipf.es,teste_confirmatorio
COVID-19_Radiography_Dataset/COVID/images/COVID-1908.png,COVID,9e7be7c578636bfcba4899f4db4df056,bimcv.cipf.es,validacao
COVID-19_Radiography_Dataset/COVID/images/COVID-1914.png,COVID,dfa99d2331b4a3bcb7ac2c6066d5eaa0,bimcv.cipf.es,validacao
COVID-19_Radiography_Dataset/COVID/images/COVID-1915.png,COVID,8c9bf5f9153dde9a0002452d9a9cebf5,bimcv.cipf.es,teste
COVID-19_Radiography_Dataset/COVID/images/COVID-1916.png,COVID,3b5166efb15e849be10e124bcf30c364,bimcv.cipf.es,teste_confirmatorio
COVID-19_Radiography_Dataset/COVID/images/COVID-1918.png,COVID,fb68b0de20024c957d55313ca9aee6dd,bimcv.cipf.es,treino
COVID-19_Radiography_Dataset/COVID/images/COVID-1927.png,COVID,9c64e8ec58b4e11757a7a89815919fac,bimcv.cipf.es,teste_confirmatorio
COVID-19_Radiography_Dataset/COVID/images/COVID-1929.png,COVID,027a493ec5ce229861afc596f59da899,bimcv.cipf.es,teste
COVID-19_Radiography_Dataset/COVID/images/COVID-1934.png,COVID,677d7910572b7dac1edec61934146930,bimcv.cipf.es,teste_confirmatorio
COVID-19_Radiography_Dataset/COVID/images/COVID-1939.png,COVID,cae19f8899a9703e8fc8f080712de3c0,bimcv.cipf.es,treino
COVID-19_Radiography_Dataset/COVID/images/COVID-1940.png,COVID,131323482c56534c62f627fce2469447,bimcv.cipf.es,validacao
COVID-19_Radiography_Dataset/COVID/images/COVID-1947.png,COVID,4189c15f28114eb6b0deeb8af0e96bc1,bimcv.cipf.es,teste_confirmatorio
COVID-19_Radiography_Dataset/COVID/images/COVID-1950.png,COVID,ada3a2bea6950687fe5f04102e54d2b1,bimcv.cipf.es,teste_confirmatorio
COVID-19_Radiography_Dataset/COVID/images/COVID-1951.png,COVID,886c9babfefed775a68a092856732ee8,bimcv.cipf.es,teste_confirmatorio
COVID-19_Radiography_Dataset/COVID/images/COVID-1952.png,COVID,db64ec94899d760960b6f2dfaa2e8a5a,bimcv.cipf.es,teste_confirmatorio
COVID-19_Radiography_Dataset/COVID/images/COVID-1953.png,COVID,c4a4e643049c098c9e39be38d5392892,bimcv.cipf.es,teste
COVID-19_Radiography_Dataset/COVID/images/COVID-1956.png,COVID,dd3b80da0c3d7f72a65d8344a90b2463,bimcv.cipf.es,teste_confirmatorio
COVID-19_Radiography_Dataset/COVID/images/COVID-1959.png,COVID,23150ec02d8940c889fac904fb944d21,bimcv.cipf.es,teste
COVID-19_Radiography_Dataset/COVID/images/COVID-196.png,COVID,88e8e31cca70772491bb7e5aa110f531,github.com,treino
COVID-19_Radiography_Dataset/COVID/images/COVID-1960.png,COVID,11e470187d0dc0abc27a619128560c27,bimcv.cipf.es,teste
COVID-19_Radiography_Dataset/COVID/images/COVID-1962.png,COVID,cb8f6cae52dde6dc53405864b545802b,bimcv.cipf.es,teste_confirmatorio
COVID-19_Radiography_Dataset/COVID/images/COVID-1964.png,COVID,0789465e15f13c6d85690c36751210d6,bimcv.cipf.es,teste
COVID-19_Radiography_Dataset/COVID/images/COVID-1965.png,COVID,cff17e879d475ca731e4929be99411e0,bimcv.cipf.es,teste_confirmatorio
COVID-19_Radiography_Dataset/COVID/images/COVID-1971.png,COVID,4834f38f3655efffab601abaf0965bb0,bimcv.cipf.es,validacao
COVID-19_Radiography_Dataset/COVID/images/COVID-1976.png,COVID,6508948994a0a7d8dec68e553c17ca31,bimcv.cipf.es,teste
COVID-19_Radiography_Dataset/COVID/images/COVID-1981.png,COVID,f1baa4feaf415f7ab32d1b0299628ab4,bimcv.cipf.es,teste
COVID-19_Radiography_Dataset/COVID/images/COVID-1985.png,COVID,9a082efea7bd63f08a022771072dc7d3,bimcv.cipf.es,validacao
COVID-19_Radiography_Dataset/COVID/images/COVID-1986.png,COVID,b6ee18f99b8d96f90be84d5ad1d4c27f,bimcv.cipf.es,teste
COVID-19_Radiography_Dataset/COVID/images/COVID-199.png,COVID,24092fbfa0ec8e6bb338d84b319e5eff,github.com,validacao
COVID-19_Radiography_Dataset/COVID/images/COVID-1993.png,COVID,86b0711de02981bff8a3eff5d2f555e8,bimcv.cipf.es,teste
COVID-19_Radiography_Dataset/COVID/images/COVID-1998.png,COVID,9ede06e229116516d0416f76db72dd96,bimcv.cipf.es,validacao
COVID-19_Radiography_Dataset/COVID/images/COVID-2011.png,COVID,8bd9697ab90a822bff3c4ef9e3c80928,bimcv.cipf.es,treino
COVID-19_Radiography_Dataset/COVID/images/COVID-2017.png,COVID,60693f64f29eb30937a2cb005d967769,bimcv.cipf.es,treino
COVID-19_Radiography_Dataset/COVID/images/COVID-2018.png,COVID,7bf4f20f0e35a9329c836f1dddbd2b28,bimcv.cipf.es,teste
COVID-19_Radiography_Dataset/COVID/images/COVID-2019.png,COVID,24cc3be1d865aa156f8bc3d0334ceee8,bimcv.cipf.es,teste
COVID-19_Radiography_Dataset/COVID/images/COVID-2022.png,COVID,218e2ec1bd4f16b12b176ec381db56c5,bimcv.cipf.es,teste
COVID-19_Radiography_Dataset/COVID/images/COVID-2024.png,COVID,a819585ba770365953a88d9f6dfaca94,bimcv.cipf.es,validacao
COVID-19_Radiography_Dataset/COVID/images/COVID-2025.png,COVID,f9f4f6b4892b298de0909cfe2d2ea519,bimcv.cipf.es,teste_confirmatorio
COVID-19_Radiography_Dataset/COVID/images/COVID-2031.png,COVID,e4682d3f97c708d6193ed5706893300e,bimcv.cipf.es,teste
COVID-19_Radiography_Dataset/COVID/images/COVID-2034.png,COVID,c1a0fcb2bd4ac3dbcaae468aa72ee493,bimcv.cipf.es,teste_confirmatorio
COVID-19_Radiography_Dataset/COVID/images/COVID-2035.png,COVID,e8994cb65824c127a6e68b63e7295328,bimcv.cipf.es,teste
COVID-19_Radiography_Dataset/COVID/images/COVID-2036.png,COVID,2e1934b5d9e7774eb1924f3c32cdcc93,bimcv.cipf.es,teste_confirmatorio
COVID-19_Radiography_Dataset/COVID/images/COVID-2039.png,COVID,5f8c31fbace5832cbd7001d7c3aba95c,bimcv.cipf.es,teste_confirmatorio
COVID-19_Radiography_Dataset/COVID/images/COVID-2043.png,COVID,067802e523059419783118e2566e41c1,bimcv.cipf.es,teste
COVID-19_Radiography_Dataset/COVID/images/COVID-2047.png,COVID,7d35c8c2d4cdf60adaf640439fe4a3c0,bimcv.cipf.es,validacao
COVID-19_Radiography_Dataset/COVID/images/COVID-205.png,COVID,763c3b1406e74d98ead3915446660355,github.com,teste
COVID-19_Radiography_Dataset/COVID/images/COVID-2053.png,COVID,a95aefbbc194ded6ecb5d9dfa4c51b61,bimcv.cipf.es,teste
COVID-19_Radiography_Dataset/COVID/images/COVID-2059.png,COVID,3ef359fe9dd45be20b2c131536c9e9fc,bimcv.cipf.es,teste
COVID-19_Radiography_Dataset/COVID/images/COVID-2062.png,COVID,7c67e38d8e1f621f83aebf54ef0bb2f4,bimcv.cipf.es,teste_confirmatorio
COVID-19_Radiography_Dataset/COVID/images/COVID-2073.png,COVID,50137721d3090c132baed85beaa7be23,bimcv.cipf.es,teste_confirmatorio
COVID-19_Radiography_Dataset/COVID/images/COVID-2079.png,COVID,f3f64ab8e37f521fa1c3d8c113c618a6,bimcv.cipf.es,validacao
COVID-19_Radiography_Dataset/COVID/images/COVID-2084.png,COVID,0cdd53b939b058525c75486a7333fdcb,bimcv.cipf.es,teste
COVID-19_Radiography_Dataset/COVID/images/COVID-2087.png,COVID,1b3bd1cc4289186ceebad7aca4a1f0e2,bimcv.cipf.es,teste_confirmatorio
COVID-19_Radiography_Dataset/COVID/images/COVID-2091.png,COVID,27784ea3190e1ca5d13fc3fd7a6117b3,bimcv.cipf.es,validacao
COVID-19_Radiography_Dataset/COVID/images/COVID-2092.png,COVID,da8f4ddecd7ed7d26c9132fd6fdfb463,bimcv.cipf.es,teste_confirmatorio
COVID-19_Radiography_Dataset/COVID/images/COVID-2097.png,COVID,258b3446796d592eb7e3da4413d452d7,bimcv.cipf.es,teste
COVID-19_Radiography_Dataset/COVID/images/COVID-2100.png,COVID,448fbacf530fb24a671e27edab3de28d,bimcv.cipf.es,teste
COVID-19_Radiography_Dataset/COVID/images/COVID-2103.png,COVID,ec76657a0b5a3e0b9a2e08ff7f551d02,bimcv.cipf.es,teste
COVID-19_Radiography_Dataset/COVID/images/COVID-2105.png,COVID,8894ea6e0121dbd7318861c130670166,bimcv.cipf.es,treino
COVID-19_Radiography_Dataset/COVID/images/COVID-2106.png,COVID,6633c9f335bc7ac2a4ae7f05980efc0c,bimcv.cipf.es,validacao
COVID-19_Radiography_Dataset/COVID/images/COVID-211.png,COVID,f6526535895648b81a3fda1fef6f0470,github.com,teste
COVID-19_Radiography_Dataset/COVID/images/COVID-2111.png,COVID,2d5a41c78bdc1c866c8408b27d682ce7,bimcv.cipf.es,teste_confirmatorio
COVID-19_Radiography_Dataset/COVID/images/COVID-2113.png,COVID,45c7fa44c2e8caff81cf49df3ec54c29,bimcv.cipf.es,validacao
COVID-19_Radiography_Dataset/COVID/images/COVID-2115.png,COVID,92bb4e810ecdb840d471dd9c136159ae,bimcv.cipf.es,treino
COVID-19_Radiography_Dataset/COVID/images/COVID-2116.png,COVID,ed4afcbd2755d28a3fa11603857cd695,bimcv.cipf.es,treino
COVID-19_Radiography_Dataset/COVID/images/COVID-2117.png,COVID,2393f374f1a148fa1d3a0ef7a7affbcb,bimcv.cipf.es,teste
COVID-19_Radiography_Dataset/COVID/images/COVID-212.png,COVID,dc8c004df41d398606ad26b18ffd3284,github.com,teste_confirmatorio
COVID-19_Radiography_Dataset/COVID/images/COVID-2120.png,COVID,75a5d68e71142d58eba576fdd91fda96,bimcv.cipf.es,teste_confirmatorio
COVID-19_Radiography_Dataset/COVID/images/COVID-2124.png,COVID,d7cf0b3d285dea4ed0e5fdf7d7b69eda,bimcv.cipf.es,teste_confirmatorio
COVID-19_Radiography_Dataset/COVID/images/COVID-2126.png,COVID,177a5127f0e72481e9abe708313f3aea,bimcv.cipf.es,teste
COVID-19_Radiography_Dataset/COVID/images/COVID-2139.png,COVID,1a56c95f0b5043ba33929f009d0564cc,bimcv.cipf.es,teste
COVID-19_Radiography_Dataset/COVID/images/COVID-214.png,COVID,fb680e9b139079108276784ee21e20ec,github.com,teste_confirmatorio
COVID-19_Radiography_Dataset/COVID/images/COVID-2144.png,COVID,cc54e4cd23a752b2a43a02dabb7e5b56,bimcv.cipf.es,teste
COVID-19_Radiography_Dataset/COVID/images/COVID-2146.png,COVID,7ae5520b0a67fd81dd6ea5a0317e1e9d,bimcv.cipf.es,teste
COVID-19_Radiography_Dataset/COVID/images/COVID-2149.png,COVID,d4c82523cd9d929886848ec33da5b741,bimcv.cipf.es,teste_confirmatorio
COVID-19_Radiography_Dataset/COVID/images/COVID-215.png,COVID,2217adc0ebe170488a179b479ce84a61,github.com,teste_confirmatorio
COVID-19_Radiography_Dataset/COVID/images/COVID-2150.png,COVID,dd20be629302627cac5b9e2aff949912,bimcv.cipf.es,validacao
COVID-19_Radiography_Dataset/COVID/images/COVID-2154.png,COVID,5fd427e3556703984fe333cc2cab0a28,bimcv.cipf.es,teste_confirmatorio
COVID-19_Radiography_Dataset/COVID/images/COVID-2155.png,COVID,2de6f5bff3de96739bed84c7e20d1703,bimcv.cipf.es,validacao
COVID-19_Radiography_Dataset/COVID/images/COVID-2158.png,COVID,1c9c36b9b57b9dbbfbecc28cdba0ed34,bimcv.cipf.es,teste_confirmatorio
COVID-19_Radiography_Dataset/COVID/images/COVID-2159.png,COVID,88750bd4bb930b2b28073377a9653cd1,bimcv.cipf.es,teste
COVID-19_Radiography_Dataset/COVID/images/COVID-2166.png,COVID,24d947351c14867a3c0239c4dbf4ada9,bimcv.cipf.es,teste_confirmatorio
COVID-19_Radiography_Dataset/COVID/images/COVID-2172.png,COVID,65db122babe88e10188d09344606594c,bimcv.cipf.es,teste_confirmatorio
COVID-19_Radiography_Dataset/COVID/images/COVID-2177.png,COVID,f138f44335445dc55c3416c47fafff9d,bimcv.cipf.es,validacao
COVID-19_Radiography_Dataset/COVID/images/COVID-2178.png,COVID,ee9fd93a66b0a4f67f2175f35ebe164e,bimcv.cipf.es,teste
COVID-19_Radiography_Dataset/COVID/images/COVID-2188.png,COVID,2a400daecdaa34d64444eeb7b4da3ec0,bimcv.cipf.es,treino
COVID-19_Radiography_Dataset/COVID/images/COVID-2192.png,COVID,802cd512533e9f6de805642af15962a6,bimcv.cipf.es,treino
COVID-19_Radiography_Dataset/COVID/images/COVID-2197.png,COVID,54405f075ee06a9e1479bbdfa65fc6aa,bimcv.cipf.es,validacao
COVID-19_Radiography_Dataset/COVID/images/COVID-22.png,COVID,e0853b82e17fb29d08611d7671dd9132,sirm.org,treino
COVID-19_Radiography_Dataset/COVID/images/COVID-2206.png,COVID,84c5cb2102db553438f95173eec5d9b5,bimcv.cipf.es,teste_confirmatorio
COVID-19_Radiography_Dataset/COVID/images/COVID-2211.png,COVID,7a42eed286ed97450c46f35c689a9935,bimcv.cipf.es,treino
COVID-19_Radiography_Dataset/COVID/images/COVID-2214.png,COVID,08203b2bb0e90140bd421920fa614856,bimcv.cipf.es,teste_confirmatorio
COVID-19_Radiography_Dataset/COVID/images/COVID-223.png,COVID,8d3b380925cb3b7e0b98d0664e54a8f1,github.com,teste_confirmatorio
COVID-19_Radiography_Dataset/COVID/images/COVID-2230.png,COVID,e6870c541921c4166ccba3f0a15addf4,bimcv.cipf.es,teste
COVID-19_Radiography_Dataset/COVID/images/COVID-2231.png,COVID,1792c9b5a79a16c92d6213e06f9d25c8,bimcv.cipf.es,treino
COVID-19_Radiography_Dataset/COVID/images/COVID-2238.png,COVID,9842d0872bbe3d14bab39747ef1382ac,bimcv.cipf.es,validacao
COVID-19_Radiography_Dataset/COVID/images/COVID-2240.png,COVID,c43c7c6d5678cac27e91c31e33fd3d54,bimcv.cipf.es,teste_confirmatorio
COVID-19_Radiography_Dataset/COVID/images/COVID-2243.png,COVID,d514ba4cd3e7176c0f3ba12600f3db35,bimcv.cipf.es,teste
COVID-19_Radiography_Dataset/COVID/images/COVID-2244.png,COVID,b31c7f03a9a66827387f8a58678b648f,bimcv.cipf.es,treino
COVID-19_Radiography_Dataset/COVID/images/COVID-2246.png,COVID,dbabb6d8805d7838f41a65ea6c9994af,bimcv.cipf.es,treino
COVID-19_Radiography_Dataset/COVID/images/COVID-2252.png,COVID,87e50c606fa3b666e5a4b364b66ff73a,bimcv.cipf.es,teste_confirmatorio
COVID-19_Radiography_Dataset/COVID/images/COVID-2256.png,COVID,e678e5783327d8b7160166bba816eac9,bimcv.cipf.es,teste_confirmatorio
COVID-19_Radiography_Dataset/COVID/images/COVID-2259.png,COVID,f2bbaff48741c1a4a0774689479ba43a,bimcv.cipf.es,teste
COVID-19_Radiography_Dataset/COVID/images/COVID-226.png,COVID,e2815f2b4fe712a9994d2e62bb43f91f,github.com,teste
COVID-19_Radiography_Dataset/COVID/images/COVID-2272.png,COVID,c64f207b4c6086e4e19bdb4c1ec4da48,bimcv.cipf.es,teste_confirmatorio
COVID-19_Radiography_Dataset/COVID/images/COVID-2276.png,COVID,0efd731fb24a1fa307e14e52f75b5bff,bimcv.cipf.es,teste
COVID-19_Radiography_Dataset/COVID/images/COVID-2280.png,COVID,f6fe387fc02dbffb6bcb287864d4cc77,bimcv.cipf.es,validacao
COVID-19_Radiography_Dataset/COVID/images/COVID-2283.png,COVID,7ef4246a12772f70ac6140fd752dec08,bimcv.cipf.es,teste
COVID-19_Radiography_Dataset/COVID/images/COVID-2291.png,COVID,99b41cc0fa18d487be70b449f6d111ac,bimcv.cipf.es,teste_confirmatorio
COVID-19_Radiography_Dataset/COVID/images/COVID-2293.png,COVID,7ecc535a2788ac9fd00b9437f8be5dbd,bimcv.cipf.es,teste_confirmatorio
COVID-19_Radiography_Dataset/COVID/images/COVID-2296.png,COVID,a0f1ebd0a22317e3c75a84af0a4a067b,bimcv.cipf.es,teste_confirmatorio
COVID-19_Radiography_Dataset/COVID/images/COVID-2302.png,COVID,5538c777cf3dae9143ffe45bd664313c,bimcv.cipf.es,teste
COVID-19_Radiography_Dataset/COVID/images/COVID-2305.png,COVID,1c4f21f7fbc43137aa09878dbb44b882,bimcv.cipf.es,teste_confirmatorio
COVID-19_Radiography_Dataset/COVID/images/COVID-2307.png,COVID,a19ceb27160984f0ad63f19a0a0f7c90,bimcv.cipf.es,treino
COVID-19_Radiography_Dataset/COVID/images/COVID-2313.png,COVID,9e75c3e413336ce70a222545e4ba22f9,bimcv.cipf.es,teste_confirmatorio
COVID-19_Radiography_Dataset/COVID/images/COVID-2314.png,COVID,c23925e0d7e9e007b72a3804f1f94853,bimcv.cipf.es,teste_confirmatorio
COVID-19_Radiography_Dataset/COVID/images/COVID-2320.png,COVID,0bc6c7b49c96e83308e69133ee9add5a,bimcv.cipf.es,teste_confirmatorio
COVID-19_Radiography_Dataset/COVID/images/COVID-2321.png,COVID,3b5c9d55818e605499863eb650cef7b9,bimcv.cipf.es,teste_confirmatorio
COVID-19_Radiography_Dataset/COVID/images/COVID-2324.png,COVID,754c29cf3f2a4c8f0b50714efb639d4b,bimcv.cipf.es,treino
COVID-19_Radiography_Dataset/COVID/images/COVID-2325.png,COVID,7918cfb1c9f251140bfacefc6ddc4cd1,bimcv.cipf.es,treino
COVID-19_Radiography_Dataset/COVID/images/COVID-2327.png,COVID,31fcb2b2a9cfc68a11ee358462258b07,bimcv.cipf.es,teste_confirmatorio
COVID-19_Radiography_Dataset/COVID/images/COVID-2328.png,COVID,e00a3c2a221f9a055c2b1c1df4bc83e3,bimcv.cipf.es,teste
COVID-19_Radiography_Dataset/COVID/images/COVID-2330.png,COVID,2188be5a88f1ae27f998562e52a0e6b0,bimcv.cipf.es,teste
COVID-19_Radiography_Dataset/COVID/images/COVID-2340.png,COVID,cc29bb052eb8ff5c20890c7b94cb2c96,bimcv.cipf.es,treino
COVID-19_Radiography_Dataset/COVID/images/COVID-235.png,COVID,72c150a799a99b3f1dd9af334ad6b098,github.com,teste_confirmatorio
COVID-19_Radiography_Dataset/COVID/images/COVID-2356.png,COVID,3f99b9a8f974bd778e925a0aebfc59aa,bimcv.cipf.es,teste
COVID-19_Radiography_Dataset/COVID/images/COVID-2357.png,COVID,3de036d165cfd557c26f9a8a8a3bf019,bimcv.cipf.es,teste_confirmatorio
COVID-19_Radiography_Dataset/COVID/images/COVID-2363.png,COVID,cef14db08d5769773238105850f1e7e9,bimcv.cipf.es,validacao
COVID-19_Radiography_Dataset/COVID/images/COVID-2366.png,COVID,07134df437b42fc02b5842aa9a043a7e,bimcv.cipf.es,teste_confirmatorio
COVID-19_Radiography_Dataset/COVID/images/COVID-2372.png,COVID,2b8028dfb1c9d449525bb472b1172ef0,bimcv.cipf.es,teste
COVID-19_Radiography_Dataset/COVID/images/COVID-238.png,COVID,8351dbdf7d51c3863564f2cb7d2d1545,github.com,teste
COVID-19_Radiography_Dataset/COVID/images/COVID-2383.png,COVID,81b3dcf35137687cb1e35ea59eacd22f,bimcv.cipf.es,teste_confirmatorio
COVID-19_Radiography_Dataset/COVID/images/COVID-2386.png,COVID,6006a64a089a1cad30a581ad76ec1b2a,bimcv.cipf.es,treino
COVID-19_Radiography_Dataset/COVID/images/COVID-2389.png,COVID,e4e78cceb41a8fe3e9e7def802e39c7c,bimcv.cipf.es,treino
COVID-19_Radiography_Dataset/COVID/images/COVID-239.png,COVID,9b4006c87456ae636291c812bc279731,github.com,teste
COVID-19_Radiography_Dataset/COVID/images/COVID-2393.png,COVID,70232461350c123e2316c97662700e58,bimcv.cipf.es,teste
COVID-19_Radiography_Dataset/COVID/images/COVID-2396.png,COVID,5fc7877d2d1fe9c0bd827a8ccef12eb4,bimcv.cipf.es,teste
COVID-19_Radiography_Dataset/COVID/images/COVID-2404.png,COVID,4dcba1572dc0bf6a3014dcc01ac9bc69,bimcv.cipf.es,validacao
COVID-19_Radiography_Dataset/COVID/images/COVID-2409.png,COVID,f8b3c2218ca7710bf7d7a832edb2813e,bimcv.cipf.es,teste_confirmatorio
COVID-19_Radiography_Dataset/COVID/images/COVID-2411.png,COVID,9e978642d96ddc0aa9cf048b92d00005,bimcv.cipf.es,teste_confirmatorio
COVID-19_Radiography_Dataset/COVID/images/COVID-2414.png,COVID,93030915c37ece766a21502e32013980,bimcv.cipf.es,teste_confirmatorio
COVID-19_Radiography_Dataset/COVID/images/COVID-2417.png,COVID,ff584375bff797f0b0c3502a7b7fad75,bimcv.cipf.es,treino
COVID-19_Radiography_Dataset/COVID/images/COVID-2427.png,COVID,ff4ec257acc2b9ff6e513b1f6d732ff2,bimcv.cipf.es,validacao
COVID-19_Radiography_Dataset/COVID/images/COVID-243.png,COVID,2ff0452b98e5bc20565c464d3b4b2615,github.com,teste_confirmatorio
COVID-19_Radiography_Dataset/COVID/images/COVID-2431.png,COVID,6a0c74f1833da20a3ff39c6a5b48df82,bimcv.cipf.es,teste_confirmatorio
COVID-19_Radiography_Dataset/COVID/images/COVID-2443.png,COVID,00c6eef33608a9b3d8ff810b0d40d979,bimcv.cipf.es,validacao
COVID-19_Radiography_Dataset/COVID/images/COVID-2445.png,COVID,3a033c10e012b6f3b9be1a9e0f772169,bimcv.cipf.es,treino
COVID-19_Radiography_Dataset/COVID/images/COVID-2449.png,COVID,74182e7d0efd12cf90093434e12cf7ef,bimcv.cipf.es,teste
COVID-19_Radiography_Dataset/COVID/images/COVID-2450.png,COVID,375a4dc43c3ee41d962b21002626091a,bimcv.cipf.es,teste
COVID-19_Radiography_Dataset/COVID/images/COVID-2458.png,COVID,21f8a38e311cd46fdc3df0e118c0892d,bimcv.cipf.es,teste_confirmatorio
COVID-19_Radiography_Dataset/COVID/images/COVID-2464.png,COVID,e69663e7e2fad5532f029087e2a657b0,bimcv.cipf.es,teste
COVID-19_Radiography_Dataset/COVID/images/COVID-2473.png,COVID,540274fdfe2eb81cb1d530f1a7db5a20,bimcv.cipf.es,teste_confirmatorio
COVID-19_Radiography_Dataset/COVID/images/COVID-2477.png,COVID,f0e3cbfb11726d4b829dd4f7f8cd45f1,bimcv.cipf.es,treino
COVID-19_Radiography_Dataset/COVID/images/COVID-2478.png,COVID,ef8e2e533fb2e1514837651805d49f86,bimcv.cipf.es,teste_confirmatorio
COVID-19_Radiography_Dataset/COVID/images/COVID-2479.png,COVID,621498e8f895f87bd7c0a505d2075db6,bimcv.cipf.es,teste
COVID-19_Radiography_Dataset/COVID/images/COVID-2480.png,COVID,ed0f5083b1220f2fce02e3e946002556,bimcv.cipf.es,teste
COVID-19_Radiography_Dataset/COVID/images/COVID-2481.png,COVID,b35245d3da641cb5305e82ffe0cf3b35,bimcv.cipf.es,validacao
COVID-19_Radiography_Dataset/COVID/images/COVID-2482.png,COVID,a1fabf50cb3c917d465cc8d0f04f47f3,bimcv.cipf.es,teste
COVID-19_Radiography_Dataset/COVID/images/COVID-2484.png,COVID,c045030a2fee322cc23570e69411cc0e,bimcv.cipf.es,teste
COVID-19_Radiography_Dataset/COVID/images/COVID-2487.png,COVID,3946510f3a9a7d1e05213b25d60131be,bimcv.cipf.es,teste
COVID-19_Radiography_Dataset/COVID/images/COVID-2492.png,COVID,3ba722d1d93f3f80763c46b8c7af5599,bimcv.cipf.es,teste_confirmatorio
COVID-19_Radiography_Dataset/COVID/images/COVID-2498.png,COVID,1c38aef563f9cf6fb4151abc7d5d937b,bimcv.cipf.es,teste_confirmatorio
COVID-19_Radiography_Dataset/COVID/images/COVID-2502.png,COVID,8a936dbcb483e52c5cff9c82eafa11dc,bimcv.cipf.es,teste
COVID-19_Radiography_Dataset/COVID/images/COVID-2503.png,COVID,ded0bb41f73e9d5f97fca4c46ca66169,bimcv.cipf.es,teste
COVID-19_Radiography_Dataset/COVID/images/COVID-2508.png,COVID,c863436d499f4bcc4a768dae8c30ebb5,bimcv.cipf.es,teste
COVID-19_Radiography_Dataset/COVID/images/COVID-2514.png,COVID,5c0211118b82e66db6996a9213f8f9d5,bimcv.cipf.es,teste_confirmatorio
COVID-19_Radiography_Dataset/COVID/images/COVID-2515.png,COVID,8e430040169684886df5774473609fa5,bimcv.cipf.es,teste_confirmatorio
COVID-19_Radiography_Dataset/COVID/images/COVID-252.png,COVID,0e362bed4541ae1fb1e591c2b829d375,github.com,validacao
COVID-19_Radiography_Dataset/COVID/images/COVID-2520.png,COVID,0bd97044a1ec6184b9a9c800215839a3,bimcv.cipf.es,validacao
COVID-19_Radiography_Dataset/COVID/images/COVID-2522.png,COVID,97fa568d8863149852a8293751fda399,bimcv.cipf.es,teste_confirmatorio
COVID-19_Radiography_Dataset/COVID/images/COVID-2524.png,COVID,6cee250699d4f04e8971ead108da8539,bimcv.cipf.es,validacao
COVID-19_Radiography_Dataset/COVID/images/COVID-2525.png,COVID,89e733c52df64e42cbee3fb54775a703,bimcv.cipf.es,treino
COVID-19_Radiography_Dataset/COVID/images/COVID-2529.png,COVID,368ebe34e0a29096422ee658908303fb,bimcv.cipf.es,teste_confirmatorio
COVID-19_Radiography_Dataset/COVID/images/COVID-2531.png,COVID,7316a56564ac86b2066a9991a9290507,bimcv.cipf.es,validacao
COVID-19_Radiography_Dataset/COVID/images/COVID-2533.png,COVID,bb35bb187b18f46ca07c4e6013c45ebd,bimcv.cipf.es,treino
COVID-19_Radiography_Dataset/COVID/images/COVID-2535.png,COVID,b023b769b857f58e9893e607140ba309,bimcv.cipf.es,teste_confirmatorio
COVID-19_Radiography_Dataset/COVID/images/COVID-2537.png,COVID,2def46bb674b912ab9323d9aff1d2631,bimcv.cipf.es,teste
COVID-19_Radiography_Dataset/COVID/images/COVID-254.png,COVID,760fecad41a4c80abc61682b92154b52,github.com,validacao
COVID-19_Radiography_Dataset/COVID/images/COVID-2545.png,COVID,58a1ecde55fd9af4274cb6e9880c514f,bimcv.cipf.es,teste_confirmatorio
COVID-19_Radiography_Dataset/COVID/images/COVID-2548.png,COVID,cdbe712fc54c6be2d2df9737fca7e698,bimcv.cipf.es,validacao
COVID-19_Radiography_Dataset/COVID/images/COVID-2549.png,COVID,846dfd76c2c06819b0bc7b2b8c86cdcf,bimcv.cipf.es,validacao
COVID-19_Radiography_Dataset/COVID/images/COVID-2555.png,COVID,a97a42bf7e9e70a7eb542bff1a7d4696,bimcv.cipf.es,validacao
COVID-19_Radiography_Dataset/COVID/images/COVID-2556.png,COVID,3a124dd4d1be2ebea6108c3966423f0b,bimcv.cipf.es,treino
COVID-19_Radiography_Dataset/COVID/images/COVID-2557.png,COVID,4f004626eefa5819a18632861bbab510,bimcv.cipf.es,validacao
COVID-19_Radiography_Dataset/COVID/images/COVID-2558.png,COVID,533814509d91da5a5e123e57514c0301,bimcv.cipf.es,teste
COVID-19_Radiography_Dataset/COVID/images/COVID-2559.png,COVID,abae94d7222588f9877c38ab6cfe38a3,bimcv.cipf.es,teste
COVID-19_Radiography_Dataset/COVID/images/COVID-2561.png,COVID,751c6d0ddc40108aec6eab5bdb515493,bimcv.cipf.es,teste_confirmatorio
COVID-19_Radiography_Dataset/COVID/images/COVID-2568.png,COVID,3ed6315203eeeaf59c83b92b1b2abb38,bimcv.cipf.es,teste_confirmatorio
COVID-19_Radiography_Dataset/COVID/images/COVID-2570.png,COVID,4498c68a1400dd4803e9021753c2b8b4,bimcv.cipf.es,teste_confirmatorio
COVID-19_Radiography_Dataset/COVID/images/COVID-2576.png,COVID,fa992a8c28c04f1dd956b7fc781a145c,bimcv.cipf.es,teste
COVID-19_Radiography_Dataset/COVID/images/COVID-2578.png,COVID,ceabf7d50e4a99fd758a109719b1a087,bimcv.cipf.es,teste
COVID-19_Radiography_Dataset/COVID/images/COVID-2586.png,COVID,a53ab128a5f69324cff1244053604096,bimcv.cipf.es,teste_confirmatorio
COVID-19_Radiography_Dataset/COVID/images/COVID-2588.png,COVID,dec9f3262862bac09322e1e48f3e46af,bimcv.cipf.es,teste
COVID-19_Radiography_Dataset/COVID/images/COVID-2591.png,COVID,2ee04717172a55e77e1a37a2c1b72f64,bimcv.cipf.es,teste
COVID-19_Radiography_Dataset/COVID/images/COVID-2593.png,COVID,b9ec9bef22442c61f513ff3aec6614e3,bimcv.cipf.es,teste_confirmatorio
COVID-19_Radiography_Dataset/COVID/images/COVID-2598.png,COVID,9f2d9f7f13fc304f018e2829c81c8be9,bimcv.cipf.es,teste_confirmatorio
COVID-19_Radiography_Dataset/COVID/images/COVID-2604.png,COVID,0a7cee93b663d75b2c6e239b99558f33,bimcv.cipf.es,teste
COVID-19_Radiography_Dataset/COVID/images/COVID-2609.png,COVID,2c1043ce3fc84212a747d923aab6440d,bimcv.cipf.es,teste
COVID-19_Radiography_Dataset/COVID/images/COVID-2612.png,COVID,24dd00b55484885173d034ceaa49446c,bimcv.cipf.es,teste_confirmatorio
COVID-19_Radiography_Dataset/COVID/images/COVID-262.png,COVID,1bb9fa6c6262f64ed0b1137e66fd706a,github.com,treino
COVID-19_Radiography_Dataset/COVID/images/COVID-2622.png,COVID,68789b418347e1dda3241efa8ab49d10,bimcv.cipf.es,teste_confirmatorio
COVID-19_Radiography_Dataset/COVID/images/COVID-2623.png,COVID,756e6cc16b7f08c4a8debd3acd6bb47f,bimcv.cipf.es,validacao
COVID-19_Radiography_Dataset/COVID/images/COVID-2624.png,COVID,c04478f490abc30be3c626ed304ee1e1,bimcv.cipf.es,teste
COVID-19_Radiography_Dataset/COVID/images/COVID-2638.png,COVID,050c0eda6117ef26f671ec6cd5b07113,bimcv.cipf.es,treino
COVID-19_Radiography_Dataset/COVID/images/COVID-2641.png,COVID,25e85213424a429456e718ccd7a0c88a,bimcv.cipf.es,validacao
COVID-19_Radiography_Dataset/COVID/images/COVID-2642.png,COVID,71e251624af2c995e55a6636da2fbb5b,bimcv.cipf.es,teste_confirmatorio
COVID-19_Radiography_Dataset/COVID/images/COVID-2649.png,COVID,eeca9d9c1954890c7296607d39391b8f,bimcv.cipf.es,teste
COVID-19_Radiography_Dataset/COVID/images/COVID-265.png,COVID,1662173a7b6d276601569097b41ed169,github.com,teste_confirmatorio
COVID-19_Radiography_Dataset/COVID/images/COVID-2651.png,COVID,0ad25221c746216c32cbdb962bae5ad3,bimcv.cipf.es,teste_confirmatorio
COVID-19_Radiography_Dataset/COVID/images/COVID-2662.png,COVID,0c2c2526e356d583540d1797bb759a5d,bimcv.cipf.es,validacao
COVID-19_Radiography_Dataset/COVID/images/COVID-267.png,COVID,9ffb5c65984a2282c58e83e577c3148e,github.com,teste
COVID-19_Radiography_Dataset/COVID/images/COVID-2672.png,COVID,e20f2d3c27564418a11a7108818b55d3,bimcv.cipf.es,teste_confirmatorio
COVID-19_Radiography_Dataset/COVID/images/COVID-2676.png,COVID,82f2f2c359f2f11a17d040e47e0a1ac9,bimcv.cipf.es,teste
COVID-19_Radiography_Dataset/COVID/images/COVID-2677.png,COVID,eacc92e9c5c3dcddea6daef8ddf76837,bimcv.cipf.es,teste_confirmatorio
COVID-19_Radiography_Dataset/COVID/images/COVID-2681.png,COVID,3d74749089274c55f9ef70d1c73df43e,bimcv.cipf.es,teste_confirmatorio
COVID-19_Radiography_Dataset/COVID/images/COVID-2695.png,COVID,397040378bf7165e973334e7f73684f8,bimcv.cipf.es,validacao
COVID-19_Radiography_Dataset/COVID/images/COVID-2697.png,COVID,9ba30da09e542f7a0a7e218e547ee2bb,bimcv.cipf.es,teste_confirmatorio
COVID-19_Radiography_Dataset/COVID/images/COVID-2706.png,COVID,7cbf769eca7ec4f8fdadb22a33e2631c,bimcv.cipf.es,teste
COVID-19_Radiography_Dataset/COVID/images/COVID-2707.png,COVID,39ca146291322e9a1decb57d308dde2d,bimcv.cipf.es,teste
COVID-19_Radiography_Dataset/COVID/images/COVID-2708.png,COVID,534dd64dc5e56610ac8585e40d51b27f,bimcv.cipf.es,validacao
COVID-19_Radiography_Dataset/COVID/images/COVID-2709.png,COVID,5f97c451763666e93934a1374aa28079,bimcv.cipf.es,treino
COVID-19_Radiography_Dataset/COVID/images/COVID-2710.png,COVID,cd70d93ed66e8b6e8f27f0211fbe1cd7,bimcv.cipf.es,treino
COVID-19_Radiography_Dataset/COVID/images/COVID-2715.png,COVID,e27ad0c30ae29e488fa6e57ff63a4a1e,bimcv.cipf.es,teste_confirmatorio
COVID-19_Radiography_Dataset/COVID/images/COVID-2727.png,COVID,c43c2efa0a29253c0f8b12410029f426,bimcv.cipf.es,teste_confirmatorio
COVID-19_Radiography_Dataset/COVID/images/COVID-2732.png,COVID,99d3be6d32feaf8e516af82aa35c2917,bimcv.cipf.es,teste_confirmatorio
COVID-19_Radiography_Dataset/COVID/images/COVID-2734.png,COVID,4e1eaf723762dfbfcf893bd7e2e9545f,bimcv.cipf.es,treino
COVID-19_Radiography_Dataset/COVID/images/COVID-2738.png,COVID,e21d9267bc2059132481abc85d28b0e6,bimcv.cipf.es,teste
COVID-19_Radiography_Dataset/COVID/images/COVID-2740.png,COVID,a2766b01dfd2fe11e897fe687ba15ad1,bimcv.cipf.es,teste
COVID-19_Radiography_Dataset/COVID/images/COVID-2746.png,COVID,63e90304944933a2028a58f68d620a88,bimcv.cipf.es,treino
COVID-19_Radiography_Dataset/COVID/images/COVID-2749.png,COVID,576adb94dd87dfbe8feb12bd2072b078,bimcv.cipf.es,teste
COVID-19_Radiography_Dataset/COVID/images/COVID-275.png,COVID,ba9b6406c05b44ff0d55557f8c3965ef,github.com,teste
COVID-19_Radiography_Dataset/COVID/images/COVID-2752.png,COVID,a89b34af1fda9fa133340a80fd1ded91,bimcv.cipf.es,teste
COVID-19_Radiography_Dataset/COVID/images/COVID-2755.png,COVID,d83ac6618cde9bbc78194311b04bd1f0,bimcv.cipf.es,treino
COVID-19_Radiography_Dataset/COVID/images/COVID-2757.png,COVID,2e0b1f2b79c6b29159757900767676f8,bimcv.cipf.es,teste
COVID-19_Radiography_Dataset/COVID/images/COVID-2758.png,COVID,00e5a0e242e1e1f29e03c936bd8c49a9,bimcv.cipf.es,teste
COVID-19_Radiography_Dataset/COVID/images/COVID-2763.png,COVID,e1f0daa6dd44f1034e74fcf627301fed,bimcv.cipf.es,teste
COVID-19_Radiography_Dataset/COVID/images/COVID-2767.png,COVID,b09feaa4ae074ccf98e88e7c121e18c6,bimcv.cipf.es,validacao
COVID-19_Radiography_Dataset/COVID/images/COVID-2770.png,COVID,fc8164067305eca3360ae2a1e5f6e28d,bimcv.cipf.es,teste
COVID-19_Radiography_Dataset/COVID/images/COVID-2777.png,COVID,3d543f9c73072eb4fca50188972341f8,bimcv.cipf.es,teste
COVID-19_Radiography_Dataset/COVID/images/COVID-278.png,COVID,ca02dab1b8dfce4d5ef48c7e823fd888,github.com,teste
COVID-19_Radiography_Dataset/COVID/images/COVID-2780.png,COVID,debecd2bf6d3cf2141c04da5f5368e4e,bimcv.cipf.es,teste_confirmatorio
COVID-19_Radiography_Dataset/COVID/images/COVID-2781.png,COVID,9d22e2fa9e568c39efdcbec415a8063f,bimcv.cipf.es,teste_confirmatorio
COVID-19_Radiography_Dataset/COVID/images/COVID-2782.png,COVID,ad6a54cddc70e95f7dc17672b705758c,bimcv.cipf.es,validacao
COVID-19_Radiography_Dataset/COVID/images/COVID-2786.png,COVID,74bf8b94dd8f2bfeb7dc696d77e828a0,bimcv.cipf.es,validacao
COVID-19_Radiography_Dataset/COVID/images/COVID-2787.png,COVID,4bfebed594deac0cb2f9d8a143226854,bimcv.cipf.es,teste
COVID-19_Radiography_Dataset/COVID/images/COVID-2788.png,COVID,65aaefafaf15efbac7d154739299bc36,bimcv.cipf.es,teste_confirmatorio
COVID-19_Radiography_Dataset/COVID/images/COVID-2790.png,COVID,f7fc0ee0b411dc30c829b8959ab87435,bimcv.cipf.es,teste
COVID-19_Radiography_Dataset/COVID/images/COVID-2792.png,COVID,2681ac64bec187f3141a3587bcd94dc5,bimcv.cipf.es,teste
COVID-19_Radiography_Dataset/COVID/images/COVID-2796.png,COVID,1a2a08658698b13a62744a1b728a1922,bimcv.cipf.es,teste
COVID-19_Radiography_Dataset/COVID/images/COVID-2816.png,COVID,56aeb49ff422f7042b8fd4765dfd42b3,bimcv.cipf.es,treino
COVID-19_Radiography_Dataset/COVID/images/COVID-2817.png,COVID,b93dc81032d1da5c896ff3d9f2631b1c,bimcv.cipf.es,validacao
COVID-19_Radiography_Dataset/COVID/images/COVID-2819.png,COVID,69875a72f278df2fe41f1a87c89d501e,bimcv.cipf.es,teste
COVID-19_Radiography_Dataset/COVID/images/COVID-2826.png,COVID,807008d7facb1431664517448b5667fe,bimcv.cipf.es,teste
COVID-19_Radiography_Dataset/COVID/images/COVID-283.png,COVID,ef505d244f4b465ae177489c8a595b6f,github.com,teste
COVID-19_Radiography_Dataset/COVID/images/COVID-2831.png,COVID,ae60bd52eb29e25a7209e0962e1af760,bimcv.cipf.es,teste
COVID-19_Radiography_Dataset/COVID/images/COVID-2837.png,COVID,3bc6934c265fb832e4f226b147d83939,bimcv.cipf.es,teste_confirmatorio
COVID-19_Radiography_Dataset/COVID/images/COVID-2838.png,COVID,1064c7ce6a3973c1ee44b73c3c886e47,bimcv.cipf.es,validacao
COVID-19_Radiography_Dataset/COVID/images/COVID-2844.png,COVID,883cf6b9f610d9ac1a1e700272d83d87,bimcv.cipf.es,teste
COVID-19_Radiography_Dataset/COVID/images/COVID-2849.png,COVID,9849b7d7546914dd5845b90279729006,bimcv.cipf.es,teste_confirmatorio
COVID-19_Radiography_Dataset/COVID/images/COVID-285.png,COVID,455208e9d70022c1174bbbf58b329ecb,github.com,teste
COVID-19_Radiography_Dataset/COVID/images/COVID-2851.png,COVID,2fc803cbc6d90476f38685b54ec46b72,bimcv.cipf.es,teste_confirmatorio
COVID-19_Radiography_Dataset/COVID/images/COVID-2854.png,COVID,dcdc785e02f0a8759a267a3d74f60f07,bimcv.cipf.es,teste
COVID-19_Radiography_Dataset/COVID/images/COVID-2857.png,COVID,114b7205b3e11e15643dd00b8eac1d83,bimcv.cipf.es,treino
COVID-19_Radiography_Dataset/COVID/images/COVID-2863.png,COVID,b4dd5a4f532f45b11ab1d46d138d4870,bimcv.cipf.es,teste_confirmatorio
COVID-19_Radiography_Dataset/COVID/images/COVID-2873.png,COVID,9281d87e0a1eb4b472ac11268f21fc8a,bimcv.cipf.es,treino
COVID-19_Radiography_Dataset/COVID/images/COVID-2874.png,COVID,3e4c30946fc69cf9199884935e644e14,bimcv.cipf.es,teste_confirmatorio
COVID-19_Radiography_Dataset/COVID/images/COVID-2882.png,COVID,c33524cdda485b9a739f18d4c175db27,bimcv.cipf.es,validacao
COVID-19_Radiography_Dataset/COVID/images/COVID-2886.png,COVID,4ce282a74d3b56f90ba966094840947e,bimcv.cipf.es,treino
COVID-19_Radiography_Dataset/COVID/images/COVID-2890.png,COVID,031d29d57f271c314de26a991351c4ce,bimcv.cipf.es,teste_confirmatorio
COVID-19_Radiography_Dataset/COVID/images/COVID-2896.png,COVID,ef1c98ae177beb7c4e0ce03976c54666,bimcv.cipf.es,teste
COVID-19_Radiography_Dataset/COVID/images/COVID-2903.png,COVID,dc554a6bcd69483436a3d74acf6b0610,bimcv.cipf.es,treino
COVID-19_Radiography_Dataset/COVID/images/COVID-2911.png,COVID,c66b7ffc88465648d2e65d3d4d34ad7b,bimcv.cipf.es,teste_confirmatorio
COVID-19_Radiography_Dataset/COVID/images/COVID-2915.png,COVID,1f1d64ae28610ed3f378ab4f9d1ab03b,bimcv.cipf.es,treino
COVID-19_Radiography_Dataset/COVID/images/COVID-2918.png,COVID,0cf289f00f81c257ae946a13e4035ce8,bimcv.cipf.es,treino
COVID-19_Radiography_Dataset/COVID/images/COVID-2922.png,COVID,7acb257ce3594262ceda17d7cec56848,bimcv.cipf.es,treino
COVID-19_Radiography_Dataset/COVID/images/COVID-2924.png,COVID,2051a92b3ac0e96721151fbb45825104,bimcv.cipf.es,teste
COVID-19_Radiography_Dataset/COVID/images/COVID-2932.png,COVID,a3a318cee9d6338e352d20376983db1b,bimcv.cipf.es,teste
COVID-19_Radiography_Dataset/COVID/images/COVID-2935.png,COVID,14d949618b7eb1e85a6a68a0fd4c54bc,bimcv.cipf.es,treino
COVID-19_Radiography_Dataset/COVID/images/COVID-2937.png,COVID,ad605b1e55c998d97c136891d1df9899,bimcv.cipf.es,teste
COVID-19_Radiography_Dataset/COVID/images/COVID-2940.png,COVID,1c15cf96d66c93c540518aeb3bf9bb98,bimcv.cipf.es,validacao
COVID-19_Radiography_Dataset/COVID/images/COVID-2954.png,COVID,afbb0f5216ce365f507c5fd9eeb0703f,bimcv.cipf.es,teste
COVID-19_Radiography_Dataset/COVID/images/COVID-2957.png,COVID,7f62b6947dcdc4dbb8df804ac6648758,bimcv.cipf.es,teste_confirmatorio
COVID-19_Radiography_Dataset/COVID/images/COVID-2972.png,COVID,4d01f081d91579f065b3e21052c8946b,bimcv.cipf.es,teste_confirmatorio
COVID-19_Radiography_Dataset/COVID/images/COVID-2973.png,COVID,411990f3e4d0d3199eebc298a64445dd,bimcv.cipf.es,teste_confirmatorio
COVID-19_Radiography_Dataset/COVID/images/COVID-2976.png,COVID,00ea6f3878347cad4b729538421e20d2,bimcv.cipf.es,treino
COVID-19_Radiography_Dataset/COVID/images/COVID-2979.png,COVID,a4fdd47b3f7aa9dc7f35da7fe640e440,bimcv.cipf.es,treino
COVID-19_Radiography_Dataset/COVID/images/COVID-298.png,COVID,f820d95e21f034ba2ee6810952827b99,github.com,treino
COVID-19_Radiography_Dataset/COVID/images/COVID-2981.png,COVID,34c7f0aeeda6add62e373413ec10b787,bimcv.cipf.es,teste
COVID-19_Radiography_Dataset/COVID/images/COVID-2982.png,COVID,19c308733a2bd19e524f492ecd4588eb,bimcv.cipf.es,teste
COVID-19_Radiography_Dataset/COVID/images/COVID-2984.png,COVID,8d36bd4d07b73697d7bd68fb4af1ae2e,bimcv.cipf.es,teste
COVID-19_Radiography_Dataset/COVID/images/COVID-299.png,COVID,63e1e2eca69a42e45428e35a4eba95c6,github.com,teste_confirmatorio
COVID-19_Radiography_Dataset/COVID/images/COVID-2990.png,COVID,af874c48f42424c3031e211926c5dfe9,bimcv.cipf.es,treino
COVID-19_Radiography_Dataset/COVID/images/COVID-2993.png,COVID,052a4a06d137e3a979cd3bd243457760,bimcv.cipf.es,teste_confirmatorio
COVID-19_Radiography_Dataset/COVID/images/COVID-2998.png,COVID,98ba5f1dcc319675646947f92080aa4e,bimcv.cipf.es,teste_confirmatorio
COVID-19_Radiography_Dataset/COVID/images/COVID-30.png,COVID,6ce095cdfd871d2af846ac5eaed7044c,sirm.org,validacao
COVID-19_Radiography_Dataset/COVID/images/COVID-3000.png,COVID,7340f2a2b873d9b369504a264e25d959,bimcv.cipf.es,treino
COVID-19_Radiography_Dataset/COVID/images/COVID-3009.png,COVID,0d06274a931d3e29499d1ff084766d31,bimcv.cipf.es,teste_confirmatorio
COVID-19_Radiography_Dataset/COVID/images/COVID-3013.png,COVID,600da708fd34d698504d09382312b1ff,bimcv.cipf.es,validacao
COVID-19_Radiography_Dataset/COVID/images/COVID-3014.png,COVID,4f7a8602611b38fb58273b3e993255fb,bimcv.cipf.es,teste
COVID-19_Radiography_Dataset/COVID/images/COVID-3017.png,COVID,7d4ca00c37651d54b967a43a035409b7,bimcv.cipf.es,teste_confirmatorio
COVID-19_Radiography_Dataset/COVID/images/COVID-302.png,COVID,4f73540da04f1b18a0d5e8ab7849779c,github.com,teste_confirmatorio
COVID-19_Radiography_Dataset/COVID/images/COVID-3023.png,COVID,21a8704617c45415f4f97f8b0e2f3d31,bimcv.cipf.es,treino
COVID-19_Radiography_Dataset/COVID/images/COVID-3024.png,COVID,1307918df043666c249a258bf3f8925d,bimcv.cipf.es,teste_confirmatorio
COVID-19_Radiography_Dataset/COVID/images/COVID-3027.png,COVID,5aa2e29387260c9da18d9bc6c0227810,bimcv.cipf.es,teste
COVID-19_Radiography_Dataset/COVID/images/COVID-303.png,COVID,bcda21b3feeae521fd66cdb60f9f9ddc,eurorad.org,teste_confirmatorio
COVID-19_Radiography_Dataset/COVID/images/COVID-3037.png,COVID,33db32a7922bffdd34de19ddc4ada20a,bimcv.cipf.es,validacao
COVID-19_Radiography_Dataset/COVID/images/COVID-3039.png,COVID,4418c3d4c863fcc785031188bbf1af19,bimcv.cipf.es,teste_confirmatorio
COVID-19_Radiography_Dataset/COVID/images/COVID-3041.png,COVID,caaef051fa8421ac7201744c6b599851,bimcv.cipf.es,teste
COVID-19_Radiography_Dataset/COVID/images/COVID-3044.png,COVID,00ed8725167b04f87bf58207bcd917aa,bimcv.cipf.es,validacao
COVID-19_Radiography_Dataset/COVID/images/COVID-305.png,COVID,4d6f1618a2148595bdadc3bde3f49f33,eurorad.org,teste_confirmatorio
COVID-19_Radiography_Dataset/COVID/images/COVID-3057.png,COVID,b08f549f9eda3232fd88d553dfd2a8b6,bimcv.cipf.es,teste_confirmatorio
COVID-19_Radiography_Dataset/COVID/images/COVID-3059.png,COVID,c06d2f8c16f13fe176df6b10d4dbc92c,bimcv.cipf.es,validacao
COVID-19_Radiography_Dataset/COVID/images/COVID-306.png,COVID,76be90a3b3542df139642d47b9535a60,eurorad.org,teste_confirmatorio
COVID-19_Radiography_Dataset/COVID/images/COVID-3062.png,COVID,1ec159ac6e41cf17a5dafd38ff95eaf9,bimcv.cipf.es,validacao
COVID-19_Radiography_Dataset/COVID/images/COVID-3063.png,COVID,25d51f8f241636af77e070cb4e8c5fe8,bimcv.cipf.es,validacao
COVID-19_Radiography_Dataset/COVID/images/COVID-3065.png,COVID,ce8266676951916a08b2517e5e5041c9,bimcv.cipf.es,validacao
COVID-19_Radiography_Dataset/COVID/images/COVID-3067.png,COVID,b32cc01a4ca4f57e7c6ca736bba7d121,bimcv.cipf.es,teste
COVID-19_Radiography_Dataset/COVID/images/COVID-3072.png,COVID,8cb3b55e0d127dbe7c8e37e10d4323ee,bimcv.cipf.es,teste_confirmatorio
COVID-19_Radiography_Dataset/COVID/images/COVID-3076.png,COVID,da3e0c4946b6377f6ae3e9114538f0fa,bimcv.cipf.es,teste
COVID-19_Radiography_Dataset/COVID/images/COVID-3080.png,COVID,485bb5f08df63649cbc6a5bde5b954c1,bimcv.cipf.es,teste_confirmatorio
COVID-19_Radiography_Dataset/COVID/images/COVID-3081.png,COVID,8c1ad69a496a0593012064ca81585760,bimcv.cipf.es,teste
COVID-19_Radiography_Dataset/COVID/images/COVID-3082.png,COVID,a2f677ff33e104522170b35d7d39873a,bimcv.cipf.es,teste
COVID-19_Radiography_Dataset/COVID/images/COVID-3084.png,COVID,6d0620ba98411774500bd0cf631a94dd,bimcv.cipf.es,treino
COVID-19_Radiography_Dataset/COVID/images/COVID-3085.png,COVID,5ee9aa21cc80018280efc024b220a79d,bimcv.cipf.es,teste
COVID-19_Radiography_Dataset/COVID/images/COVID-3090.png,COVID,636ad16394648d4d30b6330b6200d51b,bimcv.cipf.es,teste_confirmatorio
COVID-19_Radiography_Dataset/COVID/images/COVID-3094.png,COVID,e7fd5ff4ec48d2f746b6afab35518ace,bimcv.cipf.es,teste_confirmatorio
COVID-19_Radiography_Dataset/COVID/images/COVID-3096.png,COVID,9757c4eeefa1d5da9d299bd6bcb5b3d7,bimcv.cipf.es,teste
COVID-19_Radiography_Dataset/COVID/images/COVID-3097.png,COVID,b586fa87ff9ebad91ad2bd6fcb8e169d,bimcv.cipf.es,teste_confirmatorio
COVID-19_Radiography_Dataset/COVID/images/COVID-3099.png,COVID,6732caaac655d7ffad3040b8e8e440f5,bimcv.cipf.es,treino
COVID-19_Radiography_Dataset/COVID/images/COVID-310.png,COVID,ddede401ca016b502a06778b02d8f624,eurorad.org,treino
COVID-19_Radiography_Dataset/COVID/images/COVID-3100.png,COVID,7d4c780562f4b952afe3662cb458dee5,bimcv.cipf.es,teste
COVID-19_Radiography_Dataset/COVID/images/COVID-311.png,COVID,9fdd77128cd0abba3b692f20a7408f5f,eurorad.org,teste_confirmatorio
COVID-19_Radiography_Dataset/COVID/images/COVID-3114.png,COVID,3035c2bf6d66b3a1553d38f487aafea2,bimcv.cipf.es,teste
COVID-19_Radiography_Dataset/COVID/images/COVID-312.png,COVID,86ff0c25cde98021e37e1df47d0b1fa6,eurorad.org,teste_confirmatorio
COVID-19_Radiography_Dataset/COVID/images/COVID-3121.png,COVID,03412b4a8e1a7bb5d18603a6e1dd829f,bimcv.cipf.es,teste_confirmatorio
COVID-19_Radiography_Dataset/COVID/images/COVID-3132.png,COVID,85f9f9ac5ab271f1e9c51d68acd96e0b,bimcv.cipf.es,treino
COVID-19_Radiography_Dataset/COVID/images/COVID-3133.png,COVID,4e26f263316cb4643e71c3a5ef552d0f,bimcv.cipf.es,teste_confirmatorio
COVID-19_Radiography_Dataset/COVID/images/COVID-3134.png,COVID,7940b3f0878ea1d7ad08c07a9f05bc19,bimcv.cipf.es,teste_confirmatorio
COVID-19_Radiography_Dataset/COVID/images/COVID-3137.png,COVID,a8838bbb1ace15e45c9d17db9f2b823b,bimcv.cipf.es,teste
COVID-19_Radiography_Dataset/COVID/images/COVID-314.png,COVID,047006c840f320a138f48f4b5671206f,eurorad.org,teste
COVID-19_Radiography_Dataset/COVID/images/COVID-3146.png,COVID,11b381a778ec4320c32cf92209ad6521,bimcv.cipf.es,treino
COVID-19_Radiography_Dataset/COVID/images/COVID-3155.png,COVID,595e1f8487d3c985b4e6785144474639,bimcv.cipf.es,teste
COVID-19_Radiography_Dataset/COVID/images/COVID-3157.png,COVID,9469eae6e4fbb9c86b5f533321528632,bimcv.cipf.es,treino
COVID-19_Radiography_Dataset/COVID/images/COVID-3159.png,COVID,80c777fee548dff3254ca7dba7b0729c,bimcv.cipf.es,teste
COVID-19_Radiography_Dataset/COVID/images/COVID-3160.png,COVID,e8941d5eb45e57a5eb225895bd0a74cc,bimcv.cipf.es,teste
COVID-19_Radiography_Dataset/COVID/images/COVID-3162.png,COVID,5646d528cdfa1b3aa3b7ec62a03ad84c,bimcv.cipf.es,teste_confirmatorio
COVID-19_Radiography_Dataset/COVID/images/COVID-3165.png,COVID,d4fbd71047c7dd0b717c1701eab67a9c,bimcv.cipf.es,teste_confirmatorio
COVID-19_Radiography_Dataset/COVID/images/COVID-3169.png,COVID,418b57cc6dfed8b0132cabca54576568,bimcv.cipf.es,teste
COVID-19_Radiography_Dataset/COVID/images/COVID-3170.png,COVID,971ea424bbccb2204e1996541bcd7622,bimcv.cipf.es,teste
COVID-19_Radiography_Dataset/COVID/images/COVID-3172.png,COVID,ee0cd1261aeacf83d1f1f66a47e10bf6,bimcv.cipf.es,teste_confirmatorio
COVID-19_Radiography_Dataset/COVID/images/COVID-3173.png,COVID,59d3ade2ade794a72344dbc4f693b477,bimcv.cipf.es,teste_confirmatorio
COVID-19_Radiography_Dataset/COVID/images/COVID-3174.png,COVID,0e292be26c7b1331c9adfe81f6366fc7,bimcv.cipf.es,treino
COVID-19_Radiography_Dataset/COVID/images/COVID-3182.png,COVID,0c7b60e199170e4fe2944ee4e4255210,bimcv.cipf.es,validacao
COVID-19_Radiography_Dataset/COVID/images/COVID-3188.png,COVID,58c4a0c06483c78adaa6ba137337dbf2,bimcv.cipf.es,validacao
COVID-19_Radiography_Dataset/COVID/images/COVID-3189.png,COVID,89c68999d07820a2f8ac28deb8bdd005,bimcv.cipf.es,teste
COVID-19_Radiography_Dataset/COVID/images/COVID-3190.png,COVID,de379b4e870c632e08e0c3822f5bf11b,bimcv.cipf.es,teste
COVID-19_Radiography_Dataset/COVID/images/COVID-3192.png,COVID,4981b87223cf98eb49acb73d424219cd,bimcv.cipf.es,validacao
COVID-19_Radiography_Dataset/COVID/images/COVID-3194.png,COVID,b271fabdf90010ef4c476b2732695cfa,bimcv.cipf.es,teste_confirmatorio
COVID-19_Radiography_Dataset/COVID/images/COVID-3205.png,COVID,b5323ce82caba5ee82cf0af91426d351,bimcv.cipf.es,treino
COVID-19_Radiography_Dataset/COVID/images/COVID-3211.png,COVID,c6e8c0b08993a076255cb0bc975f997f,bimcv.cipf.es,teste
COVID-19_Radiography_Dataset/COVID/images/COVID-3220.png,COVID,1ce60aa4a7624be5f928b8201a9f4574,bimcv.cipf.es,treino
COVID-19_Radiography_Dataset/COVID/images/COVID-3221.png,COVID,9104257b3b7527caf39817bb1109c0ee,bimcv.cipf.es,teste
COVID-19_Radiography_Dataset/COVID/images/COVID-3225.png,COVID,d3d533c6dc1fcc8db8057d144e142340,bimcv.cipf.es,teste_confirmatorio
COVID-19_Radiography_Dataset/COVID/images/COVID-3226.png,COVID,d11a575692e87bbb42fb9b65d19867e1,bimcv.cipf.es,teste_confirmatorio
COVID-19_Radiography_Dataset/COVID/images/COVID-3234.png,COVID,7c4829ce1323c4b4ee36a8952d0478b1,bimcv.cipf.es,teste_confirmatorio
COVID-19_Radiography_Dataset/COVID/images/COVID-3236.png,COVID,665505b0ccc380386bdfae934514e26e,bimcv.cipf.es,teste
COVID-19_Radiography_Dataset/COVID/images/COVID-3238.png,COVID,0424d9ef30c71782ad493819ef7ab207,bimcv.cipf.es,teste
COVID-19_Radiography_Dataset/COVID/images/COVID-3239.png,COVID,36f85801f8c71b5a38721af4dd13fbd8,bimcv.cipf.es,teste_confirmatorio
COVID-19_Radiography_Dataset/COVID/images/COVID-3245.png,COVID,a8a9b9c2c144e6c899fb7b68586502c3,bimcv.cipf.es,validacao
COVID-19_Radiography_Dataset/COVID/images/COVID-3247.png,COVID,793a69b1244d10425842fde6c374a6d5,bimcv.cipf.es,teste_confirmatorio
COVID-19_Radiography_Dataset/COVID/images/COVID-3248.png,COVID,09bb882064a5db95cde4d7cd555d8259,bimcv.cipf.es,teste
COVID-19_Radiography_Dataset/COVID/images/COVID-325.png,COVID,c596461ab08a66aee526b1c1f6c6bdca,eurorad.org,teste
COVID-19_Radiography_Dataset/COVID/images/COVID-3250.png,COVID,de7d1e1faa1e5ecf0e9f234d23e1a2db,bimcv.cipf.es,teste_confirmatorio
COVID-19_Radiography_Dataset/COVID/images/COVID-3253.png,COVID,aeed05f8582feeb134e964985bab687d,bimcv.cipf.es,teste
COVID-19_Radiography_Dataset/COVID/images/COVID-3257.png,COVID,8bd3b1f8cf8fbcdd7b9e7b56df0148c8,bimcv.cipf.es,teste
COVID-19_Radiography_Dataset/COVID/images/COVID-3258.png,COVID,0f1d1f1650c38f360b3cbbf156c0486a,bimcv.cipf.es,teste_confirmatorio
COVID-19_Radiography_Dataset/COVID/images/COVID-3259.png,COVID,4b38c3f8cb8bd0f27b4c0d79af254903,bimcv.cipf.es,treino
COVID-19_Radiography_Dataset/COVID/images/COVID-3264.png,COVID,d7a53831d136775102722930f727f64f,bimcv.cipf.es,validacao
COVID-19_Radiography_Dataset/COVID/images/COVID-3265.png,COVID,600b04c48fa724a73f6a38fd35ad99c6,bimcv.cipf.es,teste
COVID-19_Radiography_Dataset/COVID/images/COVID-3266.png,COVID,8cad43eb7506953b65711afc23a25498,bimcv.cipf.es,teste_confirmatorio
COVID-19_Radiography_Dataset/COVID/images/COVID-3269.png,COVID,7c6c874399ee5d7b830072fd3e32d6d9,bimcv.cipf.es,teste_confirmatorio
COVID-19_Radiography_Dataset/COVID/images/COVID-3274.png,COVID,c46f9aa654c35c7f355a13979df61205,bimcv.cipf.es,teste
COVID-19_Radiography_Dataset/COVID/images/COVID-3277.png,COVID,3ef9ad643fbcb9d8615bc829f405801c,bimcv.cipf.es,teste_confirmatorio
COVID-19_Radiography_Dataset/COVID/images/COVID-3280.png,COVID,795ee30735f0c401d290a04869f6c5d2,bimcv.cipf.es,teste
COVID-19_Radiography_Dataset/COVID/images/COVID-3301.png,COVID,14af9d92ce389edd30622f4b103787ff,bimcv.cipf.es,treino
COVID-19_Radiography_Dataset/COVID/images/COVID-3305.png,COVID,c01bd5504baf1c2c348a3068ed2878c6,bimcv.cipf.es,teste
COVID-19_Radiography_Dataset/COVID/images/COVID-3307.png,COVID,34be61079dd79ef0452e522e8d94b68a,bimcv.cipf.es,teste
COVID-19_Radiography_Dataset/COVID/images/COVID-3309.png,COVID,d10fc0b58d68043a20ed814526c5f7a8,bimcv.cipf.es,validacao
COVID-19_Radiography_Dataset/COVID/images/COVID-3314.png,COVID,10e27c8afae29437ee9358d9f2f60f9f,bimcv.cipf.es,teste_confirmatorio
COVID-19_Radiography_Dataset/COVID/images/COVID-332.png,COVID,7aa88e6484deecb6d27a6b5ee51b76db,eurorad.org,teste_confirmatorio
COVID-19_Radiography_Dataset/COVID/images/COVID-3325.png,COVID,d9d530e850b594c95efda3b220e11b8a,bimcv.cipf.es,teste_confirmatorio
COVID-19_Radiography_Dataset/COVID/images/COVID-3332.png,COVID,1e8efbe5522905386413289619ebddcd,bimcv.cipf.es,treino
COVID-19_Radiography_Dataset/COVID/images/COVID-3334.png,COVID,459a68c76e0826aa06be778e362f9b1e,bimcv.cipf.es,teste_confirmatorio
COVID-19_Radiography_Dataset/COVID/images/COVID-3348.png,COVID,7e2cff7deaa0a30bb0462559c54fd866,bimcv.cipf.es,validacao
COVID-19_Radiography_Dataset/COVID/images/COVID-335.png,COVID,458fa26406805133d5395e5237f31459,eurorad.org,teste_confirmatorio
COVID-19_Radiography_Dataset/COVID/images/COVID-3353.png,COVID,a71a489036b84a67411b7fc5dc019331,bimcv.cipf.es,teste_confirmatorio
COVID-19_Radiography_Dataset/COVID/images/COVID-3354.png,COVID,1990179175889353fae2711acc11918a,bimcv.cipf.es,validacao
COVID-19_Radiography_Dataset/COVID/images/COVID-3362.png,COVID,e819ddd2671de293cb11f61f1f302e4e,bimcv.cipf.es,teste_confirmatorio
COVID-19_Radiography_Dataset/COVID/images/COVID-3365.png,COVID,3ef26212ef2e8745bcf25b9c8affd194,bimcv.cipf.es,teste_confirmatorio
COVID-19_Radiography_Dataset/COVID/images/COVID-3369.png,COVID,9589b1bc07328cf50dabe48f88f2c781,bimcv.cipf.es,validacao
COVID-19_Radiography_Dataset/COVID/images/COVID-3377.png,COVID,856a3ad172c183b3c18fc3137ca368e9,bimcv.cipf.es,teste
COVID-19_Radiography_Dataset/COVID/images/COVID-3379.png,COVID,f8fdec133e33338e962720adf18fc9ef,bimcv.cipf.es,teste_confirmatorio
COVID-19_Radiography_Dataset/COVID/images/COVID-3380.png,COVID,1e057c0f63c57d19e4c37eff32b85b4b,bimcv.cipf.es,teste_confirmatorio
COVID-19_Radiography_Dataset/COVID/images/COVID-3381.png,COVID,299c236e07df0824185cda9ae6087011,bimcv.cipf.es,teste_confirmatorio
COVID-19_Radiography_Dataset/COVID/images/COVID-3386.png,COVID,04ba1429bfcbdcfdd2759b7402e4c107,bimcv.cipf.es,teste
COVID-19_Radiography_Dataset/COVID/images/COVID-3387.png,COVID,75bdbda7ab780bc2e1ca3b988591956a,bimcv.cipf.es,teste
COVID-19_Radiography_Dataset/COVID/images/COVID-339.png,COVID,a4d54b44691865b8ab80b820c820c5e7,eurorad.org,teste
COVID-19_Radiography_Dataset/COVID/images/COVID-3394.png,COVID,de7471b328ebda74c05dfbc8d673c45e,bimcv.cipf.es,teste
COVID-19_Radiography_Dataset/COVID/images/COVID-3398.png,COVID,ab96c909cd24570355fe96355ced3bfb,bimcv.cipf.es,teste_confirmatorio
COVID-19_Radiography_Dataset/COVID/images/COVID-3400.png,COVID,c1ce70eafebd605a93d2e81c8eff11ff,bimcv.cipf.es,validacao
COVID-19_Radiography_Dataset/COVID/images/COVID-3406.png,COVID,e4c0a1ec16cb05b8bb2a654b7461f440,bimcv.cipf.es,teste_confirmatorio
COVID-19_Radiography_Dataset/COVID/images/COVID-3408.png,COVID,016526304ce9d03dbadd786f4ce964c3,bimcv.cipf.es,teste
COVID-19_Radiography_Dataset/COVID/images/COVID-3410.png,COVID,efe76f02bc83d87ebb9e3df3ca2c789c,bimcv.cipf.es,teste
COVID-19_Radiography_Dataset/COVID/images/COVID-3411.png,COVID,6bc31323d96a09328d5a7bc561e20ad5,bimcv.cipf.es,teste_confirmatorio
COVID-19_Radiography_Dataset/COVID/images/COVID-3413.png,COVID,95285c05628f3a40fddfb72770ebe001,bimcv.cipf.es,teste
COVID-19_Radiography_Dataset/COVID/images/COVID-342.png,COVID,0f081094e8d02b8fcb46941b1d3f03ae,eurorad.org,teste_confirmatorio
COVID-19_Radiography_Dataset/COVID/images/COVID-3421.png,COVID,ece7c27761ceaebb34a6c26674da5e3a,bimcv.cipf.es,validacao
COVID-19_Radiography_Dataset/COVID/images/COVID-3422.png,COVID,c3ad7662163b7e631b3097c4f184f405,bimcv.cipf.es,teste
COVID-19_Radiography_Dataset/COVID/images/COVID-3423.png,COVID,00452e4bb8679373672c0d8d4179b4ab,bimcv.cipf.es,teste
COVID-19_Radiography_Dataset/COVID/images/COVID-3425.png,COVID,34de7411cf1973c29ea3e30e0a0bdf49,bimcv.cipf.es,validacao
COVID-19_Radiography_Dataset/COVID/images/COVID-3434.png,COVID,175ee934a1a5a2e74dffe30b192d296d,bimcv.cipf.es,teste_confirmatorio
COVID-19_Radiography_Dataset/COVID/images/COVID-3435.png,COVID,1f39e3cb9a7add4e98554009e90a53a4,bimcv.cipf.es,teste_confirmatorio
COVID-19_Radiography_Dataset/COVID/images/COVID-3437.png,COVID,b0907c72f6879e5616eb4f42ca23fb32,bimcv.cipf.es,teste_confirmatorio
COVID-19_Radiography_Dataset/COVID/images/COVID-3445.png,COVID,e72b56859e42a49205af66c4f26fe9a0,bimcv.cipf.es,teste_confirmatorio
COVID-19_Radiography_Dataset/COVID/images/COVID-3448.png,COVID,e519f9ba65b4196b9adc137561556158,bimcv.cipf.es,teste_confirmatorio
COVID-19_Radiography_Dataset/COVID/images/COVID-3454.png,COVID,a34851655a7e24fbaf46f5206942088e,bimcv.cipf.es,teste_confirmatorio
COVID-19_Radiography_Dataset/COVID/images/COVID-3455.png,COVID,8b366068ae631a8865e07917fb9d85f0,bimcv.cipf.es,teste_confirmatorio
COVID-19_Radiography_Dataset/COVID/images/COVID-3456.png,COVID,f142b12c9ab97a3101842f57a0af931a,bimcv.cipf.es,teste_confirmatorio
COVID-19_Radiography_Dataset/COVID/images/COVID-3461.png,COVID,cc4992c4c930447d2763828b871e9969,bimcv.cipf.es,teste
COVID-19_Radiography_Dataset/COVID/images/COVID-3462.png,COVID,8e607323b1be2d38494d6e4acc4a97d6,bimcv.cipf.es,teste_confirmatorio
COVID-19_Radiography_Dataset/COVID/images/COVID-3467.png,COVID,4ab97354f08d75a745fdf4d40f38acb6,bimcv.cipf.es,teste_confirmatorio
COVID-19_Radiography_Dataset/COVID/images/COVID-347.png,COVID,c78a8ddc7bc4b13b18c26ac55d9ec9ae,eurorad.org,teste
COVID-19_Radiography_Dataset/COVID/images/COVID-3470.png,COVID,d6ec28c12739d40d9117310842667346,bimcv.cipf.es,teste
COVID-19_Radiography_Dataset/COVID/images/COVID-3475.png,COVID,8d35d7cf94f30369fa82225825b381af,bimcv.cipf.es,treino
COVID-19_Radiography_Dataset/COVID/images/COVID-3476.png,COVID,68cc2eb7b44768913654c5cc24a3a8d4,bimcv.cipf.es,teste_confirmatorio
COVID-19_Radiography_Dataset/COVID/images/COVID-3478.png,COVID,67f4f6b6e7f6d9d1f190572ae9701245,bimcv.cipf.es,teste
COVID-19_Radiography_Dataset/COVID/images/COVID-3479.png,COVID,9bf35963f82af59fae23f77f132a8b40,bimcv.cipf.es,teste
COVID-19_Radiography_Dataset/COVID/images/COVID-3482.png,COVID,b21b01ef49643b4fdf58b8e363d654bc,bimcv.cipf.es,teste_confirmatorio
COVID-19_Radiography_Dataset/COVID/images/COVID-3491.png,COVID,a2e3aee13a029f1313033731c42e29e4,bimcv.cipf.es,teste_confirmatorio
COVID-19_Radiography_Dataset/COVID/images/COVID-3495.png,COVID,6eb97ca92f90063c86547ec5d6b4f0c6,bimcv.cipf.es,teste_confirmatorio
COVID-19_Radiography_Dataset/COVID/images/COVID-3503.png,COVID,7e723433f91929377ec72348a43efec3,bimcv.cipf.es,teste_confirmatorio
COVID-19_Radiography_Dataset/COVID/images/COVID-3508.png,COVID,63a6b29e70ad5d39ed1c132d897d644e,bimcv.cipf.es,teste_confirmatorio
COVID-19_Radiography_Dataset/COVID/images/COVID-351.png,COVID,12f661349cda0059365b258d4295cae4,eurorad.org,treino
COVID-19_Radiography_Dataset/COVID/images/COVID-3510.png,COVID,6741980dcebdc4857aa065f2ffd9b066,bimcv.cipf.es,teste
COVID-19_Radiography_Dataset/COVID/images/COVID-3514.png,COVID,3baec3e632c51abbdfdc291d39bf32de,bimcv.cipf.es,teste_confirmatorio
COVID-19_Radiography_Dataset/COVID/images/COVID-3517.png,COVID,8d2a6ae2067e7e4d08ecda82ab457d8d,bimcv.cipf.es,teste
COVID-19_Radiography_Dataset/COVID/images/COVID-3518.png,COVID,49529aa58abe1bb76e1e49cba5362361,bimcv.cipf.es,teste_confirmatorio
COVID-19_Radiography_Dataset/COVID/images/COVID-3519.png,COVID,8b1c15908a58b6d0ee920279a89d099e,bimcv.cipf.es,treino
COVID-19_Radiography_Dataset/COVID/images/COVID-3522.png,COVID,4daaf216f8f686a2b3974ae45c17a64f,bimcv.cipf.es,teste_confirmatorio
COVID-19_Radiography_Dataset/COVID/images/COVID-3523.png,COVID,892f87941ffa3aaf09c6c68b20943d15,bimcv.cipf.es,teste_confirmatorio
COVID-19_Radiography_Dataset/COVID/images/COVID-3524.png,COVID,98a30979264e5c98cfd1e0b2ecc77968,bimcv.cipf.es,teste
COVID-19_Radiography_Dataset/COVID/images/COVID-3526.png,COVID,b096f623abbb4e63a0356d3201e09f8c,bimcv.cipf.es,teste_confirmatorio
COVID-19_Radiography_Dataset/COVID/images/COVID-3529.png,COVID,7669b6c67f0702e93acd780e069c89fa,bimcv.cipf.es,treino
COVID-19_Radiography_Dataset/COVID/images/COVID-353.png,COVID,e4034813e09d43346279da841fe05a4c,eurorad.org,teste_confirmatorio
COVID-19_Radiography_Dataset/COVID/images/COVID-3532.png,COVID,54bbf733bcd8331cb8bf4043a51f8d12,bimcv.cipf.es,teste
COVID-19_Radiography_Dataset/COVID/images/COVID-3543.png,COVID,7508f5f82035c3e964c3827f82bada78,bimcv.cipf.es,teste
COVID-19_Radiography_Dataset/COVID/images/COVID-3560.png,COVID,44d37a45900257e9f0644e7c424c789c,bimcv.cipf.es,teste_confirmatorio
COVID-19_Radiography_Dataset/COVID/images/COVID-3561.png,COVID,f39da6bc4c7550c7e396fed0d5658b93,bimcv.cipf.es,treino
COVID-19_Radiography_Dataset/COVID/images/COVID-3563.png,COVID,c1faa2d17e32ecb76297b979eff19c50,bimcv.cipf.es,treino
COVID-19_Radiography_Dataset/COVID/images/COVID-3569.png,COVID,5787b7d9622d6e245e8a4f654c812beb,bimcv.cipf.es,teste_confirmatorio
COVID-19_Radiography_Dataset/COVID/images/COVID-357.png,COVID,1811f31b582f8fde06dc4aafccbca421,eurorad.org,validacao
COVID-19_Radiography_Dataset/COVID/images/COVID-3572.png,COVID,c61ef24e38b0863def44ed6f98aeafbe,bimcv.cipf.es,treino
COVID-19_Radiography_Dataset/COVID/images/COVID-3580.png,COVID,b89df5f2475ec4fd363ce8788d895844,bimcv.cipf.es,validacao
COVID-19_Radiography_Dataset/COVID/images/COVID-3583.png,COVID,01891861c13577dab8cdd10652f6506f,bimcv.cipf.es,teste_confirmatorio
COVID-19_Radiography_Dataset/COVID/images/COVID-3592.png,COVID,1538401f9c69fdb05a3a69d9c54eb649,bimcv.cipf.es,treino
COVID-19_Radiography_Dataset/COVID/images/COVID-3594.png,COVID,77f6c3557b335207684fc7dbd38830f6,bimcv.cipf.es,treino
COVID-19_Radiography_Dataset/COVID/images/COVID-3596.png,COVID,76551ebdbc5aab9b52d24c91d0663e4e,bimcv.cipf.es,validacao
COVID-19_Radiography_Dataset/COVID/images/COVID-36.png,COVID,e49f77845437e61080de219b859f827f,sirm.org,validacao
COVID-19_Radiography_Dataset/COVID/images/COVID-3600.png,COVID,67129dbaa6dc48b3dd3fe84e67b2f4c3,bimcv.cipf.es,treino
COVID-19_Radiography_Dataset/COVID/images/COVID-3604.png,COVID,94b786b2a6d5d3b9717822be7005f4eb,bimcv.cipf.es,teste_confirmatorio
COVID-19_Radiography_Dataset/COVID/images/COVID-3605.png,COVID,4fa785ecfc6963fdc1e35b96acb62b2a,bimcv.cipf.es,teste_confirmatorio
COVID-19_Radiography_Dataset/COVID/images/COVID-3608.png,COVID,f505ef7e8acc673d5d7b341409b86faf,bimcv.cipf.es,validacao
COVID-19_Radiography_Dataset/COVID/images/COVID-3609.png,COVID,93c72da9a1405981d4526e0d872cc1a1,bimcv.cipf.es,validacao
COVID-19_Radiography_Dataset/COVID/images/COVID-366.png,COVID,c3628bdd72ffb3263976781565484f76,eurorad.org,teste_confirmatorio
COVID-19_Radiography_Dataset/COVID/images/COVID-383.png,COVID,5e4d2eb8d79e791ac9b5cefa1836ee4f,eurorad.org,teste
COVID-19_Radiography_Dataset/COVID/images/COVID-386.png,COVID,1276001c5bcc6941eef425af448e4366,eurorad.org,teste_confirmatorio
COVID-19_Radiography_Dataset/COVID/images/COVID-388.png,COVID,a76b1531f401317851bc835ed9f03a22,eurorad.org,teste
COVID-19_Radiography_Dataset/COVID/images/COVID-390.png,COVID,3970e086e4f3b5dd922570f5380966fd,eurorad.org,teste_confirmatorio
COVID-19_Radiography_Dataset/COVID/images/COVID-391.png,COVID,e73b556e54d6a67db9f89f19e7fb0735,eurorad.org,validacao
COVID-19_Radiography_Dataset/COVID/images/COVID-393.png,COVID,adfff967aa1c1d7146d0d37465d31153,eurorad.org,teste
COVID-19_Radiography_Dataset/COVID/images/COVID-404.png,COVID,f40472038a4c7ce7345d65802e0e4d07,eurorad.org,teste
COVID-19_Radiography_Dataset/COVID/images/COVID-405.png,COVID,3249fb4a70850bf58572053bea9cd43a,eurorad.org,validacao
COVID-19_Radiography_Dataset/COVID/images/COVID-411.png,COVID,4d62be47d8b8cd8caa1d502412d994ae,eurorad.org,teste
COVID-19_Radiography_Dataset/COVID/images/COVID-416.png,COVID,dbaf6813d5288be9ae44942227de650e,eurorad.org,teste
COVID-19_Radiography_Dataset/COVID/images/COVID-42.png,COVID,9388d0e7d2cf481d96ecf5677baaf89d,sirm.org,teste
COVID-19_Radiography_Dataset/COVID/images/COVID-421.png,COVID,be0481490f497f67d5e0074dcfa354a2,eurorad.org,teste_confirmatorio
COVID-19_Radiography_Dataset/COVID/images/COVID-431.png,COVID,ae37d72fbb2ca21a8dfe35c9c925d5f7,eurorad.org,teste_confirmatorio
COVID-19_Radiography_Dataset/COVID/images/COVID-435.png,COVID,79987ba3ba44cf1e1bc6c18ef5d381c2,eurorad.org,validacao
COVID-19_Radiography_Dataset/COVID/images/COVID-437.png,COVID,5ff193ddf92b84a4eccf9132a1b76e5b,eurorad.org,validacao
COVID-19_Radiography_Dataset/COVID/images/COVID-440.png,COVID,24fa0195da4757a37cc4b832fee02ce6,eurorad.org,teste_confirmatorio
COVID-19_Radiography_Dataset/COVID/images/COVID-441.png,COVID,24c066bae3528ef6eddc7bf655008659,eurorad.org,teste_confirmatorio
COVID-19_Radiography_Dataset/COVID/images/COVID-444.png,COVID,7c598b809d25a46d30475353616e59e9,eurorad.org,teste_confirmatorio
COVID-19_Radiography_Dataset/COVID/images/COVID-451.png,COVID,2a2d93810ce6b98e859c0c548657f5ad,eurorad.org,teste_confirmatorio
COVID-19_Radiography_Dataset/COVID/images/COVID-453.png,COVID,7284b5ded4258402a21c2ad4544444c8,eurorad.org,teste
COVID-19_Radiography_Dataset/COVID/images/COVID-456.png,COVID,4ed5b2bac107c071b4ff61a1bd479ec9,eurorad.org,treino
COVID-19_Radiography_Dataset/COVID/images/COVID-468.png,COVID,5170fab91db0b77ddf8c010b5eaa7e62,eurorad.org,validacao
COVID-19_Radiography_Dataset/COVID/images/COVID-481.png,COVID,873edbd06ea9a5a16369cb6a8bb3818b,eurorad.org,teste_confirmatorio
COVID-19_Radiography_Dataset/COVID/images/COVID-484.png,COVID,6247fc10b0625a3a20be3a16cdb21041,eurorad.org,teste_confirmatorio
COVID-19_Radiography_Dataset/COVID/images/COVID-496.png,COVID,732b567c10c4e461cf10ede52be3768e,eurorad.org,teste
COVID-19_Radiography_Dataset/COVID/images/COVID-498.png,COVID,73f9f00bf39395a885eb03868cd4b934,eurorad.org,teste_confirmatorio
COVID-19_Radiography_Dataset/COVID/images/COVID-506.png,COVID,49229ada086ce2c4f0f6230d13a60c35,eurorad.org,teste
COVID-19_Radiography_Dataset/COVID/images/COVID-515.png,COVID,e8ce2ea9a0b4d3dcdaad5a5041f1a096,eurorad.org,validacao
COVID-19_Radiography_Dataset/COVID/images/COVID-519.png,COVID,2f20a6057b823f8a6d9a45a3184f6cd6,eurorad.org,teste_confirmatorio
COVID-19_Radiography_Dataset/COVID/images/COVID-53.png,COVID,9696dce9632de088aa049958f95b300f,sirm.org,teste_confirmatorio
COVID-19_Radiography_Dataset/COVID/images/COVID-536.png,COVID,b3de442fc763f13e3bae7abdf83e563d,eurorad.org,teste_confirmatorio
COVID-19_Radiography_Dataset/COVID/images/COVID-542.png,COVID,3d44c48ac197e33d46ca83d3b83566d2,eurorad.org,validacao
COVID-19_Radiography_Dataset/COVID/images/COVID-556.png,COVID,eb2c02e372d5ef9b5124740c4f965263,eurorad.org,teste_confirmatorio
COVID-19_Radiography_Dataset/COVID/images/COVID-557.png,COVID,4d4a54439a70f6d8176c9d1e7941ae20,eurorad.org,teste
COVID-19_Radiography_Dataset/COVID/images/COVID-563.png,COVID,2515c7b494228feb4c8591799d594ca3,github.com,teste
COVID-19_Radiography_Dataset/COVID/images/COVID-570.png,COVID,3c1e7750ae7ab758e3570138e9be0268,github.com,validacao
COVID-19_Radiography_Dataset/COVID/images/COVID-575.png,COVID,f21443a5586013ca9b6d5a4f20947ba3,github.com,teste_confirmatorio
COVID-19_Radiography_Dataset/COVID/images/COVID-585.png,COVID,5b3c203f826e9106b4853848160e6abb,github.com,teste_confirmatorio
COVID-19_Radiography_Dataset/COVID/images/COVID-596.png,COVID,2ea66a6ff047f9de019dfe690716af89,github.com,teste
COVID-19_Radiography_Dataset/COVID/images/COVID-598.png,COVID,f1d377b8ee90e2c504ae4529715d37ac,github.com,teste
COVID-19_Radiography_Dataset/COVID/images/COVID-6.png,COVID,e241b3cd501964715bade5353630ad2e,sirm.org,teste_confirmatorio
COVID-19_Radiography_Dataset/COVID/images/COVID-600.png,COVID,82a84d56ef6bea69a6177a45d5b3c2e1,github.com,teste
COVID-19_Radiography_Dataset/COVID/images/COVID-605.png,COVID,89bb50d28fab13c6ae29433dcb92bbf9,github.com,teste_confirmatorio
COVID-19_Radiography_Dataset/COVID/images/COVID-607.png,COVID,df275daf345213eb0d9efcd47de79a9f,github.com,treino
COVID-19_Radiography_Dataset/COVID/images/COVID-611.png,COVID,a82f6dbcaaa5ad3ec307696775686731,github.com,teste
COVID-19_Radiography_Dataset/COVID/images/COVID-613.png,COVID,006f92c15ec31cfa36042982c0c0dddd,github.com,teste_confirmatorio
COVID-19_Radiography_Dataset/COVID/images/COVID-618.png,COVID,47bb8def9b256302c505eb67aa14264e,github.com,treino
COVID-19_Radiography_Dataset/COVID/images/COVID-620.png,COVID,487a44e16827bd847709937994f420eb,github.com,teste
COVID-19_Radiography_Dataset/COVID/images/COVID-621.png,COVID,9057f6d45a97afc85e5f7b447c419541,github.com,treino
COVID-19_Radiography_Dataset/COVID/images/COVID-625.png,COVID,2b5aeba29998309765ff6d69df33d7e0,github.com,teste
COVID-19_Radiography_Dataset/COVID/images/COVID-626.png,COVID,1aca92148e4c9dfe73bc822a83cccca2,github.com,validacao
COVID-19_Radiography_Dataset/COVID/images/COVID-627.png,COVID,94f8d2f04a349790fb735532048ca578,github.com,teste
COVID-19_Radiography_Dataset/COVID/images/COVID-629.png,COVID,a12a1b5c07acaf9b6304242326b03d59,github.com,treino
COVID-19_Radiography_Dataset/COVID/images/COVID-630.png,COVID,6be6af0e398fafcb8c468b4ef7f8c0f8,github.com,validacao
COVID-19_Radiography_Dataset/COVID/images/COVID-64.png,COVID,9ce0bfa53efc936e14c1d3c888595aef,sirm.org,teste_confirmatorio
COVID-19_Radiography_Dataset/COVID/images/COVID-647.png,COVID,89825414c791cfc35462797634e04645,github.com,teste
COVID-19_Radiography_Dataset/COVID/images/COVID-648.png,COVID,f08ecf001af4232c815056747b63d9fb,github.com,teste_confirmatorio
COVID-19_Radiography_Dataset/COVID/images/COVID-659.png,COVID,6c155e0ca5918896da11f057cc081b24,github.com,validacao
COVID-19_Radiography_Dataset/COVID/images/COVID-662.png,COVID,616d503cec551c2e42861211c59d979d,github.com,validacao
COVID-19_Radiography_Dataset/COVID/images/COVID-663.png,COVID,6cd80186cd2c4b62ae73127dd9808706,github.com,treino
COVID-19_Radiography_Dataset/COVID/images/COVID-671.png,COVID,9406e7338ae60c381acbaa485021e5a6,github.com,validacao
COVID-19_Radiography_Dataset/COVID/images/COVID-672.png,COVID,4bf7bf3d8366defe8ae868224ad86a65,github.com,teste_confirmatorio
COVID-19_Radiography_Dataset/COVID/images/COVID-680.png,COVID,92f473f2414240c0703011b05c47e79d,github.com,teste_confirmatorio
COVID-19_Radiography_Dataset/COVID/images/COVID-683.png,COVID,e31dd828fcf21fbae276e77e848fe103,github.com,teste_confirmatorio
COVID-19_Radiography_Dataset/COVID/images/COVID-688.png,COVID,92bd191de958737f99a071a4b97c1a99,github.com,teste
COVID-19_Radiography_Dataset/COVID/images/COVID-689.png,COVID,e325789e7dc4ab9ff86543a8e6da073e,github.com,validacao
COVID-19_Radiography_Dataset/COVID/images/COVID-690.png,COVID,4ac96769601de257c98b68a862651970,github.com,treino
COVID-19_Radiography_Dataset/COVID/images/COVID-691.png,COVID,91a54f8623ebce7d36802ffe204a31fc,github.com,teste_confirmatorio
COVID-19_Radiography_Dataset/COVID/images/COVID-693.png,COVID,9d6e02606b9249a30f77b798e7cb8b52,github.com,validacao
COVID-19_Radiography_Dataset/COVID/images/COVID-70.png,COVID,3056a7668ac8b1ace1e1caf108eeac2f,sirm.org,teste_confirmatorio
COVID-19_Radiography_Dataset/COVID/images/COVID-701.png,COVID,20ae0fb28566962d15077906b7a9e656,github.com,teste
COVID-19_Radiography_Dataset/COVID/images/COVID-702.png,COVID,ce26feeb2e3b4253ce2252bdd4d8ae36,github.com,validacao
COVID-19_Radiography_Dataset/COVID/images/COVID-712.png,COVID,8c96d78821e9a975bfc2bf1582632f8e,github.com,teste_confirmatorio
COVID-19_Radiography_Dataset/COVID/images/COVID-716.png,COVID,3b2a1d2348ac9e366039d815f24bbdfc,github.com,teste
COVID-19_Radiography_Dataset/COVID/images/COVID-720.png,COVID,97522045bbfe11b54908526d9ae12027,github.com,teste_confirmatorio
COVID-19_Radiography_Dataset/COVID/images/COVID-727.png,COVID,c175335788c4e39d4ea4c44cf444c942,github.com,validacao
COVID-19_Radiography_Dataset/COVID/images/COVID-730.png,COVID,2f843c70041c6eed7e5dd90ff286a984,github.com,treino
COVID-19_Radiography_Dataset/COVID/images/COVID-74.png,COVID,bf94eb38e310d1b7a8e1ff7016f33d89,sirm.org,validacao
COVID-19_Radiography_Dataset/COVID/images/COVID-740.png,COVID,bb6b8ebb8ef5b4f485f687eb6bb3a46a,github.com,teste
COVID-19_Radiography_Dataset/COVID/images/COVID-741.png,COVID,b928e3eac6e749979e7323705f2a46e0,github.com,teste_confirmatorio
COVID-19_Radiography_Dataset/COVID/images/COVID-743.png,COVID,c5d68e3b4bfe15fc0134d2d62ea5c529,github.com,teste_confirmatorio
COVID-19_Radiography_Dataset/COVID/images/COVID-747.png,COVID,998715ff2bbe838e65ac0f5e36524a82,github.com,treino
COVID-19_Radiography_Dataset/COVID/images/COVID-749.png,COVID,ca081dd56c504a8ec2072b84d1a65255,github.com,treino
COVID-19_Radiography_Dataset/COVID/images/COVID-751.png,COVID,65a6920dd35ed90bd2a237b1c9950ac3,github.com,teste_confirmatorio
COVID-19_Radiography_Dataset/COVID/images/COVID-758.png,COVID,5560fe2cd22da93ed37040cea8de7c75,github.com,teste
COVID-19_Radiography_Dataset/COVID/images/COVID-768.png,COVID,858437d62968f4eed5f6219d77aba7e3,github.com,teste_confirmatorio
COVID-19_Radiography_Dataset/COVID/images/COVID-772.png,COVID,347f1248c6628578ac63a5862058e50a,github.com,teste_confirmatorio
COVID-19_Radiography_Dataset/COVID/images/COVID-78.png,COVID,92c1504df975aed3dbea13be638a28fb,sirm.org,teste
COVID-19_Radiography_Dataset/COVID/images/COVID-791.png,COVID,470dcce4ba50743e872224352bd71de6,github.com,validacao
COVID-19_Radiography_Dataset/COVID/images/COVID-803.png,COVID,deebb2f78f870e59342d0999f389b73b,github.com,teste
COVID-19_Radiography_Dataset/COVID/images/COVID-805.png,COVID,6837b7b9ef8f915911f2ca6625d4e717,github.com,teste
COVID-19_Radiography_Dataset/COVID/images/COVID-806.png,COVID,65c313fc07c8354f5ecb7f7861dbae14,github.com,teste_confirmatorio
COVID-19_Radiography_Dataset/COVID/images/COVID-813.png,COVID,b8e17d8b30df460130634937ef812a48,github.com,teste_confirmatorio
COVID-19_Radiography_Dataset/COVID/images/COVID-817.png,COVID,12061f9da4070da6fb99ab7542f659e3,github.com,teste_confirmatorio
COVID-19_Radiography_Dataset/COVID/images/COVID-82.png,COVID,96f430aba09470ae50a82e61cbf75186,sirm.org,teste_confirmatorio
COVID-19_Radiography_Dataset/COVID/images/COVID-823.png,COVID,da4cf2f0ef5902c9253bdf18b6191614,github.com,teste
COVID-19_Radiography_Dataset/COVID/images/COVID-824.png,COVID,4e8ada71d836a9b0205d41eff7b4c4bf,github.com,teste_confirmatorio
COVID-19_Radiography_Dataset/COVID/images/COVID-825.png,COVID,3f80a4d13e0bdc4c5e967c4f697ce041,github.com,validacao
COVID-19_Radiography_Dataset/COVID/images/COVID-827.png,COVID,3b853ddc8b74f35f15930f0d0cf8fbd0,github.com,teste
COVID-19_Radiography_Dataset/COVID/images/COVID-830.png,COVID,43a37810b5fe9b3304f4fa5b502602d3,github.com,teste_confirmatorio
COVID-19_Radiography_Dataset/COVID/images/COVID-831.png,COVID,ba896e4d4a6404da5b74fe925346e815,github.com,teste
COVID-19_Radiography_Dataset/COVID/images/COVID-835.png,COVID,124b3d1bb2eefb2ea643c1eade985a3e,github.com,teste
COVID-19_Radiography_Dataset/COVID/images/COVID-840.png,COVID,a497ceaeed065c93ed3b62568bdf3c84,github.com,teste
COVID-19_Radiography_Dataset/COVID/images/COVID-842.png,COVID,91feb136e43c4b5c411683968cd7e67a,github.com,teste_confirmatorio
COVID-19_Radiography_Dataset/COVID/images/COVID-843.png,COVID,ce57bec8aee32abb7faaa0e60164ffe7,github.com,validacao
COVID-19_Radiography_Dataset/COVID/images/COVID-85.png,COVID,21c7f4aaca515ba338aa42a8d96d908c,sirm.org,treino
COVID-19_Radiography_Dataset/COVID/images/COVID-850.png,COVID,709edf62f39aacc3718f0bbc9cb883ca,github.com,teste_confirmatorio
COVID-19_Radiography_Dataset/COVID/images/COVID-856.png,COVID,dbfd32804d5d6ec5ebd13a02280e5fbe,github.com,teste_confirmatorio
COVID-19_Radiography_Dataset/COVID/images/COVID-861.png,COVID,dcdc2c31aa72773995c7cbd7ef25ec34,github.com,teste_confirmatorio
COVID-19_Radiography_Dataset/COVID/images/COVID-870.png,COVID,c24a4f43d0f6c1d0087d35ac8f4782fc,github.com,treino
COVID-19_Radiography_Dataset/COVID/images/COVID-872.png,COVID,e3a77cb318343c7d86a1ce5d03b8d174,github.com,teste
COVID-19_Radiography_Dataset/COVID/images/COVID-874.png,COVID,6dc27255ff977489cd8b485fe1bde700,github.com,validacao
COVID-19_Radiography_Dataset/COVID/images/COVID-875.png,COVID,d7ed06641e9746d4732f61670e0a07e8,github.com,treino
COVID-19_Radiography_Dataset/COVID/images/COVID-876.png,COVID,01fb32ff4dfbc443cdfc5842cb95a658,github.com,teste
COVID-19_Radiography_Dataset/COVID/images/COVID-877.png,COVID,e4d494567f93d0e7627dd09c0c8cda13,github.com,treino
COVID-19_Radiography_Dataset/COVID/images/COVID-878.png,COVID,acc5510d7c5c404ef28d965a7e38f66a,github.com,teste_confirmatorio
COVID-19_Radiography_Dataset/COVID/images/COVID-880.png,COVID,f7211b9e6740ce142068c41fac473c40,github.com,teste
COVID-19_Radiography_Dataset/COVID/images/COVID-882.png,COVID,2330696f70323991ca9711be3405ce08,github.com,treino
COVID-19_Radiography_Dataset/COVID/images/COVID-885.png,COVID,c54060e176174fb65837e68f955aa708,github.com,teste_confirmatorio
COVID-19_Radiography_Dataset/COVID/images/COVID-886.png,COVID,5285515cf7cc076a989e54159c3bd2e7,github.com,teste_confirmatorio
COVID-19_Radiography_Dataset/COVID/images/COVID-893.png,COVID,01d4ee83c4e37ef0a398356df691cca8,github.com,teste_confirmatorio
COVID-19_Radiography_Dataset/COVID/images/COVID-899.png,COVID,1cc46615d8ec61fd68f5c1dcdc5d7615,github.com,teste
COVID-19_Radiography_Dataset/COVID/images/COVID-902.png,COVID,65e9d9f3a510b9227a3be1b0791a492a,github.com,teste
COVID-19_Radiography_Dataset/COVID/images/COVID-910.png,COVID,64b54bfc3812a74bb9e174a5cfb6075e,github.com,treino
COVID-19_Radiography_Dataset/COVID/images/COVID-912.png,COVID,9c1ded414c099bc81c52fb32021d7497,github.com,teste
COVID-19_Radiography_Dataset/COVID/images/COVID-921.png,COVID,66d776e786ebc77315346a2e166a3f7b,github.com,validacao
COVID-19_Radiography_Dataset/COVID/images/COVID-941.png,COVID,448ece4261538021737709b9667e327b,github.com,teste_confirmatorio
COVID-19_Radiography_Dataset/COVID/images/COVID-947.png,COVID,f1f8af8a4f8710109d57bf3961198be5,github.com,teste_confirmatorio
COVID-19_Radiography_Dataset/COVID/images/COVID-969.png,COVID,515005a7f4b4d95ca85737ec6597ca21,github.com,teste_confirmatorio
COVID-19_Radiography_Dataset/COVID/images/COVID-982.png,COVID,98ac3aa2ea3e53d249cf9d59f93737ee,github.com,validacao
COVID-19_Radiography_Dataset/COVID/images/COVID-983.png,COVID,8af7c1911156c6c6dd25d52b14214caa,github.com,treino
COVID-19_Radiography_Dataset/COVID/images/COVID-985.png,COVID,f742aad430963bbd60ec48b701851125,github.com,teste
COVID-19_Radiography_Dataset/COVID/images/COVID-991.png,COVID,21e711eecf266df418f151b634b06b5e,github.com,treino
COVID-19_Radiography_Dataset/COVID/images/COVID-997.png,COVID,1aa81932fdd81441d288368610d540bc,github.com,teste
COVID-19_Radiography_Dataset/COVID/images/COVID-998.png,COVID,25e8ac5547dd469454d424987a124fe6,github.com,teste_confirmatorio
