caminho_rel,classe,md5,split
data/bike/bike_001.bmp,bike,73fb37c5be7121f52757bad38aab4652,treino
data/bike/bike_002.bmp,bike,89ebfeffa2b031cef45cf1db46a3cd12,treino
data/bike/bike_003.bmp,bike,257e14db76c52196de9692e158d5f44c,treino
data/bike/bike_004.bmp,bike,eca2dee676fb67469cdcefe305b03792,treino
data/bike/bike_005.bmp,bike,8aa71709583a5caf30d5f6ac08603402,treino
data/bike/bike_006.bmp,bike,43f53525f90c382af6703ba34af082a2,treino
data/bike/bike_007.bmp,bike,b0acd87a4228d8419cb58c71d2856439,treino
data/bike/bike_008.bmp,bike,eaa17a2a835400bc8325358d938c438c,treino
data/bike/bike_009.bmp,bike,618b6467f665f882b5b7632e8097efbf,treino
data/bike/bike_010.bmp,bike,172330b276620735a97da4818a699021,treino
data/bike/bike_011.bmp,bike,44fd044905f2a5f843169056a6a9b0e2,validacao
data/bike/bike_012.bmp,bike,36f85b783b71f7b0183e1c690d8870a3,treino
data/bike/bike_013.bmp,bike,3c74315e2b7693e72399c60f1d5b0b6f,treino
data/bike/bike_014.bmp,bike,e62702a7caf2d7c6e3243129f4334199,teste
data/bike/bike_015.bmp,bike,99ee89477663e5461331b53136eb0d85,validacao
data/bike/bike_016.bmp,bike,60d9c157e7edd8cd34ca980cadc674ca,validacao
data/bike/bike_017.bmp,bike,8320fd81e60010324c1982176d178d70,treino
data/bike/bike_018.bmp,bike,8ddde268d154f828d13e81695d2c206f,treino
data/bike/bike_019.bmp,bike,8261573d08e95f7fbca21d9a58319f21,treino
data/bike/bike_020.bmp,bike,c9a787912238f5a2f398ec44324ec4e5,validacao
data/bike/bike_021.bmp,bike,e1e15b00bdd4039f632ce024ae926708,teste
data/bike/bike_022.bmp,bike,ba5b16ed3b35ae5242af76e484a96ca8,teste
data/bike/bike_023.bmp,bike,660310ae8253a4709ecbb10b31071be7,treino
data/bike/bike_024.bmp,bike,df55bff705332a26d53ec651580dc47c,treino
data/bike/bike_025.bmp,bike,47fecef86867f94252f706a2ea1a07aa,treino
data/bike/bike_026.bmp,bike,71970759a736719ad558445ab0b72ad3,treino
data/bike/bike_027.bmp,bike,e7239fd56dc59cc9bedbf223e22aad15,validacao
data/bike/bike_028.bmp,bike,06b7c5ec3f5401724b5e74838fe242ca,validacao
data/bike/bike_029.bmp,bike,ae87ccf2f2a0f5ee2030e3f115657a32,validacao
data/bike/bike_030.bmp,bike,874c42d8e12b7c95bcb891e436642ca9,validacao
data/bike/bike_031.bmp,bike,e97700b8e7fb6d2122cae9b0c3d60cc5,treino
data/bike/bike_032.bmp,bike,d7c0bf3ed721a6a2123509894d85ce62,treino
data/bike/bike_033.bmp,bike,573884f19180459f5f6fa358bc1fbfc0,treino
data/bike/bike_034.bmp,bike,ee54c2d232b74dc34a6d42a770564c6f,treino
data/bike/bike_035.bmp,bike,c12797ccab48a1b1ca251eb2e28b5cb8,teste
data/bike/bike_036.bmp,bike,c8f274abc21ab0741620a50e11262645,treino
data/bike/bike_037.bmp,bike,7f0b5ecc4cdd74b9c05c5ad23037f9f7,treino
data/bike/bike_038.bmp,bike,9ef1284b3aabea476d021cb7a905dee7,treino
data/bike/bike_039.bmp,bike,22e65bbc3ebd0ccb32a2b040dcfc3860,validacao
data/bike/bike_040.bmp,bike,3de18b141d198cb064b4806103a3e5d1,validacao
data/bike/bike_041.bmp,bike,736c2fdb2fa1593ae59144b5bbbec8fb,treino
data/bike/bike_042.bmp,bike,f41cff2ecdbf6f83dd2f467c2b65297e,treino
data/bike/bike_043.bmp,bike,eb312ab816349f781034276dc874e93f,treino
data/bike/bike_044.bmp,bike,1241f7ed7c48b6bd9b1da4e92cfcfb88,treino
data/bike/bike_045.bmp,bike,9e2278f5efcc28fa8beda1df579fd09e,treino
data/bike/bike_046.bmp,bike,37db639439c5b7d0637c3ffbaf00c163,treino
data/bike/bike_047.bmp,bike,19604c55d377a0763f575c7772afa3ce,treino
data/bike/bike_048.bmp,bike,1001e34a750867080f6bcc90c076c6d5,validacao
data/bike/bike_049.bmp,bike,bd968120eb984de19ad66e08bd700340,teste
data/bike/bike_050.bmp,bike,8fb8be23e48c22345cf9eb37bdb64d8a,teste
data/bike/bike_051.bmp,bike,ea5bfc7ebfec658c805c9a15a2b53045,teste
data/bike/bike_052.bmp,bike,3e4116f962221bdbfc6a13edcbd560b5,validacao
data/bike/bike_053.bmp,bike,3823f819cd4c0c1b9ba368c08cbce79d,teste
data/bike/bike_054.bmp,bike,60ab19617e1713d4a4df0f3fd61a8140,validacao
data/bike/bike_055.bmp,bike,4ac952e637cd0b6d396f1d5151daeaba,teste
data/bike/bike_056.bmp,bike,6138a2d5b89d319980881d6facdcebd4,validacao
data/bike/bike_057.bmp,bike,2c495aedacc5b1da738aebfe7e15b995,treino
data/bike/bike_058.bmp,bike,f56aeb665af21e27a16ad433f70b8bea,treino
data/bike/bike_059.bmp,bike,b5d121b369fcba7e72519c9c9fc713d6,teste
data/bike/bike_060.bmp,bike,e50061ecd4c5665cdc6d4cc6d8da575a,treino
data/bike/bike_061.bmp,bike,8810e1f1b4ae3dd649c64153527ebb81,validacao
data/bike/bike_062.bmp,bike,df319fd6d1a4fa3300123d02b822e7ee,treino
data/bike/bike_063.bmp,bike,85f3322c5e7d9bf9924b4d04a3b65afd,treino
data/bike/bike_064.bmp,bike,a813bf28ff0f73465d54fbc5fd6d23fb,treino
data/bike/bike_065.bmp,bike,3edc1165ab2ede4ac4877944a5fbaab8,treino
data/bike/bike_066.bmp,bike,41654b8b215b50b519a78f21ca18b687,treino
data/bike/bike_067.bmp,bike,b2144a2269e382554531c6c7a5055270,treino
data/bike/bike_068.bmp,bike,2c1cfc48c5b110ffacf050b1c2bc4299,treino
data/bike/bike_069.bmp,bike,7099bc31fd315aeb80f897038682553d,treino
data/bike/bike_070.bmp,bike,2106b20288b1e85b86e6616249989035,validacao
data/bike/bike_071.bmp,bike,4b98b604f93b3063efa049cc818abe81,treino
data/bike/bike_072.bmp,bike,d1c4b8ea4b5f5484ecb3a46b58107484,teste
data/bike/bike_073.bmp,bike,270c0e04e8004acc85b072156648aa3d,validacao
data/bike/bike_074.bmp,bike,005e09f9cfe5b60b0fbda33348243407,treino
data/bike/bike_075.bmp,bike,5c12acf81594a468229a65eeff8396dc,treino
data/bike/bike_076.bmp,bike,25b1592af19ed332d2acf7e343c1994f,treino
data/bike/bike_077.bmp,bike,eab95d1bedd1f5b2a8028e04d1c56421,validacao
data/bike/bike_078.bmp,bike,8456f7b290e7eb3d0bf55a8f69123c8b,treino
data/bike/bike_079.bmp,bike,9c5d1a37bed468404854894f89dcd722,validacao
data/bike/bike_080.bmp,bike,c1201e85d35e7218a6f6f227c9cd27a4,treino
data/bike/bike_081.bmp,bike,75e39819eb48721b32c4fc66754e3c06,teste
data/bike/bike_082.bmp,bike,811b2327483e808a147fe01bd8fc2d56,treino
data/bike/bike_083.bmp,bike,b099df97989a99dc14ccc0a65c8814b9,treino
data/bike/bike_084.bmp,bike,1ab2201a4c337c415494d77b12e5e1ea,treino
data/bike/bike_085.bmp,bike,73fd8239577c442d1297044ffa99c88b,validacao
data/bike/bike_086.bmp,bike,a160896ccfda6d6f55dd996e75691665,treino
data/bike/bike_087.bmp,bike,e62803eaf5920d962a4e2bc80b43c8b1,treino
data/bike/bike_088.bmp,bike,1ad56567aa802756b3d6fb94c5970636,teste
data/bike/bike_089.bmp,bike,514b00d059713813450680eb336b2d12,teste
data/bike/bike_090.bmp,bike,dbbaa51822b8641108aeaa93f70f87c5,validacao
data/bike/bike_091.bmp,bike,a842db2073291080f760b98da350bdbd,treino
data/bike/bike_092.bmp,bike,c789c36e0260ec869f5ba98d077dc11c,teste
data/bike/bike_093.bmp,bike,fab5b8d0b00de8005b5969aabd82d365,treino
data/bike/bike_094.bmp,bike,ba08c1d52d4eb5add435fbc600153d8e,treino
data/bike/bike_095.bmp,bike,2a66f8f300b85500278b846ccc53f420,treino
data/bike/bike_096.bmp,bike,1a07c909bfdb2ab0be0cd6f33aec14b0,treino
data/bike/bike_097.bmp,bike,1778bf07e3d27786bdc8f638c92f6192,treino
data/bike/bike_098.bmp,bike,7a97e7bcfe1493f582643e9ee686581a,treino
data/bike/bike_099.bmp,bike,2ccc7971a6afc47657ae0fb27ab3998e,treino
data/bike/bike_100.bmp,bike,8c0bbb599eeacde3aca8b3263c9fb865,teste
data/bike/bike_101.bmp,bike,c6b49a626bb7f4685c13d46e10f9d1d5,validacao
data/bike/bike_102.bmp,bike,d2f651def267fcb4c2d2ae94f6bfbb17,treino
data/bike/bike_103.bmp,bike,72280261bfeea8e3706953fd267e1873,teste
data/bike/bike_104.bmp,bike,f130790334dabda2ec7addc690c694f4,treino
data/bike/bike_105.bmp,bike,8d012a203f85035f68e87cce0249a82d,treino
data/bike/bike_106.bmp,bike,a4bf391ddd1e44c35952685d67083bff,treino
data/bike/bike_107.bmp,bike,6986127610d039191e4c643e39ed365e,teste
data/bike/bike_108.bmp,bike,c7a7f0f10af7fa00ca9235e89842fbfe,treino
data/bike/bike_109.bmp,bike,3d0a171a7553d2e228fd8a56042a2eb2,treino
data/bike/bike_110.bmp,bike,ff98544ebc19ee763f7b07841f413d45,validacao
data/bike/bike_111.bmp,bike,45476c0ed09d56bb1aa0b7d87a379a24,treino
data/bike/bike_112.bmp,bike,86e06272579681f11cc8a4b70b3c23a5,treino
data/bike/bike_113.bmp,bike,25109088a0a9c10706e805b31c3ae2e6,treino
data/bike/bike_114.bmp,bike,0011b74948771f6622d97a855d1fbadb,treino
data/bike/bike_115.bmp,bike,bcb63a1e0c565f5fd93d114c3610ed86,validacao
data/bike/bike_116.bmp,bike,ba07c9eacb28f4353137826ae89f14f1,treino
data/bike/bike_117.bmp,bike,b736e3c6d852cf8f3603be7605e0750c,treino
data/bike/bike_118.bmp,bike,6e6352fde30c97cc3d9057af9a6b7ee8,treino
data/bike/bike_119.bmp,bike,ee51933ac7b8ad5c59afe3796daa5be5,validacao
data/bike/bike_120.bmp,bike,07fedcc1584a9b971d48a3a8fa33c080,validacao
data/bike/bike_121.bmp,bike,fee7ac3683cdaafd767f64aa7a390908,treino
data/bike/bike_122.bmp,bike,03c3acb19b15a7ad7b2cff005a461911,teste
data/bike/bike_123.bmp,bike,97185792a24c7872b03315057fce7a9b,validacao
data/bike/bike_124.bmp,bike,6a0bce614c8f91ed455eb5af5bc011fc,treino
data/bike/bike_125.bmp,bike,a807d991c2747c360e06f39fdd6e6330,treino
data/bike/bike_126.bmp,bike,127b67f6c2396a9d2ea92988e69c54c1,treino
data/bike/bike_127.bmp,bike,eae32576dad2902e5b67affd9ba2b482,validacao
data/bike/bike_128.bmp,bike,651b503bb8d8323db1522fcf48f28c4c,treino
data/bike/bike_129.bmp,bike,e4cdd68480b3f053a91eb073a2f69a57,treino
data/bike/bike_130.bmp,bike,2ffde3b1af2db4fce2c9721620b06a67,treino
data/bike/bike_131.bmp,bike,6c55e909755e8aa74281ca3d5dec827b,teste
data/bike/bike_132.bmp,bike,fa8c76699982a38b3c8a9023a0605615,treino
data/bike/bike_133.bmp,bike,771e67d0ad798ecc1524707fe87f0e5e,treino
data/bike/bike_134.bmp,bike,69e26948f2b9738ef036cc2316772021,validacao
data/bike/bike_135.bmp,bike,5472bc34947c0adbaa1903f05f36c9f6,teste
data/bike/bike_136.bmp,bike,3fc511dd067cf7eff4373b5b9d24aa5d,treino
data/bike/bike_137.bmp,bike,12cc80647ca4d1532526c296229dc40c,treino
data/bike/bike_138.bmp,bike,a8d5d845013c7397fdc8a03fbda9e6bf,treino
data/bike/bike_139.bmp,bike,79f36350022e6a728331f5a3879a127f,treino
data/bike/bike_140.bmp,bike,167642f02002f3c9aacb5d0600a7e6f6,treino
data/bike/bike_141.bmp,bike,05da10b37f87da5044b4452cc48410ec,validacao
data/bike/bike_142.bmp,bike,9d8c236f15013a09649ab5f17ac1539a,treino
data/bike/bike_144.bmp,bike,3e77e9da83e226bf60c8d6538881d47e,validacao
data/bike/bike_145.bmp,bike,a40f4500e60a17a7e749d0d9c6bf178b,treino
data/bike/bike_146.bmp,bike,acb71b7cd77f61b959e6f8525efaa523,validacao
data/bike/bike_147.bmp,bike,9c431370c51e145faca93353596c5ffb,validacao
data/bike/bike_148.bmp,bike,7476d9adda6ab50d4c01543f3211b3fe,treino
data/bike/bike_149.bmp,bike,efc5c25f859c28bf900cfff1ebfd730a,treino
data/bike/bike_150.bmp,bike,4db53dea2d4378e55f8947aea8e14f41,treino
data/bike/bike_151.bmp,bike,29b4ada7a175d4a8457d60f9aea986f0,teste
data/bike/bike_152.bmp,bike,fd9d8747760affe00cf2f5d261c1061c,treino
data/bike/bike_153.bmp,bike,a5acdc50cfd99a0ba5bc5e026f93e88a,teste
data/bike/bike_154.bmp,bike,15054b739bb25e65f5f060a3094c9d35,treino
data/bike/bike_155.bmp,bike,f4486c4ca0d8a120d41fab93d49a56bf,treino
data/bike/bike_156.bmp,bike,f53b70d74312a4febeda4b7f6124f51c,treino
data/bike/bike_157.bmp,bike,063e2a876834c06d51249e705244ea7a,treino
data/bike/bike_158.bmp,bike,ca65f79c32c6bb276017987eaf5fe697,validacao
data/bike/bike_159.bmp,bike,302f78a7009a9f3247f1073e86d55ae9,treino
data/bike/bike_160.bmp,bike,b9a08946f9714f43e2f7b8205eac6b95,treino
data/bike/bike_161.bmp,bike,a1c9058387eb324671fa09131ad43abc,treino
data/bike/bike_162.bmp,bike,7222648bf5e7596021eb828020b8db68,teste
data/bike/bike_163.bmp,bike,1b174cbf2be459b0c3e7ba91e73fc0e8,validacao
data/bike/bike_164.bmp,bike,c0e30d8c2d197bebe3766f304aace51c,treino
data/bike/bike_165.bmp,bike,8b5871e1b2bd51d0795d7ac1a9a14d7d,treino
data/bike/bike_166.bmp,bike,b42754796a18e2d22a2180ef8c3998c1,treino
data/bike/bike_167.bmp,bike,b9b171df433d160f96f45938cafa5274,treino
data/bike/bike_168.bmp,bike,3878ef115b594ce053efe64a59a28d4f,teste
data/bike/bike_169.bmp,bike,8a750b96a4793f2307fdca058fb8bb4e,treino
data/bike/bike_170.bmp,bike,a95465c1eb0f0fb1cebb6382c7648ed3,validacao
data/bike/bike_171.bmp,bike,a5fe5e1d630a95bf7e7e18f2733c240b,teste
data/bike/bike_172.bmp,bike,c91b2c601393cb11e8bc7c1c17fd619f,validacao
data/bike/bike_173.bmp,bike,03ef948fabb3330dc0e722c0192c7120,treino
data/bike/bike_174.bmp,bike,3f051893e768f6fef4ffe481041bcb63,treino
data/bike/bike_175.bmp,bike,c68b6b9968eeefc174cb56a4e657e64f,treino
data/bike/bike_176.bmp,bike,2e2cc54fb31a830bd52d247a96a96862,teste
data/bike/bike_177.bmp,bike,7ce1d65f4f9e57a99ffd3b08d695c8bd,treino
data/bike/bike_178.bmp,bike,9e4cd17ad025d8e85e3fad1f50d5e3ca,treino
data/bike/bike_179.bmp,bike,e1bbbc7c28dc6b781fe972fb8d7cb922,validacao
data/bike/bike_180.bmp,bike,b65cc004af4194c9c6ff0753a111473d,treino
data/bike/bike_181.bmp,bike,18b75f94657b083e4a773f6fe2730b79,treino
data/bike/bike_182.bmp,bike,852304b4e5965e1cea81d0f4af86a744,treino
data/bike/bike_183.bmp,bike,f2f21aa673bb17b15071b9f0ec0642bc,treino
data/bike/bike_184.bmp,bike,6a273a21ca795c518907af22fcdacca5,treino
data/bike/bike_185.bmp,bike,375c7829261264928c6a50ff122c9db1,treino
data/bike/bike_186.bmp,bike,17209cd10ec2887832c337b1ac2eb2ca,treino
data/bike/bike_187.bmp,bike,6ab848d7c064aa399da64319d5a977ba,treino
data/bike/bike_188.bmp,bike,aca007cee7a1dec775aff271f9abc07a,treino
data/bike/bike_189.bmp,bike,2ddbd260ea9ff799cbc42e1e41f8aafb,teste
data/bike/bike_190.bmp,bike,e01c8aa08066eb0f063b5a88cdee6f7c,teste
data/bike/bike_191.bmp,bike,f7272c3eeaeb0a8062723c3e694c0c42,teste
data/bike/bike_192.bmp,bike,271b4270e4c7f16721a4e8d86d53d3c3,treino
data/bike/bike_193.bmp,bike,a9cae08acfc38897c49fa4bf68aa3189,teste
data/bike/bike_194.bmp,bike,6dd8a1ef0d9dc475843a86bdc6dec616,treino
data/bike/bike_195.bmp,bike,402f620e041871b136204fd5599d3372,treino
data/bike/bike_196.bmp,bike,025b41d328df427184f95eca653e66fd,treino
data/bike/bike_197.bmp,bike,716757e5b48d773fd0d5c9fa93ff4760,treino
data/bike/bike_201.bmp,bike,0430860de20b02ccb5b5e8494ae6796a,treino
data/bike/bike_203.bmp,bike,d0054ade31efc621d441e8fc3cd2a0ad,treino
data/bike/bike_204.bmp,bike,21378db58ce122c5b9e5ed6b0403a41e,treino
data/bike/bike_205.bmp,bike,d406516a4d6f1148fb52dbf1711786b1,treino
data/bike/bike_206.bmp,bike,00d03a6626453d17d2ecd8352a1f8452,treino
data/bike/bike_207.bmp,bike,b134d5d8e0ccdcb576fe65d32c51e34b,treino
data/bike/bike_208.bmp,bike,82dd1c00b8adcc0a0d13a6d9de487311,treino
data/bike/bike_209.bmp,bike,dfcb5dbb102a4d6cdcf930a97edda2ec,validacao
data/bike/bike_210.bmp,bike,8522633eca9c8ac9564cb823de8c6a0f,treino
data/bike/bike_211.bmp,bike,1a954d00a6c87aea5812e753b2e1adfb,teste
data/bike/bike_212.bmp,bike,cb2920390d1ac521294c78870a9479a9,treino
data/bike/bike_213.bmp,bike,93a18e24809996dcebaecb116faf226b,validacao
data/bike/bike_214.bmp,bike,be67a71c4cf5060dbf0ea7f54dc89350,treino
data/bike/bike_215.bmp,bike,a36f30b95ea5ddc254c3ee6b932b3cb0,validacao
data/bike/bike_216.bmp,bike,74530ab13e3d37c4815b9022730eb601,treino
data/bike/bike_217.bmp,bike,7ea46b91c1bc1c3a96f430b6ea687aca,treino
data/bike/bike_218.bmp,bike,726454c1b0625956d8866f9061909943,treino
data/bike/bike_219.bmp,bike,d13868da718d4c00afad7cb34e18f0c5,treino
data/bike/bike_220.bmp,bike,08d76f8e71b76c6a1ec333657b1fa4c0,teste
data/bike/bike_221.bmp,bike,6cc061c7a2a361ba3c71b01a39d0f14d,treino
data/bike/bike_222.bmp,bike,475e681cc3876ef997bbd8b8b73b4312,treino
data/bike/bike_223.bmp,bike,aaab89476618ce3b01cb2488f46de537,treino
data/bike/bike_224.bmp,bike,39f2de7099035ec74cc9c853df392da0,treino
data/bike/bike_225.bmp,bike,bdd2ed83869d88e5bf2ff016f6bc46f1,treino
data/bike/bike_226.bmp,bike,1223c9e2f0550de34b39aef6bae78b14,treino
data/bike/bike_227.bmp,bike,a1beb6131144fe66ee5d877ad51163c0,treino
data/bike/bike_228.bmp,bike,a84d3ec0522e61255ed87babe576ec87,validacao
data/bike/bike_229.bmp,bike,ae1f623b4aa364d79e71a714fd4a11a2,treino
data/bike/bike_230.bmp,bike,bd05b195c62869872f85557783c91088,treino
data/bike/bike_231.bmp,bike,6c9913959302250e7abe8fd98c4663b9,treino
data/bike/bike_232.bmp,bike,53b019eb04f4df3a782412314eab8d94,treino
data/bike/bike_233.bmp,bike,51a722cdb3e7ced5f6b3cfe39af55095,treino
data/bike/bike_234.bmp,bike,b90fcee56b7e50d48a5507c4374e6256,treino
data/bike/bike_235.bmp,bike,52104a81b00629bb23b5f995458adb88,validacao
data/bike/bike_236.bmp,bike,7c45b2c1e1a4e60b2bcdcf04643d613d,treino
data/bike/bike_237.bmp,bike,3fe0a53b5900152f85b6c39e335e5c93,treino
data/bike/bike_238.bmp,bike,f95508c00b9d3295d3bf3ee0a11452fe,treino
data/bike/bike_239.bmp,bike,db18c73fdcffe64ff863f8a8f1dde0d9,treino
data/bike/bike_240.bmp,bike,b5840142daad0d94b1cd15281bd48ae9,treino
data/bike/bike_241.bmp,bike,0b925b14934e71260c0ab70c379cf6be,teste
data/bike/bike_242.bmp,bike,966638464b6aeb837f3026cbf777ae37,treino
data/bike/bike_243.bmp,bike,512a99bba2f78c2fe1bc03c26be6b74b,treino
data/bike/bike_244.bmp,bike,3a5366cde861c244ececc12047d7fd9f,treino
data/bike/bike_245.bmp,bike,f170c07beef54e32c1b564a82ff8a89f,treino
data/bike/bike_246.bmp,bike,13f6c4f2b086a43abd9679ce5d4ac8a0,validacao
data/bike/bike_247.bmp,bike,5ac2c42a9294f7000fae08e544590dfc,teste
data/bike/bike_248.bmp,bike,76c20b28ae38d9db727f36fed0558ec6,treino
data/bike/bike_249.bmp,bike,13e3bf73b8f52b46ada6927b2d03e50c,teste
data/bike/bike_250.bmp,bike,76cc916d81eda9aee3b29370ed7de8ff,treino
data/bike/bike_251.bmp,bike,2e8092cec14ea5fc01a0c5a055fcda56,treino
data/bike/bike_252.bmp,bike,2feb1b2582fc405ec5f19b8bd6209d38,treino
data/bike/bike_253.bmp,bike,f412e1995738f0b5783421c1ddfc2a02,treino
data/bike/bike_254.bmp,bike,3983071814598c78b41de2520fd82716,validacao
data/bike/bike_255.bmp,bike,c59a043fd1af82e8ae0f8f91bde85c48,treino
data/bike/bike_256.bmp,bike,62db9eb0defb7b854d9ea161da60b6c5,treino
data/bike/bike_257.bmp,bike,c2d0503adae27ddd9fcb246e9f894d82,treino
data/bike/bike_258.bmp,bike,632742fb675129a0763a26ec6e15c263,teste
data/bike/bike_259.bmp,bike,2150851d7360ad8d5419a3c5e757abb3,treino
data/bike/bike_260.bmp,bike,f911d3274312fc410ba4ed11deb351f0,validacao
data/bike/bike_261.bmp,bike,d95f4c7d8914bc354d10237614eeaae4,treino
data/bike/bike_262.bmp,bike,3a814f065a23aa0b09d4f62a62650448,treino
data/bike/bike_263.bmp,bike,ec5dca424e924918968fe1fe0234cdb6,teste
data/bike/bike_265.bmp,bike,391d82bd254a7e0b6a4a6d033a435595,treino
data/bike/bike_266.bmp,bike,1cfe2a92dfc11f8474b8acd18aaf5c2e,treino
data/bike/bike_267.bmp,bike,dd9b58d4e3c6d1f1583d68cbd803c1bd,validacao
data/bike/bike_268.bmp,bike,9498d270222308c1bd88dfb8b63def04,treino
data/bike/bike_269.bmp,bike,409133d1741b386074265e2afa4f6446,treino
data/bike/bike_270.bmp,bike,f1281505308c5ccf8abfc7db3fe3d5f0,teste
data/bike/bike_271.bmp,bike,6bdaf569c9ed9a0ea3e060d5d5f85c56,teste
data/bike/bike_272.bmp,bike,58b2a124011d4dd4b79ab65e04f15f3a,validacao
data/bike/bike_273.bmp,bike,b6ccf02a8ea2d9e812611d7c4c2846b2,treino
data/bike/bike_274.bmp,bike,534879b9bbc9a88e39a6a6120875056f,treino
data/bike/bike_275.bmp,bike,74778f2642342ce09bee2be5dd824659,treino
data/bike/bike_276.bmp,bike,921700405f7ae28bd55622c144cebfc6,treino
data/bike/bike_277.bmp,bike,e23869aa7bba827c2954b4eb1820349d,teste
data/bike/bike_278.bmp,bike,df0b5dd4630fd0cf9fc6638e42898686,treino
data/bike/bike_279.bmp,bike,beef1f6f12e6576b49c827353fe6c2fb,treino
data/bike/bike_280.bmp,bike,6a99cd1143958570c61b0101cb3a639e,teste
data/bike/bike_281.bmp,bike,918811926a6511433f6dff7fff601ab6,treino
data/bike/bike_282.bmp,bike,96b400dc3087c4f22f63c10c0b7d3344,treino
data/bike/bike_283.bmp,bike,022b83df95e30e3d1df1631efe5fd559,teste
data/bike/bike_284.bmp,bike,2665702672287810676320f03b396454,treino
data/bike/bike_285.bmp,bike,37973866833bc8731ba65135ec1f5f9e,treino
data/bike/bike_286.bmp,bike,cd154f9639bd88080f47d79a90286de2,treino
data/bike/bike_287.bmp,bike,6c87bb196cb4b5135daaa542a7ada0df,treino
data/bike/bike_288.bmp,bike,3d37aff312d8fc9799f3a6764ee726e4,treino
data/bike/bike_289.bmp,bike,f8bb1cb6ee8b344d9ff8137daa4743f3,validacao
data/bike/bike_290.bmp,bike,04c573c8a28badee3618add821097dfa,treino
data/bike/bike_291.bmp,bike,0538f8fd8428b99768f8834e21d4ee7f,treino
data/bike/bike_292.bmp,bike,d892f3611e7565a874390118d53748da,treino
data/bike/bike_293.bmp,bike,f7ccc71c3d72614cb652dca045425d10,treino
data/bike/bike_294.bmp,bike,936749d3617a7209c5a5b4cb9529a2c7,treino
data/bike/bike_295.bmp,bike,7370922809671794108bd92930e729e9,treino
data/bike/bike_296.bmp,bike,ff3cf4d274e6e1b950157a2ae23c3662,treino
data/bike/bike_297.bmp,bike,fde196c11d365fdb84dfabe723286bf8,validacao
data/bike/bike_298.bmp,bike,0a40802e68c1a7705557de95a1715f58,treino
data/bike/bike_299.bmp,bike,177f649cc6ec35b83d4750e674ec85f1,treino
data/bike/bike_300.bmp,bike,bff979545a117b68d3e435c170dbbbb0,teste
data/bike/bike_301.bmp,bike,bc367903eae4549aa42cde2df103e875,treino
data/bike/bike_302.bmp,bike,ed2bd3533e96d65d4f3912d09d751b00,treino
data/bike/bike_303.bmp,bike,772063893d1e596b0d610e394ebfb09b,treino
data/bike/bike_304.bmp,bike,ab9113b80aee13f6bc34373a57182310,treino
data/bike/bike_305.bmp,bike,c5616df55ba35275687a8a6d55701356,treino
data/bike/bike_306.bmp,bike,d6260de3aab27d884d3b096b792bfc4a,treino
data/bike/bike_307.bmp,bike,5e599c42f143bcc8980026d4da8df262,treino
data/bike/bike_308.bmp,bike,8d76b08e907fafb5b63efbc7ad2ef281,treino
data/bike/bike_309.bmp,bike,db177e36d7379d87a55413ad00a8d1c9,treino
data/bike/bike_310.bmp,bike,79a70d290000b929de51cc244695fa2b,treino
data/bike/bike_311.bmp,bike,b638460221e3e537ad073688d11ec00f,treino
data/bike/bike_312.bmp,bike,efc91f2a7893e7facdf64ef3b0e4b5ca,treino
data/bike/bike_313.bmp,bike,b3841223e9937e82e35455dd3119a552,teste
data/bike/bike_314.bmp,bike,b9365f100e15eb812541e42e1ade8bc7,treino
data/bike/bike_315.bmp,bike,38c883a5c14eb7f826c9cde58d2b5634,teste
data/bike/bike_316.bmp,bike,d3f1c7ed5ea663b59280507fe7c7c506,treino
data/bike/bike_317.bmp,bike,1de5146ccba5dddd2b2bca8662a80b69,treino
data/bike/bike_318.bmp,bike,dda68d3197068b4c47a3c0226ae34b51,treino
data/bike/bike_319.bmp,bike,b6bfe2759554ad0da6f5ff53c03d6429,treino
data/bike/bike_320.bmp,bike,efa54a53772cc8ed6b35fcbaca889cf1,teste
data/bike/bike_321.bmp,bike,0f49b4fd2cae7c98039114cfc58dacbd,treino
data/bike/bike_322.bmp,bike,805cfed450ba8cbba55c481d4e237583,treino
data/bike/bike_323.bmp,bike,3f68ec07fc3bef3656a47475ab2f77b6,validacao
data/bike/bike_324.bmp,bike,58290043cf4fd64dd39c3afcac4dbbdd,treino
data/bike/bike_325.bmp,bike,9e8b6ac6c777d5d32fb2ab2ce992236b,treino
data/bike/bike_326.bmp,bike,aef72483fa996a28a41c1b297444005f,teste
data/bike/bike_327.bmp,bike,396fe2b9d0e8de8f8c4bda5fd5cee956,treino
data/bike/bike_328.bmp,bike,402015ecf875a9eca4188ba94c956c98,treino
data/bike/bike_329.bmp,bike,5e9934da562b761c341c87c78c2aab0d,validacao
data/bike/bike_330.bmp,bike,4f7777cafdc6a50d136c36e00b650863,treino
data/bike/bike_331.bmp,bike,95a16ea3423c62a6ac812f1a863f7950,treino
data/bike/bike_332.bmp,bike,bd32bd59843db08b75451ad5cd4a2c73,treino
data/bike/bike_333.bmp,bike,1016a9795ac31de13b04b127e20685b0,treino
data/bike/bike_334.bmp,bike,4dd577c55e4d446e2da1a0afccc29b4b,treino
data/bike/bike_335.bmp,bike,a99ecc1f6ae8c5e81aa7df63ae083650,treino
data/bike/bike_336.bmp,bike,f616f9a724bad99bb9f0be1d03f99edd,validacao
data/bike/bike_337.bmp,bike,2cfda9dbc45ee605d085e6c5aaa79f74,teste
data/bike/bike_338.bmp,bike,642c3218e0bfe722e0fcfbe08255d951,treino
data/bike/bike_339.bmp,bike,827b43f92d8f1ba34caa8390ad204456,treino
data/bike/bike_340.bmp,bike,0949fc02c8db2af522abaa2425ca032e,treino
data/bike/bike_341.bmp,bike,8c2be25953c94a8d0d386dd800669eab,treino
data/bike/bike_342.bmp,bike,a8b73234dd755eaa759936d40b5d5bea,treino
data/bike/bike_343.bmp,bike,07979a4dd17d81a71499222684424cba,treino
data/bike/bike_344.bmp,bike,f64a4b826ed8432ce4910190cede88cf,treino
data/bike/bike_345.bmp,bike,7491eadf7b42c6bc8d75c2673600fb57,treino
data/bike/bike_346.bmp,bike,aff5daa5a3cbf0d5389ee77f2d487ee9,treino
data/bike/bike_347.bmp,bike,c87578aa3d8665f7ac0cbb2351f05cf9,treino
data/bike/bike_349.bmp,bike,aa813e4f089fcaa33ec1ce338e24254e,treino
data/bike/bike_350.bmp,bike,bc3a67773e5a33310daf9b86ee96ff99,treino
data/bike/bike_351.bmp,bike,676bd57c1836e7f7b9b7fcb49afa385f,teste
data/bike/bike_352.bmp,bike,554bdf91a9c07713a9a7f4df5c9ed67c,treino
data/bike/bike_353.bmp,bike,98b195cc29a9b796f3f92e8f4cbbac38,treino
data/bike/bike_354.bmp,bike,e0d2688a6ace542e81f630757bf0d22a,treino
data/bike/bike_355.bmp,bike,ddedc6abec9adc0b4580f53a6844ce59,treino
data/bike/bike_356.bmp,bike,7edf5a63d03883e07199e9953added1c,teste
data/bike/bike_357.bmp,bike,e022b380bd805ca653ab61d1afd4be4a,treino
data/bike/bike_358.bmp,bike,be374d5c5b2ada73debb64f56fcf19d2,treino
data/bike/bike_359.bmp,bike,f98a64673a3054db9eb7c9cc6f321c11,teste
data/bike/bike_360.bmp,bike,4155ef6dddb76cbe642652173bdd93bb,validacao
data/bike/bike_361.bmp,bike,e01df73ad21564270ae18426ed719c8b,treino
data/bike/bike_362.bmp,bike,8af45bdfe793763d549ad2af3d00295c,treino
data/bike/bike_363.bmp,bike,38dd5c1a32c017c4064a5db0423911f3,teste
data/bike/bike_364.bmp,bike,c7f3afc9bc98f11b31dc4bfa41837048,treino
data/bike/bike_365.bmp,bike,3215857a6b2c83822784830df9182558,teste
data/cars/carsgraz_001.bmp,cars,8aabfa7401e93d0efe340fe315d1864d,treino
data/cars/carsgraz_002.bmp,cars,f95345408adf9c8cf5013900c2d28a5e,validacao
data/cars/carsgraz_003.bmp,cars,fdd2bda6487ec88e61c0aa54f173c04f,treino
data/cars/carsgraz_004.bmp,cars,02e646703b33712cdf8e562d5cb2765b,treino
data/cars/carsgraz_005.bmp,cars,ba3d725142b9c9e88ec2cff7ef27dbb7,teste
data/cars/carsgraz_006.bmp,cars,712fe0ec4fd32eaa3070a0b9262dca5a,treino
data/cars/carsgraz_007.bmp,cars,ee4819c33c1048cb93c9e02ed380709d,treino
data/cars/carsgraz_008.bmp,cars,3cd01cd5734aef382375cb735918f96f,treino
data/cars/carsgraz_009.bmp,cars,a11f00abbed3dea2acff8b1c65d3b691,treino
data/cars/carsgraz_010.bmp,cars,8e8269c3fbb7ade7d28ccdc8b234dc5a,treino
data/cars/carsgraz_011.bmp,cars,10742c0d75fee9f538f1b76266b3053e,treino
data/cars/carsgraz_012.bmp,cars,c4a63859d64b8e9e51bb2f6e8d5c5c17,treino
data/cars/carsgraz_013.bmp,cars,9bad8b9987db5e44e0efef06e82485dd,validacao
data/cars/carsgraz_014.bmp,cars,20c7ed5a02e3756b36fa95ff299a75dd,treino
data/cars/carsgraz_015.bmp,cars,0e8bf9f41d3298302ad638e941b02158,treino
data/cars/carsgraz_016.bmp,cars,20da29ef7771744ba48fe412d1ecb52f,treino
data/cars/carsgraz_017.bmp,cars,26d8ef2e3646a4fbd7348ae9fba39584,validacao
data/cars/carsgraz_018.bmp,cars,d3851e0e3caabec28bc0f6b9bf3c2113,treino
data/cars/carsgraz_019.bmp,cars,d2a1d40ed9a6566177a8f2f99bacadc3,treino
data/cars/carsgraz_020.bmp,cars,dfe1637143e5a7c6598551616e1816bd,teste
data/cars/carsgraz_021.bmp,cars,2d6b5d901897ab1d41dfdf47a8f45591,treino
data/cars/carsgraz_022.bmp,cars,f031a78afbdbe80d94cf8e7bbe87e68a,validacao
data/cars/carsgraz_023.bmp,cars,291bfa995db29ed7b60d2f7f85b599c1,treino
data/cars/carsgraz_024.bmp,cars,8549a07408de7d92f391dd91cd7c2e62,treino
data/cars/carsgraz_025.bmp,cars,067f1d819f59fbec24303ad9e9d800b5,treino
data/cars/carsgraz_026.bmp,cars,616df212d215a9f0a36ecf5b71db2ec3,treino
data/cars/carsgraz_027.bmp,cars,b3ac4e8cc128d55bcc2f9b8ab548b1cf,treino
data/cars/carsgraz_028.bmp,cars,a213a12d8dbccdf8346546b13187f28b,treino
data/cars/carsgraz_029.bmp,cars,78e8085c4c1efe5e1e4a68e503c17b0a,treino
data/cars/carsgraz_030.bmp,cars,d859eb06f4f7005cf72295ac54202118,treino
data/cars/carsgraz_031.bmp,cars,705f3f1b033ee1691033d1cc2e147e3d,treino
data/cars/carsgraz_032.bmp,cars,2ac7f1c221da07464faaeccedeb60bef,treino
data/cars/carsgraz_033.bmp,cars,e80a84caae7a6ca11ae9208fb8ec0b3d,validacao
data/cars/carsgraz_034.bmp,cars,32fe7ecb609a93e8f062705e3f105900,validacao
data/cars/carsgraz_035.bmp,cars,774743ee44f97dbc28f874185f8b386b,treino
data/cars/carsgraz_036.bmp,cars,a1297eb97570f6c341dbd12316b4660f,teste
data/cars/carsgraz_037.bmp,cars,c964f6d20b5f5472c1bcf5d756cba305,treino
data/cars/carsgraz_038.bmp,cars,2ad3bfa046cac3413ae1638fc99ec663,treino
data/cars/carsgraz_039.bmp,cars,81d6a324eb68ac3ebd8c4c9c9629abba,treino
data/cars/carsgraz_040.bmp,cars,99b1a1942b01de35bc760cf62251a467,treino
data/cars/carsgraz_041.bmp,cars,90c4661ec046046a31f06d02760b2645,treino
data/cars/carsgraz_042.bmp,cars,2e368aa118b227030cd28decd3928a5a,treino
data/cars/carsgraz_043.bmp,cars,933e8668b0ddbc685f303c8e09d45444,treino
data/cars/carsgraz_044.bmp,cars,e35a9bf81cc31f9158ba395d96d1611e,treino
data/cars/carsgraz_045.bmp,cars,a99c8119c719af9ce14b924780f57d53,treino
data/cars/carsgraz_046.bmp,cars,3f27f2ed6b461b60829e65775d930c4d,treino
data/cars/carsgraz_047.bmp,cars,58e6e6d373cd98927f3e732313ee8dcb,teste
data/cars/carsgraz_048.bmp,cars,c24316131173153a7b9c6b03f4d3f7a5,treino
data/cars/carsgraz_049.bmp,cars,2ee2151bf33eb3db65f906dd44338442,validacao
data/cars/carsgraz_050.bmp,cars,03430a87c71962647ffbc8a2d2f0c550,treino
data/cars/carsgraz_051.bmp,cars,7f226e22270cc8d0c5fb2cf833fb7a21,teste
data/cars/carsgraz_052.bmp,cars,931dd96450c624eba44cc41785eee452,validacao
data/cars/carsgraz_053.bmp,cars,83143fac9876c9a11e29c130c7189045,teste
data/cars/carsgraz_054.bmp,cars,9031703f2389aa9558f0fee0bc7cb4bf,teste
data/cars/carsgraz_055.bmp,cars,09e38a42a46fc0ab583605dc185473b0,treino
data/cars/carsgraz_056.bmp,cars,87bf825bb169dc8651800df30cf66db4,treino
data/cars/carsgraz_057.bmp,cars,0acd70cfec7708b098300045a99082f6,treino
data/cars/carsgraz_058.bmp,cars,7cf65153cbf8fe30db18802757aa456c,teste
data/cars/carsgraz_059.bmp,cars,bae53caa1c44cb4fa0d97aa1ce82c485,treino
data/cars/carsgraz_060.bmp,cars,c318e63ce5f1af3b5d5269e2fb1c8f4e,teste
data/cars/carsgraz_061.bmp,cars,e1c1de9efb3597201cc8af830afc697e,treino
data/cars/carsgraz_062.bmp,cars,b61c724fb4bb58145e5460c84e46d172,treino
data/cars/carsgraz_063.bmp,cars,6bf11b88d937636546a0e6dbd7d04203,teste
data/cars/carsgraz_064.bmp,cars,5ff700183e2618db071cc697f255b11d,treino
data/cars/carsgraz_065.bmp,cars,cc33744b1dc174b0e718720d3b93c370,treino
data/cars/carsgraz_066.bmp,cars,8b7072a5ecda064e5ba907411de99697,treino
data/cars/carsgraz_067.bmp,cars,bffdff30b5253a2dfacf385c67bce3e1,validacao
data/cars/carsgraz_068.bmp,cars,cc1c486d2455aab3a4500837fbd567c4,treino
data/cars/carsgraz_069.bmp,cars,d89da938c8e72f4171620bb2196324af,treino
data/cars/carsgraz_070.bmp,cars,72f245c40a386b2caba3d8f50807c479,validacao
data/cars/carsgraz_071.bmp,cars,160c66ab8c706e945594dd76fb9c3a9a,treino
data/cars/carsgraz_072.bmp,cars,4a9cf23d7f40fe2333ae117ca4c43731,treino
data/cars/carsgraz_073.bmp,cars,352f491053b7b7c461a4f5704f24ba3f,treino
data/cars/carsgraz_074.bmp,cars,737ab7a3c81141c6aa7d028e0d753f19,treino
data/cars/carsgraz_075.bmp,cars,9efb6ee51e1c352eb2e6ca01f541d5ff,treino
data/cars/carsgraz_076.bmp,cars,9433647723f3c8e8661fa11d0820d541,treino
data/cars/carsgraz_077.bmp,cars,11b192ed133c8af12f523102e856b88f,treino
data/cars/carsgraz_078.bmp,cars,a8edd7c160e0c59784a1a8b1cb155fe6,validacao
data/cars/carsgraz_079.bmp,cars,7b9681517463ddae5918786540d19b1e,treino
data/cars/carsgraz_080.bmp,cars,df6467597553cb4c344cfc4bd665f92e,treino
data/cars/carsgraz_081.bmp,cars,af1128fb694e8f77e1a661173f513086,treino
data/cars/carsgraz_082.bmp,cars,776965a0f5a2109f2f6a7945d52d8077,treino
data/cars/carsgraz_083.bmp,cars,60eb04cebe56f27e739cdcc12f4366a7,validacao
data/cars/carsgraz_084.bmp,cars,a9e1c0e631b13175aabec32218b8a0c4,treino
data/cars/carsgraz_085.bmp,cars,5d276a7db670ac348797d0a4c5de327d,treino
data/cars/carsgraz_086.bmp,cars,a3c5b59cd7ab5ccf6e7ff7c552b2d482,validacao
data/cars/carsgraz_087.bmp,cars,f77ccddcaee95f61a8f0376a80e6aa67,validacao
data/cars/carsgraz_088.bmp,cars,14babd792d6e3b5da860e234d5010882,validacao
data/cars/carsgraz_089.bmp,cars,9d623206ee1cf531e04f895e1589e6bb,treino
data/cars/carsgraz_090.bmp,cars,877a827510e814bfec64ef46a679d03e,validacao
data/cars/carsgraz_091.bmp,cars,3909c090be5ff3162bf2165893811ffc,treino
data/cars/carsgraz_092.bmp,cars,77eb966512a09a20b1fc8b956b3b3abe,teste
data/cars/carsgraz_093.bmp,cars,26ed4f268f592816062de965ee126852,treino
data/cars/carsgraz_094.bmp,cars,a0da2fa45c56d2680b82a97940fe035a,treino
data/cars/carsgraz_095.bmp,cars,4da08675c2003060c2d271910029797c,treino
data/cars/carsgraz_096.bmp,cars,56276e687405edb6b16abe0718bc9a10,treino
data/cars/carsgraz_097.bmp,cars,11e0a73ee45f6fb7dae76b6dced4bcb5,treino
data/cars/carsgraz_098.bmp,cars,5859193d92d59ecd8abb12c32d1cf952,validacao
data/cars/carsgraz_099.bmp,cars,ea7512e9e4dfd3a3dca5e7127af13bb5,treino
data/cars/carsgraz_100.bmp,cars,15202226a5f1208d140de4e74ca0e3f8,treino
data/cars/carsgraz_101.bmp,cars,35f9176be86f893da886c9344bb7e83b,teste
data/cars/carsgraz_102.bmp,cars,89a31f2126262ef97153a8534ba81a17,treino
data/cars/carsgraz_103.bmp,cars,fc7ac81db7aedb788133d228760ccf9f,teste
data/cars/carsgraz_104.bmp,cars,d63cb858bd7ed894623f7ab0d83764a2,validacao
data/cars/carsgraz_105.bmp,cars,dfb61858b5d1503f11aac41548414075,validacao
data/cars/carsgraz_106.bmp,cars,4789e08aa5274ae14502ceeef49df1b9,teste
data/cars/carsgraz_107.bmp,cars,5e0f1b0c9db47c8248921aed0b77786a,treino
data/cars/carsgraz_108.bmp,cars,4dccaf3e88c90ab8cfd9468553cf4385,teste
data/cars/carsgraz_109.bmp,cars,f5b0286498e98d343a6fa6946a41e2f2,treino
data/cars/carsgraz_110.bmp,cars,09384406d6c114ca5c700f8280a3f579,treino
data/cars/carsgraz_111.bmp,cars,4885757be4212326613b0a3f29ee093c,treino
data/cars/carsgraz_112.bmp,cars,0f48829f4a782d50612ed3accb288038,treino
data/cars/carsgraz_113.bmp,cars,e91a1249e50d3ee9437296d63ca42d76,treino
data/cars/carsgraz_114.bmp,cars,9c825a53a21d1874dbd310ad5e704df3,validacao
data/cars/carsgraz_115.bmp,cars,59d034a407119ae1dd4b5a1144fbe454,treino
data/cars/carsgraz_116.bmp,cars,5fd53b1217d3ee2c0fac74f7245473ec,treino
data/cars/carsgraz_117.bmp,cars,40b66e6d28df6d1733be98107f86c58b,teste
data/cars/carsgraz_118.bmp,cars,0c097dcc0fedfad47b1cb2f51773838c,treino
data/cars/carsgraz_119.bmp,cars,14440c87c5efa7e75426f5b13d4e5eb3,validacao
data/cars/carsgraz_120.bmp,cars,0c9590963c876699c06fd8a320efe738,teste
data/cars/carsgraz_121.bmp,cars,110233332ca26041a40f971b8767e9c9,treino
data/cars/carsgraz_122.bmp,cars,fb007d303b736f09cd85c7faade7686c,treino
data/cars/carsgraz_123.bmp,cars,d2535ebf262f0cd31a3a472230d7ee22,treino
data/cars/carsgraz_124.bmp,cars,48883fade85d1f2bd2dbe2eda0891f9e,teste
data/cars/carsgraz_125.bmp,cars,f5b2185f68a5ebedd8c39f7155f55285,teste
data/cars/carsgraz_126.bmp,cars,3e06823e37ef828485ab78f8b001f81f,treino
data/cars/carsgraz_127.bmp,cars,01ced00eb289b5a1e1125cc37b597a3a,treino
data/cars/carsgraz_128.bmp,cars,1a55ab1b0bf1a21d904158fa71642e6c,treino
data/cars/carsgraz_129.bmp,cars,37589216a775a93a23a62ef4a8fb5334,validacao
data/cars/carsgraz_130.bmp,cars,ff1f666741e7065df9c8b823676436fe,treino
data/cars/carsgraz_131.bmp,cars,56d9b782d8c9b82bd2f6ddb5a3d0a23c,treino
data/cars/carsgraz_132.bmp,cars,911b81ec50874419e7ec356e216e47e1,treino
data/cars/carsgraz_133.bmp,cars,d83480fee8613ab0b73b47cee8dd0505,treino
data/cars/carsgraz_134.bmp,cars,e2b6230e6192bd0318410e5563218f8f,treino
data/cars/carsgraz_135.bmp,cars,e8a964f6611c006956314ab862d1c148,treino
data/cars/carsgraz_136.bmp,cars,742aa5cf76062cb0b04c940179542315,treino
data/cars/carsgraz_137.bmp,cars,d66ff1566315bc9fe53b49b55d18bf49,treino
data/cars/carsgraz_138.bmp,cars,554fae8591a7cd88c96ac02bbe5974af,validacao
data/cars/carsgraz_139.bmp,cars,cc3be664e273fb00fa81d3a1519ddbbb,treino
data/cars/carsgraz_140.bmp,cars,86d8f2372b6e2aa8880014e6d1459bdf,treino
data/cars/carsgraz_141.bmp,cars,567e7b2b960493eaf1fa12dff8226a2a,treino
data/cars/carsgraz_142.bmp,cars,9ecc0f5df6dbd6725dd224fc37ae6c11,teste
data/cars/carsgraz_143.bmp,cars,c8923f3abfc3a602eb8cf55f1909fd86,teste
data/cars/carsgraz_144.bmp,cars,eabf66a9860c12ef68dddfc327d33435,teste
data/cars/carsgraz_145.bmp,cars,fd3febc844de7924d694ebfcbc10b2a4,teste
data/cars/carsgraz_146.bmp,cars,14a3dcceda7d0c1716247614d81bc6c2,validacao
data/cars/carsgraz_147.bmp,cars,7a62dead5aba54cceee58dfd5388996f,teste
data/cars/carsgraz_148.bmp,cars,3746a3807d6e63979427c3e43690f48b,treino
data/cars/carsgraz_149.bmp,cars,950569abcc641a3bb63a2f4f1fc26f9e,treino
data/cars/carsgraz_150.bmp,cars,ee3992a17fbe0589e719aa20e219e3c9,teste
data/cars/carsgraz_151.bmp,cars,e3db1b26f789492368863f3c03990757,treino
data/cars/carsgraz_152.bmp,cars,ff7062e008f2bc2b516ce6a216aee896,validacao
data/cars/carsgraz_153.bmp,cars,d8cf1bd8e818d7617c8d44929d74df09,teste
data/cars/carsgraz_154.bmp,cars,3f738c65d98684cd34527e8ff3ce322d,validacao
data/cars/carsgraz_155.bmp,cars,8f4405d29a3c667151c84833e800d6f5,validacao
data/cars/carsgraz_156.bmp,cars,81a69f0b0ef08d28eb258a0a8fa8010a,validacao
data/cars/carsgraz_157.bmp,cars,a09ac8f5333187511888994eb11499c8,treino
data/cars/carsgraz_158.bmp,cars,a6af753ef97f8077c4edd3ebd5d40f82,teste
data/cars/carsgraz_159.bmp,cars,2b7780fc88a3fb4c50c962fa8cbcad16,validacao
data/cars/carsgraz_160.bmp,cars,f26cd0c89680f36813fb35547d1daa54,treino
data/cars/carsgraz_161.bmp,cars,099cc909fd42ee1549920da9c62f2e31,treino
data/cars/carsgraz_162.bmp,cars,5d2910bc4a9339f7b9bb4f46d480b4a2,treino
data/cars/carsgraz_163.bmp,cars,ddfa4125e3518ca90c272fe534044164,treino
data/cars/carsgraz_164.bmp,cars,a2a8d77d063140fb840291f2b3364f08,treino
data/cars/carsgraz_165.bmp,cars,1fa903f58d4f1a11ae126e32252b9568,validacao
data/cars/carsgraz_166.bmp,cars,a60e11b2d625031121e2c8f2eb958123,treino
data/cars/carsgraz_167.bmp,cars,f95e90eb7a7eba6c42fd74d9b43e8aec,treino
data/cars/carsgraz_168.bmp,cars,a1c80826148f40cf5310493f1c624c55,treino
data/cars/carsgraz_169.bmp,cars,35754a54e7b92c50e0fd65e2df078338,treino
data/cars/carsgraz_170.bmp,cars,cdba2d66285d339bf08be27396a33407,teste
data/cars/carsgraz_171.bmp,cars,25318e8e8549649ececf9feca395b4c8,validacao
data/cars/carsgraz_172.bmp,cars,7e8ccae71b2c7f21c59864a5d57c83e5,treino
data/cars/carsgraz_173.bmp,cars,aa9bee70e4be06acf1a970ea137dc678,teste
data/cars/carsgraz_174.bmp,cars,768c2c4a72547180d1fde7a795c2ba85,treino
data/cars/carsgraz_175.bmp,cars,1d03ce5053b2859279d8bdcde073de30,validacao
data/cars/carsgraz_176.bmp,cars,c031e7f997e5e88be881f6949194bcb2,validacao
data/cars/carsgraz_177.bmp,cars,a90b994c2d51703fa2867b230b25dfab,treino
data/cars/carsgraz_178.bmp,cars,909bbd0d45e027c46e7d150f68deb164,validacao
data/cars/carsgraz_179.bmp,cars,2e4214d3cb2527aaf11df79dd3cf04b8,treino
data/cars/carsgraz_180.bmp,cars,94a34e5b4b4adfe506de8e01a05a0788,teste
data/cars/carsgraz_181.bmp,cars,b8e720ca724cce641627fdc22f7ccc20,treino
data/cars/carsgraz_182.bmp,cars,2c0111d00048abd1770606fff63c658e,treino
data/cars/carsgraz_183.bmp,cars,31ddefa7888bf0b166ba2adfe1d92831,treino
data/cars/carsgraz_184.bmp,cars,3cf8faa0ce138ce2737255eeb2d8d6ba,treino
data/cars/carsgraz_185.bmp,cars,8065b355caccf15617b4f7922d766298,treino
data/cars/carsgraz_186.bmp,cars,b002e24be56a38b5aa4635fbcc8bb1ad,teste
data/cars/carsgraz_187.bmp,cars,8ea8539eee82a725080031937caf0997,treino
data/cars/carsgraz_188.bmp,cars,215a3a63d63d7c967bbc3633f04784c1,treino
data/cars/carsgraz_189.bmp,cars,86bfe82807a92cec750ac2b8266abf80,validacao
data/cars/carsgraz_190.bmp,cars,72d6f7afdc6ef8bdd52fff6d368a1f8a,teste
data/cars/carsgraz_191.bmp,cars,574eccc5b9cb5c2c87b5bb69414e217a,treino
data/cars/carsgraz_192.bmp,cars,c1cb8d0f63e09e05dc0efa6cabdb9806,treino
data/cars/carsgraz_193.bmp,cars,1bd315fbcce4288fcdf228861647d347,treino
data/cars/carsgraz_194.bmp,cars,f7e4e30a02f64afaf1e12ad1321fb398,treino
data/cars/carsgraz_195.bmp,cars,88e642ec9c4e9327cce4a86efea1c00d,treino
data/cars/carsgraz_196.bmp,cars,aa3a7f84fef30145c02051a1c4b54d2c,teste
data/cars/carsgraz_197.bmp,cars,cdf16c66bd0fc807d5127692b31f7c33,treino
data/cars/carsgraz_198.bmp,cars,cbe9a69e8778f05e407c869401330592,treino
data/cars/carsgraz_199.bmp,cars,96dcadbf128656f28d6dea8168c84d45,treino
data/cars/carsgraz_200.bmp,cars,28d55f4150832be26b20ef97932cfe14,treino
data/cars/carsgraz_201.bmp,cars,d4789878bc46473d7bde16da33331f9f,treino
data/cars/carsgraz_202.bmp,cars,0f236e943c1faf31fd33d3168d32ff94,validacao
data/cars/carsgraz_203.bmp,cars,7024be3a83ebaf62604cd55271a65449,treino
data/cars/carsgraz_204.bmp,cars,a8097f907d7842e5182a372a9ee90ddb,treino
data/cars/carsgraz_205.bmp,cars,a541f4cf229d1b15a56e75d93971251a,treino
data/cars/carsgraz_206.bmp,cars,6e744dfd46eeae62cb5dfb565af37873,validacao
data/cars/carsgraz_207.bmp,cars,68b450fce66c0f92b2915b9503c5a7f7,validacao
data/cars/carsgraz_208.bmp,cars,1c86aad295efad093566071e57c1f6ff,validacao
data/cars/carsgraz_209.bmp,cars,ddaaaff1905094f3c1e45715b32ca7d5,treino
data/cars/carsgraz_210.bmp,cars,7c6d770aab55afd6782686f18ea4ee43,treino
data/cars/carsgraz_211.bmp,cars,d9148764df5ea760aa295cce4b26f648,treino
data/cars/carsgraz_212.bmp,cars,a5480879b2cf25ef63c875544c91994e,treino
data/cars/carsgraz_213.bmp,cars,2d9cc53dbdb1be797649748093972a27,validacao
data/cars/carsgraz_214.bmp,cars,9ffa655b1c6ac6ddbfd6c49d0cc92b74,treino
data/cars/carsgraz_215.bmp,cars,cfd71585d89415ffc8e67b9c47d980d1,teste
data/cars/carsgraz_216.bmp,cars,423d544a7b041486cafa4f98553c6c13,treino
data/cars/carsgraz_217.bmp,cars,a9c427809f8f9b8b5a307011b300f504,validacao
data/cars/carsgraz_218.bmp,cars,8867c82d04c7a60e96f28632fb322161,treino
data/cars/carsgraz_219.bmp,cars,26b2aba5a41cf7fab66dc658112e1422,treino
data/cars/carsgraz_220.bmp,cars,0e05cdc54eb92f050038d7ea112d42f8,treino
data/cars/carsgraz_221.bmp,cars,d497aa7245a862c2af98b513f8863554,treino
data/cars/carsgraz_222.bmp,cars,9eac11548bb405b0cf5224bc5285f99c,validacao
data/cars/carsgraz_223.bmp,cars,27928fa47dcb2302928db574b31538e6,treino
data/cars/carsgraz_224.bmp,cars,845abddf0bdf63e68d30c7a8dbbdb4ec,treino
data/cars/carsgraz_225.bmp,cars,0fc80f8025255128619ead4c88dec6cf,treino
data/cars/carsgraz_226.bmp,cars,44e8094a1614e89fada7b2d7e78c3b72,treino
data/cars/carsgraz_227.bmp,cars,449dbaae4397a4a0134567e0d29a22b0,treino
data/cars/carsgraz_228.bmp,cars,50e25912cebe901abfe1dcb146721c2f,treino
data/cars/carsgraz_229.bmp,cars,80811d384ec25b7aeaae149d18ed8637,teste
data/cars/carsgraz_230.bmp,cars,bd65839996d8e2ed1777ba3c33e09371,treino
data/cars/carsgraz_231.bmp,cars,6cbc500366ad97e01693a5e136fb156c,treino
data/cars/carsgraz_232.bmp,cars,6757582234f5c7c3e851fc7a28aad32f,treino
data/cars/carsgraz_235.bmp,cars,7ffa0c65f2b268378a2b70138ae26529,validacao
data/cars/carsgraz_236.bmp,cars,e5ac031b0c3a8efe8012c778ef04d63f,treino
data/cars/carsgraz_237.bmp,cars,12ec90d9ee4d847abbab96dc01f41206,treino
data/cars/carsgraz_238.bmp,cars,778d5b9c27d409f5b64718821be65c10,treino
data/cars/carsgraz_239.bmp,cars,01a71b9b70c443b83c85f32ef0da3a0d,treino
data/cars/carsgraz_240.bmp,cars,ab2c1fd7be2c51d4148152e774df52f1,treino
data/cars/carsgraz_241.bmp,cars,c7b86c1716a83d5f891b69a61a75106c,treino
data/cars/carsgraz_242.bmp,cars,c29f16a670cba05a4b943374c38d2be0,validacao
data/cars/carsgraz_243.bmp,cars,37e5f12401ccca38fac5241c3cc3ee29,treino
data/cars/carsgraz_244.bmp,cars,0c366a84aebe2bce3abd8c4e49141a0c,treino
data/cars/carsgraz_245.bmp,cars,a2aa276f181cc4ef3e29968bef9ade99,treino
data/cars/carsgraz_246.bmp,cars,4abdc790472a1b5786e33c425a88a37b,treino
data/cars/carsgraz_247.bmp,cars,0c46157471a015e0f56d339d5a04242b,treino
data/cars/carsgraz_248.bmp,cars,4ef2324afed6db923730217a06f9f2f3,treino
data/cars/carsgraz_249.bmp,cars,29c51a90288da12d1e12137ef0395e15,treino
data/cars/carsgraz_250.bmp,cars,45dbb644bd909e9ee3cb50c2ac8efdda,validacao
data/cars/carsgraz_251.bmp,cars,dcd2af1603eb6eea8c8bfc37ca6e7dfe,treino
data/cars/carsgraz_252.bmp,cars,9f3c9044c3ac9b4ce81021bd0e80cf25,treino
data/cars/carsgraz_253.bmp,cars,089875a57e9ef7d6e60bdd645d62bea1,treino
data/cars/carsgraz_254.bmp,cars,04b423612c6a66f17ea0d3ff8566dec7,validacao
data/cars/carsgraz_255.bmp,cars,25ec5483f5ce203915d1c1b7075c7d7d,treino
data/cars/carsgraz_256.bmp,cars,83032ab351a5806882cbeff7d818771d,treino
data/cars/carsgraz_257.bmp,cars,9482191303a5c97a40569bfcf23a09be,treino
data/cars/carsgraz_258.bmp,cars,afa52592566c19e57bd7b541b5e84131,treino
data/cars/carsgraz_259.bmp,cars,5231ca9d697dff959f77a46d6bff835c,validacao
data/cars/carsgraz_260.bmp,cars,a758ac8277f5277253e2d80fb0b60924,treino
data/cars/carsgraz_261.bmp,cars,ad619de9ed9d38825a7f5b246c10b735,treino
data/cars/carsgraz_262.bmp,cars,5f856913895701de940d57a923a5c4a7,treino
data/cars/carsgraz_263.bmp,cars,3d1b864a316e9c06996cc016c03cb100,treino
data/cars/carsgraz_264.bmp,cars,5586ae7779187c621bf843a486949e17,teste
data/cars/carsgraz_265.bmp,cars,ed81395316f353c0b399428da925eed1,treino
data/cars/carsgraz_266.bmp,cars,8cf3eba26f03def97248d81efe59a023,teste
data/cars/carsgraz_267.bmp,cars,4d271fcc1ce263890b9aed6b6b3c0c1e,treino
data/cars/carsgraz_268.bmp,cars,dea24c865f91063de812124def5a3de5,treino
data/cars/carsgraz_269.bmp,cars,b1c351ce31cc213bfe400a59260d8da1,treino
data/cars/carsgraz_270.bmp,cars,9d380687b36f9089aceea3d4c6a6b409,treino
data/cars/carsgraz_271.bmp,cars,6e8dde3afa9403b0811d698a3a913270,teste
data/cars/carsgraz_272.bmp,cars,cd628a1b5fac3c9d6ae50cac2b6012e5,treino
data/cars/carsgraz_273.bmp,cars,e5fbfed348ce003d490985eb8cec8b59,teste
data/cars/carsgraz_274.bmp,cars,9728ddceeef8aa827539d35ba244c881,treino
data/cars/carsgraz_275.bmp,cars,cc98f221c2e7c5f88ec778bc2f7c7621,treino
data/cars/carsgraz_276.bmp,cars,52a60c7e14992f14e91af2b528ee725e,treino
data/cars/carsgraz_277.bmp,cars,e981e577e173547beff425eeb39a8412,teste
data/cars/carsgraz_278.bmp,cars,5e608b3ff1be3edaa983529360642d28,treino
data/cars/carsgraz_279.bmp,cars,6d7bd22e9c0117208c3bd9750580c60f,treino
data/cars/carsgraz_280.bmp,cars,dd7c7a2e8c49478fa89535883756ec3c,treino
data/cars/carsgraz_281.bmp,cars,622b746f751bfadff1ec35b50a9c8fd4,validacao
data/cars/carsgraz_282.bmp,cars,ce1af901218100a4a7ffeaf83235d0f0,treino
data/cars/carsgraz_283.bmp,cars,118ddc060aaff5df9ab7e471e6aad069,treino
data/cars/carsgraz_284.bmp,cars,6b84908a9e0b9e65b439564342700935,treino
data/cars/carsgraz_285.bmp,cars,b393fc5bab7b891932e387bcc3befac6,treino
data/cars/carsgraz_286.bmp,cars,225d892b82e592ffd63c04abc2dea6cb,treino
data/cars/carsgraz_287.bmp,cars,785efa6323dad240f49fcec320f61445,treino
data/cars/carsgraz_288.bmp,cars,2ddf496aa280b98cd09aae752385d14c,treino
data/cars/carsgraz_289.bmp,cars,f430b89a4df413945f1a45d40ff1984c,validacao
data/cars/carsgraz_290.bmp,cars,8d16ae1b4115dc0a351bdbff2f2f7061,teste
data/cars/carsgraz_291.bmp,cars,d304d89e3652245661b5157642811bb8,treino
data/cars/carsgraz_292.bmp,cars,9e7de00d6de91d9c233238c46bb6bdb4,treino
data/cars/carsgraz_293.bmp,cars,76d26b764204bcd42b0915fa3b3dd6b0,treino
data/cars/carsgraz_294.bmp,cars,aa91ea3e8215c814a32610614aa2f3e7,treino
data/cars/carsgraz_295.bmp,cars,8845309c20c074617752ec3ddd9f1fa0,treino
data/cars/carsgraz_296.bmp,cars,4156d653346b28109af1bb6eafe878d3,treino
data/cars/carsgraz_297.bmp,cars,79e1da1b6e6cdeaa2ccf77d29f6d97d0,treino
data/cars/carsgraz_298.bmp,cars,4bb61ae1b652ffa480f36ea811c9c514,treino
data/cars/carsgraz_299.bmp,cars,5b7b521d0dbf30c386de28639c0de7bc,treino
data/cars/carsgraz_300.bmp,cars,dbe8cabaeab9392474db6673bdf4c5b0,treino
data/cars/carsgraz_301.bmp,cars,d7efbb5647363e8819a0364c93ce826b,treino
data/cars/carsgraz_302.bmp,cars,94d5dfd3c748d66f1e71cbef629de920,treino
data/cars/carsgraz_303.bmp,cars,1193a32b3912f921764c77ca7ca991bf,treino
data/cars/carsgraz_304.bmp,cars,0b2f497cedc9acd8c330e04d40d45962,treino
data/cars/carsgraz_305.bmp,cars,c2f370f7d4861f8f567cabc264613830,treino
data/cars/carsgraz_306.bmp,cars,acb87fb29c8506a1441235ad1b67148d,treino
data/cars/carsgraz_307.bmp,cars,c7cdacb4752c59a315f5e83c27e27ac6,teste
data/cars/carsgraz_308.bmp,cars,4c4dd0c7f6bb1c3275e95e4ba26e6bc5,treino
data/cars/carsgraz_309.bmp,cars,42ee468db222d3b35af0f6fa662da478,treino
data/cars/carsgraz_310.bmp,cars,c5696c54442286183a6afe0230633e8e,teste
data/cars/carsgraz_311.bmp,cars,31a00cb158a989fcb71093d16be2a691,treino
data/cars/carsgraz_312.bmp,cars,9fb8baf99f94233e8bbae94a65cfd356,treino
data/cars/carsgraz_313.bmp,cars,72b222fd65a998f0d17c639be6e2d551,teste
data/cars/carsgraz_314.bmp,cars,bc33d853c1be7f4e5ad0004c994d012c,validacao
data/cars/carsgraz_315.bmp,cars,fbed9a44fbe935d1147c5d7db8f8002b,treino
data/cars/carsgraz_316.bmp,cars,92c952fad1144742c56c605714066db2,teste
data/cars/carsgraz_317.bmp,cars,a18ce7ce5beb1684799647cd99ca8ca1,treino
data/cars/carsgraz_318.bmp,cars,34fee9a46316b1071f9168dbaff74dae,treino
data/cars/carsgraz_319.bmp,cars,5ba7335472574f73ddc32442ddcf1c46,treino
data/cars/carsgraz_320.bmp,cars,36eb5628e2658df2ef0eec1533854310,teste
data/cars/carsgraz_321.bmp,cars,98c9c4ae65b31346da45d00843d8f755,teste
data/cars/carsgraz_322.bmp,cars,8e3fc4cba7307ae81ab835cc17c4fc93,treino
data/cars/carsgraz_323.bmp,cars,c0d906cd61eec5ba1790d87994f7cb73,teste
data/cars/carsgraz_324.bmp,cars,e9b5a1c1676c45f9e2a2010718323c0d,teste
data/cars/carsgraz_325.bmp,cars,562e6d51af9db125a579cc9bfde60c16,treino
data/cars/carsgraz_326.bmp,cars,60e700489495f2c5a5f12609ff17aa10,treino
data/cars/carsgraz_327.bmp,cars,a7bc68beacb37c14d13fd2556bc8ae0c,treino
data/cars/carsgraz_328.bmp,cars,12d957bbe7a82e204adc137fcfc7bb44,teste
data/cars/carsgraz_329.bmp,cars,90279589bc05530775f5afca707338d6,treino
data/cars/carsgraz_330.bmp,cars,cd8d80202f862945c243fdd805face89,validacao
data/cars/carsgraz_331.bmp,cars,aa1b694a8180fd1f5dc418516cdbb95d,treino
data/cars/carsgraz_332.bmp,cars,c30d8013dc423c416b7aca5920976db3,treino
data/cars/carsgraz_333.bmp,cars,70d801e5a6b6287b62af000e85f9c343,treino
data/cars/carsgraz_334.bmp,cars,44b37e7ddb1d4fa8fa8b9b493e307e1b,treino
data/cars/carsgraz_335.bmp,cars,d3e883b3850dcd85a57ce44b9ea8f928,validacao
data/cars/carsgraz_336.bmp,cars,95423f8878444165c6104971deaa9f66,treino
data/cars/carsgraz_337.bmp,cars,784b4b25f6e71fcd75de2b5679d28112,treino
data/cars/carsgraz_338.bmp,cars,b4ab7ed7008a01d1d1750bf8666412b4,validacao
data/cars/carsgraz_339.bmp,cars,0865fe2beae260ba443f424f45a9cfb8,treino
data/cars/carsgraz_340.bmp,cars,0a110dd362f446a9e1bea8d3ad1c6fc7,treino
data/cars/carsgraz_341.bmp,cars,2a0941b36a35e9b61cf592becf09c69c,treino
data/cars/carsgraz_342.bmp,cars,9f4d84aca6044cdf38cad04586c96e4d,treino
data/cars/carsgraz_343.bmp,cars,3675803d93df04a8d902ba1b420fae75,validacao
data/cars/carsgraz_344.bmp,cars,46173f8e6708001d170307b0c635a9ed,teste
data/cars/carsgraz_345.bmp,cars,e05d4b826072d98ad1f6732a739f9798,treino
data/cars/carsgraz_346.bmp,cars,43d412708fafb10b509f21d2c0e75b99,treino
data/cars/carsgraz_347.bmp,cars,e05ed522d260f7faba6caa132381700b,treino
data/cars/carsgraz_348.bmp,cars,4a3578dd1efb4ab105918925ed55cd1a,teste
data/cars/carsgraz_349.bmp,cars,8a4deb1497f64a0d937d5ab0a5dda3b9,validacao
data/cars/carsgraz_350.bmp,cars,80d7d9b18fc5aeed6aff4d7c86735586,validacao
data/cars/carsgraz_351.bmp,cars,78910792a12022abf791aab210bc00ef,treino
data/cars/carsgraz_352.bmp,cars,49b7f2a46bb024b76302b016b7b70935,teste
data/cars/carsgraz_353.bmp,cars,ade5ae35acb0e72d6fe02a8aa3b969c9,treino
data/cars/carsgraz_354.bmp,cars,f0c050595b1aa924d8f77ec3fd7dab18,treino
data/cars/carsgraz_355.bmp,cars,bb0f439a203cedd576f930e94e20166e,treino
data/cars/carsgraz_356.bmp,cars,a8367a9f295c8e03771b58c22ed42f26,teste
data/cars/carsgraz_357.bmp,cars,ce78bed080489b92ad3fd4d96438ce28,teste
data/cars/carsgraz_358.bmp,cars,43e8109f85789b5a87d7c796d742539a,treino
data/cars/carsgraz_359.bmp,cars,4a5a4e415e1b33848a5d540fd6d93011,treino
data/cars/carsgraz_360.bmp,cars,ab3421fc180f8f24c2d8f4d4dc9f52a3,treino
data/cars/carsgraz_361.bmp,cars,2970c5dffddd545e2e7b6e1aefe26abb,treino
data/cars/carsgraz_362.bmp,cars,19e2255bab7ded710a3e1e76cf65729a,treino
data/cars/carsgraz_363.bmp,cars,a38d21c9688c7c4f01d6d07144f5836d,treino
data/cars/carsgraz_364.bmp,cars,155a573acfa6317b85576caff84f57c4,validacao
data/cars/carsgraz_365.bmp,cars,51783813102e11e9506c25684c9e713e,treino
data/cars/carsgraz_366.bmp,cars,1e721a1cb9c9e057f0fa4699ab2e1fda,treino
data/cars/carsgraz_367.bmp,cars,e2dc7b52217ded5dd93104bc1ce87255,teste
data/cars/carsgraz_368.bmp,cars,5056014e403de6f1ba6ea3dd0fa21242,treino
data/cars/carsgraz_369.bmp,cars,26905d04a74c6d968baa0b60f58f1689,treino
data/cars/carsgraz_370.bmp,cars,4434ff900bed47c0166db6053543d041,validacao
data/cars/carsgraz_371.bmp,cars,47fe39686b663bde113bef53840b96dc,treino
data/cars/carsgraz_372.bmp,cars,47e2018fa0c213fc2319b036e1f94278,treino
data/cars/carsgraz_373.bmp,cars,ea71802f22cd4d6a179e2b8062713468,teste
data/cars/carsgraz_374.bmp,cars,d0c9ba206ce4746be47e0ff7c02cae32,teste
data/cars/carsgraz_375.bmp,cars,5a9e18c4f038d371a00a7626e0d09372,treino
data/cars/carsgraz_376.bmp,cars,f8a20075b354ecdbc5fc83415453c820,treino
data/cars/carsgraz_377.bmp,cars,422b47c596441c2aeea7c803f3121e82,treino
data/cars/carsgraz_378.bmp,cars,b216251d06e92f394714c6a81631f9f7,treino
data/cars/carsgraz_379.bmp,cars,81d2c6acb61580b06a0acd82df16d94e,treino
data/cars/carsgraz_380.bmp,cars,8fe2adae9caac66aa3a5b2bbcf27b305,treino
data/cars/carsgraz_381.bmp,cars,f5dee178ec12e03f41d330b4f014f63a,treino
data/cars/carsgraz_382.bmp,cars,2be738d470792f5199b42b94b9a087b9,treino
data/cars/carsgraz_383.bmp,cars,04a81fcbd23c45b90ce5213d9834ff61,treino
data/cars/carsgraz_384.bmp,cars,d7c57419f1bffc8494489037772b914a,treino
data/cars/carsgraz_385.bmp,cars,909a2859202f7ecec730ee96c65f7a37,treino
data/cars/carsgraz_386.bmp,cars,182a12470bc91822e7898fd654fdc937,treino
data/cars/carsgraz_387.bmp,cars,596582ae00719496649e4e5bf15be1f5,treino
data/cars/carsgraz_388.bmp,cars,c2065eb60fde53ac49abdba7ab223f20,treino
data/cars/carsgraz_389.bmp,cars,83390e8d0ff756eb324b2f0ca32015d5,treino
data/cars/carsgraz_390.bmp,cars,7c3e71adf6b07a675e710c1c10249c0a,treino
data/cars/carsgraz_391.bmp,cars,a32856a777bbb0abd36cbb1634ed5afe,validacao
data/cars/carsgraz_392.bmp,cars,7d35aafaa22c9f56563f741676ccbd5c,treino
data/cars/carsgraz_393.bmp,cars,d02fccba8d09cb9f971fdc74b28f92a5,treino
data/cars/carsgraz_394.bmp,cars,acb256c7f8d32ac60742997c20b21adb,validacao
data/cars/carsgraz_395.bmp,cars,dedbc9aeb5ea3c8a200e5e465f6ccab3,validacao
data/cars/carsgraz_396.bmp,cars,ec9c0b276c685188b07c814a5286e1da,treino
data/cars/carsgraz_397.bmp,cars,28c425639024ec55e0c2e09c9d1a9061,teste
data/cars/carsgraz_398.bmp,cars,1e3a1358ede8367cfef10536dbe96241,treino
data/cars/carsgraz_399.bmp,cars,700831858d0602f64f64cde95f0336e6,treino
data/cars/carsgraz_400.bmp,cars,244c8325f0b50ca86aabba3d5faaac17,treino
data/cars/carsgraz_401.bmp,cars,615492371391ee467810f698f4377220,treino
data/cars/carsgraz_402.bmp,cars,02a90c1951ca062641de49611b740128,teste
data/cars/carsgraz_403.bmp,cars,66ebd979322339a62b289787c1630b42,treino
data/cars/carsgraz_404.bmp,cars,2e25dcfe12043955a3b2d43a417976ec,validacao
data/cars/carsgraz_405.bmp,cars,a4aefa2a894aad4f77c5d0b6385159af,treino
data/cars/carsgraz_406.bmp,cars,180aa0c232560ae5b950eec6bed5ff76,teste
data/cars/carsgraz_407.bmp,cars,b6a29abd70daab362fddfb7a8429dcf9,treino
data/cars/carsgraz_408.bmp,cars,b9fb16b392dbeb5a484e19673868e51d,treino
data/cars/carsgraz_409.bmp,cars,f26a0a40702f10e08905841f9a484a5e,treino
data/cars/carsgraz_410.bmp,cars,c467e2cad569b7032fac6b2ccea54f5c,treino
data/cars/carsgraz_411.bmp,cars,ee5de65498fa23efac3f9748a1c41fa8,teste
data/cars/carsgraz_412.bmp,cars,eaf891c6ed8a20ddaddcee2f62f28b67,treino
data/cars/carsgraz_413.bmp,cars,53f2726218c57b03e3fb558cafab6ed5,treino
data/cars/carsgraz_414.bmp,cars,8f4d89fc23a47236e111e39135f72474,treino
data/cars/carsgraz_415.bmp,cars,0e089ad87996f92addda7330d16ff538,treino
data/cars/carsgraz_416.bmp,cars,31c9ba05786532f074032a3bf8241fea,teste
data/cars/carsgraz_417.bmp,cars,9070fd8135fced7da585f8930901eaa9,validacao
data/cars/carsgraz_418.bmp,cars,7df8ecc2b3ea68055983ba4928ec27d4,treino
data/cars/carsgraz_419.bmp,cars,f7656c37ad3346dbf74ca6a877a77937,treino
data/cars/carsgraz_420.bmp,cars,92606b395dc7932de38ecf85d5f949fd,treino
data/cats/cat.1.jpg,cats,ed779276108738fdb2179ccabf9680d9,treino
data/cats/cat.10.jpg,cats,10d2a131081a3095726c5721ed31c21f,treino
data/cats/cat.100.jpg,cats,0f2bfe74e9c363064087d0cd8a322106,treino
data/cats/cat.101.jpg,cats,cdf4adb5d77200057c3dee2a62a0ee47,treino
data/cats/cat.102.jpg,cats,7064a0c872b8feb1507ba841e8822c73,teste
data/cats/cat.103.jpg,cats,412d9692e3067f75c9a984c5681883fe,treino
data/cats/cat.104.jpg,cats,ebee1b7e74d6e5c70ea65f592ddc935f,treino
data/cats/cat.105.jpg,cats,06e044feade703648bab0d2f7bfc147d,teste
data/cats/cat.106.jpg,cats,69d3a61d7d9db45cc96e6e7b2c49bb46,treino
data/cats/cat.107.jpg,cats,ba86efd9e49ce1e7268593fb32773370,treino
data/cats/cat.108.jpg,cats,3bd0123fb30b49fd0ba0622e66ff6a21,treino
data/cats/cat.109.jpg,cats,275aa7d6b4b252a901c6fa322ac8093c,treino
data/cats/cat.11.jpg,cats,615254850ba0911122b8546b18fd690d,validacao
data/cats/cat.110.jpg,cats,e1db818ef16ab24b2ab4bb711d7a78dd,treino
data/cats/cat.111.jpg,cats,eb0039de3374f57e0410e3f8a3da612a,treino
data/cats/cat.112.jpg,cats,2040ed036fec261d193697c2568db659,validacao
data/cats/cat.113.jpg,cats,857adac16fcc77240821e3cdaf0d5e21,treino
data/cats/cat.114.jpg,cats,7ef30a20d20cbed84ed5b1c839058215,treino
data/cats/cat.115.jpg,cats,60b678c72af4e0e51762c66204cfbaab,treino
data/cats/cat.116.jpg,cats,788d5970a5d30c51b78ca812277a47a6,validacao
data/cats/cat.117.jpg,cats,0a2c9f0f61eeabcaf2331da4710f994d,teste
data/cats/cat.118.jpg,cats,f240d842de9855b13c9050915671efbf,teste
data/cats/cat.119.jpg,cats,508cfe5bdc7c65d6d6b10611c747f790,validacao
data/cats/cat.12.jpg,cats,551a18be81e3ea620b9541a0d258c79b,treino
data/cats/cat.120.jpg,cats,f899eb299ba1769fa6e2a698de31df31,teste
data/cats/cat.121.jpg,cats,2260ee2db1ea4b0e27be2be94a453c4a,treino
data/cats/cat.122.jpg,cats,df37c38e766f657c2f681e17b0d56c57,treino
data/cats/cat.123.jpg,cats,d0a99d16123f02832c26cb8deec46c43,treino
data/cats/cat.124.jpg,cats,24fda6ddca9ee2c1b85a463141f4d7a6,treino
data/cats/cat.125.jpg,cats,ecb6502284977f431aa6378ad5438a2a,treino
data/cats/cat.126.jpg,cats,60bcb1b1947fe2baff0f06be28e84eba,treino
data/cats/cat.127.jpg,cats,a44118d1699c578415ea5b84a499cff6,treino
data/cats/cat.128.jpg,cats,1240b6ef292309d53c7c943308368b63,treino
data/cats/cat.129.jpg,cats,f2f6171ed2cb31ff8fe206b212e5ccc7,treino
data/cats/cat.13.jpg,cats,456f6f80a6699a03295a32984210578b,treino
data/cats/cat.130.jpg,cats,fe7684d4f5ac9dc804e1c7d32ba55218,treino
data/cats/cat.131.jpg,cats,a94fa44eac0872a77fc05714668965d5,treino
data/cats/cat.132.jpg,cats,9664b23fedfdeaaa63c916deb96efc39,treino
data/cats/cat.133.jpg,cats,66dae9343d6be874c95eabee2122dbff,treino
data/cats/cat.134.jpg,cats,7ccafae17297feccfca25d4be370169d,treino
data/cats/cat.135.jpg,cats,caa36b51931687e1f4f858f48cfc1ea8,treino
data/cats/cat.136.jpg,cats,861ac10ef2683f99d460dfd9ea2de8b9,treino
data/cats/cat.137.jpg,cats,2f0c13f4ab6c9e3a8ddd17562ba4806c,teste
data/cats/cat.138.jpg,cats,e45101b638f7d2f103983901428b16ea,treino
data/cats/cat.139.jpg,cats,11cdb0324f7e160d5ffc3e2460d823ff,treino
data/cats/cat.14.jpg,cats,da469e10cb8b8bdbbae34afe124495e3,treino
data/cats/cat.140.jpg,cats,caffd52fbc3831a90cac908e7a87f34c,treino
data/cats/cat.141.jpg,cats,55bf0471fa58284396ee3be2a75155f9,treino
data/cats/cat.142.jpg,cats,8168515a4168d5ed569cf1c1c8dd160c,treino
data/cats/cat.143.jpg,cats,fa9c1c08deb31279638c20d115d9557a,treino
data/cats/cat.144.jpg,cats,d3f303a643e4aac396825504688d98ec,teste
data/cats/cat.145.jpg,cats,5fe579a4dda9874b2952e30677fa1298,validacao
data/cats/cat.146.jpg,cats,af0b548cd3224aa7af7bd7a88e8e83be,treino
data/cats/cat.147.jpg,cats,598ff30ba41ee6cb162f36218f2452f7,treino
data/cats/cat.148.jpg,cats,dca808bd6985bce5a212641a45b95ac3,treino
data/cats/cat.149.jpg,cats,7a7979ea7f945c824638e8163a97c101,validacao
data/cats/cat.15.jpg,cats,6688f74fd4a81c091ebf1ba309a53f7d,treino
data/cats/cat.150.jpg,cats,ea1881c7f6d438173f01631d14ee2e92,treino
data/cats/cat.151.jpg,cats,3a7a4e6e93d9093680e65c5163431d2f,treino
data/cats/cat.152.jpg,cats,9e66a96d1264e9a56871c52d9a5f0917,treino
data/cats/cat.153.jpg,cats,3904e165e1b95f69e11539f221530903,teste
data/cats/cat.154.jpg,cats,712638fe2427d2a5beaba59ce6d34ae2,treino
data/cats/cat.155.jpg,cats,647035c479d628b91e673d2643d481d6,treino
data/cats/cat.156.jpg,cats,8fddaaeb3ce9c18cfb44b8f889fffc66,treino
data/cats/cat.157.jpg,cats,db61ba421198db968906fa0e6b43ad4f,treino
data/cats/cat.158.jpg,cats,5643f8e876e4a057c6951729ed13e511,validacao
data/cats/cat.159.jpg,cats,a096e395721aaa4d43e6c741ff95cbf4,treino
data/cats/cat.16.jpg,cats,8bfb05364780f36d6c0eac49debe55ec,treino
data/cats/cat.160.jpg,cats,0743f97dd826cba3599ac5afb02fea3a,treino
data/cats/cat.161.jpg,cats,2c4043f05906740bc8e6ed3832da244c,treino
data/cats/cat.162.jpg,cats,2310fbb5b555227df34157b2fd3aa102,treino
data/cats/cat.163.jpg,cats,b5f17dcab2caaa7028140f82633311b6,treino
data/cats/cat.164.jpg,cats,2acfab4efeeb9203f58144d050a1ee86,treino
data/cats/cat.165.jpg,cats,f91a11a0f403c37cffa069cd5fea81a3,treino
data/cats/cat.166.jpg,cats,33ed22b70de116807fdfd28fb3ca9000,validacao
data/cats/cat.167.jpg,cats,d071eef61286f45408d4702ced1d817a,validacao
data/cats/cat.168.jpg,cats,3c158f5803f5034c1d5b285dcdcd14ab,treino
data/cats/cat.169.jpg,cats,1670434cce32d8ef992278c84488f37c,treino
data/cats/cat.17.jpg,cats,1b16f61c243097c23671166b2ff488ee,treino
data/cats/cat.170.jpg,cats,d93b9cdfd176d4142d6c82ecef1071cf,teste
data/cats/cat.171.jpg,cats,171b9f278c104834705eff9c8ead7f26,treino
data/cats/cat.172.jpg,cats,7bf5f435a0ae1a7690cfec899bd1e928,validacao
data/cats/cat.173.jpg,cats,0b9f1cc1ecf53f95eeadc66eff55f2a1,treino
data/cats/cat.174.jpg,cats,36b58eb03714709542aa795ff40876c7,validacao
data/cats/cat.175.jpg,cats,24f90eae8663be1da79d291241655c20,treino
data/cats/cat.176.jpg,cats,1322195355b5099bcfeb70ce1c01676d,treino
data/cats/cat.177.jpg,cats,9ee80d013fa9a6ba8e7c8a8a8d2e882b,treino
data/cats/cat.178.jpg,cats,4f157d51ad6192f668b1e740d70401df,validacao
data/cats/cat.179.jpg,cats,30b4e80fff81eddbe139efd25c53929c,treino
data/cats/cat.18.jpg,cats,6f248f9132699c2d91a363cef44c5fb0,treino
data/cats/cat.180.jpg,cats,a7cb18608a4d16338088e8ca53272c95,treino
data/cats/cat.181.jpg,cats,1a3b1163638c98e1e6b0e1e9c3385e45,teste
data/cats/cat.182.jpg,cats,071fd2e34397d4cd009f1914515b7ab0,teste
data/cats/cat.183.jpg,cats,c6c014752e3fcbe8a41b18f902ee8a91,treino
data/cats/cat.184.jpg,cats,4d617604cce7868466685da4369db18d,teste
data/cats/cat.185.jpg,cats,4ca4d19cef7289db0306cf3806066b5e,teste
data/cats/cat.186.jpg,cats,1a2fe77e2914e5922d1fab96c14fba3c,treino
data/cats/cat.187.jpg,cats,5e4ef7f38e644946279d5c05d35e9530,validacao
data/cats/cat.188.jpg,cats,e0c3193bdee0a25bd3c93470bfba097d,validacao
data/cats/cat.189.jpg,cats,8d560b808ebe346d544e432b23350586,treino
data/cats/cat.19.jpg,cats,ed6b111b896abf281fd64c7d6c8fd3c5,treino
data/cats/cat.190.jpg,cats,9ef9ce80d05ffb371486ddc6c45943c1,treino
data/cats/cat.191.jpg,cats,76deb50934fd162a8410dc9e2cc8e911,validacao
data/cats/cat.192.jpg,cats,8d866b8cd84bed37f4effadbe21dca49,teste
data/cats/cat.193.jpg,cats,2c6ee24f1017f975838d024078598bb9,treino
data/cats/cat.194.jpg,cats,d9e187ad15f3212debd0028962607832,treino
data/cats/cat.195.jpg,cats,ff0e4379a1131c4e49d651a426d3e35c,treino
data/cats/cat.196.jpg,cats,a5abf0d1deabc2bc5ca8c37cb77be56c,treino
data/cats/cat.197.jpg,cats,50c0fc49da51638db03734400eb2ae20,treino
data/cats/cat.198.jpg,cats,439fb4f2e8e0e7271995a4b9577858ce,validacao
data/cats/cat.199.jpg,cats,57dac42351b40b773c121ab024e4d69d,teste
data/cats/cat.2.jpg,cats,504417d73bdf859125e7598b8cda163c,treino
data/cats/cat.20.jpg,cats,ef336e7651c9e01fa04ba05d1e15ba34,validacao
data/cats/cat.200.jpg,cats,4add3c97fed1ba58b6c82d825e392ad1,treino
data/cats/cat.201.jpg,cats,f6855f31064a245a702dd121af1b89d6,teste
data/cats/cat.202.jpg,cats,bec37ee34f72e10de8d101f405bd0c7a,treino
data/cats/cat.21.jpg,cats,5c278942057ee018c9b6f725345abf8b,treino
data/cats/cat.22.jpg,cats,8c5326cb12128917636d2a0f94f0b1e9,teste
data/cats/cat.23.jpg,cats,b7a77a07855d5c36e75269c26ebdcf51,treino
data/cats/cat.24.jpg,cats,cee961d797a3fd4902820ddf11ef726d,treino
data/cats/cat.25.jpg,cats,8f7130c48d4f22cca29be2d29af7c762,validacao
data/cats/cat.26.jpg,cats,2e53fb81aafd7178cb222369547be66b,teste
data/cats/cat.27.jpg,cats,6a982353e8a10ee1b566881cb6840c41,treino
data/cats/cat.28.jpg,cats,5e0c800f0c076dd9c75dc776a4e9ccf0,treino
data/cats/cat.29.jpg,cats,01a1b4d05da28e7d501dedf708e0ea86,validacao
data/cats/cat.3.jpg,cats,da8f3afd184503f79e06ee631464f35a,treino
data/cats/cat.30.jpg,cats,d3fa0ec30c7cabe62808786781c1d216,treino
data/cats/cat.31.jpg,cats,c44cb81837c2f760eea7e398c7ee8c61,validacao
data/cats/cat.32.jpg,cats,4bcc9522ce3cd7feb81fbcd6d3bdb9a3,treino
data/cats/cat.33.jpg,cats,0839e965cdf64f43b4e16b137a75bd1e,treino
data/cats/cat.34.jpg,cats,ce858c7ed1b5f4d4d8161a63f812b55a,treino
data/cats/cat.35.jpg,cats,0cc0b3818199c9ba2d8c78a15f1b4cb8,teste
data/cats/cat.36.jpg,cats,8bd3865db383c1fe4bf5e118821d6c18,treino
data/cats/cat.37.jpg,cats,2fd64c0babfb3334240d8244abb03ccc,treino
data/cats/cat.38.jpg,cats,bc356643e6950101560b15514ddd35be,treino
data/cats/cat.39.jpg,cats,420de1ab9d9c6d6c1e2360d7b509147f,treino
data/cats/cat.4.jpg,cats,00f1acf458ae561796d9abf10e384f31,treino
data/cats/cat.40.jpg,cats,efdfeb2517eb734347a8037efe3964cc,treino
data/cats/cat.41.jpg,cats,a5de74a1673ee007c3ca7bd56fc36bb3,treino
data/cats/cat.42.jpg,cats,2a42f5e6491a937329a1074924e1e7c6,treino
data/cats/cat.43.jpg,cats,a31177d933179463372a7ae6e8ce0be3,validacao
data/cats/cat.44.jpg,cats,d1a558997681be930521db792a1a0bae,treino
data/cats/cat.45.jpg,cats,1dd81e317498a255767c22d8ea00ac9e,treino
data/cats/cat.46.jpg,cats,dea66ca1e4643cdfba5bffce59cbbc3d,teste
data/cats/cat.47.jpg,cats,0880b2fb13e04b074816ffa5f1db7058,validacao
data/cats/cat.48.jpg,cats,158ba1434aa5c4a76a096d3874d2e88e,treino
data/cats/cat.49.jpg,cats,04f7d6d1ebf1214414fc07b3cf7f113e,teste
data/cats/cat.5.jpg,cats,d82bd0da3bd1b34e9c2b7babfc4d5220,treino
data/cats/cat.50.jpg,cats,ba71a6c22bc5ec344e72fdff4d478e98,treino
data/cats/cat.51.jpg,cats,5cad5e8e4f615e8037f8b29f99fb28cf,treino
data/cats/cat.52.jpg,cats,6cb2fc27da87691cb70c6bea47d12316,teste
data/cats/cat.53.jpg,cats,3bc5a0918a0b9a7e974d31376b1fcf35,treino
data/cats/cat.54.jpg,cats,ebdbbb348a67efcadc9c7ae2c63c488e,validacao
data/cats/cat.55.jpg,cats,5a1dc49649f36446c8c819b8c9f7c140,treino
data/cats/cat.56.jpg,cats,4db2db41724f6c711a57ad30366cbbd3,teste
data/cats/cat.57.jpg,cats,47e8183d4340c7e7576399812b4611e7,treino
data/cats/cat.58.jpg,cats,e5164c24dd1c7e9a56c4baf34a5e8983,treino
data/cats/cat.59.jpg,cats,394cb5029aa1f67256549076de0d4c9e,treino
data/cats/cat.6.jpg,cats,ed61f9d036be07f7843327aaab614c4f,treino
data/cats/cat.60.jpg,cats,4b8f3ddefe0b3484a2ee5e756e2abfd5,teste
data/cats/cat.61.jpg,cats,ae0c25f1618e3ba74c5f581bf93f8580,treino
data/cats/cat.62.jpg,cats,397c673fafb49f89c84b22f95a3853d0,validacao
data/cats/cat.63.jpg,cats,ca81707a315715f2ff597ed8d220f4c6,validacao
data/cats/cat.64.jpg,cats,550843e62b0fc6213f4dce824c3ea1df,treino
data/cats/cat.65.jpg,cats,c6f5c8be38e0e076489434c43cc2f944,treino
data/cats/cat.66.jpg,cats,98d69a2fee6813fb81ebeb7b142af4b5,treino
data/cats/cat.67.jpg,cats,c55b6f16216b02bfea7bb2d4743e9992,validacao
data/cats/cat.68.jpg,cats,725ad8c5291da86da0e9f4cdd356e31d,treino
data/cats/cat.69.jpg,cats,7b4becfd6e4eb7a375349c3907219156,treino
data/cats/cat.7.jpg,cats,9833c9ebf6e616eb05b0b75e6a6c2354,teste
data/cats/cat.70.jpg,cats,51ddcd39074f291b75643a7d34971264,treino
data/cats/cat.71.jpg,cats,2ded69e368d157013b483710b57adc1a,treino
data/cats/cat.72.jpg,cats,615bb7cebf1779b530f33b100d1f14b5,treino
data/cats/cat.73.jpg,cats,a41109048bcd2e32f6d2f0b4feb8f3a8,validacao
data/cats/cat.74.jpg,cats,93c75546d8cf99a23b01741f28be797e,treino
data/cats/cat.75.jpg,cats,d7aabe1d17884bad89281b6dab85877c,treino
data/cats/cat.76.jpg,cats,19b029e37a86992274fb9b77b898a33b,treino
data/cats/cat.77.jpg,cats,cb6eb8ecb823b99bb8d4392967454986,teste
data/cats/cat.78.jpg,cats,68cce319fa44847699ce071b144e7f7d,validacao
data/cats/cat.79.jpg,cats,6265535ffb37ab8cb74cc19741e59d66,treino
data/cats/cat.8.jpg,cats,2aaa011c71d9f8b6cb41c282c08abd83,treino
data/cats/cat.80.jpg,cats,923a3982a201e9820e3a268734650a40,teste
data/cats/cat.81.jpg,cats,1f9cee21ffef0d2768d6d605e00eaf8d,teste
data/cats/cat.82.jpg,cats,9a4fdd417901b367d85d84ee745d4751,teste
data/cats/cat.83.jpg,cats,a4667dba7b6fa071bbc075da3dae042d,treino
data/cats/cat.84.jpg,cats,a9e8cdf57bd2118ca783a0fc5318083f,treino
data/cats/cat.85.jpg,cats,db45e1fe3a01562af43d08e3e59cb5c7,treino
data/cats/cat.86.jpg,cats,45d3c1b6f7a031b7be6503ebfe0e300f,validacao
data/cats/cat.87.jpg,cats,ff4087cc39b8142c71ded1f2d4b36fe6,treino
data/cats/cat.88.jpg,cats,051496d3f6476b6596646089bda4bf21,treino
data/cats/cat.89.jpg,cats,34d72f65194994de59481f904e54d2d1,treino
data/cats/cat.9.jpg,cats,f057e119539685a8bdefee83821029ba,teste
data/cats/cat.90.jpg,cats,101b29d9253f8161726f050904b89360,treino
data/cats/cat.91.jpg,cats,feb1425321aafa0b6df8337732e11efb,validacao
data/cats/cat.92.jpg,cats,15e598e16c4a765ae92764ce8cd04fbe,treino
data/cats/cat.93.jpg,cats,90cdec4ec37327f2fc34593e96a78680,treino
data/cats/cat.94.jpg,cats,05f58dccf2a1be2296a64f6e0c9cc72c,treino
data/cats/cat.95.jpg,cats,b41ed696b88ddabe12dbee38d338872d,treino
data/cats/cat.96.jpg,cats,26b38eb86151045ea00c9e1a1613b031,treino
data/cats/cat.97.jpg,cats,5aec0cf2b411286f4eb90322f27fd76f,treino
data/cats/cat.98.jpg,cats,7bbe68a683dc9fa51f3ea6f949d52426,treino
data/cats/cat.99.jpg,cats,9e89900c4c75abf40e35a0a567b25a75,treino
data/dogs/dog.1.jpg,dogs,91c6063f96663a84cfa3d275cc903261,teste
data/dogs/dog.10.jpg,dogs,750f7ecd5d97a4b0cb5342748055cadb,validacao
data/dogs/dog.100.jpg,dogs,4e0ec9075f331f8d430aa2f944420c32,treino
data/dogs/dog.101.jpg,dogs,d853672a067a72f31282a10bb35a3e41,treino
data/dogs/dog.102.jpg,dogs,3bb19fb351d0204391bb6842b8e6395c,teste
data/dogs/dog.103.jpg,dogs,6544fd08a0aaf262188c13978fbd46c5,treino
data/dogs/dog.104.jpg,dogs,dc107ee10b851a29e9f8f3c8af923f3f,validacao
data/dogs/dog.105.jpg,dogs,4d84e48b758584d2fd818e95900d5c41,treino
data/dogs/dog.106.jpg,dogs,405b0222dbff8e1cda62e4aa7f417354,treino
data/dogs/dog.107.jpg,dogs,c2420b25718c535c22e9bffe1f2a93a3,treino
data/dogs/dog.108.jpg,dogs,fbef20d6ea429fc580ed1934f3c9883d,teste
data/dogs/dog.109.jpg,dogs,d18b787c31aadebbfaee3768bddd75df,treino
data/dogs/dog.11.jpg,dogs,1de3f9e8ccc35da7948bc1b327b46461,validacao
data/dogs/dog.110.jpg,dogs,9f5e1c1d9ba906e8ec3550a693ceb6bd,teste
data/dogs/dog.111.jpg,dogs,d8acabbfd4ee51c95da5d7628c7ef74b,treino
data/dogs/dog.112.jpg,dogs,fcacc8a942a41b24065cea47056f3ffb,treino
data/dogs/dog.113.jpg,dogs,9c34208b4268d80959b0bc2bb90919b5,treino
data/dogs/dog.114.jpg,dogs,00964dd06125a3e68cb83f268467fc0f,treino
data/dogs/dog.115.jpg,dogs,e97bc82a249b68344f44e3302a8c5083,treino
data/dogs/dog.116.jpg,dogs,6c7c768c55f759fb0ada53d5e2970865,validacao
data/dogs/dog.117.jpg,dogs,dfa2636b3dbbf5fece09b8280491f65d,treino
data/dogs/dog.118.jpg,dogs,e5b008349eefa1b9c24e3ab824cfd45d,treino
data/dogs/dog.119.jpg,dogs,69d1e88611e79329a5d2a62fb2724b92,validacao
data/dogs/dog.12.jpg,dogs,e36e4532dce36b07baf332926600e889,treino
data/dogs/dog.120.jpg,dogs,2e6a0f8aa5f12b3193ec5efc622f0214,treino
data/dogs/dog.121.jpg,dogs,678cf9d7a63239a887eeb30817379a80,treino
data/dogs/dog.122.jpg,dogs,81b24744fcb4067237cba6ef3fdc2dfc,treino
data/dogs/dog.123.jpg,dogs,2f88e5cbe443081c5d4c455e60400152,treino
data/dogs/dog.124.jpg,dogs,b8d4a8ab02551dfac39b6a9c7d3416c8,treino
data/dogs/dog.125.jpg,dogs,01ef5eb2a251210050bc28ee7b62fb86,teste
data/dogs/dog.126.jpg,dogs,4d2d5267ffee5e1fad441261d3394e28,treino
data/dogs/dog.127.jpg,dogs,f397fc991f8b29bc23f856777f1f170b,treino
data/dogs/dog.128.jpg,dogs,b0b63e675d4036a449f6442943402ffb,treino
data/dogs/dog.129.jpg,dogs,53aeee1f02cda07ebf76468e9467cf11,treino
data/dogs/dog.13.jpg,dogs,a169cc34625da577c4ff4b4e99304604,teste
data/dogs/dog.130.jpg,dogs,0cebe44dcc031aea26e07024c958e4e2,treino
data/dogs/dog.131.jpg,dogs,e6b8b22c62d141a248c07d80ec48534f,treino
data/dogs/dog.132.jpg,dogs,b46173d917ca3cc738ed8b6022985585,treino
data/dogs/dog.133.jpg,dogs,50c8b09a2835f697bbb1b6f7e4e0e398,treino
data/dogs/dog.134.jpg,dogs,ec95e3968683e3eb917024276e8e31ef,teste
data/dogs/dog.135.jpg,dogs,bcbf384eb47f9c768cb101295d2dfe97,treino
data/dogs/dog.136.jpg,dogs,7c48761cbe381b8ae431b3c770331b38,teste
data/dogs/dog.137.jpg,dogs,42324e640473febc057598873e91c328,treino
data/dogs/dog.138.jpg,dogs,b2a075381ee8e26f3dcc1aeb6b43d6d9,treino
data/dogs/dog.139.jpg,dogs,83bd8eea778a2e06392e0292fdebe07c,treino
data/dogs/dog.14.jpg,dogs,240236d8e64c68b9e8de54b09d292f09,treino
data/dogs/dog.140.jpg,dogs,ff9122c251109e6dd712031be0c2d09e,treino
data/dogs/dog.141.jpg,dogs,5d78f8e9366e44f5a77e79d3bd1bd904,treino
data/dogs/dog.142.jpg,dogs,6d3b985aed4118427f8d3280d8132c49,treino
data/dogs/dog.143.jpg,dogs,3a78225c145e11ffcdcbd42ae6ba0502,treino
data/dogs/dog.144.jpg,dogs,968abef30edaed647a4b7966b7f7c8ab,treino
data/dogs/dog.145.jpg,dogs,cd3fedea63203a588c5caf39b3b4ac3e,treino
data/dogs/dog.146.jpg,dogs,d7f5b8966154235038085376be8d9ea1,treino
data/dogs/dog.147.jpg,dogs,f8c86a4de392ec60b061debb6ebd3c5f,treino
data/dogs/dog.148.jpg,dogs,1b8bb8f98e0200fc9c49ca9ab6952b5d,validacao
data/dogs/dog.149.jpg,dogs,3063d7649da59227ecc3fdc02d1edb95,treino
data/dogs/dog.15.jpg,dogs,be5272c4e126dcb86b520006315e0da6,validacao
data/dogs/dog.150.jpg,dogs,f2f39325803d43e585e08d33e7a94f7d,treino
data/dogs/dog.151.jpg,dogs,b9db29240a1f8ddf0ee8b664ed5f8567,treino
data/dogs/dog.152.jpg,dogs,4e451c536665daf6d5c9767e50379f14,teste
data/dogs/dog.153.jpg,dogs,04cc02865ca1d3d64f6f056d58bfe6e2,treino
data/dogs/dog.154.jpg,dogs,613e40d028f994f23bb4d1e6278ce3a9,teste
data/dogs/dog.155.jpg,dogs,a5e8af9f0de7902f21325c8602178eab,treino
data/dogs/dog.156.jpg,dogs,86ddf4f71fe05ebc5dcdfed31ea1c2f4,teste
data/dogs/dog.157.jpg,dogs,18d3abacf5418583033788f94ec5a454,treino
data/dogs/dog.158.jpg,dogs,375a930bd0e3d11ba49d86d90e0d76a0,treino
data/dogs/dog.159.jpg,dogs,7218cec89706be2df4debf691a260937,treino
data/dogs/dog.16.jpg,dogs,5c236a8e6132d8f1457ee1af19a16960,validacao
data/dogs/dog.160.jpg,dogs,f8ecea6c95a8b03b1538c3dcd71436b4,treino
data/dogs/dog.161.jpg,dogs,ef15989ddf00b59c45526aa7b6f81013,validacao
data/dogs/dog.162.jpg,dogs,700c3b6beda2b44b50669a95f7682a4a,treino
data/dogs/dog.163.jpg,dogs,1e89307937134fe2f07f24b851002f67,teste
data/dogs/dog.164.jpg,dogs,ec9e2fb8673fce06b626dce2ca7aa843,treino
data/dogs/dog.165.jpg,dogs,3da80362ded91454b9fe320064353684,treino
data/dogs/dog.166.jpg,dogs,e3ff742214da13a41102d33d6ccf7b2c,treino
data/dogs/dog.167.jpg,dogs,003e40879808fe309022d84157ea6c91,teste
data/dogs/dog.168.jpg,dogs,68be17724b41e0ba081cd8ddf6f8f693,validacao
data/dogs/dog.169.jpg,dogs,579b84ef325819a1ccf6013779cebece,teste
data/dogs/dog.17.jpg,dogs,3ca3fe10527d3775fe7b256fa0e7de16,validacao
data/dogs/dog.170.jpg,dogs,4bb6e6a5d9b9a39754a780875e4df5ad,treino
data/dogs/dog.171.jpg,dogs,6d48013dbaa929ff83262d62a5ce54cc,validacao
data/dogs/dog.172.jpg,dogs,592d96b29018990ac94e2f474021f08f,treino
data/dogs/dog.173.jpg,dogs,a68fd09d757ced71e4a5e65a0d55346d,teste
data/dogs/dog.174.jpg,dogs,ddbe7186ffc7316c9443de9304ba935b,treino
data/dogs/dog.175.jpg,dogs,780a03c2c9a0d835ffd51cf2b8bd819f,treino
data/dogs/dog.176.jpg,dogs,1825c521c27b4d568f618fc51e7a2294,treino
data/dogs/dog.177.jpg,dogs,1d0625be6cb0a4380ae9edb51bdcb6f2,treino
data/dogs/dog.178.jpg,dogs,5cb65bb3649c124bf33a8a54a5c2803a,treino
data/dogs/dog.179.jpg,dogs,9e12aa4385ef10e600cfcc2adb229ac3,teste
data/dogs/dog.18.jpg,dogs,9ed52076eb6d9115cbe00c297ffea21b,treino
data/dogs/dog.180.jpg,dogs,671b34b6eaee91b2f6fe5afb6e7982a6,treino
data/dogs/dog.181.jpg,dogs,3f86e95da550c134d5e55341c067fcd1,treino
data/dogs/dog.182.jpg,dogs,22077970be1f6e1f576844c430b1ec55,teste
data/dogs/dog.183.jpg,dogs,23874a2511e7c4edde396d0eb8f927c7,treino
data/dogs/dog.184.jpg,dogs,97c4d08679bb23b3d68aade56a341bb8,validacao
data/dogs/dog.185.jpg,dogs,b0b08ea07c4c1e9f12a0d226f9e4e00b,treino
data/dogs/dog.186.jpg,dogs,6b85e10c704c07ae876284a59c05a5ff,treino
data/dogs/dog.187.jpg,dogs,33f8c191e0c70cba44baa2cdf986447d,treino
data/dogs/dog.188.jpg,dogs,eff702f72bbda84ad882b3e8f9647025,treino
data/dogs/dog.189.jpg,dogs,b7bfeaf7af1b284ccb31b1564326104e,treino
data/dogs/dog.19.jpg,dogs,5eb12cc1c41f52ec6e6c645400948ba0,treino
data/dogs/dog.190.jpg,dogs,0642467b4030cc4a1eedebc074a24843,validacao
data/dogs/dog.191.jpg,dogs,27fa09764eb16877d6bdc8994c51ac2a,validacao
data/dogs/dog.192.jpg,dogs,1cbd643008ccbe3fcb41a13abbc856b8,treino
data/dogs/dog.193.jpg,dogs,3c7f29502d71887afe07095867e343e7,teste
data/dogs/dog.194.jpg,dogs,1fefb92f25db13cc1a341e635cbc5587,treino
data/dogs/dog.195.jpg,dogs,6edca6726e65c0e9022f38bc7cead39f,treino
data/dogs/dog.196.jpg,dogs,a66f74141811933e342ccaa42500b29b,validacao
data/dogs/dog.197.jpg,dogs,e27078872dd774b882da5702d6d6d2fb,treino
data/dogs/dog.198.jpg,dogs,2291ba8a41c7cc2ca3616720fc6c37c1,treino
data/dogs/dog.199.jpg,dogs,0c95617550c4c5a2cc1006099dd2fd04,treino
data/dogs/dog.2.jpg,dogs,6ac975c0f221bf4863354a89ed1a50ff,treino
data/dogs/dog.20.jpg,dogs,dac3cef2bad42f81453455715a534146,validacao
data/dogs/dog.200.jpg,dogs,8c756a8ec482013459c2a1482c9431d3,treino
data/dogs/dog.201.jpg,dogs,535667e3346f65d0cecc1f72c17e0e31,treino
data/dogs/dog.202.jpg,dogs,57c4d9e092ccd23c6a0699a86a7a8616,validacao
data/dogs/dog.21.jpg,dogs,fda45dcc9179e7ec73b63982730beb57,treino
data/dogs/dog.22.jpg,dogs,5b2d64e062bfe33fb353fda34b14e288,treino
data/dogs/dog.23.jpg,dogs,9efddf40912ff4536982b07222fa6788,treino
data/dogs/dog.24.jpg,dogs,e3022e305c414093292ce238256e6f9d,teste
data/dogs/dog.25.jpg,dogs,9f150b4c20dfc47a4a7d05190e169823,treino
data/dogs/dog.26.jpg,dogs,4b3d738dc9aebb14ffe48dbcbce659c2,validacao
data/dogs/dog.27.jpg,dogs,8dbdbf919e6d37295d42527f438cbcda,teste
data/dogs/dog.28.jpg,dogs,33cf6176d85d7bebff86cde89cec6c5f,validacao
data/dogs/dog.29.jpg,dogs,334326369a953525a318940aeae7a8a1,treino
data/dogs/dog.3.jpg,dogs,7b13559db96bcd06f3069d5e39f8d156,treino
data/dogs/dog.30.jpg,dogs,88278027380b8711b3814111f8d3b7dd,treino
data/dogs/dog.31.jpg,dogs,d9bee57bd0288dfccb7760ab6ab8e207,treino
data/dogs/dog.32.jpg,dogs,aa41c54d8fe4b0393c4467519087b6f7,treino
data/dogs/dog.33.jpg,dogs,81a1e3372ef4dfcdc90028d889081a2e,treino
data/dogs/dog.34.jpg,dogs,45c774c9e6f4656d1dba187b71b087d7,treino
data/dogs/dog.35.jpg,dogs,60d24d79d2285466a680d8f8e18770b8,teste
data/dogs/dog.36.jpg,dogs,2809f2e5eb286bede583c3f03a49bef9,treino
data/dogs/dog.37.jpg,dogs,d3643bc16b4048e05b0e6649984ac27a,treino
data/dogs/dog.38.jpg,dogs,3bd97731f0a33b452a1cb68b6e78f46e,treino
data/dogs/dog.39.jpg,dogs,02a0d0ca052e4d8e2862621f2537d1bf,treino
data/dogs/dog.4.jpg,dogs,91ddf742c07fbfd85d26840f9ce64c5d,teste
data/dogs/dog.40.jpg,dogs,ca3c22e5493b0c61787687580ef22fcd,validacao
data/dogs/dog.41.jpg,dogs,742d0f658366fbdd4c2e422a91d53253,treino
data/dogs/dog.42.jpg,dogs,b7a7b868feaae4ab619e7b40a4cf8d4d,validacao
data/dogs/dog.43.jpg,dogs,37b72e12d0bf5378d3ef63ffc2cf98bc,treino
data/dogs/dog.44.jpg,dogs,ff2a9a63c3712392d374219acb5d4144,treino
data/dogs/dog.45.jpg,dogs,02756b1d07444b4380955bcece79a5f6,treino
data/dogs/dog.46.jpg,dogs,e288d4f10e9c1f793ce740802b833f68,treino
data/dogs/dog.47.jpg,dogs,cee9b84265776ca39d12383b819afd8b,treino
data/dogs/dog.48.jpg,dogs,127bfe3332c7adb2dd87f7f5e79665e5,treino
data/dogs/dog.49.jpg,dogs,e58d7316948ca229550ab01872027aec,treino
data/dogs/dog.5.jpg,dogs,ba689b624ed5bceb68923fdfea41a9db,treino
data/dogs/dog.50.jpg,dogs,ea0e981b91cc249c6149fd1be96296f8,treino
data/dogs/dog.51.jpg,dogs,2751cce408d0e3318a4ed8c05dd7652a,teste
data/dogs/dog.52.jpg,dogs,d105eb1bb5637de1578a40eeedaafa84,treino
data/dogs/dog.53.jpg,dogs,dc68f0ef158b010003b29c1f53516685,treino
data/dogs/dog.54.jpg,dogs,2473178b44f231822e820f1a7877c25e,treino
data/dogs/dog.55.jpg,dogs,c346db1db306e67f20fefc82a24dea35,teste
data/dogs/dog.56.jpg,dogs,e4f9658c364a5e2e54a94061f2b2d48d,treino
data/dogs/dog.57.jpg,dogs,843f4cd39c64293c73cf8bd373b53f4c,treino
data/dogs/dog.58.jpg,dogs,0ac0b5b12e53a962b86af8cca2b83692,treino
data/dogs/dog.59.jpg,dogs,877fa3eaf05b259aaa85752bbe6419f1,treino
data/dogs/dog.6.jpg,dogs,a0097f5b22171455f9a9bf6c5f92f376,treino
data/dogs/dog.60.jpg,dogs,a2e5b0aea8bff2647ec4e4b05bf11cc3,treino
data/dogs/dog.61.jpg,dogs,a3c7ab1d6440fde09638484105e004ae,treino
data/dogs/dog.62.jpg,dogs,bcdb72ab3644e0182f83f063795dedad,teste
data/dogs/dog.63.jpg,dogs,9f273d7a2f18fd3914e26ab338f7a052,treino
data/dogs/dog.64.jpg,dogs,5ecbb871274848895730f53549558db5,validacao
data/dogs/dog.65.jpg,dogs,147a5b6d1f0c5e36098acb657f9d2782,teste
data/dogs/dog.66.jpg,dogs,c6e6566e0228abe573784350c9a1626f,treino
data/dogs/dog.67.jpg,dogs,2e0b9cd88d9f2c9308e2a338474b76ca,treino
data/dogs/dog.68.jpg,dogs,eb9afbc14903ee1ac8ba314137b1ce62,treino
data/dogs/dog.69.jpg,dogs,6fb64456d8fc363b0b0ccb5c698223a6,treino
data/dogs/dog.7.jpg,dogs,d0970ab9de7b2795c45b3c4165f2f7e1,validacao
data/dogs/dog.70.jpg,dogs,374d4b3c997e92106ddd5d7c1cbeedde,treino
data/dogs/dog.71.jpg,dogs,11b6ec07e1124cdbab1952c10e86236c,treino
data/dogs/dog.72.jpg,dogs,bc618cffc26fc60df0f2294501828870,validacao
data/dogs/dog.73.jpg,dogs,846313636b5823235f10f2f8dc59c236,teste
data/dogs/dog.75.jpg,dogs,a7cbae6d4b2ac6da945eb52b25164c7c,validacao
data/dogs/dog.76.jpg,dogs,deb0a034349950aa5cd7e567377a8fdd,treino
data/dogs/dog.77.jpg,dogs,86a1c2571747f948c4b3945c1f212fad,treino
data/dogs/dog.78.jpg,dogs,a2986d6ef291adc9d36d872c293f0753,treino
data/dogs/dog.79.jpg,dogs,f759e21bbccab0c590230af73e98ca40,treino
data/dogs/dog.8.jpg,dogs,594c9a53d523554d081768d1bbdb760d,treino
data/dogs/dog.80.jpg,dogs,80c0c1dd3d1b03d17dcf3c758937469a,treino
data/dogs/dog.81.jpg,dogs,a4d4b8e2c1158b7ea02d7d6480f7c23d,treino
data/dogs/dog.82.jpg,dogs,5ab7749ff10040a88732aab70dafec99,treino
data/dogs/dog.83.jpg,dogs,25c164679541f00ec469a7294b0db24c,validacao
data/dogs/dog.84.jpg,dogs,309fd9b4478bb3d6ae4f66cadc60cc9f,treino
data/dogs/dog.85.jpg,dogs,ba3c4893b2c39baff61644bfa3489287,validacao
data/dogs/dog.86.jpg,dogs,41d6f43b4c849c80f939ad438e981109,treino
data/dogs/dog.87.jpg,dogs,7f93e5e766929c1a3876b4c0af9b0b0b,treino
data/dogs/dog.88.jpg,dogs,dc7e7b4fce21d489692db45ab027a4aa,treino
data/dogs/dog.89.jpg,dogs,dc88adf4dac2c17611c69f0a55ada419,treino
data/dogs/dog.9.jpg,dogs,7a2381b2ca9fd1c9c43f5a08b88b97c0,treino
data/dogs/dog.90.jpg,dogs,0152f27ca522cf8bfbbbfd7a235e7d7b,teste
data/dogs/dog.91.jpg,dogs,071103335d12a94b229bda43b38baacc,treino
data/dogs/dog.92.jpg,dogs,452d726e2533d4ca66911f16b233c622,teste
data/dogs/dog.93.jpg,dogs,744cda7f360b2e538046666fbf43cc08,treino
data/dogs/dog.94.jpg,dogs,baadb34b7243f9d90a1fba9f0cbe0c38,validacao
data/dogs/dog.95.jpg,dogs,750ac0c805bfb9b5ba6bf2575c960655,teste
data/dogs/dog.96.jpg,dogs,011f0434a17656d31fd1bfbdaa17ed0e,treino
data/dogs/dog.97.jpg,dogs,2d35cce51bf36e6efcf40a514c806395,validacao
data/dogs/dog.98.jpg,dogs,872b14edb9259f5f4953bd35f1db21db,treino
data/dogs/dog.99.jpg,dogs,13a1945b5be7c13846dd1afeb6b739fd,treino
data/flowers/0001.png,flowers,66fa6d50060bd0c8210da7ec24cd381b,treino
data/flowers/0002.png,flowers,50139030bb05fd9f52ef7dc84b1a422e,treino
data/flowers/0003.png,flowers,b27edf644a092eefa5461e49b36ced2b,treino
data/flowers/0004.png,flowers,904e2f8fae5170705c1ec2fa6ffd8d0e,treino
data/flowers/0005.png,flowers,3be335714e8a4c7d0e8762d29e2fbcd5,treino
data/flowers/0006.png,flowers,965a8f69f9d94df111aa50ee5a67fb00,treino
data/flowers/0007.png,flowers,5473cacfcd82388bd78cab70deb033b6,treino
data/flowers/0008.png,flowers,1b46b17f55a49b9f64f65b7e7e855fa1,teste
data/flowers/0009.png,flowers,f0a8fbac8d0b519682318e21077f344d,treino
data/flowers/0010.png,flowers,1952d3d433130eaa46d337fbe15c594d,teste
data/flowers/0011.png,flowers,fad3f861bd40d305c34d0c3954024904,treino
data/flowers/0012.png,flowers,13b53622d388610d0cbb6f5589922669,treino
data/flowers/0013.png,flowers,e4b139f56cb055e587c6fb22b676a593,treino
data/flowers/0014.png,flowers,4aa0f81fd96547d20ddb07e870d63b4c,validacao
data/flowers/0015.png,flowers,666a6087696c3350f0199684d38a8a6d,treino
data/flowers/0016.png,flowers,ef738ea9d00b5f31ea6f836af7955f34,validacao
data/flowers/0017.png,flowers,6fad90e18436464d6d014b6bdb4d719f,validacao
data/flowers/0018.png,flowers,ce5faaaa1f5229fa00255f16f58556ad,treino
data/flowers/0019.png,flowers,e1b8c2151f0b0f6376040a6d1ff8089a,validacao
data/flowers/0020.png,flowers,f734bcf662d051f8ad955098e4a8df0b,treino
data/flowers/0021.png,flowers,44512d307cdecec3e0d2faf6fe440041,treino
data/flowers/0022.png,flowers,d1d7d19747f99a739b6e25ba722f4f5c,treino
data/flowers/0023.png,flowers,89dbeafd6191b77fdacf061cb37c10ff,treino
data/flowers/0024.png,flowers,a6ab1496f105fe2c630c988df8705b2f,treino
data/flowers/0025.png,flowers,4f82ba0f1f8cbeba193855fcd7981f01,treino
data/flowers/0026.png,flowers,2df1ef7ed59fb5e4b60604c5d27a8378,treino
data/flowers/0027.png,flowers,6fc41910c1cf4ef92e1d8697cb590f4d,validacao
data/flowers/0028.png,flowers,8078fd81936ee39c5b9cb58274544b2e,validacao
data/flowers/0029.png,flowers,6db68391d909bfbc533502148f24fb14,treino
data/flowers/0030.png,flowers,45463d14021646b83b047ec882e9ce2c,treino
data/flowers/0031.png,flowers,587f8be847ff3a9c8a09442259efbe6f,treino
data/flowers/0032.png,flowers,00eb029114873264c2606c29491024c4,teste
data/flowers/0033.png,flowers,c52911814a21790e59efc5378422b1b2,treino
data/flowers/0034.png,flowers,494e9f6cd3c389e8a4ca8555e3f342c3,treino
data/flowers/0035.png,flowers,97c6efc9eadc2025326ef67a1f7e7f9a,teste
data/flowers/0036.png,flowers,cfb3ebfe89de881f6a1298f073b79a39,treino
data/flowers/0037.png,flowers,795420a76b5067b6e6c820ce6e470da7,treino
data/flowers/0038.png,flowers,e12214ddd12200ab8fa0dded4e413b3a,treino
data/flowers/0039.png,flowers,d069ca5e0d7947816ea178ccc6972948,treino
data/flowers/0040.png,flowers,5c58f3387b250a8b56f9449e97f41b48,treino
data/flowers/0041.png,flowers,2206e488311914260a65a0aba36e1c43,validacao
data/flowers/0042.png,flowers,69b075c74375f943c2164f336761eb78,treino
data/flowers/0043.png,flowers,2d20de2304fee899c78e57652531fd4d,treino
data/flowers/0044.png,flowers,bf9f85942f4c11c72c0f2166a6dc4726,treino
data/flowers/0045.png,flowers,e5bf59f96238d449fb3d2ee542a729e8,validacao
data/flowers/0046.png,flowers,afef2b25147c1a247dd6f68bd5f145be,treino
data/flowers/0047.png,flowers,c2ce4f546fe4230ea3f6a06f1d62d3d6,validacao
data/flowers/0048.png,flowers,61801be1875b267463d30452649227bf,treino
data/flowers/0049.png,flowers,139e3969b97c906dbeba35925d17c1a7,treino
data/flowers/0050.png,flowers,64bf049ae1288580e8527ee70057ec3e,treino
data/flowers/0051.png,flowers,b32e462f32857ad0c0379e52bdf5a307,teste
data/flowers/0052.png,flowers,f954830389ed65ddddb6f077b87c0576,treino
data/flowers/0053.png,flowers,83a9e9189cf70c103d5d9c7be930dd54,treino
data/flowers/0054.png,flowers,b5d14d1c3359aab9c820771326770564,teste
data/flowers/0055.png,flowers,f859e58c5f6513427af22894257105d2,teste
data/flowers/0056.png,flowers,322fe65feab0c45cc9f137e62a2f3a5b,treino
data/flowers/0057.png,flowers,bd32b22c3f211971dde279735f0ed2e4,teste
data/flowers/0058.png,flowers,c968b700b23a977184ab9d04952ad7fe,treino
data/flowers/0059.png,flowers,b27d3cccf7470d36905ef4defc26b120,validacao
data/flowers/0060.png,flowers,6902d8ad16f8c2783ed63bfa3fa7e9c2,treino
data/flowers/0061.png,flowers,462b27bebad4e42766e25c4e11c048d9,treino
data/flowers/0062.png,flowers,2427ea4c84bac6cec491e27bc2725a8c,treino
data/flowers/0063.png,flowers,4a791a2592bc59b8a2c6f2755932ef93,validacao
data/flowers/0064.png,flowers,85dc924bb9cf12ebe74a1f3635e83f82,treino
data/flowers/0065.png,flowers,12cd736552859629e9728f65a938c979,teste
data/flowers/0066.png,flowers,81b43bb305e1bf92d6510172cef8ea77,treino
data/flowers/0067.png,flowers,9c3f87d3e5c2fe6c623c52f9caf587db,teste
data/flowers/0068.png,flowers,9bf02fca0fe56cb37b09d690ea7f48c2,treino
data/flowers/0069.png,flowers,b3099302c3631f3d4e32cf113fff654c,treino
data/flowers/0070.png,flowers,02879e9073a4ac1425db72a8a6d529d3,treino
data/flowers/0071.png,flowers,107628f1c2ee9eed533f844dfcccdd7d,treino
data/flowers/0072.png,flowers,67a4056a0a06385a381c8605254a60e9,teste
data/flowers/0073.png,flowers,e9ab32db1fcce1c278cc6efdae6a1d9c,treino
data/flowers/0074.png,flowers,4472a77e1b0419f5ed896288e40a95d6,treino
data/flowers/0075.png,flowers,cc0135ab54736606cb229189310a71c2,treino
data/flowers/0076.png,flowers,d9b8a5e53fe8c1ef9122a1e52c9726ae,treino
data/flowers/0077.png,flowers,804290ec6916394bafefeb82ab091adc,treino
data/flowers/0078.png,flowers,c9607324e413429ce82c398ca68029ce,treino
data/flowers/0079.png,flowers,355184b81d5ea0ba74b8d768131ea1be,treino
data/flowers/0080.png,flowers,d70a18c0adddd9a4af44312754c2dec1,treino
data/flowers/0081.png,flowers,b54508ebf18c05fba4138b9dd9b332ad,treino
data/flowers/0082.png,flowers,306da82d5d2bab2b2d7fe1a873db0590,treino
data/flowers/0083.png,flowers,124ccf10416dcf5d07a6aae66f820c9e,treino
data/flowers/0084.png,flowers,d433b392c9ecf17e3e63145cd1b590b3,validacao
data/flowers/0085.png,flowers,58940c1c0a940af8f92212f752f96d70,treino
data/flowers/0086.png,flowers,38d47df68bd3112bacbcf7107c7b2915,treino
data/flowers/0087.png,flowers,8de5d03d133ca2bf6dccc0d1cc7ce3e6,teste
data/flowers/0088.png,flowers,72122e2fc451354adc2b0c3e5e4922ab,treino
data/flowers/0089.png,flowers,dc94201ebb3e51348a9584704d6c2334,treino
data/flowers/0090.png,flowers,d578ba6a19310d93ca6b61732b35b1ed,treino
data/flowers/0091.png,flowers,a67212855ca3f53207069cb5942bb9f5,treino
data/flowers/0092.png,flowers,5d073e55780553555bf1a6149d67ba79,teste
data/flowers/0093.png,flowers,9f7f812fed018c2b94352989fd49ee38,teste
data/flowers/0094.png,flowers,4b83f7a339a92390e1147454f9944ed8,treino
data/flowers/0095.png,flowers,9914837140dea16dcaa32d9a0d5ab880,validacao
data/flowers/0096.png,flowers,b615245b7e13557e3ee9937750e44f42,teste
data/flowers/0097.png,flowers,d45693c8233d89d79f13fe4a296fb0d8,teste
data/flowers/0098.png,flowers,6b4bbd200e210d1f4aafc5b6d5d18087,treino
data/flowers/0099.png,flowers,074e7c205092e1db9d5947e3bba43eaf,treino
data/flowers/0100.png,flowers,db017154f5aca9bdec122535d4c194f8,treino
data/flowers/0101.png,flowers,30e769651ae0f1ad9f89af23c18e335e,treino
data/flowers/0102.png,flowers,5b5af259baac38ee2f59b5ffa0c8027a,treino
data/flowers/0103.png,flowers,59562125c62686aca2984a8eed29d657,teste
data/flowers/0104.png,flowers,fe795efadfb764d13110738e9b954ac2,treino
data/flowers/0105.png,flowers,9e54b2acc1b6a17a60cbc2b27c785c87,treino
data/flowers/0106.png,flowers,74f40b71763ae9c76e9d65f9f674d6c6,treino
data/flowers/0107.png,flowers,8257aa93329151d425c9b5d8f69023f8,validacao
data/flowers/0108.png,flowers,6334666b5d9fa4fa9947d80e2fe81d31,treino
data/flowers/0109.png,flowers,db2bb1ab0b428ec725a7720b0bf91bcf,treino
data/flowers/0110.png,flowers,d7b225065f50fa2f56fc15390bcbe75c,teste
data/flowers/0111.png,flowers,02f26fd33af820e2f8f3bac3ff081f0b,treino
data/flowers/0112.png,flowers,3fbf6e489b496cb76fc7e17117b8c1c7,treino
data/flowers/0113.png,flowers,3b2530de52bf1433e4719280e5685039,treino
data/flowers/0114.png,flowers,818beb1d81e071fca5f19e61dfb38b47,treino
data/flowers/0115.png,flowers,b3f946b052374b189c067ab726b3c43c,treino
data/flowers/0116.png,flowers,0483b7a3245d69ff56be8a6b27e5573e,validacao
data/flowers/0117.png,flowers,e218b74a2099148fa364fb73bed9b407,treino
data/flowers/0118.png,flowers,e73e4fb9a6d5e36d7fabbb646dbb4051,treino
data/flowers/0119.png,flowers,477f352a15ee4c002e204c185d60e6f9,treino
data/flowers/0120.png,flowers,4835a4d17ea1b37767f8278bb25f666e,treino
data/flowers/0121.png,flowers,f6fa0342e238bde9409d0f1e3347c9f1,treino
data/flowers/0122.png,flowers,9e13c13b60c1d8f18435e2e1c49d7fe4,validacao
data/flowers/0123.png,flowers,9e44aae57937faec1397084a0122f9ef,validacao
data/flowers/0124.png,flowers,7852192bf4c771f62dd73c7f5e9ae49b,teste
data/flowers/0125.png,flowers,1be715efe50bb287916a59a3640168f9,treino
data/flowers/0126.png,flowers,1ae6c69aa4575e0b94841c1d46c2f169,validacao
data/flowers/0127.png,flowers,f888359d5e726abd5752da5ad3eb70e4,treino
data/flowers/0128.png,flowers,6d217c01d0d8d3a1fc5b837cd0607c71,treino
data/flowers/0129.png,flowers,ea57700aa2bac03426c8fccb0a77797d,validacao
data/flowers/0130.png,flowers,ec98f5807e5733147072b75db54dbd65,treino
data/flowers/0131.png,flowers,9c61eacdb855d63ae7518df726a17f2b,teste
data/flowers/0132.png,flowers,addf3a2e9680e62b332ed862afa080bf,treino
data/flowers/0133.png,flowers,4b7f84907a115cf6d1c7a84344b39ec8,treino
data/flowers/0134.png,flowers,4a43615eb1e2824a23502754b7bb0fdf,treino
data/flowers/0135.png,flowers,d53cf0c20397b909b50a26eba8b9ce22,teste
data/flowers/0136.png,flowers,4dfadc8f63b24b753e2ee593608d4154,treino
data/flowers/0137.png,flowers,46cfec1c515b3084bcba81f977d8be14,validacao
data/flowers/0138.png,flowers,b727e3713cfe08cbe5147602f3f36ba2,treino
data/flowers/0139.png,flowers,c6cc619b547b376cd3ebe52c864d5781,treino
data/flowers/0140.png,flowers,25aef1c5e2ec8eb7d4d400f1fb1144fe,treino
data/flowers/0141.png,flowers,d92392e27a023aa72f3dd56fcc6ed29f,treino
data/flowers/0142.png,flowers,b23fc02b30add5534985f2bdb381efb7,treino
data/flowers/0143.png,flowers,0f9eae1ecb00700d7689df0933fa212a,treino
data/flowers/0144.png,flowers,7402949fe464dfe7b4023105ae769813,treino
data/flowers/0145.png,flowers,8fad9d77ef64717ea51ae37b4a044a14,treino
data/flowers/0146.png,flowers,66d63a113dbb469beb2c26689cb8c5a4,treino
data/flowers/0147.png,flowers,bb8dff12f0ac20a1f721b2fc53a122ee,treino
data/flowers/0148.png,flowers,808186f027c36f744c906bfa5977cb86,treino
data/flowers/0149.png,flowers,b57bcfa553b66c6a204b1446241d6281,validacao
data/flowers/0150.png,flowers,da334874e671a9494ca042dc1be84ad4,treino
data/flowers/0151.png,flowers,b3bf26db4d9cc746df14516be41de5b9,treino
data/flowers/0152.png,flowers,f03c47ed8a0f943e765a88f8dcee137c,treino
data/flowers/0153.png,flowers,05939a42f06bc46aebafb5ae92aefaa4,validacao
data/flowers/0154.png,flowers,8110fb1d8bac3b26f48dfc46d48d4fc2,validacao
data/flowers/0155.png,flowers,1275bf1ba23390367b9a3cef31cb9731,treino
data/flowers/0156.png,flowers,e5eb2967699ca11cac4d4f8868a4fe09,treino
data/flowers/0157.png,flowers,5189de6eb70ba75e91a149b4d5e20272,teste
data/flowers/0158.png,flowers,b424d7eeacf6e204c1a7945709a2cec0,treino
data/flowers/0159.png,flowers,a4f76703888cafb6e62fd6975a9812d3,validacao
data/flowers/0160.png,flowers,381b5314e853d69fe8bb846556d985e4,treino
data/flowers/0161.png,flowers,1a44e354c52a69a17ba3b922ee4082c9,validacao
data/flowers/0162.png,flowers,5ac93d431c4503906c22858d8b7bd2c7,teste
data/flowers/0163.png,flowers,c0253796cdf18a436ff9c3882c9db71f,treino
data/flowers/0164.png,flowers,e2dbeff15d4a29d4753445054a1339b0,treino
data/flowers/0165.png,flowers,772794a23e5f81982751550b159cd375,treino
data/flowers/0166.png,flowers,42bea47a6e78b627e3181386ff657374,treino
data/flowers/0167.png,flowers,1467ad80fc24197595c9cfca90d7cd29,treino
data/flowers/0168.png,flowers,a63cbcb0834870a1f4d2e9f4d8f4363c,treino
data/flowers/0169.png,flowers,e2654e6010dbe5f426890e5658454996,treino
data/flowers/0170.png,flowers,1329cf12263ed41855e5ac80d2160233,validacao
data/flowers/0171.png,flowers,498a1fde9732cce9724247250f5f342b,treino
data/flowers/0172.png,flowers,605a939145e7592737845f61a4d008f7,treino
data/flowers/0173.png,flowers,810c11523de2325882b3a7532a75bb8b,treino
data/flowers/0174.png,flowers,046439a2428c66006b408fd36800177a,validacao
data/flowers/0175.png,flowers,c278024fd01269900ee20f6d5a9efed1,validacao
data/flowers/0176.png,flowers,b22cfd3086557d10fb20bbd7613304b2,treino
data/flowers/0177.png,flowers,39e7199bbbc1c7c56428e4d038103c9c,validacao
data/flowers/0178.png,flowers,2dbd63b6d70c9bd1b90610bb34ece7cf,teste
data/flowers/0179.png,flowers,5a36e67d4340fc5d85e07793c568456e,treino
data/flowers/0180.png,flowers,0c1f2acce04501b5be834c4848581759,treino
data/flowers/0181.png,flowers,bdbb94df68e6e03f0633fa9e2380ce39,treino
data/flowers/0182.png,flowers,6cf48aa9c380917fefe96dd2257dd811,treino
data/flowers/0183.png,flowers,a736918ba297e874a469bcff2f4df65e,treino
data/flowers/0184.png,flowers,dc1cc84b182d18393a7e01cc1abb4016,treino
data/flowers/0185.png,flowers,12120059ca0a12e5268019f1fcfc41fd,treino
data/flowers/0186.png,flowers,be4a76a985ad4477560ff88c528f6db1,treino
data/flowers/0187.png,flowers,804744ba96a3d3459e5ac58e8513b50f,teste
data/flowers/0188.png,flowers,d5a7c8ccd2a85a0ffbdaa2145c3e0e5d,treino
data/flowers/0189.png,flowers,3a97ebf6adc28bdac983ebfd91b4330c,treino
data/flowers/0190.png,flowers,f29c691b3c459b97d764a8f7445fdab4,treino
data/flowers/0191.png,flowers,e9fe2e48af9864b4118ee016706a5505,teste
data/flowers/0192.png,flowers,a2c044d06af1d1e03ba8c4919c51be09,treino
data/flowers/0193.png,flowers,b631b1316278c5f640352e9f1466ad7a,treino
data/flowers/0194.png,flowers,25f6e055a15f2ac9e87c1eb04c6275ee,teste
data/flowers/0195.png,flowers,092df4cf5044adf84dc8cf0a13be375b,validacao
data/flowers/0196.png,flowers,d1992b3d8212c15cd3ac4c3a93026d4b,treino
data/flowers/0197.png,flowers,e44bd6769b4671591bece9fd66cf281c,treino
data/flowers/0198.png,flowers,c6a5e686ce3be90f802a19c4501ebaa5,treino
data/flowers/0199.png,flowers,10d080ff5f548337791d2ba79155eed0,validacao
data/flowers/0200.png,flowers,4565783dc1e8fb8792e738751de64069,treino
data/flowers/0201.png,flowers,bad5d43bba91a6fd533f6f4ab1fd4710,treino
data/flowers/0202.png,flowers,7926fb11aa285de67e58ac9bb5b3c493,teste
data/flowers/0203.png,flowers,480f4381581b87cb98689a9a0dff286d,treino
data/flowers/0204.png,flowers,569677a52f922fca5d48aa7047f9c820,teste
data/flowers/0205.png,flowers,f003d80455a5669d595d140b328184f7,treino
data/flowers/0206.png,flowers,8bfa132e01b3b0d25e098eedd3d751fd,teste
data/flowers/0207.png,flowers,1931a09b6d94e25c2fe907e33108a49f,treino
data/flowers/0208.png,flowers,d483a1c744d668e01ca4940e460ae2b0,validacao
data/flowers/0209.png,flowers,cf05bcdaae068a09c8aa0e32566bbf77,teste
data/flowers/0210.png,flowers,471fef704701b3f6ea7d7ad87827506c,treino
data/horses/horse-1.jpg,horses,0512943b27bb0f38f6e59359c65d5202,treino
data/horses/horse-10.jpg,horses,5a5a4d87995ba4ade6fb2b43c646e0ea,treino
data/horses/horse-100.jpg,horses,88457799974e38a8e2d6886d2063c089,validacao
data/horses/horse-101.jpg,horses,090e466ca59cfeabff9325750f555798,treino
data/horses/horse-102.jpg,horses,b50f5c3960bab0336af9d170704b26b7,treino
data/horses/horse-103.jpg,horses,718130d65211a6776519132e30d20304,treino
data/horses/horse-104.jpg,horses,8c4af04689de320e04a0114d1b040ee3,teste
data/horses/horse-105.jpg,horses,67c7171c5a850b15040e9893fd41cdfa,validacao
data/horses/horse-106.jpg,horses,4cfc932001b3975469081b58e343fba4,treino
data/horses/horse-107.jpg,horses,4ec7d968d8043f8d3b545aac137d0d60,teste
data/horses/horse-108.jpg,horses,1dd888e7ef3f66be4b486c6845cfafcf,treino
data/horses/horse-109.jpg,horses,c0291f9d0d35ff6e9d084696a959a3a5,treino
data/horses/horse-11.jpg,horses,daf5afeed7de2ad6f01ad21db1a792c6,treino
data/horses/horse-110.jpg,horses,6f7bf6dbab95911cd14a943b4174f9da,teste
data/horses/horse-111.jpg,horses,e095bdf924d98c6e412fe95110c9288b,treino
data/horses/horse-112.jpg,horses,22665ced867a617330e11c8086be92d5,teste
data/horses/horse-113.jpg,horses,a97f72585100a3debb17c54b325920f4,teste
data/horses/horse-114.jpg,horses,6bb0d59c7bcbbeb51d7a56a6bc9259fd,treino
data/horses/horse-115.jpg,horses,0c35e370d5f22c7bedb2cc1660ed0a59,validacao
data/horses/horse-116.jpg,horses,fdf5e4f84d6f0adc659050f7a1063c95,treino
data/horses/horse-118.jpg,horses,ebb64e33906a2a867cb368938739a4ec,treino
data/horses/horse-119.jpg,horses,20b11dc55ebaf33e3a6838c708e898cb,treino
data/horses/horse-12.jpg,horses,eec6f5c3c703afdccfdf572b2aa62021,treino
data/horses/horse-120.jpg,horses,c532f625024e2c1955b9d2d31783a674,validacao
data/horses/horse-121.jpg,horses,52b77286baa817fdbabfb62de9359401,treino
data/horses/horse-122.jpg,horses,d32bc158b6dd75c841a559d5bbabc4e5,teste
data/horses/horse-124.jpg,horses,7f10638682aebee6d8d2656d1c04b82e,treino
data/horses/horse-125.jpg,horses,302c32e996c26b5a39460797787d2c4d,treino
data/horses/horse-126.jpg,horses,bd2c2c7fd1d14ec9acbcf06ea6f4329d,treino
data/horses/horse-127.jpg,horses,bf591c1cbd45efba542bf2e96f2594f9,treino
data/horses/horse-128.jpg,horses,f42350a4d55640d0b02759c46d98ff0a,treino
data/horses/horse-129.jpg,horses,dd8fb2a04b9f9d6e888ea9108d97c776,teste
data/horses/horse-13.jpg,horses,9b7c8a3df20aee121df3050fa446d7b2,validacao
data/horses/horse-130.jpg,horses,772a9f8ccf8c7df41a7902b9ec662cba,treino
data/horses/horse-131.jpg,horses,8f5f2d9f75d060359bd482163a81cc67,validacao
data/horses/horse-132.jpg,horses,6cacd67cfbf2d82dfebf255802018bdb,treino
data/horses/horse-133.jpg,horses,7b413952781e05685daca5bae5b18b40,treino
data/horses/horse-134.jpg,horses,b793c62f7c9857812fd4e5eaf67d0e59,treino
data/horses/horse-135.jpg,horses,9996fcf3dfd27d772a0c0b7a6de5bc04,validacao
data/horses/horse-136.jpg,horses,0caed1c0cc3e278330c70e8fd8bb6308,validacao
data/horses/horse-137.jpg,horses,18ca673f107307c1a15a2852ca0f217d,treino
data/horses/horse-138.jpg,horses,22e2aecf6367676ab7a220117b0f21fe,validacao
data/horses/horse-14.jpg,horses,766fa20ba2d2d4060171a3367250e1e3,treino
data/horses/horse-140.jpg,horses,8bac530533652e6b58e085bb6bbb8d87,treino
data/horses/horse-142.jpg,horses,edc5095c83865c05c0a5dcb3b0643387,teste
data/horses/horse-143.jpg,horses,8c073035065e03527ab3a895a3495640,treino
data/horses/horse-144.jpg,horses,92410b3802a75a43341d34549c053726,teste
data/horses/horse-145.jpg,horses,8379f3d5310fa32fb546598ba106760a,treino
data/horses/horse-146.jpg,horses,c815d4fdbe66a73251d49bb2d17cf012,treino
data/horses/horse-147.jpg,horses,d906ee16fb5af404c6126fee278cba09,treino
data/horses/horse-149.jpg,horses,4425290d7242b2eccd7a21ca94a4c31a,treino
data/horses/horse-15.jpg,horses,92d0670b2abfc58927428b7c0a9e8d7d,treino
data/horses/horse-150.jpg,horses,504bf7f6deea426f16b37d6779966bd3,treino
data/horses/horse-151.jpg,horses,faed913bbae2d0081c95c1c4865518fa,treino
data/horses/horse-152.jpg,horses,439d7534941400732376efe9bdf6b63d,treino
data/horses/horse-154.jpg,horses,4b714dc24da9c36f7e7274d4d6f948bd,validacao
data/horses/horse-155.jpg,horses,6d1311a78ae38f02ea76bc2556eef1a0,treino
data/horses/horse-157.jpg,horses,4c3bb7bcbeb422d02031a6ce7b8d053c,treino
data/horses/horse-158.jpg,horses,dc148c6542fbb2954d0bccd003d601c6,teste
data/horses/horse-159.jpg,horses,743e78d9345719ed4f56ba98b5910565,treino
data/horses/horse-16.jpg,horses,24109ffba707939a1d6410f97298c981,treino
data/horses/horse-160.jpg,horses,1ed4ea02f613d191bdfb5a6274a12f02,validacao
data/horses/horse-161.jpg,horses,8a7fdcca290cfba7e70801e531797b3a,validacao
data/horses/horse-162.jpg,horses,118194ca192015e5c480d554d6cee550,treino
data/horses/horse-163.jpg,horses,d6348aef95f33e1e96501ea4ffd7b45a,treino
data/horses/horse-164.jpg,horses,acb327473d55dc34ca42149a95190b7e,treino
data/horses/horse-165.jpg,horses,da22940b5033f3a3eb6d5b399a7a4e4f,treino
data/horses/horse-166.jpg,horses,abf7504b91733ceb03e48ace18d53341,treino
data/horses/horse-167.jpg,horses,19b7d95e9f4138f09f44dc4e932dd762,treino
data/horses/horse-168.jpg,horses,a6f6fa82c0c67140ed3604a64f4c5d0f,treino
data/horses/horse-169.jpg,horses,6bba77e6d0721a461bd9ae99a97bb3b1,treino
data/horses/horse-17.jpg,horses,2d3454febc8291bc3add3a62b3fb1f1a,teste
data/horses/horse-170.jpg,horses,09cad927484144a6e770a8d3b83a697a,treino
data/horses/horse-171.jpg,horses,db15d3e4031e8bccaacdead5a1c92d59,treino
data/horses/horse-172.jpg,horses,94366a8310f8c3c8271968c571c6ce72,treino
data/horses/horse-174.jpg,horses,67c22e5f8625ccc11679aa83d95672e2,treino
data/horses/horse-175.jpg,horses,40deeb2a1f4037ec0f023e87f925c5bb,treino
data/horses/horse-176.jpg,horses,d4b0ac8ede98373b438bbfe7c6cca9b0,validacao
data/horses/horse-177.jpg,horses,f454f63ca950a58f4a8f7324525f932b,teste
data/horses/horse-179.jpg,horses,c30d1714d19c818a7857219382d95f7a,treino
data/horses/horse-18.jpg,horses,35840e0d64bb8ada4750be04ae406eff,treino
data/horses/horse-180.jpg,horses,e5bc9ad5bb3d9a601f1241869176e434,teste
data/horses/horse-181.jpg,horses,fa9f6bf867bbf1be5dcb7f57e91a13ec,treino
data/horses/horse-182.jpg,horses,8e8fe10d0de78208944cc083b59ca92d,treino
data/horses/horse-183.jpg,horses,0e38ac047f0a88554e98af6ea8127f6e,treino
data/horses/horse-184.jpg,horses,10decd8a702eb06c615d9850b04d8d94,teste
data/horses/horse-185.jpg,horses,25b929149bc372c3cf29603e0aac060c,treino
data/horses/horse-186.jpg,horses,db88c4e7d7e5b121a1d3852564b33e2b,treino
data/horses/horse-187.jpg,horses,ec173b0a0327ce79f2b267e6535fe9c1,validacao
data/horses/horse-189.jpg,horses,aa56c93dfec3dc6e96fbfd4f715f85cc,treino
data/horses/horse-19.jpg,horses,44380a882557ec671e6c58122324256e,treino
data/horses/horse-190.jpg,horses,b39f31d4edd19ead1346a7d970516bee,treino
data/horses/horse-191.jpg,horses,ea6c369408ac750211f2c97ce8c5f9a3,validacao
data/horses/horse-192.jpg,horses,9c2400d0ec9ec4838aabd5d6893b35d1,treino
data/horses/horse-193.jpg,horses,d0e506706daa5e75708648efb1a30947,treino
data/horses/horse-194.jpg,horses,5480d55344c59161cc2c81acab9d8fa5,treino
data/horses/horse-195.jpg,horses,3fb0df2305129c627812999e4f9bfdc5,validacao
data/horses/horse-196.jpg,horses,afd1f0c5e06d69715cf3304f1c92f421,teste
data/horses/horse-197.jpg,horses,caa3bc311d6b98beacbf0946e4a898d7,validacao
data/horses/horse-198.jpg,horses,6a5653db79236e39220b024f8d724cb1,validacao
data/horses/horse-2.jpg,horses,eebea6e84210235c4dea8ebb486027a5,treino
data/horses/horse-20.jpg,horses,ca1cfd159cd2dbee432a4bcdda903d94,treino
data/horses/horse-200.jpg,horses,560a1993fbcc8d498acbdbefd2502164,teste
data/horses/horse-201.jpg,horses,c4224afa0ba5c120b156ebc3d824f1ba,treino
data/horses/horse-202.jpg,horses,3c0610ca58bf24911b409ce9b72f352b,treino
data/horses/horse-21.jpg,horses,bb1785a37284eec019a5921fefb0ff79,treino
data/horses/horse-22.jpg,horses,bc5e5713e4370d50433323bbaa46ae81,treino
data/horses/horse-23.jpg,horses,8e969ba7436e2ef789a97306a575dce1,teste
data/horses/horse-24.jpg,horses,2318a388e7822ddc7dc69707ad025051,validacao
data/horses/horse-25.jpg,horses,cf02b0cf69d88054eae553558d62feef,treino
data/horses/horse-28.jpg,horses,217cd9c3652b1bd5c75faef37a96cbb2,treino
data/horses/horse-29.jpg,horses,c7befcf2b4a8d0fb3c7b96265bb908c8,treino
data/horses/horse-3.jpg,horses,b0bda83a8859d05eda20ba23f1705b7a,validacao
data/horses/horse-30.jpg,horses,b518c5934e37f90391260e0d334546ca,treino
data/horses/horse-31.jpg,horses,97e357aa772caef407cf33b79b87ba49,teste
data/horses/horse-32.jpg,horses,630238871096943eb6bd0186d37bea1f,teste
data/horses/horse-33.jpg,horses,d74f4ffe085da2380055f7147eb62e79,teste
data/horses/horse-34.jpg,horses,e5baaa8ae0166d683c1989e58fd56378,treino
data/horses/horse-36.jpg,horses,c28fbe38fb632eeee64f4e9dac9ae035,treino
data/horses/horse-37.jpg,horses,30d0a73f4dfc7de3b997c68e6674f323,treino
data/horses/horse-38.jpg,horses,a8dc0b21fb5dd32138430cba866f8ab6,treino
data/horses/horse-4.jpg,horses,68e86ed5db48ebcff27f10a95430baf8,treino
data/horses/horse-40.jpg,horses,969084486bd231b71f22b5b883113592,treino
data/horses/horse-41.jpg,horses,4bb5cf38776990b6236e61df75e97767,treino
data/horses/horse-43.jpg,horses,ca66afa19b897890777b7c5a5d012f00,treino
data/horses/horse-44.jpg,horses,26ee6c4c5d1e96f6494f10ce90c0e976,validacao
data/horses/horse-46.jpg,horses,459d050054bab94f9a7be9cbad0557ec,treino
data/horses/horse-47.jpg,horses,bdc549332cd88025740d13bdec8b51a7,treino
data/horses/horse-48.jpg,horses,92c221837fdf3a7d2fcdaa8445dd053d,treino
data/horses/horse-49.jpg,horses,4d0c937ee56bb97afb993f4631e87f16,validacao
data/horses/horse-5.jpg,horses,c0802231d64a6f944f03db20101258f0,treino
data/horses/horse-50.jpg,horses,65469b42c71ab2a2feb1e71c5f91515c,treino
data/horses/horse-51.jpg,horses,263290b4184a5819ae2e5e5af5ad0cd6,treino
data/horses/horse-53.jpg,horses,3149f2b3dd2acdf1bf4b4cf04b60f7ac,validacao
data/horses/horse-54.jpg,horses,01c690aa0beaede5b3ebbef0ce940c25,teste
data/horses/horse-55.jpg,horses,874714b480d3e23d71319dacb401f757,treino
data/horses/horse-56.jpg,horses,4ea8106d04374c0636addffafe850a99,teste
data/horses/horse-57.jpg,horses,ae145cb9933f844f79332c20b59bf1cb,treino
data/horses/horse-58.jpg,horses,e25cf45733099778da16f77cf5c64648,treino
data/horses/horse-59.jpg,horses,4ccb2d249a085f036963e058f548dcc6,treino
data/horses/horse-6.jpg,horses,8bf26058de5c9893e64cf624f5f99034,treino
data/horses/horse-60.jpg,horses,742568a0896535180fd508ae04f749ac,treino
data/horses/horse-61.jpg,horses,43c556b679b9b9b6952ae7ec706a4e00,treino
data/horses/horse-62.jpg,horses,6360ad7050d802e4ecd46ca0bcbaa6a9,treino
data/horses/horse-63.jpg,horses,fb9dbafdc62da00620b39a9fb9715b2a,teste
data/horses/horse-64.jpg,horses,6e0d7eaee244a80b223ac57ef8852ba5,teste
data/horses/horse-66.jpg,horses,17a593fa50832894dbe256ff5072c6e2,treino
data/horses/horse-67.jpg,horses,a1695bd5e93f265a3ba4af5b956ce8ca,treino
data/horses/horse-68.jpg,horses,1082458dcea1427f3172ac8d4ab6615e,treino
data/horses/horse-69.jpg,horses,b50b3d5d8e76bff4a23902eec78dfda5,treino
data/horses/horse-7.jpg,horses,0f3d4f041f294df1f4c83033184f728d,teste
data/horses/horse-70.jpg,horses,d5dd53a6edd0b7582be4e390cc0a1727,teste
data/horses/horse-71.jpg,horses,9c5a9deeab07c7e4ff222c22979aedd5,treino
data/horses/horse-72.jpg,horses,5427498626f24a21d2978cecd8204a66,treino
data/horses/horse-73.jpg,horses,41fcf872ae81fe1c63caa29a584cd7cd,treino
data/horses/horse-74.jpg,horses,ef8aa29811c776f56e7ad4f890d374b5,validacao
data/horses/horse-75.jpg,horses,cc9cc96291b15901f818fb2a2e358e48,treino
data/horses/horse-76.jpg,horses,431fbb66647181aaaf2371188fa0dcce,treino
data/horses/horse-77.jpg,horses,6cef644b910293295be103edb49354dd,validacao
data/horses/horse-78.jpg,horses,6168068dd80342a4ebabfa2f49b946c2,treino
data/horses/horse-8.jpg,horses,47ab1eac2d26f3352fa8404b28499e17,treino
data/horses/horse-80.jpg,horses,8a850df9fb891f1d32adeaace7918e1c,treino
data/horses/horse-81.jpg,horses,f628fa6ec65e09ea7c9eacaf7c1bcbe1,treino
data/horses/horse-82.jpg,horses,eb851829c24022c1c3840412c20ed968,treino
data/horses/horse-85.jpg,horses,a0635f5ab76b306afb6e853bfe80a2f4,validacao
data/horses/horse-86.jpg,horses,9d4892c386fdd381f902cf4bf01d1f6d,treino
data/horses/horse-87.jpg,horses,2cfa40b4102ce75224575621f21e810e,treino
data/horses/horse-88.jpg,horses,65a24608bb308453f5c9fe45712a78de,treino
data/horses/horse-89.jpg,horses,8e1fb2c10a06a9dd21c2ea2df333d798,teste
data/horses/horse-90.jpg,horses,38d4be4be86c04bd893fed937176d3bc,treino
data/horses/horse-91.jpg,horses,881954cda78defb4ddb45e0ef4528eb9,treino
data/horses/horse-93.jpg,horses,76afa6dd6b709f6a9ffc688d21fdeaec,treino
data/horses/horse-94.jpg,horses,8986187927c4679c19913bbae4f6d82a,treino
data/horses/horse-95.jpg,horses,f311331a2b8608ec00947822c50b9579,treino
data/horses/horse-96.jpg,horses,e4e93309976b38880d1e22be3a7ff292,treino
data/horses/horse-97.jpg,horses,53bc5afa566432c9c35ee8e7a799b45c,validacao
data/horses/horse-98.jpg,horses,64f617fca20daa7253b243edc9adc2c1,treino
data/horses/horse-99.jpg,horses,e75d7daf09f7ee30f95638f840c5e1a1,treino
data/human/rider-1.jpg,human,f7f66abf35ac26a0836f3020e13099b2,treino
data/human/rider-10.jpg,human,59934011645245cf09073c6f0987bd7a,treino
data/human/rider-100.jpg,human,e6321885e24c5a94ad6a32548b22513a,treino
data/human/rider-101.jpg,human,e7847456f0195c57382bc2b8b3bb26a1,treino
data/human/rider-102.jpg,human,d4d8d1d7b56e6cd879a8ee625fb33b3c,treino
data/human/rider-103.jpg,human,83c2c60ccb405078996fcf32ad7842d6,teste
data/human/rider-104.jpg,human,b39629b6e1d6154aac02343cc7ec91f5,teste
data/human/rider-105.jpg,human,17abc6d889462c4acb73588ce128a26d,treino
data/human/rider-106.jpg,human,dc7e5cd3c2ad30fe8928e9bcf31cf6a9,treino
data/human/rider-107.jpg,human,52782801fb43850a0e041368f14576fe,treino
data/human/rider-108.jpg,human,8904d799d408191ba71662cb31c0bf64,treino
data/human/rider-11.jpg,human,2cfa63cb33c2c075ac491199e0e665ad,validacao
data/human/rider-110.jpg,human,865a8f9534a9eb67a2262572be6b5163,teste
data/human/rider-111.jpg,human,102f7e0b694650e63523d26278c1f8af,validacao
data/human/rider-112.jpg,human,ecdeb3a2b2b0f684c88a495f04489e70,treino
data/human/rider-113.jpg,human,05d4bfc9f0bfa4e8a0924c2574376343,treino
data/human/rider-114.jpg,human,1272242be8d98c87921c5df556dd541b,treino
data/human/rider-115.jpg,human,eb734bb2c8908b4ddf1f0f01b7dd0def,treino
data/human/rider-116.jpg,human,ac49c5459639441608f517303220988b,treino
data/human/rider-117.jpg,human,4f98b4adcc8df16095fdec6310dbbcbd,treino
data/human/rider-118.jpg,human,3c67e421105f0663bc9d7c492ecbfb11,treino
data/human/rider-119.jpg,human,73ebdd7f77d2d6e529e961395fabb26f,treino
data/human/rider-12.jpg,human,a56013640adee18b396e8d2bb1439b6a,teste
data/human/rider-120.jpg,human,56fefdb0fa95c088ae82ac05c5f968a0,treino
data/human/rider-121.jpg,human,f8161b51321ad3d850777373cbc8af56,validacao
data/human/rider-122.jpg,human,da26d1ac4931cff0f6d728a939759185,treino
data/human/rider-123.jpg,human,413949671791e42f79f8e838c88421a3,treino
data/human/rider-124.jpg,human,d6aa5aa4639bf6c1ce8b1649f5e706e8,treino
data/human/rider-125.jpg,human,ed85d3b044a0409afe918907b719f7de,validacao
data/human/rider-126.jpg,human,775eff8878e2ac66560211c7bc95dc02,treino
data/human/rider-128.jpg,human,c0d65443a96eca99814d0f5de93ef808,teste
data/human/rider-129.jpg,human,d3476aaa838af14c5662245c4657d22f,treino
data/human/rider-13.jpg,human,8461cdcbe3a6a315d0d22e420cfcd271,teste
data/human/rider-130.jpg,human,9746b42f399bb8ecb12a7e7662cfe861,treino
data/human/rider-132.jpg,human,f764a7793d318863b88182fceb2950b4,treino
data/human/rider-133.jpg,human,00bda53454ce1b5eacd807c1cba225cd,treino
data/human/rider-134.jpg,human,606d2dca1fc03d1e2e15f76d8de800c6,treino
data/human/rider-135.jpg,human,59a150ca3cb25f2e8e05c5529c1f4497,treino
data/human/rider-136.jpg,human,827651afcdeee9a7dcfbab9c2c8866eb,treino
data/human/rider-137.jpg,human,fde09ea48f6be8de60f8e73245d21162,teste
data/human/rider-138.jpg,human,75b39586419943642969ab74fd672891,validacao
data/human/rider-139.jpg,human,53ec31c774d91da5a913da1f1dd8f4f4,treino
data/human/rider-14.jpg,human,e1ce8a77e4f816c5a9335f8e9f78509e,treino
data/human/rider-140.jpg,human,3c6ded3ec455e2474c44dafba989399e,validacao
data/human/rider-141.jpg,human,5701f913044a586ebfd8259cb8bed2ef,teste
data/human/rider-142.jpg,human,e6e93a23495b2bcd8fdeaa7642f5c394,validacao
data/human/rider-143.jpg,human,ad4ebe4dfee14b2fc4892634f508ded4,validacao
data/human/rider-144.jpg,human,3cb42b90243996b033547817a80943aa,teste
data/human/rider-146.jpg,human,d2a7500c3c77e50d18beff25aa49df24,treino
data/human/rider-148.jpg,human,27a1c603d32a2a41775a6242d1b3d3e1,treino
data/human/rider-149.jpg,human,1d536ba58850ce4cf197c5c11204ebd7,treino
data/human/rider-15.jpg,human,c875e4ee126b25d8210801ed48c57b1b,treino
data/human/rider-150.jpg,human,0b75a97c533003564aebd4d2c47203ad,treino
data/human/rider-151.jpg,human,d1db303fc4e5c3573a6961870a69e3ea,treino
data/human/rider-152.jpg,human,9d0a7707a79092a5d94f0e9b7ec86da8,treino
data/human/rider-153.jpg,human,642d3c837fe7ec876b3aefa26fd33517,treino
data/human/rider-154.jpg,human,a1f5bbb504109f149c81a1646dfbed49,validacao
data/human/rider-155.jpg,human,a79d63b67acc677c76b8c77fdaa39902,teste
data/human/rider-156.jpg,human,c52abac1ce1ab7c8f9dafef99abdd918,teste
data/human/rider-157.jpg,human,4cd6e34c24272d62acf321e4d08e8a56,treino
data/human/rider-158.jpg,human,d5a81265d2c5f6120160841fa92b9ace,validacao
data/human/rider-159.jpg,human,7ecb8cfefdc5c20b9b9e3dbc7b57a1b1,treino
data/human/rider-16.jpg,human,a2e223ae336b8d27d5c987269160b53b,treino
data/human/rider-160.jpg,human,02914a7edecee907b690053d86cb50fd,treino
data/human/rider-161.jpg,human,23f070b7aebe73e42a31403d2778a646,treino
data/human/rider-162.jpg,human,9084cb71c44f90d12344912e68b1cc43,validacao
data/human/rider-163.jpg,human,34611f3ed80878823f1fef68230c4b47,treino
data/human/rider-164.jpg,human,d3ced854037549009238f8d509714955,treino
data/human/rider-165.jpg,human,12aea7dc80c809e019337a78b9c5f635,treino
data/human/rider-166.jpg,human,c808afc177cde8418ec02c622e1850e2,treino
data/human/rider-167.jpg,human,d560f3bbedc28536b95ca6f708a2ad9f,treino
data/human/rider-168.jpg,human,f28d5760b2263eaf2ecf3f31e76cc196,treino
data/human/rider-169.jpg,human,c7387cf534d76b113008f4ad1a7c0826,treino
data/human/rider-17.jpg,human,e9a0db2f10d3925ea23178f705d24159,treino
data/human/rider-170.jpg,human,d6ebac3f8dc9b8cedc112a08eaf5c583,treino
data/human/rider-171.jpg,human,27bfcfc8c4cb30c18244ad9a5f841410,treino
data/human/rider-172.jpg,human,dfb0b6be893e9e349c72d74601bad163,validacao
data/human/rider-173.jpg,human,1110df57a763d8a9a7fe052e577ea873,treino
data/human/rider-174.jpg,human,81e7a64671b46158bda224411ae04b9e,treino
data/human/rider-175.jpg,human,52b210a6e3cf6d9eccfd34ea26d960cc,teste
data/human/rider-176.jpg,human,a0aa77c4044ac6d745d318a0771bcf80,treino
data/human/rider-177.jpg,human,11d1cf8ade00a74b5f80ac5ffde3afca,treino
data/human/rider-178.jpg,human,ce2abebd00f586cbdb3f6e7d2c695b77,treino
data/human/rider-179.jpg,human,ba7f8bca5e4d1aca2115c9115d61d4b3,treino
data/human/rider-18.jpg,human,63b3d80b6a1250ab6f086d7d73c95cd2,treino
data/human/rider-180.jpg,human,ca5ee2bc9f97a84bb5d518cfd4800f02,validacao
data/human/rider-181.jpg,human,c2a53f442a7deb240592869019af0f2e,treino
data/human/rider-182.jpg,human,ee3e0b44e8fa0e114d25e407eff2631b,treino
data/human/rider-183.jpg,human,4b2c596937588ca4c224ef34a9371483,teste
data/human/rider-184.jpg,human,d65e736fc29f8765bb50ef275c6cc0f7,treino
data/human/rider-185.jpg,human,ae92ad3a3adf404dbb50fd4cc608a3b2,teste
data/human/rider-186.jpg,human,293125e0a3e1f10c7d836e64f7279b8d,teste
data/human/rider-187.jpg,human,55eb2adbc676c99d05e58d5b5e538144,validacao
data/human/rider-188.jpg,human,8afdc5dba5ea0778658f1c55b39d8427,treino
data/human/rider-189.jpg,human,b493bab9ad184d9e8653618d3e5ff52c,validacao
data/human/rider-19.jpg,human,6789e43130f63f1f28340c0cb607b290,treino
data/human/rider-190.jpg,human,30076f69bb7b2e7aa47a1dfeb2350385,teste
data/human/rider-191.jpg,human,8e155c8aa8212997eec8dbc365ce0cad,teste
data/human/rider-192.jpg,human,b2c752cf834c0da757f39e51ec65fc5b,treino
data/human/rider-193.jpg,human,78083ef2b67400e627dd9ba2d931b82f,teste
data/human/rider-194.jpg,human,738f1a7cfab071f0f30073307ef09111,treino
data/human/rider-195.jpg,human,54eab4e3a6c80d5611fa2b3d1b73bfe5,treino
data/human/rider-197.jpg,human,f9041e47bd57948ac1d352d9dfbcdb48,treino
data/human/rider-198.jpg,human,0e133b93a6bc1c9554b3ab9bec0a92c5,treino
data/human/rider-199.jpg,human,25301bbd45580a071cd9bb0f7d27064f,treino
data/human/rider-2.jpg,human,96295cda84d9372a585c0f97a7783758,treino
data/human/rider-200.jpg,human,39ea248f17bed54ede40c6bed83fc26a,teste
data/human/rider-201.jpg,human,a75a7f3e3ef03f6fce4097b765ee7a71,treino
data/human/rider-23.jpg,human,4d8ddf07a5c438a9364e7e66b234640d,treino
data/human/rider-24.jpg,human,595b70be660a526b621f2e84d4497bbb,treino
data/human/rider-28.jpg,human,3b16ad6ae4f32b32b39819011bd6ef2d,validacao
data/human/rider-29.jpg,human,c7c13937851e7e134731b133e9444218,treino
data/human/rider-3.jpg,human,5b11a7bb0425a2438931098121a0766f,treino
data/human/rider-30.jpg,human,2607730bbcd3b43562aa0cafede39443,treino
data/human/rider-31.jpg,human,60894822693a827022a3f4beb5760218,treino
data/human/rider-32.jpg,human,c9142995ae34ba2fa530df3ec3f28dc7,treino
data/human/rider-33.jpg,human,3d051cf21633230105248b38b29d2c5d,treino
data/human/rider-34.jpg,human,ed63e4066650fc8e6f56c45898329c8f,treino
data/human/rider-36.jpg,human,cf3eb530d5d6984531da34b039166447,treino
data/human/rider-37.jpg,human,82a57633b199f5462d3d24538c60727e,treino
data/human/rider-38.jpg,human,d230eb323bf6fcadd66d633a498735cf,treino
data/human/rider-39.jpg,human,c1c90f2e1e777e8eb2959f8ba880132a,validacao
data/human/rider-4.jpg,human,a88f3feaca0f5b30ab1985d66221bcf0,treino
data/human/rider-41.jpg,human,cea8864217edce584ad3721f7a2b4af7,treino
data/human/rider-42.jpg,human,ad77e3da4f807de3f78585030bebed86,validacao
data/human/rider-43.jpg,human,b971479e042891bbaa8a75eabd4503e9,treino
data/human/rider-44.jpg,human,0b95d67ec868c3244dd15cfcc1d2a218,treino
data/human/rider-45.jpg,human,9047c3658360c53021133d1db0768532,treino
data/human/rider-46.jpg,human,27c2ae60afbf440cde5be0cceaf57966,treino
data/human/rider-47.jpg,human,e23477975eecea39b486926c559a4d3d,treino
data/human/rider-48.jpg,human,8deef2f3360c70b43bff3191750f66a4,validacao
data/human/rider-5.jpg,human,0256981f83dc294e97551e84c868c2c6,validacao
data/human/rider-51.jpg,human,2639fb4f0a89a6ae3a4b0313a188aa15,teste
data/human/rider-52.jpg,human,b7b429778dad6bbc878acfb63ac0126e,treino
data/human/rider-53.jpg,human,8c6498e636fd5b3a35d39d947c3120e4,treino
data/human/rider-55.jpg,human,a4a224f88624dd31eb13e29866c5bde8,treino
data/human/rider-56.jpg,human,1e65ca5866658d5e720752c42bf44490,treino
data/human/rider-57.jpg,human,4a63e70dc0f5bf37567584b82885cb08,teste
data/human/rider-58.jpg,human,f157340b2cbf498ec5742483e7f7452e,treino
data/human/rider-59.jpg,human,add79119f79dbe2ae5a57afe5f59d34c,treino
data/human/rider-6.jpg,human,491fcf0d390246222bd1a3f05483fe92,treino
data/human/rider-60.jpg,human,355c5821e417b5cc0707c560c4e0ba0e,treino
data/human/rider-61.jpg,human,afe7287bcf2cc8f467119c653e08ed99,treino
data/human/rider-62.jpg,human,acdd9db650e328751b1c5b099508fb87,validacao
data/human/rider-63.jpg,human,1747599df09bd190fbf9006a8a6805ef,treino
data/human/rider-64.jpg,human,bc7d25fac7774e20a15de7d8b3309ea5,treino
data/human/rider-65.jpg,human,525a76cd3cb03c3360768badffee9487,teste
data/human/rider-66.jpg,human,3219416dbd58f31731daeab3d1ac1374,treino
data/human/rider-68.jpg,human,05b53bffe9f1f0dbea04e432f17339d7,treino
data/human/rider-69.jpg,human,fbfd31f2651d4715e8b1adaa26d088da,treino
data/human/rider-70.jpg,human,005ee82ca4482046ed8bb978a5e590a9,treino
data/human/rider-72.jpg,human,ddfc6821fd575cdacde6d72a5340b9c9,treino
data/human/rider-73.jpg,human,f23ea0655fd3c2103eab3156c7c31645,validacao
data/human/rider-74.jpg,human,836095567c999941c4ef8a6e7b5964f0,validacao
data/human/rider-75.jpg,human,f258b9f02e6c49a553a731a8e589ca27,teste
data/human/rider-76.jpg,human,a5cf73080cfc4b2402d84423aafbd1d4,treino
data/human/rider-77.jpg,human,331af11cc7e4c90e0d77c6c935eb9a92,treino
data/human/rider-78.jpg,human,e0e63fc7d9a2de214a66f2013782a1b8,treino
data/human/rider-79.jpg,human,fc0f20c42742ee289e69a8d927bd0359,treino
data/human/rider-8.jpg,human,6219d8ddf8b0c0de348410a91bb932b7,treino
data/human/rider-80.jpg,human,5b3872df1dc62efb85b031d017b62c1c,teste
data/human/rider-81.jpg,human,a768888001b02fa12a16155c3a6f62bd,treino
data/human/rider-82.jpg,human,b64d632849cf9ed8d4ad0e67e29b3ff7,treino
data/human/rider-83.jpg,human,ba6bccd19326b2fc74b6ae4e6575e6df,treino
data/human/rider-84.jpg,human,33b20acc3c523a24f756ddeb6d12f09d,treino
data/human/rider-85.jpg,human,017f4e78124ee8793e43c196e88a03df,teste
data/human/rider-86.jpg,human,7ae33623edfe7115d960ddff05c49a21,validacao
data/human/rider-88.jpg,human,deb267d8f8d5fd22f7213ef67f5ec16a,teste
data/human/rider-9.jpg,human,9e563ef4989ff39f9cdf209cd9eb3091,treino
data/human/rider-90.jpg,human,cd4d5d9f63838f1e82caa28f792cdcf5,treino
data/human/rider-91.jpg,human,e5f5ad9e2b1dd6e946ef079a7b4f17cd,validacao
data/human/rider-92.jpg,human,41aad0b4db632f52f375f019db9a43dc,validacao
data/human/rider-93.jpg,human,ce2bcac7ec7612f8b537d116c175666e,treino
data/human/rider-94.jpg,human,a13f1d28d282299b94282c39e03282ea,treino
data/human/rider-95.jpg,human,a249ba6831c2cbf0661cb3ded1896c17,treino
data/human/rider-97.jpg,human,9827c4c5988386332b80d6dbcbc1f0f0,treino
data/human/rider-99.jpg,human,3d4bde6f2fbb02d4f46cd46a768a9ec9,teste
