image_id,lesion_id,dx,split,split_original,idx_original
ISIC_0024306,HAM_0000550,melanocytic_Nevi,train,train,1960
ISIC_0024307,HAM_0003577,melanocytic_Nevi,validation,train,1961
ISIC_0024308,HAM_0001477,melanocytic_Nevi,train,train,1962
ISIC_0024309,HAM_0000484,melanocytic_Nevi,train,train,1963
ISIC_0024310,HAM_0003350,melanoma,train,train,8365
ISIC_0024311,HAM_0000981,melanocytic_Nevi,train,train,1964
ISIC_0024312,HAM_0001359,benign_keratosis-like_lesions,train,train,802
ISIC_0024313,HAM_0002869,melanoma,train,train,8366
ISIC_0024314,HAM_0002198,melanocytic_Nevi,train,train,1965
ISIC_0024315,HAM_0007538,melanoma,test,train,8367
ISIC_0024316,HAM_0002718,melanocytic_Nevi,train,train,1966
ISIC_0024317,HAM_0003951,melanocytic_Nevi,train,train,1967
ISIC_0024318,HAM_0002450,dermatofibroma,train,train,1850
ISIC_0024319,HAM_0003062,melanocytic_Nevi,train,train,1968
ISIC_0024320,HAM_0005039,melanocytic_Nevi,train,train,1969
ISIC_0024321,HAM_0003511,melanocytic_Nevi,train,train,1970
ISIC_0024322,HAM_0001538,melanocytic_Nevi,train,train,1971
ISIC_0024323,HAM_0002493,melanoma,train,train,8368
ISIC_0024324,HAM_0000351,benign_keratosis-like_lesions,test,train,803
ISIC_0024325,HAM_0002044,melanocytic_Nevi,train,train,1972
ISIC_0024326,HAM_0001812,melanocytic_Nevi,train,train,1973
ISIC_0024327,HAM_0005939,melanocytic_Nevi,train,train,1974
ISIC_0024328,HAM_0002701,melanocytic_Nevi,train,train,1975
ISIC_0024329,HAM_0002954,actinic_keratoses,train,train,0
ISIC_0024330,HAM_0006188,dermatofibroma,validation,train,1851
ISIC_0024331,HAM_0004662,basal_cell_carcinoma,train,train,315
ISIC_0024332,HAM_0002240,basal_cell_carcinoma,validation,train,316
ISIC_0024333,HAM_0007511,melanoma,train,train,8369
ISIC_0024334,HAM_0001472,melanocytic_Nevi,validation,train,1976
ISIC_0024335,HAM_0004431,melanocytic_Nevi,test,train,1977
ISIC_0024336,HAM_0006732,benign_keratosis-like_lesions,validation,train,804
ISIC_0024337,HAM_0005136,benign_keratosis-like_lesions,validation,train,805
ISIC_0024338,HAM_0002809,benign_keratosis-like_lesions,train,train,806
ISIC_0024339,HAM_0005781,melanocytic_Nevi,train,train,1978
ISIC_0024340,HAM_0001160,melanocytic_Nevi,test,train,1979
ISIC_0024341,HAM_0002951,melanocytic_Nevi,train,train,1980
ISIC_0024342,HAM_0001981,melanocytic_Nevi,train,train,1981
ISIC_0024343,HAM_0000150,melanocytic_Nevi,train,train,1982
ISIC_0024344,HAM_0000380,melanocytic_Nevi,test,train,1983
ISIC_0024345,HAM_0006872,basal_cell_carcinoma,test,train,317
ISIC_0024346,HAM_0003411,melanocytic_Nevi,train,train,1984
ISIC_0024347,HAM_0003121,melanocytic_Nevi,train,train,1985
ISIC_0024348,HAM_0002426,melanocytic_Nevi,train,train,1986
ISIC_0024349,HAM_0000025,melanocytic_Nevi,train,train,1987
ISIC_0024350,HAM_0006264,melanocytic_Nevi,train,train,1988
ISIC_0024351,HAM_0001349,melanoma,train,train,8370
ISIC_0024352,HAM_0004897,melanocytic_Nevi,train,train,1989
ISIC_0024353,HAM_0002847,melanocytic_Nevi,train,train,1990
ISIC_0024354,HAM_0004117,melanocytic_Nevi,test,train,1991
ISIC_0024355,HAM_0001525,melanocytic_Nevi,train,train,1992
ISIC_0024356,HAM_0000689,melanocytic_Nevi,train,train,1993
ISIC_0024357,HAM_0005676,melanocytic_Nevi,train,validation,517
ISIC_0024358,HAM_0000933,benign_keratosis-like_lesions,train,train,807
ISIC_0024359,HAM_0001112,melanocytic_Nevi,train,train,1994
ISIC_0024360,HAM_0005530,basal_cell_carcinoma,validation,train,318
ISIC_0024361,HAM_0005605,melanocytic_Nevi,train,train,1995
ISIC_0024362,HAM_0001758,melanocytic_Nevi,train,train,1996
ISIC_0024363,HAM_0004534,melanocytic_Nevi,test,train,1997
ISIC_0024364,HAM_0004535,melanocytic_Nevi,train,train,1998
ISIC_0024365,HAM_0001534,melanocytic_Nevi,train,train,1999
ISIC_0024366,HAM_0002300,melanocytic_Nevi,train,train,2000
ISIC_0024367,HAM_0001726,melanoma,train,train,8371
ISIC_0024368,HAM_0003465,melanocytic_Nevi,test,train,2001
ISIC_0024369,HAM_0004657,melanocytic_Nevi,train,train,2002
ISIC_0024370,HAM_0001780,vascular_lesions,train,train,9441
ISIC_0024371,HAM_0000806,benign_keratosis-like_lesions,train,test,110
ISIC_0024372,HAM_0005389,actinic_keratoses,train,train,1
ISIC_0024373,HAM_0003297,melanocytic_Nevi,validation,train,2003
ISIC_0024374,HAM_0005361,melanocytic_Nevi,validation,train,2004
ISIC_0024375,HAM_0005245,vascular_lesions,train,train,9442
ISIC_0024376,HAM_0000984,melanocytic_Nevi,train,train,2005
ISIC_0024377,HAM_0002088,melanocytic_Nevi,train,train,2006
ISIC_0024378,HAM_0001580,melanocytic_Nevi,train,train,2007
ISIC_0024379,HAM_0003772,melanocytic_Nevi,train,train,2008
ISIC_0024380,HAM_0002936,melanocytic_Nevi,train,train,2009
ISIC_0024381,HAM_0001057,benign_keratosis-like_lesions,train,train,808
ISIC_0024382,HAM_0004632,benign_keratosis-like_lesions,train,train,809
ISIC_0024383,HAM_0003668,benign_keratosis-like_lesions,validation,validation,208
ISIC_0024384,HAM_0001029,melanocytic_Nevi,test,train,2010
ISIC_0024385,HAM_0006164,melanocytic_Nevi,train,train,2011
ISIC_0024386,HAM_0005112,dermatofibroma,train,train,1852
ISIC_0024387,HAM_0004156,melanocytic_Nevi,validation,train,2012
ISIC_0024388,HAM_0002667,melanocytic_Nevi,train,train,2013
ISIC_0024389,HAM_0001760,melanocytic_Nevi,test,train,2014
ISIC_0024390,HAM_0003645,melanocytic_Nevi,validation,train,2015
ISIC_0024391,HAM_0002449,melanocytic_Nevi,train,train,2016
ISIC_0024392,HAM_0006311,melanocytic_Nevi,validation,train,2017
ISIC_0024393,HAM_0001432,melanocytic_Nevi,validation,train,2018
ISIC_0024394,HAM_0002547,melanocytic_Nevi,train,train,2019
ISIC_0024395,HAM_0000813,melanocytic_Nevi,train,train,2020
ISIC_0024396,HAM_0002450,dermatofibroma,train,train,1853
ISIC_0024397,HAM_0001501,melanocytic_Nevi,test,train,2021
ISIC_0024398,HAM_0001672,melanocytic_Nevi,validation,train,2022
ISIC_0024399,HAM_0004064,melanocytic_Nevi,train,train,2023
ISIC_0024400,HAM_0006751,melanoma,train,train,8372
ISIC_0024401,HAM_0002178,melanocytic_Nevi,train,train,2024
ISIC_0024402,HAM_0004542,vascular_lesions,train,train,9443
ISIC_0024403,HAM_0003680,basal_cell_carcinoma,train,train,319
ISIC_0024404,HAM_0005076,melanocytic_Nevi,train,train,2025
ISIC_0024405,HAM_0001060,melanocytic_Nevi,train,train,2026
ISIC_0024406,HAM_0007480,melanocytic_Nevi,train,train,2027
ISIC_0024407,HAM_0002775,melanocytic_Nevi,train,train,2028
ISIC_0024408,HAM_0004768,benign_keratosis-like_lesions,train,train,810
ISIC_0024409,HAM_0000835,benign_keratosis-like_lesions,train,train,811
ISIC_0024410,HAM_0007530,melanoma,train,train,8373
ISIC_0024411,HAM_0001390,basal_cell_carcinoma,train,train,320
ISIC_0024412,HAM_0003835,benign_keratosis-like_lesions,train,train,812
ISIC_0024413,HAM_0001110,melanocytic_Nevi,validation,train,2029
ISIC_0024414,HAM_0006226,melanocytic_Nevi,train,validation,524
ISIC_0024415,HAM_0005586,melanocytic_Nevi,train,train,2030
ISIC_0024416,HAM_0002172,melanocytic_Nevi,train,train,2031
ISIC_0024417,HAM_0003473,melanocytic_Nevi,train,train,2032
ISIC_0024418,HAM_0003380,actinic_keratoses,train,train,2
ISIC_0024419,HAM_0001792,melanocytic_Nevi,test,train,2033
ISIC_0024420,HAM_0006201,benign_keratosis-like_lesions,validation,train,813
ISIC_0024421,HAM_0001260,melanocytic_Nevi,validation,train,2034
ISIC_0024422,HAM_0001605,benign_keratosis-like_lesions,train,train,814
ISIC_0024423,HAM_0006485,melanocytic_Nevi,train,train,2035
ISIC_0024424,HAM_0006333,melanocytic_Nevi,train,test,274
ISIC_0024425,HAM_0006342,melanocytic_Nevi,train,train,2036
ISIC_0024426,HAM_0001597,benign_keratosis-like_lesions,train,train,815
ISIC_0024427,HAM_0003988,melanocytic_Nevi,train,train,2037
ISIC_0024428,HAM_0000923,melanocytic_Nevi,validation,train,2038
ISIC_0024429,HAM_0006272,melanocytic_Nevi,test,train,2039
ISIC_0024430,HAM_0007269,melanocytic_Nevi,train,validation,528
ISIC_0024431,HAM_0002134,basal_cell_carcinoma,test,train,321
ISIC_0024432,HAM_0002083,basal_cell_carcinoma,train,train,322
ISIC_0024433,HAM_0001675,melanocytic_Nevi,test,train,2040
ISIC_0024434,HAM_0006716,melanocytic_Nevi,train,train,2041
ISIC_0024435,HAM_0003317,benign_keratosis-like_lesions,train,train,816
ISIC_0024436,HAM_0005392,basal_cell_carcinoma,train,train,323
ISIC_0024437,HAM_0002566,melanocytic_Nevi,validation,train,2042
ISIC_0024438,HAM_0002251,melanocytic_Nevi,train,train,2043
ISIC_0024439,HAM_0005631,melanocytic_Nevi,train,train,2044
ISIC_0024440,HAM_0001879,melanocytic_Nevi,train,train,2045
ISIC_0024441,HAM_0007516,melanocytic_Nevi,train,train,2046
ISIC_0024442,HAM_0001439,melanocytic_Nevi,test,train,2047
ISIC_0024443,HAM_0002269,basal_cell_carcinoma,train,train,324
ISIC_0024444,HAM_0005543,melanocytic_Nevi,test,train,2048
ISIC_0024445,HAM_0000243,benign_keratosis-like_lesions,test,validation,210
ISIC_0024446,HAM_0001475,benign_keratosis-like_lesions,test,train,817
ISIC_0024447,HAM_0007429,melanocytic_Nevi,train,train,2049
ISIC_0024448,HAM_0005417,basal_cell_carcinoma,test,train,325
ISIC_0024449,HAM_0001950,melanoma,train,train,8374
ISIC_0024450,HAM_0005505,actinic_keratoses,train,train,3
ISIC_0024451,HAM_0003737,melanocytic_Nevi,validation,train,2050
ISIC_0024452,HAM_0005971,basal_cell_carcinoma,train,train,326
ISIC_0024453,HAM_0005514,benign_keratosis-like_lesions,train,train,818
ISIC_0024454,HAM_0005180,basal_cell_carcinoma,validation,train,327
ISIC_0024455,HAM_0006585,melanocytic_Nevi,test,train,2051
ISIC_0024456,HAM_0003612,melanocytic_Nevi,train,train,2052
ISIC_0024457,HAM_0006843,basal_cell_carcinoma,test,train,328
ISIC_0024458,HAM_0005590,melanocytic_Nevi,test,train,2053
ISIC_0024459,HAM_0005846,melanoma,train,validation,2179
ISIC_0024460,HAM_0007135,melanocytic_Nevi,train,train,2054
ISIC_0024461,HAM_0002313,basal_cell_carcinoma,train,train,329
ISIC_0024462,HAM_0006693,melanocytic_Nevi,test,train,2055
ISIC_0024463,HAM_0004568,actinic_keratoses,train,train,4
ISIC_0024464,HAM_0005604,melanocytic_Nevi,test,train,2056
ISIC_0024465,HAM_0006377,melanocytic_Nevi,train,train,2057
ISIC_0024466,HAM_0001891,melanocytic_Nevi,train,train,2058
ISIC_0024467,HAM_0002819,melanocytic_Nevi,validation,test,280
ISIC_0024468,HAM_0006301,actinic_keratoses,validation,train,5
ISIC_0024469,HAM_0001468,melanocytic_Nevi,train,train,2059
ISIC_0024470,HAM_0006220,actinic_keratoses,train,train,6
ISIC_0024471,HAM_0000299,benign_keratosis-like_lesions,test,train,819
ISIC_0024472,HAM_0001654,basal_cell_carcinoma,train,train,330
ISIC_0024473,HAM_0001414,melanocytic_Nevi,train,train,2060
ISIC_0024474,HAM_0002102,melanocytic_Nevi,test,train,2061
ISIC_0024475,HAM_0003873,vascular_lesions,train,train,9444
ISIC_0024476,HAM_0002007,melanocytic_Nevi,train,train,2062
ISIC_0024477,HAM_0000259,benign_keratosis-like_lesions,test,train,820
ISIC_0024478,HAM_0002682,melanocytic_Nevi,train,train,2063
ISIC_0024479,HAM_0006469,melanocytic_Nevi,train,train,2064
ISIC_0024480,HAM_0000866,melanocytic_Nevi,train,train,2065
ISIC_0024481,HAM_0003315,melanoma,train,train,8375
ISIC_0024482,HAM_0007054,melanoma,train,train,8376
ISIC_0024483,HAM_0004266,melanocytic_Nevi,train,train,2066
ISIC_0024484,HAM_0000278,melanocytic_Nevi,validation,train,2067
ISIC_0024485,HAM_0006172,melanocytic_Nevi,train,train,2068
ISIC_0024486,HAM_0002002,melanocytic_Nevi,train,train,2069
ISIC_0024487,HAM_0007053,melanocytic_Nevi,validation,train,2070
ISIC_0024488,HAM_0003783,melanocytic_Nevi,train,train,2071
ISIC_0024489,HAM_0000710,benign_keratosis-like_lesions,train,train,821
ISIC_0024490,HAM_0000985,benign_keratosis-like_lesions,test,train,822
ISIC_0024491,HAM_0002452,melanocytic_Nevi,train,train,2072
ISIC_0024492,HAM_0006736,melanocytic_Nevi,train,train,2073
ISIC_0024493,HAM_0006689,melanocytic_Nevi,train,train,2074
ISIC_0024494,HAM_0002933,benign_keratosis-like_lesions,train,train,823
ISIC_0024495,HAM_0006466,benign_keratosis-like_lesions,validation,train,824
ISIC_0024496,HAM_0001703,melanoma,train,train,8377
ISIC_0024497,HAM_0006757,melanocytic_Nevi,train,train,2075
ISIC_0024498,HAM_0002462,benign_keratosis-like_lesions,test,train,825
ISIC_0024499,HAM_0000708,melanocytic_Nevi,train,train,2076
ISIC_0024500,HAM_0004465,melanocytic_Nevi,validation,train,2077
ISIC_0024501,HAM_0007044,melanocytic_Nevi,validation,train,2078
ISIC_0024502,HAM_0001732,melanocytic_Nevi,validation,train,2079
ISIC_0024503,HAM_0001142,melanocytic_Nevi,validation,train,2080
ISIC_0024504,HAM_0000189,basal_cell_carcinoma,train,train,331
ISIC_0024505,HAM_0000364,benign_keratosis-like_lesions,train,train,826
ISIC_0024506,HAM_0004340,melanocytic_Nevi,train,train,2081
ISIC_0024507,HAM_0001017,melanocytic_Nevi,train,train,2082
ISIC_0024508,HAM_0006598,melanocytic_Nevi,train,train,2083
ISIC_0024509,HAM_0002966,melanocytic_Nevi,train,train,2084
ISIC_0024510,HAM_0007453,melanocytic_Nevi,train,validation,540
ISIC_0024511,HAM_0001505,actinic_keratoses,validation,train,7
ISIC_0024512,HAM_0000539,melanocytic_Nevi,train,train,2085
ISIC_0024513,HAM_0003712,melanocytic_Nevi,test,train,2086
ISIC_0024514,HAM_0002201,melanocytic_Nevi,train,train,2087
ISIC_0024515,HAM_0003373,basal_cell_carcinoma,train,train,332
ISIC_0024516,HAM_0002523,melanoma,train,train,8378
ISIC_0024517,HAM_0001894,actinic_keratoses,train,train,8
ISIC_0024518,HAM_0004985,melanocytic_Nevi,validation,validation,543
ISIC_0024519,HAM_0007543,melanocytic_Nevi,train,train,2088
ISIC_0024520,HAM_0003113,melanocytic_Nevi,train,train,2089
ISIC_0024521,HAM_0007330,melanocytic_Nevi,train,train,2090
ISIC_0024522,HAM_0005650,actinic_keratoses,test,train,9
ISIC_0024523,HAM_0006246,melanocytic_Nevi,train,train,2091
ISIC_0024524,HAM_0000468,melanocytic_Nevi,test,train,2092
ISIC_0024525,HAM_0005540,melanoma,test,train,8379
ISIC_0024526,HAM_0000290,melanocytic_Nevi,train,train,2093
ISIC_0024527,HAM_0001278,melanocytic_Nevi,train,train,2094
ISIC_0024528,HAM_0002857,melanocytic_Nevi,train,train,2095
ISIC_0024529,HAM_0004432,melanocytic_Nevi,train,train,2096
ISIC_0024530,HAM_0001235,melanocytic_Nevi,validation,train,2097
ISIC_0024531,HAM_0006552,melanocytic_Nevi,train,train,2098
ISIC_0024532,HAM_0004415,melanocytic_Nevi,train,train,2099
ISIC_0024533,HAM_0003239,melanocytic_Nevi,train,train,2100
ISIC_0024534,HAM_0003207,melanocytic_Nevi,train,train,2101
ISIC_0024535,HAM_0001287,melanocytic_Nevi,train,train,2102
ISIC_0024536,HAM_0003273,melanocytic_Nevi,validation,train,2103
ISIC_0024537,HAM_0001729,melanoma,train,train,8380
ISIC_0024538,HAM_0000397,melanocytic_Nevi,train,train,2104
ISIC_0024539,HAM_0002551,actinic_keratoses,train,train,10
ISIC_0024540,HAM_0000159,melanocytic_Nevi,train,train,2105
ISIC_0024541,HAM_0004502,melanocytic_Nevi,train,train,2106
ISIC_0024542,HAM_0000224,melanocytic_Nevi,validation,train,2107
ISIC_0024543,HAM_0004749,melanocytic_Nevi,validation,train,2108
ISIC_0024544,HAM_0007336,melanocytic_Nevi,validation,train,2109
ISIC_0024545,HAM_0006803,melanoma,validation,train,8381
ISIC_0024546,HAM_0000952,melanoma,train,train,8382
ISIC_0024547,HAM_0005790,benign_keratosis-like_lesions,validation,train,827
ISIC_0024548,HAM_0007441,melanocytic_Nevi,train,train,2110
ISIC_0024549,HAM_0002385,melanocytic_Nevi,train,train,2111
ISIC_0024550,HAM_0005721,basal_cell_carcinoma,train,train,333
ISIC_0024551,HAM_0002629,melanocytic_Nevi,train,train,2112
ISIC_0024552,HAM_0000653,melanoma,validation,train,8383
ISIC_0024553,HAM_0005330,dermatofibroma,train,train,1854
ISIC_0024554,HAM_0004507,melanoma,train,train,8384
ISIC_0024555,HAM_0004407,melanocytic_Nevi,validation,train,2113
ISIC_0024556,HAM_0003151,melanocytic_Nevi,train,train,2114
ISIC_0024557,HAM_0001247,melanocytic_Nevi,train,train,2115
ISIC_0024558,HAM_0003041,melanocytic_Nevi,test,train,2116
ISIC_0024559,HAM_0003257,melanocytic_Nevi,test,train,2117
ISIC_0024560,HAM_0000886,melanocytic_Nevi,train,train,2118
ISIC_0024561,HAM_0000707,melanocytic_Nevi,validation,train,2119
ISIC_0024562,HAM_0002745,actinic_keratoses,train,train,11
ISIC_0024563,HAM_0000497,melanocytic_Nevi,train,train,2120
ISIC_0024564,HAM_0002666,basal_cell_carcinoma,validation,validation,84
ISIC_0024565,HAM_0005486,melanocytic_Nevi,validation,train,2121
ISIC_0024566,HAM_0005755,melanocytic_Nevi,train,train,2122
ISIC_0024567,HAM_0000628,melanocytic_Nevi,train,train,2123
ISIC_0024568,HAM_0007386,melanocytic_Nevi,train,train,2124
ISIC_0024569,HAM_0002046,melanocytic_Nevi,train,train,2125
ISIC_0024570,HAM_0006307,melanocytic_Nevi,train,train,2126
ISIC_0024571,HAM_0006699,melanoma,train,train,8385
ISIC_0024572,HAM_0005657,basal_cell_carcinoma,train,train,334
ISIC_0024573,HAM_0005804,basal_cell_carcinoma,test,train,335
ISIC_0024574,HAM_0005390,melanocytic_Nevi,test,train,2127
ISIC_0024575,HAM_0004722,actinic_keratoses,train,train,12
ISIC_0024576,HAM_0003936,melanocytic_Nevi,test,train,2128
ISIC_0024577,HAM_0005531,melanocytic_Nevi,test,train,2129
ISIC_0024578,HAM_0004518,melanocytic_Nevi,train,train,2130
ISIC_0024579,HAM_0000005,actinic_keratoses,train,train,13
ISIC_0024580,HAM_0003405,melanocytic_Nevi,validation,train,2131
ISIC_0024581,HAM_0001995,benign_keratosis-like_lesions,train,train,828
ISIC_0024582,HAM_0006727,basal_cell_carcinoma,train,train,336
ISIC_0024583,HAM_0004652,melanocytic_Nevi,train,train,2132
ISIC_0024584,HAM_0001391,melanocytic_Nevi,train,train,2133
ISIC_0024585,HAM_0004230,melanocytic_Nevi,train,train,2134
ISIC_0024586,HAM_0003832,melanoma,test,train,8386
ISIC_0024587,HAM_0002645,melanocytic_Nevi,train,train,2135
ISIC_0024588,HAM_0006931,melanocytic_Nevi,train,train,2136
ISIC_0024589,HAM_0000413,melanocytic_Nevi,test,train,2137
ISIC_0024590,HAM_0004511,basal_cell_carcinoma,validation,train,337
ISIC_0024591,HAM_0006068,melanocytic_Nevi,train,train,2138
ISIC_0024592,HAM_0000236,benign_keratosis-like_lesions,train,train,829
ISIC_0024593,HAM_0007369,melanocytic_Nevi,test,train,2139
ISIC_0024594,HAM_0000892,melanocytic_Nevi,validation,train,2140
ISIC_0024595,HAM_0004027,basal_cell_carcinoma,train,train,338
ISIC_0024596,HAM_0004802,melanocytic_Nevi,train,train,2141
ISIC_0024597,HAM_0003303,melanocytic_Nevi,train,train,2142
ISIC_0024598,HAM_0000748,melanocytic_Nevi,train,train,2143
ISIC_0024599,HAM_0004839,melanocytic_Nevi,validation,train,2144
ISIC_0024600,HAM_0002499,melanocytic_Nevi,train,train,2145
ISIC_0024601,HAM_0001874,melanocytic_Nevi,train,train,2146
ISIC_0024602,HAM_0002984,benign_keratosis-like_lesions,train,train,830
ISIC_0024603,HAM_0006141,melanocytic_Nevi,train,train,2147
ISIC_0024604,HAM_0003767,melanocytic_Nevi,train,train,2148
ISIC_0024605,HAM_0001045,melanocytic_Nevi,train,train,2149
ISIC_0024606,HAM_0006576,melanocytic_Nevi,test,train,2150
ISIC_0024607,HAM_0002563,melanocytic_Nevi,train,train,2151
ISIC_0024608,HAM_0000231,melanocytic_Nevi,train,train,2152
ISIC_0024609,HAM_0003498,melanocytic_Nevi,train,train,2153
ISIC_0024610,HAM_0002676,melanocytic_Nevi,train,train,2154
ISIC_0024611,HAM_0000385,melanocytic_Nevi,validation,train,2155
ISIC_0024612,HAM_0000383,benign_keratosis-like_lesions,train,train,831
ISIC_0024613,HAM_0001291,melanocytic_Nevi,train,train,2156
ISIC_0024614,HAM_0001257,melanocytic_Nevi,train,train,2157
ISIC_0024615,HAM_0003308,melanocytic_Nevi,test,train,2158
ISIC_0024616,HAM_0004241,melanocytic_Nevi,test,train,2159
ISIC_0024617,HAM_0003035,melanocytic_Nevi,train,train,2160
ISIC_0024618,HAM_0006030,melanocytic_Nevi,train,train,2161
ISIC_0024619,HAM_0006829,melanocytic_Nevi,train,train,2162
ISIC_0024620,HAM_0001881,melanocytic_Nevi,train,train,2163
ISIC_0024621,HAM_0000314,melanocytic_Nevi,train,train,2164
ISIC_0024622,HAM_0004771,melanocytic_Nevi,train,train,2165
ISIC_0024623,HAM_0003458,benign_keratosis-like_lesions,train,train,832
ISIC_0024624,HAM_0000210,melanoma,test,train,8387
ISIC_0024625,HAM_0005780,melanocytic_Nevi,train,train,2166
ISIC_0024626,HAM_0007621,benign_keratosis-like_lesions,train,validation,215
ISIC_0024627,HAM_0002992,melanocytic_Nevi,validation,validation,560
ISIC_0024628,HAM_0002454,melanocytic_Nevi,train,train,2167
ISIC_0024629,HAM_0005793,melanocytic_Nevi,test,train,2168
ISIC_0024630,HAM_0007511,melanoma,train,train,8388
ISIC_0024631,HAM_0000046,melanocytic_Nevi,train,train,2169
ISIC_0024632,HAM_0001666,basal_cell_carcinoma,train,train,339
ISIC_0024633,HAM_0006254,melanocytic_Nevi,train,train,2170
ISIC_0024634,HAM_0005933,basal_cell_carcinoma,validation,train,340
ISIC_0024635,HAM_0003410,benign_keratosis-like_lesions,train,train,833
ISIC_0024636,HAM_0001987,melanocytic_Nevi,train,train,2171
ISIC_0024637,HAM_0006812,melanocytic_Nevi,train,train,2172
ISIC_0024638,HAM_0002850,melanocytic_Nevi,train,train,2173
ISIC_0024639,HAM_0003797,melanocytic_Nevi,train,train,2174
ISIC_0024640,HAM_0005467,melanoma,test,train,8389
ISIC_0024641,HAM_0005860,melanocytic_Nevi,train,validation,563
ISIC_0024642,HAM_0000947,melanocytic_Nevi,train,train,2175
ISIC_0024643,HAM_0005101,benign_keratosis-like_lesions,validation,train,834
ISIC_0024644,HAM_0004171,melanoma,train,train,8390
ISIC_0024645,HAM_0000004,melanocytic_Nevi,train,train,2176
ISIC_0024646,HAM_0006252,actinic_keratoses,train,train,14
ISIC_0024647,HAM_0006764,melanoma,train,train,8391
ISIC_0024648,HAM_0002304,melanocytic_Nevi,test,train,2177
ISIC_0024649,HAM_0001151,melanocytic_Nevi,train,train,2178
ISIC_0024650,HAM_0003324,melanocytic_Nevi,train,train,2179
ISIC_0024651,HAM_0001681,melanocytic_Nevi,train,validation,565
ISIC_0024652,HAM_0003428,melanoma,train,train,8392
ISIC_0024653,HAM_0003525,melanocytic_Nevi,train,train,2180
ISIC_0024654,HAM_0005705,actinic_keratoses,test,train,15
ISIC_0024655,HAM_0000013,melanocytic_Nevi,train,train,2181
ISIC_0024656,HAM_0003779,melanocytic_Nevi,train,train,2182
ISIC_0024657,HAM_0005537,melanocytic_Nevi,train,validation,567
ISIC_0024658,HAM_0003127,melanocytic_Nevi,train,train,2183
ISIC_0024659,HAM_0001514,melanocytic_Nevi,train,train,2184
ISIC_0024660,HAM_0001441,melanocytic_Nevi,train,train,2185
ISIC_0024661,HAM_0000743,melanocytic_Nevi,train,train,2186
ISIC_0024662,HAM_0007532,vascular_lesions,validation,train,9445
ISIC_0024663,HAM_0000640,melanocytic_Nevi,train,train,2187
ISIC_0024664,HAM_0001604,melanocytic_Nevi,validation,train,2188
ISIC_0024665,HAM_0003866,basal_cell_carcinoma,train,validation,86
ISIC_0024666,HAM_0005435,basal_cell_carcinoma,train,train,341
ISIC_0024667,HAM_0000248,melanocytic_Nevi,train,train,2189
ISIC_0024668,HAM_0005007,melanocytic_Nevi,test,train,2190
ISIC_0024669,HAM_0006617,vascular_lesions,train,train,9446
ISIC_0024670,HAM_0002935,melanocytic_Nevi,test,train,2191
ISIC_0024671,HAM_0001098,melanocytic_Nevi,train,train,2192
ISIC_0024672,HAM_0005790,benign_keratosis-like_lesions,validation,validation,217
ISIC_0024673,HAM_0003429,basal_cell_carcinoma,test,train,342
ISIC_0024674,HAM_0007096,melanocytic_Nevi,test,train,2193
ISIC_0024675,HAM_0001600,melanoma,train,train,8393
ISIC_0024676,HAM_0007513,benign_keratosis-like_lesions,train,train,835
ISIC_0024677,HAM_0003337,melanocytic_Nevi,train,train,2194
ISIC_0024678,HAM_0000011,melanocytic_Nevi,validation,train,2195
ISIC_0024679,HAM_0000593,melanoma,test,train,8394
ISIC_0024680,HAM_0006323,melanocytic_Nevi,train,train,2196
ISIC_0024681,HAM_0006341,melanocytic_Nevi,train,train,2197
ISIC_0024682,HAM_0004864,melanocytic_Nevi,train,validation,572
ISIC_0024683,HAM_0006913,melanocytic_Nevi,validation,train,2198
ISIC_0024684,HAM_0002481,melanocytic_Nevi,test,train,2199
ISIC_0024685,HAM_0006798,melanocytic_Nevi,validation,train,2200
ISIC_0024686,HAM_0001051,melanocytic_Nevi,train,train,2201
ISIC_0024687,HAM_0005247,melanocytic_Nevi,train,train,2202
ISIC_0024688,HAM_0001444,melanoma,validation,train,8395
ISIC_0024689,HAM_0000610,melanocytic_Nevi,train,train,2203
ISIC_0024690,HAM_0005295,melanocytic_Nevi,train,train,2204
ISIC_0024691,HAM_0001201,melanocytic_Nevi,train,train,2205
ISIC_0024692,HAM_0004744,melanocytic_Nevi,train,train,2206
ISIC_0024693,HAM_0000559,melanocytic_Nevi,test,train,2207
ISIC_0024694,HAM_0001130,melanocytic_Nevi,test,train,2208
ISIC_0024695,HAM_0006529,melanocytic_Nevi,validation,train,2209
ISIC_0024696,HAM_0001082,benign_keratosis-like_lesions,train,train,836
ISIC_0024697,HAM_0006108,melanocytic_Nevi,validation,train,2210
ISIC_0024698,HAM_0001751,melanocytic_Nevi,train,train,2211
ISIC_0024699,HAM_0007605,melanocytic_Nevi,train,train,2212
ISIC_0024700,HAM_0001726,melanoma,train,train,8396
ISIC_0024701,HAM_0000917,melanoma,test,train,8397
ISIC_0024702,HAM_0000903,melanoma,train,train,8398
ISIC_0024703,HAM_0001295,melanocytic_Nevi,train,validation,573
ISIC_0024704,HAM_0001936,melanocytic_Nevi,train,train,2213
ISIC_0024705,HAM_0007355,benign_keratosis-like_lesions,train,train,837
ISIC_0024706,HAM_0001038,vascular_lesions,train,train,9447
ISIC_0024707,HAM_0005448,actinic_keratoses,validation,train,16
ISIC_0024708,HAM_0003868,benign_keratosis-like_lesions,train,train,838
ISIC_0024709,HAM_0004832,benign_keratosis-like_lesions,train,train,839
ISIC_0024710,HAM_0004609,actinic_keratoses,train,train,17
ISIC_0024711,HAM_0004947,benign_keratosis-like_lesions,train,train,840
ISIC_0024712,HAM_0002364,melanocytic_Nevi,train,train,2214
ISIC_0024713,HAM_0005955,melanocytic_Nevi,validation,train,2215
ISIC_0024714,HAM_0002715,melanocytic_Nevi,train,train,2216
ISIC_0024715,HAM_0003815,melanocytic_Nevi,validation,train,2217
ISIC_0024716,HAM_0001058,melanocytic_Nevi,train,train,2218
ISIC_0024717,HAM_0004887,melanocytic_Nevi,train,train,2219
ISIC_0024718,HAM_0003345,melanocytic_Nevi,test,train,2220
ISIC_0024719,HAM_0007154,melanocytic_Nevi,train,train,2221
ISIC_0024720,HAM_0002076,melanocytic_Nevi,validation,train,2222
ISIC_0024721,HAM_0005466,melanocytic_Nevi,test,train,2223
ISIC_0024722,HAM_0005452,melanocytic_Nevi,validation,train,2224
ISIC_0024723,HAM_0007373,melanocytic_Nevi,train,train,2225
ISIC_0024724,HAM_0000679,melanocytic_Nevi,train,train,2226
ISIC_0024725,HAM_0006720,melanocytic_Nevi,train,train,2227
ISIC_0024726,HAM_0005125,benign_keratosis-like_lesions,train,train,841
ISIC_0024727,HAM_0004700,melanocytic_Nevi,train,train,2228
ISIC_0024728,HAM_0005098,melanocytic_Nevi,train,train,2229
ISIC_0024729,HAM_0002011,melanoma,train,train,8399
ISIC_0024730,HAM_0003188,melanocytic_Nevi,train,train,2230
ISIC_0024731,HAM_0001298,melanocytic_Nevi,validation,train,2231
ISIC_0024732,HAM_0002509,melanoma,train,train,8400
ISIC_0024733,HAM_0001964,melanoma,test,train,8401
ISIC_0024734,HAM_0007445,melanocytic_Nevi,train,train,2232
ISIC_0024735,HAM_0006378,melanocytic_Nevi,train,train,2233
ISIC_0024736,HAM_0003762,melanocytic_Nevi,train,train,2234
ISIC_0024737,HAM_0003219,melanocytic_Nevi,train,train,2235
ISIC_0024738,HAM_0000203,melanocytic_Nevi,train,train,2236
ISIC_0024739,HAM_0001910,melanoma,train,train,8402
ISIC_0024740,HAM_0005420,benign_keratosis-like_lesions,train,train,842
ISIC_0024741,HAM_0000770,benign_keratosis-like_lesions,train,train,843
ISIC_0024742,HAM_0000111,melanocytic_Nevi,train,train,2237
ISIC_0024743,HAM_0004495,basal_cell_carcinoma,train,train,343
ISIC_0024744,HAM_0004434,melanocytic_Nevi,validation,train,2238
ISIC_0024745,HAM_0007437,melanocytic_Nevi,validation,train,2239
ISIC_0024746,HAM_0004623,melanocytic_Nevi,train,train,2240
ISIC_0024747,HAM_0001566,vascular_lesions,train,train,9448
ISIC_0024748,HAM_0003420,benign_keratosis-like_lesions,train,train,844
ISIC_0024749,HAM_0005204,melanocytic_Nevi,train,train,2241
ISIC_0024750,HAM_0000616,melanocytic_Nevi,train,train,2242
ISIC_0024751,HAM_0004870,melanocytic_Nevi,validation,train,2243
ISIC_0024752,HAM_0002708,melanocytic_Nevi,test,test,307
ISIC_0024753,HAM_0004895,melanocytic_Nevi,train,train,2244
ISIC_0024754,HAM_0007042,melanocytic_Nevi,validation,train,2245
ISIC_0024755,HAM_0006133,melanocytic_Nevi,train,train,2246
ISIC_0024756,HAM_0007272,melanoma,train,train,8403
ISIC_0024757,HAM_0004370,melanocytic_Nevi,train,train,2247
ISIC_0024758,HAM_0005968,benign_keratosis-like_lesions,test,train,845
ISIC_0024759,HAM_0006249,melanocytic_Nevi,train,train,2248
ISIC_0024760,HAM_0003856,benign_keratosis-like_lesions,test,train,846
ISIC_0024761,HAM_0005053,benign_keratosis-like_lesions,train,train,847
ISIC_0024762,HAM_0005154,melanocytic_Nevi,train,train,2249
ISIC_0024763,HAM_0006524,actinic_keratoses,test,train,18
ISIC_0024764,HAM_0007246,melanocytic_Nevi,train,train,2250
ISIC_0024765,HAM_0005087,melanocytic_Nevi,validation,train,2251
ISIC_0024766,HAM_0004386,melanocytic_Nevi,train,train,2252
ISIC_0024767,HAM_0003212,melanoma,test,train,8404
ISIC_0024768,HAM_0003024,melanocytic_Nevi,validation,train,2253
ISIC_0024769,HAM_0002863,melanocytic_Nevi,train,train,2254
ISIC_0024770,HAM_0000106,benign_keratosis-like_lesions,train,train,848
ISIC_0024771,HAM_0006301,actinic_keratoses,validation,train,19
ISIC_0024772,HAM_0002400,benign_keratosis-like_lesions,validation,train,849
ISIC_0024773,HAM_0000844,benign_keratosis-like_lesions,train,train,850
ISIC_0024774,HAM_0002903,benign_keratosis-like_lesions,test,train,851
ISIC_0024775,HAM_0004561,melanocytic_Nevi,train,train,2255
ISIC_0024776,HAM_0000209,melanocytic_Nevi,test,train,2256
ISIC_0024777,HAM_0001895,melanocytic_Nevi,train,train,2257
ISIC_0024778,HAM_0001115,melanocytic_Nevi,train,train,2258
ISIC_0024779,HAM_0003631,melanocytic_Nevi,train,train,2259
ISIC_0024780,HAM_0002374,melanocytic_Nevi,train,train,2260
ISIC_0024781,HAM_0003919,melanocytic_Nevi,train,train,2261
ISIC_0024782,HAM_0004004,benign_keratosis-like_lesions,train,train,852
ISIC_0024783,HAM_0007223,melanocytic_Nevi,train,train,2262
ISIC_0024784,HAM_0001479,melanocytic_Nevi,train,train,2263
ISIC_0024785,HAM_0004926,melanocytic_Nevi,train,train,2264
ISIC_0024786,HAM_0002227,benign_keratosis-like_lesions,test,train,853
ISIC_0024787,HAM_0005379,basal_cell_carcinoma,test,train,344
ISIC_0024788,HAM_0001121,melanocytic_Nevi,train,train,2265
ISIC_0024789,HAM_0004575,melanocytic_Nevi,train,train,2266
ISIC_0024790,HAM_0001941,melanocytic_Nevi,train,train,2267
ISIC_0024791,HAM_0002940,melanocytic_Nevi,test,train,2268
ISIC_0024792,HAM_0001847,melanoma,train,train,8405
ISIC_0024793,HAM_0000996,melanocytic_Nevi,validation,train,2269
ISIC_0024794,HAM_0006811,melanocytic_Nevi,train,train,2270
ISIC_0024795,HAM_0004420,basal_cell_carcinoma,train,train,345
ISIC_0024796,HAM_0003052,melanocytic_Nevi,train,train,2271
ISIC_0024797,HAM_0000828,melanocytic_Nevi,validation,train,2272
ISIC_0024798,HAM_0000044,melanocytic_Nevi,validation,train,2273
ISIC_0024799,HAM_0001573,basal_cell_carcinoma,train,train,346
ISIC_0024800,HAM_0007088,actinic_keratoses,test,train,20
ISIC_0024801,HAM_0003635,melanocytic_Nevi,train,train,2274
ISIC_0024802,HAM_0002156,melanocytic_Nevi,train,train,2275
ISIC_0024803,HAM_0001168,melanocytic_Nevi,train,train,2276
ISIC_0024804,HAM_0006733,melanocytic_Nevi,train,train,2277
ISIC_0024805,HAM_0005724,melanoma,train,train,8406
ISIC_0024806,HAM_0000373,melanoma,train,train,8407
ISIC_0024807,HAM_0006922,melanocytic_Nevi,test,train,2278
ISIC_0024808,HAM_0000668,melanocytic_Nevi,test,train,2279
ISIC_0024809,HAM_0003874,melanocytic_Nevi,train,train,2280
ISIC_0024810,HAM_0001628,melanocytic_Nevi,test,train,2281
ISIC_0024811,HAM_0007452,melanocytic_Nevi,test,train,2282
ISIC_0024812,HAM_0000036,melanocytic_Nevi,test,train,2283
ISIC_0024813,HAM_0006742,melanocytic_Nevi,test,train,2284
ISIC_0024814,HAM_0005896,benign_keratosis-like_lesions,validation,train,854
ISIC_0024815,HAM_0005166,melanocytic_Nevi,train,train,2285
ISIC_0024816,HAM_0007434,melanocytic_Nevi,train,train,2286
ISIC_0024817,HAM_0000447,melanocytic_Nevi,train,train,2287
ISIC_0024818,HAM_0006645,melanocytic_Nevi,train,train,2288
ISIC_0024819,HAM_0002063,melanocytic_Nevi,train,train,2289
ISIC_0024820,HAM_0005843,melanocytic_Nevi,train,train,2290
ISIC_0024821,HAM_0001172,melanocytic_Nevi,validation,train,2291
ISIC_0024822,HAM_0006131,melanocytic_Nevi,train,train,2292
ISIC_0024823,HAM_0004779,melanoma,train,train,8408
ISIC_0024824,HAM_0005188,melanocytic_Nevi,validation,train,2293
ISIC_0024825,HAM_0000893,benign_keratosis-like_lesions,train,train,855
ISIC_0024826,HAM_0000522,melanocytic_Nevi,test,train,2294
ISIC_0024827,HAM_0001125,melanocytic_Nevi,train,train,2295
ISIC_0024828,HAM_0001587,melanocytic_Nevi,train,train,2296
ISIC_0024829,HAM_0007535,basal_cell_carcinoma,train,train,347
ISIC_0024830,HAM_0001410,melanocytic_Nevi,train,train,2297
ISIC_0024831,HAM_0007468,melanocytic_Nevi,train,train,2298
ISIC_0024832,HAM_0001773,benign_keratosis-like_lesions,train,train,856
ISIC_0024833,HAM_0005617,basal_cell_carcinoma,train,train,348
ISIC_0024834,HAM_0003345,melanocytic_Nevi,test,train,2299
ISIC_0024835,HAM_0006357,melanocytic_Nevi,train,train,2300
ISIC_0024836,HAM_0002291,melanocytic_Nevi,train,train,2301
ISIC_0024837,HAM_0000509,melanocytic_Nevi,validation,train,2302
ISIC_0024838,HAM_0002264,melanocytic_Nevi,validation,train,2303
ISIC_0024839,HAM_0000425,benign_keratosis-like_lesions,train,train,857
ISIC_0024840,HAM_0006705,melanocytic_Nevi,train,train,2304
ISIC_0024841,HAM_0002368,melanocytic_Nevi,validation,train,2305
ISIC_0024842,HAM_0000977,melanocytic_Nevi,test,train,2306
ISIC_0024843,HAM_0004376,actinic_keratoses,train,train,21
ISIC_0024844,HAM_0007217,melanocytic_Nevi,test,train,2307
ISIC_0024845,HAM_0003487,dermatofibroma,train,validation,482
ISIC_0024846,HAM_0001212,melanocytic_Nevi,train,train,2308
ISIC_0024847,HAM_0003570,melanocytic_Nevi,validation,train,2309
ISIC_0024848,HAM_0007474,basal_cell_carcinoma,train,train,349
ISIC_0024849,HAM_0004573,melanocytic_Nevi,train,train,2310
ISIC_0024850,HAM_0007393,benign_keratosis-like_lesions,train,train,858
ISIC_0024851,HAM_0007078,benign_keratosis-like_lesions,train,train,859
ISIC_0024852,HAM_0003870,melanocytic_Nevi,train,train,2311
ISIC_0024853,HAM_0000645,melanoma,train,train,8409
ISIC_0024854,HAM_0000226,melanocytic_Nevi,test,train,2312
ISIC_0024855,HAM_0003627,melanocytic_Nevi,train,train,2313
ISIC_0024856,HAM_0004009,melanocytic_Nevi,train,train,2314
ISIC_0024857,HAM_0004360,melanocytic_Nevi,train,train,2315
ISIC_0024858,HAM_0004732,melanocytic_Nevi,train,train,2316
ISIC_0024859,HAM_0003390,melanocytic_Nevi,train,train,2317
ISIC_0024860,HAM_0002765,melanocytic_Nevi,train,train,2318
ISIC_0024861,HAM_0005892,melanocytic_Nevi,train,train,2319
ISIC_0024862,HAM_0007422,melanocytic_Nevi,train,train,2320
ISIC_0024863,HAM_0002359,melanocytic_Nevi,train,train,2321
ISIC_0024864,HAM_0003167,melanoma,train,train,8410
ISIC_0024865,HAM_0001734,melanoma,validation,train,8411
ISIC_0024866,HAM_0007068,melanocytic_Nevi,validation,train,2322
ISIC_0024867,HAM_0007568,vascular_lesions,train,train,9449
ISIC_0024868,HAM_0003080,melanocytic_Nevi,train,train,2323
ISIC_0024869,HAM_0007373,melanocytic_Nevi,train,train,2324
ISIC_0024870,HAM_0003686,melanocytic_Nevi,train,train,2325
ISIC_0024871,HAM_0001312,benign_keratosis-like_lesions,validation,validation,224
ISIC_0024872,HAM_0005823,melanocytic_Nevi,train,train,2326
ISIC_0024873,HAM_0004925,melanocytic_Nevi,train,train,2327
ISIC_0024874,HAM_0000403,melanocytic_Nevi,train,train,2328
ISIC_0024875,HAM_0007617,melanoma,test,train,8412
ISIC_0024876,HAM_0004680,melanocytic_Nevi,train,train,2329
ISIC_0024877,HAM_0003574,benign_keratosis-like_lesions,test,train,860
ISIC_0024878,HAM_0005635,melanocytic_Nevi,train,train,2330
ISIC_0024879,HAM_0001387,melanocytic_Nevi,validation,train,2331
ISIC_0024880,HAM_0005157,benign_keratosis-like_lesions,train,train,861
ISIC_0024881,HAM_0004696,benign_keratosis-like_lesions,train,train,862
ISIC_0024882,HAM_0000961,melanocytic_Nevi,train,train,2332
ISIC_0024883,HAM_0006541,benign_keratosis-like_lesions,train,train,863
ISIC_0024884,HAM_0001140,melanocytic_Nevi,train,train,2333
ISIC_0024885,HAM_0005243,basal_cell_carcinoma,train,train,350
ISIC_0024886,HAM_0001353,melanoma,train,train,8413
ISIC_0024887,HAM_0003457,melanocytic_Nevi,train,train,2334
ISIC_0024888,HAM_0006199,melanocytic_Nevi,test,train,2335
ISIC_0024889,HAM_0000197,melanocytic_Nevi,train,train,2336
ISIC_0024890,HAM_0007439,benign_keratosis-like_lesions,train,train,864
ISIC_0024891,HAM_0004763,melanocytic_Nevi,train,train,2337
ISIC_0024892,HAM_0001419,melanocytic_Nevi,validation,train,2338
ISIC_0024893,HAM_0002058,benign_keratosis-like_lesions,test,train,865
ISIC_0024894,HAM_0003879,melanocytic_Nevi,train,train,2339
ISIC_0024895,HAM_0004797,melanocytic_Nevi,test,train,2340
ISIC_0024896,HAM_0003711,melanocytic_Nevi,test,train,2341
ISIC_0024897,HAM_0003716,basal_cell_carcinoma,train,train,351
ISIC_0024898,HAM_0002534,melanoma,train,train,8414
ISIC_0024899,HAM_0002033,melanocytic_Nevi,validation,train,2342
ISIC_0024900,HAM_0004593,melanoma,train,train,8415
ISIC_0024901,HAM_0001606,melanocytic_Nevi,test,train,2343
ISIC_0024902,HAM_0000505,melanocytic_Nevi,train,train,2344
ISIC_0024903,HAM_0004238,melanocytic_Nevi,train,validation,602
ISIC_0024904,HAM_0002914,vascular_lesions,train,train,9450
ISIC_0024905,HAM_0007392,melanocytic_Nevi,validation,train,2345
ISIC_0024906,HAM_0002217,melanocytic_Nevi,train,train,2346
ISIC_0024907,HAM_0007196,melanocytic_Nevi,test,train,2347
ISIC_0024908,HAM_0003241,melanocytic_Nevi,train,train,2348
ISIC_0024909,HAM_0002757,benign_keratosis-like_lesions,train,train,866
ISIC_0024910,HAM_0000238,benign_keratosis-like_lesions,train,train,867
ISIC_0024911,HAM_0006896,melanoma,train,train,8416
ISIC_0024912,HAM_0007613,melanocytic_Nevi,train,train,2349
ISIC_0024913,HAM_0001495,actinic_keratoses,train,train,22
ISIC_0024914,HAM_0000100,melanocytic_Nevi,test,train,2350
ISIC_0024915,HAM_0003789,benign_keratosis-like_lesions,train,validation,227
ISIC_0024916,HAM_0003590,melanocytic_Nevi,train,train,2351
ISIC_0024917,HAM_0007280,melanocytic_Nevi,train,train,2352
ISIC_0024918,HAM_0007530,melanoma,train,train,8417
ISIC_0024919,HAM_0006349,melanocytic_Nevi,validation,train,2353
ISIC_0024920,HAM_0005731,melanocytic_Nevi,train,train,2354
ISIC_0024921,HAM_0005936,melanocytic_Nevi,test,train,2355
ISIC_0024922,HAM_0003223,melanocytic_Nevi,train,train,2356
ISIC_0024923,HAM_0001004,actinic_keratoses,train,train,23
ISIC_0024924,HAM_0004724,melanocytic_Nevi,train,train,2357
ISIC_0024925,HAM_0006592,actinic_keratoses,train,train,24
ISIC_0024926,HAM_0006367,melanocytic_Nevi,validation,train,2358
ISIC_0024927,HAM_0002964,melanocytic_Nevi,train,train,2359
ISIC_0024928,HAM_0004239,melanocytic_Nevi,validation,train,2360
ISIC_0024929,HAM_0001753,melanoma,train,validation,2195
ISIC_0024930,HAM_0002196,melanoma,train,train,8418
ISIC_0024931,HAM_0005488,basal_cell_carcinoma,validation,train,352
ISIC_0024932,HAM_0004898,melanoma,train,train,8419
ISIC_0024933,HAM_0000266,melanocytic_Nevi,train,train,2361
ISIC_0024934,HAM_0002652,melanocytic_Nevi,train,train,2362
ISIC_0024935,HAM_0005160,melanocytic_Nevi,test,train,2363
ISIC_0024936,HAM_0006363,melanocytic_Nevi,train,train,2364
ISIC_0024937,HAM_0006318,melanocytic_Nevi,validation,train,2365
ISIC_0024938,HAM_0001817,melanocytic_Nevi,validation,train,2366
ISIC_0024939,HAM_0000074,melanocytic_Nevi,train,train,2367
ISIC_0024940,HAM_0002375,melanoma,test,train,8420
ISIC_0024941,HAM_0004133,melanocytic_Nevi,train,train,2368
ISIC_0024942,HAM_0002220,melanocytic_Nevi,train,train,2369
ISIC_0024943,HAM_0006988,benign_keratosis-like_lesions,train,train,868
ISIC_0024944,HAM_0003296,melanocytic_Nevi,test,train,2370
ISIC_0024945,HAM_0004863,melanocytic_Nevi,validation,train,2371
ISIC_0024946,HAM_0005264,actinic_keratoses,train,train,25
ISIC_0024947,HAM_0001721,benign_keratosis-like_lesions,train,train,869
ISIC_0024948,HAM_0004034,actinic_keratoses,test,train,26
ISIC_0024949,HAM_0005669,basal_cell_carcinoma,train,train,353
ISIC_0024950,HAM_0006493,melanocytic_Nevi,train,train,2372
ISIC_0024951,HAM_0001531,melanoma,train,validation,2197
ISIC_0024952,HAM_0007488,melanoma,test,train,8421
ISIC_0024953,HAM_0000252,melanocytic_Nevi,train,train,2373
ISIC_0024954,HAM_0006175,melanocytic_Nevi,train,train,2374
ISIC_0024955,HAM_0001956,melanocytic_Nevi,train,train,2375
ISIC_0024956,HAM_0005904,melanocytic_Nevi,train,train,2376
ISIC_0024957,HAM_0005179,melanocytic_Nevi,train,train,2377
ISIC_0024958,HAM_0002613,melanoma,train,train,8422
ISIC_0024959,HAM_0000485,melanocytic_Nevi,train,train,2378
ISIC_0024960,HAM_0000489,melanocytic_Nevi,test,train,2379
ISIC_0024961,HAM_0006006,melanoma,train,train,8423
ISIC_0024962,HAM_0004779,melanoma,train,train,8424
ISIC_0024963,HAM_0005620,melanocytic_Nevi,train,train,2380
ISIC_0024964,HAM_0007251,melanocytic_Nevi,train,train,2381
ISIC_0024965,HAM_0000733,melanocytic_Nevi,train,train,2382
ISIC_0024966,HAM_0004137,melanocytic_Nevi,train,train,2383
ISIC_0024967,HAM_0006975,melanoma,train,train,8425
ISIC_0024968,HAM_0000128,melanocytic_Nevi,train,train,2384
ISIC_0024969,HAM_0002675,melanocytic_Nevi,validation,train,2385
ISIC_0024970,HAM_0001815,benign_keratosis-like_lesions,train,train,870
ISIC_0024971,HAM_0005325,benign_keratosis-like_lesions,train,train,871
ISIC_0024972,HAM_0001284,melanoma,train,train,8426
ISIC_0024973,HAM_0007227,dermatofibroma,train,train,1855
ISIC_0024974,HAM_0006093,melanocytic_Nevi,validation,train,2386
ISIC_0024975,HAM_0003276,melanocytic_Nevi,train,train,2387
ISIC_0024976,HAM_0006789,melanocytic_Nevi,train,train,2388
ISIC_0024977,HAM_0007224,melanocytic_Nevi,train,train,2389
ISIC_0024978,HAM_0003629,melanocytic_Nevi,validation,train,2390
ISIC_0024979,HAM_0006490,melanocytic_Nevi,test,train,2391
ISIC_0024980,HAM_0005806,melanocytic_Nevi,train,train,2392
ISIC_0024981,HAM_0005612,benign_keratosis-like_lesions,validation,train,872
ISIC_0024982,HAM_0005199,benign_keratosis-like_lesions,validation,train,873
ISIC_0024983,HAM_0006584,melanocytic_Nevi,train,train,2393
ISIC_0024984,HAM_0005856,basal_cell_carcinoma,train,train,354
ISIC_0024985,HAM_0002900,melanocytic_Nevi,train,train,2394
ISIC_0024986,HAM_0000837,melanocytic_Nevi,train,validation,611
ISIC_0024987,HAM_0007560,melanoma,train,train,8427
ISIC_0024988,HAM_0000573,melanocytic_Nevi,train,train,2395
ISIC_0024989,HAM_0002035,melanocytic_Nevi,train,train,2396
ISIC_0024990,HAM_0005430,melanocytic_Nevi,test,train,2397
ISIC_0024991,HAM_0003267,melanocytic_Nevi,train,train,2398
ISIC_0024992,HAM_0004740,melanocytic_Nevi,test,train,2399
ISIC_0024993,HAM_0000147,melanocytic_Nevi,train,train,2400
ISIC_0024994,HAM_0002960,dermatofibroma,train,train,1856
ISIC_0024995,HAM_0003650,melanocytic_Nevi,train,train,2401
ISIC_0024996,HAM_0005658,melanocytic_Nevi,validation,train,2402
ISIC_0024997,HAM_0006343,benign_keratosis-like_lesions,train,train,874
ISIC_0024998,HAM_0007516,melanocytic_Nevi,train,train,2403
ISIC_0024999,HAM_0001986,melanoma,test,train,8428
ISIC_0025000,HAM_0001643,melanocytic_Nevi,train,train,2404
ISIC_0025001,HAM_0003235,melanocytic_Nevi,validation,train,2405
ISIC_0025002,HAM_0006023,melanocytic_Nevi,train,train,2406
ISIC_0025003,HAM_0004269,melanocytic_Nevi,train,train,2407
ISIC_0025004,HAM_0005043,melanocytic_Nevi,train,train,2408
ISIC_0025005,HAM_0002462,benign_keratosis-like_lesions,test,train,875
ISIC_0025006,HAM_0007218,melanocytic_Nevi,train,train,2409
ISIC_0025007,HAM_0001558,melanocytic_Nevi,test,train,2410
ISIC_0025008,HAM_0002349,melanocytic_Nevi,train,train,2411
ISIC_0025009,HAM_0007278,melanocytic_Nevi,train,train,2412
ISIC_0025010,HAM_0002590,melanocytic_Nevi,validation,train,2413
ISIC_0025011,HAM_0002700,melanocytic_Nevi,train,train,2414
ISIC_0025012,HAM_0000873,melanocytic_Nevi,train,train,2415
ISIC_0025013,HAM_0001154,melanocytic_Nevi,train,train,2416
ISIC_0025014,HAM_0000066,melanocytic_Nevi,train,train,2417
ISIC_0025015,HAM_0004119,melanocytic_Nevi,validation,train,2418
ISIC_0025016,HAM_0007125,benign_keratosis-like_lesions,train,train,876
ISIC_0025017,HAM_0006874,melanocytic_Nevi,train,train,2419
ISIC_0025018,HAM_0004265,melanoma,validation,train,8429
ISIC_0025019,HAM_0001415,basal_cell_carcinoma,test,train,355
ISIC_0025020,HAM_0001669,melanocytic_Nevi,test,train,2420
ISIC_0025021,HAM_0002222,melanocytic_Nevi,train,train,2421
ISIC_0025022,HAM_0001158,melanocytic_Nevi,validation,train,2422
ISIC_0025023,HAM_0006381,melanocytic_Nevi,train,train,2423
ISIC_0025024,HAM_0002562,melanocytic_Nevi,train,train,2424
ISIC_0025025,HAM_0004781,melanocytic_Nevi,train,train,2425
ISIC_0025026,HAM_0000173,melanocytic_Nevi,train,train,2426
ISIC_0025027,HAM_0004479,melanocytic_Nevi,validation,train,2427
ISIC_0025028,HAM_0003231,melanocytic_Nevi,test,train,2428
ISIC_0025029,HAM_0003105,actinic_keratoses,validation,train,27
ISIC_0025030,HAM_0000118,benign_keratosis-like_lesions,train,train,877
ISIC_0025031,HAM_0002934,basal_cell_carcinoma,test,train,356
ISIC_0025032,HAM_0004500,benign_keratosis-like_lesions,validation,train,878
ISIC_0025033,HAM_0003301,benign_keratosis-like_lesions,test,train,879
ISIC_0025034,HAM_0001205,melanocytic_Nevi,test,train,2429
ISIC_0025035,HAM_0007073,melanoma,train,train,8430
ISIC_0025036,HAM_0003724,melanocytic_Nevi,train,train,2430
ISIC_0025037,HAM_0002893,melanocytic_Nevi,test,train,2431
ISIC_0025038,HAM_0005743,benign_keratosis-like_lesions,train,train,880
ISIC_0025039,HAM_0005457,melanocytic_Nevi,test,train,2432
ISIC_0025040,HAM_0006541,benign_keratosis-like_lesions,train,train,881
ISIC_0025041,HAM_0001307,melanocytic_Nevi,train,train,2433
ISIC_0025042,HAM_0004610,melanocytic_Nevi,train,train,2434
ISIC_0025043,HAM_0007385,melanocytic_Nevi,test,train,2435
ISIC_0025044,HAM_0000339,melanocytic_Nevi,test,train,2436
ISIC_0025045,HAM_0001745,melanocytic_Nevi,train,train,2437
ISIC_0025046,HAM_0003866,basal_cell_carcinoma,train,train,357
ISIC_0025047,HAM_0006149,melanocytic_Nevi,train,train,2438
ISIC_0025048,HAM_0005734,melanocytic_Nevi,test,train,2439
ISIC_0025049,HAM_0001757,melanocytic_Nevi,train,train,2440
ISIC_0025050,HAM_0002807,melanocytic_Nevi,train,train,2441
ISIC_0025051,HAM_0000896,melanocytic_Nevi,train,train,2442
ISIC_0025052,HAM_0005424,melanocytic_Nevi,validation,validation,626
ISIC_0025053,HAM_0005661,melanocytic_Nevi,train,train,2443
ISIC_0025054,HAM_0005864,melanocytic_Nevi,train,train,2444
ISIC_0025055,HAM_0006660,melanocytic_Nevi,train,train,2445
ISIC_0025056,HAM_0007155,melanocytic_Nevi,train,train,2446
ISIC_0025057,HAM_0005217,melanocytic_Nevi,train,train,2447
ISIC_0025058,HAM_0005959,melanocytic_Nevi,train,train,2448
ISIC_0025059,HAM_0000450,melanocytic_Nevi,train,train,2449
ISIC_0025060,HAM_0004394,melanocytic_Nevi,train,train,2450
ISIC_0025061,HAM_0001265,melanocytic_Nevi,train,train,2451
ISIC_0025062,HAM_0001418,melanocytic_Nevi,train,train,2452
ISIC_0025063,HAM_0002985,benign_keratosis-like_lesions,test,train,882
ISIC_0025064,HAM_0006541,benign_keratosis-like_lesions,train,train,883
ISIC_0025065,HAM_0005273,melanocytic_Nevi,train,train,2453
ISIC_0025066,HAM_0002749,benign_keratosis-like_lesions,train,train,884
ISIC_0025067,HAM_0007432,melanocytic_Nevi,test,train,2454
ISIC_0025068,HAM_0000542,benign_keratosis-like_lesions,validation,train,885
ISIC_0025069,HAM_0006222,actinic_keratoses,train,train,28
ISIC_0025070,HAM_0002913,melanocytic_Nevi,train,train,2455
ISIC_0025071,HAM_0006986,melanocytic_Nevi,train,train,2456
ISIC_0025072,HAM_0006712,melanocytic_Nevi,train,train,2457
ISIC_0025073,HAM_0002217,melanocytic_Nevi,train,train,2458
ISIC_0025074,HAM_0000851,melanocytic_Nevi,train,validation,630
ISIC_0025075,HAM_0007563,benign_keratosis-like_lesions,test,train,886
ISIC_0025076,HAM_0007409,benign_keratosis-like_lesions,train,train,887
ISIC_0025077,HAM_0003456,melanocytic_Nevi,train,train,2459
ISIC_0025078,HAM_0001512,melanocytic_Nevi,test,train,2460
ISIC_0025079,HAM_0005103,melanocytic_Nevi,validation,train,2461
ISIC_0025080,HAM_0002277,melanocytic_Nevi,train,validation,631
ISIC_0025081,HAM_0001203,melanoma,train,train,8431
ISIC_0025082,HAM_0000158,melanocytic_Nevi,train,train,2462
ISIC_0025083,HAM_0003015,benign_keratosis-like_lesions,train,train,888
ISIC_0025084,HAM_0001522,melanocytic_Nevi,train,train,2463
ISIC_0025085,HAM_0000888,melanoma,train,train,8432
ISIC_0025086,HAM_0004050,benign_keratosis-like_lesions,train,train,889
ISIC_0025087,HAM_0004359,melanocytic_Nevi,train,train,2464
ISIC_0025088,HAM_0002423,melanocytic_Nevi,train,train,2465
ISIC_0025089,HAM_0002705,actinic_keratoses,validation,train,29
ISIC_0025090,HAM_0007258,melanocytic_Nevi,train,train,2466
ISIC_0025091,HAM_0000124,melanocytic_Nevi,test,train,2467
ISIC_0025092,HAM_0001984,melanocytic_Nevi,train,train,2468
ISIC_0025093,HAM_0003970,melanocytic_Nevi,train,train,2469
ISIC_0025094,HAM_0002067,melanocytic_Nevi,train,train,2470
ISIC_0025095,HAM_0006847,melanocytic_Nevi,train,train,2471
ISIC_0025096,HAM_0000182,melanocytic_Nevi,train,train,2472
ISIC_0025097,HAM_0000775,melanoma,train,train,8433
ISIC_0025098,HAM_0005337,melanocytic_Nevi,train,train,2473
ISIC_0025099,HAM_0004641,benign_keratosis-like_lesions,validation,train,890
ISIC_0025100,HAM_0000448,melanocytic_Nevi,test,train,2474
ISIC_0025101,HAM_0005712,melanocytic_Nevi,test,train,2475
ISIC_0025102,HAM_0007248,basal_cell_carcinoma,train,train,358
ISIC_0025103,HAM_0001529,benign_keratosis-like_lesions,train,train,891
ISIC_0025104,HAM_0007128,melanocytic_Nevi,validation,train,2476
ISIC_0025105,HAM_0006955,melanoma,validation,train,8434
ISIC_0025106,HAM_0000273,melanocytic_Nevi,test,train,2477
ISIC_0025107,HAM_0001887,melanocytic_Nevi,train,train,2478
ISIC_0025108,HAM_0007476,melanocytic_Nevi,train,train,2479
ISIC_0025109,HAM_0005031,melanocytic_Nevi,train,train,2480
ISIC_0025110,HAM_0001893,melanocytic_Nevi,train,train,2481
ISIC_0025111,HAM_0005819,melanocytic_Nevi,test,train,2482
ISIC_0025112,HAM_0005755,melanocytic_Nevi,train,train,2483
ISIC_0025113,HAM_0000149,benign_keratosis-like_lesions,train,train,892
ISIC_0025114,HAM_0003249,melanocytic_Nevi,train,validation,633
ISIC_0025115,HAM_0006995,melanocytic_Nevi,train,train,2484
ISIC_0025116,HAM_0004316,melanocytic_Nevi,train,train,2485
ISIC_0025117,HAM_0005880,melanocytic_Nevi,train,train,2486
ISIC_0025118,HAM_0004909,melanocytic_Nevi,validation,train,2487
ISIC_0025119,HAM_0002859,melanocytic_Nevi,train,train,2488
ISIC_0025120,HAM_0000551,melanocytic_Nevi,train,train,2489
ISIC_0025121,HAM_0004642,melanoma,train,train,8435
ISIC_0025122,HAM_0000057,melanocytic_Nevi,train,train,2490
ISIC_0025123,HAM_0001126,melanocytic_Nevi,validation,train,2491
ISIC_0025124,HAM_0004484,melanocytic_Nevi,train,train,2492
ISIC_0025125,HAM_0006338,melanocytic_Nevi,train,train,2493
ISIC_0025126,HAM_0002953,melanocytic_Nevi,train,train,2494
ISIC_0025127,HAM_0002436,melanoma,validation,train,8436
ISIC_0025128,HAM_0006899,melanoma,train,train,8437
ISIC_0025129,HAM_0006826,melanocytic_Nevi,train,train,2495
ISIC_0025130,HAM_0000718,actinic_keratoses,train,train,30
ISIC_0025131,HAM_0006124,benign_keratosis-like_lesions,train,train,893
ISIC_0025132,HAM_0000247,melanoma,train,train,8438
ISIC_0025133,HAM_0005319,melanocytic_Nevi,train,train,2496
ISIC_0025134,HAM_0000357,melanocytic_Nevi,train,train,2497
ISIC_0025135,HAM_0000530,melanocytic_Nevi,train,train,2498
ISIC_0025136,HAM_0000308,benign_keratosis-like_lesions,validation,train,894
ISIC_0025137,HAM_0004152,melanocytic_Nevi,test,train,2499
ISIC_0025138,HAM_0002174,melanocytic_Nevi,test,train,2500
ISIC_0025139,HAM_0007584,melanocytic_Nevi,train,train,2501
ISIC_0025140,HAM_0000907,benign_keratosis-like_lesions,train,train,895
ISIC_0025141,HAM_0006599,melanocytic_Nevi,train,train,2502
ISIC_0025142,HAM_0004163,melanocytic_Nevi,test,train,2503
ISIC_0025143,HAM_0000561,melanocytic_Nevi,train,train,2504
ISIC_0025144,HAM_0004831,basal_cell_carcinoma,test,train,359
ISIC_0025145,HAM_0002477,melanoma,train,train,8439
ISIC_0025146,HAM_0000228,melanocytic_Nevi,train,train,2505
ISIC_0025147,HAM_0004425,melanocytic_Nevi,validation,train,2506
ISIC_0025148,HAM_0002511,melanocytic_Nevi,validation,train,2507
ISIC_0025149,HAM_0000904,melanocytic_Nevi,train,train,2508
ISIC_0025150,HAM_0003482,melanocytic_Nevi,test,train,2509
ISIC_0025151,HAM_0007309,melanocytic_Nevi,train,train,2510
ISIC_0025152,HAM_0000044,melanocytic_Nevi,validation,train,2511
ISIC_0025153,HAM_0005381,melanoma,validation,train,8440
ISIC_0025154,HAM_0001177,dermatofibroma,train,train,1857
ISIC_0025155,HAM_0006521,melanoma,train,train,8441
ISIC_0025156,HAM_0002106,melanocytic_Nevi,train,train,2512
ISIC_0025157,HAM_0004491,benign_keratosis-like_lesions,train,train,896
ISIC_0025158,HAM_0007300,melanocytic_Nevi,test,train,2513
ISIC_0025159,HAM_0000283,melanocytic_Nevi,train,train,2514
ISIC_0025160,HAM_0000268,melanocytic_Nevi,test,train,2515
ISIC_0025161,HAM_0006715,melanocytic_Nevi,train,train,2516
ISIC_0025162,HAM_0003353,melanocytic_Nevi,validation,train,2517
ISIC_0025163,HAM_0002320,melanocytic_Nevi,validation,train,2518
ISIC_0025164,HAM_0005405,melanocytic_Nevi,validation,train,2519
ISIC_0025165,HAM_0003033,melanocytic_Nevi,train,train,2520
ISIC_0025166,HAM_0001689,melanocytic_Nevi,train,validation,643
ISIC_0025167,HAM_0005285,melanocytic_Nevi,train,train,2521
ISIC_0025168,HAM_0003035,melanocytic_Nevi,train,train,2522
ISIC_0025169,HAM_0002025,melanocytic_Nevi,train,train,2523
ISIC_0025170,HAM_0003113,melanocytic_Nevi,train,train,2524
ISIC_0025171,HAM_0005666,melanocytic_Nevi,train,train,2525
ISIC_0025172,HAM_0003305,melanocytic_Nevi,train,train,2526
ISIC_0025173,HAM_0000376,melanocytic_Nevi,train,train,2527
ISIC_0025174,HAM_0000817,melanocytic_Nevi,train,train,2528
ISIC_0025175,HAM_0002124,melanocytic_Nevi,test,train,2529
ISIC_0025176,HAM_0002864,melanocytic_Nevi,train,train,2530
ISIC_0025177,HAM_0001248,melanocytic_Nevi,train,train,2531
ISIC_0025178,HAM_0005282,actinic_keratoses,test,train,31
ISIC_0025179,HAM_0005762,melanocytic_Nevi,train,train,2532
ISIC_0025180,HAM_0003265,benign_keratosis-like_lesions,validation,train,897
ISIC_0025181,HAM_0001347,melanocytic_Nevi,train,train,2533
ISIC_0025182,HAM_0006213,actinic_keratoses,train,train,32
ISIC_0025183,HAM_0006383,melanocytic_Nevi,train,train,2534
ISIC_0025184,HAM_0007178,melanocytic_Nevi,train,train,2535
ISIC_0025185,HAM_0006971,melanocytic_Nevi,train,train,2536
ISIC_0025186,HAM_0002586,melanocytic_Nevi,train,train,2537
ISIC_0025187,HAM_0004335,melanocytic_Nevi,train,train,2538
ISIC_0025188,HAM_0002525,melanoma,train,train,8442
ISIC_0025189,HAM_0007185,melanocytic_Nevi,validation,train,2539
ISIC_0025190,HAM_0006096,melanocytic_Nevi,train,train,2540
ISIC_0025191,HAM_0001341,melanocytic_Nevi,train,train,2541
ISIC_0025192,HAM_0004982,melanocytic_Nevi,train,train,2542
ISIC_0025193,HAM_0006469,melanocytic_Nevi,train,train,2543
ISIC_0025194,HAM_0005512,melanocytic_Nevi,train,train,2544
ISIC_0025195,HAM_0006594,melanoma,train,train,8443
ISIC_0025196,HAM_0005924,actinic_keratoses,validation,train,33
ISIC_0025197,HAM_0000460,vascular_lesions,test,train,9451
ISIC_0025198,HAM_0006408,melanocytic_Nevi,test,train,2545
ISIC_0025199,HAM_0003206,benign_keratosis-like_lesions,train,train,898
ISIC_0025200,HAM_0002388,melanocytic_Nevi,train,train,2546
ISIC_0025201,HAM_0000377,melanocytic_Nevi,train,train,2547
ISIC_0025202,HAM_0007039,melanocytic_Nevi,train,train,2548
ISIC_0025203,HAM_0004048,melanocytic_Nevi,train,train,2549
ISIC_0025204,HAM_0000919,melanocytic_Nevi,validation,train,2550
ISIC_0025205,HAM_0007204,melanocytic_Nevi,train,train,2551
ISIC_0025206,HAM_0004395,melanocytic_Nevi,train,train,2552
ISIC_0025207,HAM_0007353,melanocytic_Nevi,validation,validation,654
ISIC_0025208,HAM_0000397,melanocytic_Nevi,train,train,2553
ISIC_0025209,HAM_0005132,benign_keratosis-like_lesions,validation,train,899
ISIC_0025210,HAM_0006478,melanocytic_Nevi,train,train,2554
ISIC_0025211,HAM_0003245,melanocytic_Nevi,test,train,2555
ISIC_0025212,HAM_0003474,melanocytic_Nevi,test,train,2556
ISIC_0025213,HAM_0003150,melanocytic_Nevi,train,train,2557
ISIC_0025214,HAM_0004356,melanocytic_Nevi,train,train,2558
ISIC_0025215,HAM_0006495,melanocytic_Nevi,train,train,2559
ISIC_0025216,HAM_0007549,melanocytic_Nevi,validation,train,2560
ISIC_0025217,HAM_0001664,melanocytic_Nevi,train,train,2561
ISIC_0025218,HAM_0003093,melanocytic_Nevi,test,train,2562
ISIC_0025219,HAM_0005588,melanoma,train,train,8444
ISIC_0025220,HAM_0006638,melanocytic_Nevi,train,train,2563
ISIC_0025221,HAM_0002294,melanocytic_Nevi,train,train,2564
ISIC_0025222,HAM_0000973,benign_keratosis-like_lesions,train,train,900
ISIC_0025223,HAM_0000827,dermatofibroma,validation,train,1858
ISIC_0025224,HAM_0000572,melanocytic_Nevi,train,train,2565
ISIC_0025225,HAM_0000284,melanocytic_Nevi,train,train,2566
ISIC_0025226,HAM_0004919,melanocytic_Nevi,validation,train,2567
ISIC_0025227,HAM_0004717,melanocytic_Nevi,train,train,2568
ISIC_0025228,HAM_0004892,melanocytic_Nevi,train,train,2569
ISIC_0025229,HAM_0000857,melanocytic_Nevi,train,validation,659
ISIC_0025230,HAM_0001966,melanocytic_Nevi,validation,train,2570
ISIC_0025231,HAM_0001817,melanocytic_Nevi,validation,train,2571
ISIC_0025232,HAM_0003588,melanocytic_Nevi,train,train,2572
ISIC_0025233,HAM_0003718,melanocytic_Nevi,train,train,2573
ISIC_0025234,HAM_0004739,melanoma,validation,train,8445
ISIC_0025235,HAM_0000534,melanoma,train,train,8446
ISIC_0025236,HAM_0004262,melanocytic_Nevi,train,train,2574
ISIC_0025237,HAM_0001701,melanocytic_Nevi,train,train,2575
ISIC_0025238,HAM_0004817,melanoma,test,train,8447
ISIC_0025239,HAM_0003462,melanocytic_Nevi,validation,train,2576
ISIC_0025240,HAM_0002348,melanocytic_Nevi,train,train,2577
ISIC_0025241,HAM_0002710,melanocytic_Nevi,validation,train,2578
ISIC_0025242,HAM_0002747,melanocytic_Nevi,train,train,2579
ISIC_0025243,HAM_0001933,melanocytic_Nevi,train,train,2580
ISIC_0025244,HAM_0000845,vascular_lesions,validation,train,9452
ISIC_0025245,HAM_0004020,melanocytic_Nevi,train,train,2581
ISIC_0025246,HAM_0001042,melanocytic_Nevi,test,train,2582
ISIC_0025247,HAM_0005231,actinic_keratoses,train,train,34
ISIC_0025248,HAM_0006196,melanoma,train,train,8448
ISIC_0025249,HAM_0002639,vascular_lesions,train,train,9453
ISIC_0025250,HAM_0004769,vascular_lesions,train,train,9454
ISIC_0025251,HAM_0000956,melanocytic_Nevi,train,train,2583
ISIC_0025252,HAM_0007239,melanocytic_Nevi,validation,train,2584
ISIC_0025253,HAM_0005365,melanocytic_Nevi,train,train,2585
ISIC_0025254,HAM_0006914,melanocytic_Nevi,train,train,2586
ISIC_0025255,HAM_0007142,melanocytic_Nevi,test,train,2587
ISIC_0025256,HAM_0006774,melanocytic_Nevi,train,train,2588
ISIC_0025257,HAM_0000639,melanocytic_Nevi,train,train,2589
ISIC_0025258,HAM_0006519,melanocytic_Nevi,train,train,2590
ISIC_0025259,HAM_0003306,melanocytic_Nevi,test,train,2591
ISIC_0025260,HAM_0001215,basal_cell_carcinoma,train,train,360
ISIC_0025261,HAM_0002796,melanocytic_Nevi,train,train,2592
ISIC_0025262,HAM_0005879,melanocytic_Nevi,train,train,2593
ISIC_0025263,HAM_0003705,melanocytic_Nevi,train,train,2594
ISIC_0025264,HAM_0007623,actinic_keratoses,train,train,35
ISIC_0025265,HAM_0002770,melanoma,train,train,8449
ISIC_0025266,HAM_0004300,basal_cell_carcinoma,validation,train,361
ISIC_0025267,HAM_0000626,melanocytic_Nevi,train,train,2595
ISIC_0025268,HAM_0003749,melanoma,train,train,8450
ISIC_0025269,HAM_0004155,melanocytic_Nevi,test,train,2596
ISIC_0025270,HAM_0004764,melanocytic_Nevi,train,train,2597
ISIC_0025271,HAM_0003430,melanocytic_Nevi,validation,test,346
ISIC_0025272,HAM_0004915,melanocytic_Nevi,train,train,2598
ISIC_0025273,HAM_0004840,melanocytic_Nevi,train,train,2599
ISIC_0025274,HAM_0001504,melanocytic_Nevi,train,train,2600
ISIC_0025275,HAM_0006123,benign_keratosis-like_lesions,train,train,901
ISIC_0025276,HAM_0001396,benign_keratosis-like_lesions,validation,train,902
ISIC_0025277,HAM_0002720,melanoma,train,train,8451
ISIC_0025278,HAM_0002795,melanocytic_Nevi,train,train,2601
ISIC_0025279,HAM_0000756,melanocytic_Nevi,validation,train,2602
ISIC_0025280,HAM_0001583,melanocytic_Nevi,train,train,2603
ISIC_0025281,HAM_0007416,melanocytic_Nevi,train,train,2604
ISIC_0025282,HAM_0003923,melanocytic_Nevi,train,train,2605
ISIC_0025283,HAM_0004693,melanocytic_Nevi,test,train,2606
ISIC_0025284,HAM_0003471,melanocytic_Nevi,train,validation,669
ISIC_0025285,HAM_0004084,basal_cell_carcinoma,train,train,362
ISIC_0025286,HAM_0000728,benign_keratosis-like_lesions,train,train,903
ISIC_0025287,HAM_0004965,melanocytic_Nevi,train,train,2607
ISIC_0025288,HAM_0007595,melanocytic_Nevi,train,train,2608
ISIC_0025289,HAM_0006110,melanocytic_Nevi,train,train,2609
ISIC_0025290,HAM_0001340,melanocytic_Nevi,train,train,2610
ISIC_0025291,HAM_0003616,melanocytic_Nevi,train,train,2611
ISIC_0025292,HAM_0004630,benign_keratosis-like_lesions,train,train,904
ISIC_0025293,HAM_0000885,melanocytic_Nevi,train,train,2612
ISIC_0025294,HAM_0006015,melanocytic_Nevi,test,train,2613
ISIC_0025295,HAM_0001230,melanocytic_Nevi,validation,train,2614
ISIC_0025296,HAM_0006862,melanocytic_Nevi,train,train,2615
ISIC_0025297,HAM_0007513,benign_keratosis-like_lesions,train,train,905
ISIC_0025298,HAM_0002815,melanocytic_Nevi,train,train,2616
ISIC_0025299,HAM_0007313,basal_cell_carcinoma,validation,train,363
ISIC_0025300,HAM_0006221,melanocytic_Nevi,train,train,2617
ISIC_0025301,HAM_0000987,basal_cell_carcinoma,train,train,364
ISIC_0025302,HAM_0007421,dermatofibroma,test,train,1859
ISIC_0025303,HAM_0003558,melanoma,train,train,8452
ISIC_0025304,HAM_0007149,melanocytic_Nevi,train,train,2618
ISIC_0025305,HAM_0001492,melanocytic_Nevi,train,train,2619
ISIC_0025306,HAM_0005271,melanocytic_Nevi,train,train,2620
ISIC_0025307,HAM_0002362,melanocytic_Nevi,train,train,2621
ISIC_0025308,HAM_0001821,melanocytic_Nevi,train,train,2622
ISIC_0025309,HAM_0003937,melanocytic_Nevi,train,train,2623
ISIC_0025310,HAM_0005017,melanocytic_Nevi,train,train,2624
ISIC_0025311,HAM_0001594,melanocytic_Nevi,train,train,2625
ISIC_0025312,HAM_0005610,benign_keratosis-like_lesions,train,train,906
ISIC_0025313,HAM_0001378,melanoma,train,train,8453
ISIC_0025314,HAM_0000757,dermatofibroma,validation,train,1860
ISIC_0025315,HAM_0007084,melanocytic_Nevi,train,train,2626
ISIC_0025316,HAM_0003761,melanoma,train,train,8454
ISIC_0025317,HAM_0004428,melanoma,train,train,8455
ISIC_0025318,HAM_0000760,melanocytic_Nevi,validation,test,349
ISIC_0025319,HAM_0003195,actinic_keratoses,train,train,36
ISIC_0025320,HAM_0006653,melanocytic_Nevi,validation,train,2627
ISIC_0025321,HAM_0005155,vascular_lesions,validation,train,9455
ISIC_0025322,HAM_0002666,basal_cell_carcinoma,validation,train,365
ISIC_0025323,HAM_0002798,melanocytic_Nevi,train,train,2628
ISIC_0025324,HAM_0004121,melanoma,train,train,8456
ISIC_0025325,HAM_0002561,melanocytic_Nevi,train,train,2629
ISIC_0025326,HAM_0003000,benign_keratosis-like_lesions,validation,validation,240
ISIC_0025327,HAM_0001971,melanocytic_Nevi,validation,train,2630
ISIC_0025328,HAM_0004834,melanocytic_Nevi,train,train,2631
ISIC_0025329,HAM_0001056,melanocytic_Nevi,train,train,2632
ISIC_0025330,HAM_0000453,benign_keratosis-like_lesions,test,train,907
ISIC_0025331,HAM_0001258,actinic_keratoses,train,train,37
ISIC_0025332,HAM_0001261,melanocytic_Nevi,train,train,2633
ISIC_0025333,HAM_0007515,melanocytic_Nevi,validation,train,2634
ISIC_0025334,HAM_0006557,melanocytic_Nevi,train,test,350
ISIC_0025335,HAM_0007356,melanocytic_Nevi,train,train,2635
ISIC_0025336,HAM_0007300,melanocytic_Nevi,test,validation,677
ISIC_0025337,HAM_0002988,benign_keratosis-like_lesions,train,train,908
ISIC_0025338,HAM_0002925,melanocytic_Nevi,train,train,2636
ISIC_0025339,HAM_0006755,benign_keratosis-like_lesions,train,train,909
ISIC_0025340,HAM_0006968,melanocytic_Nevi,train,train,2637
ISIC_0025341,HAM_0006352,melanocytic_Nevi,train,train,2638
ISIC_0025342,HAM_0005293,melanocytic_Nevi,train,train,2639
ISIC_0025343,HAM_0001476,melanocytic_Nevi,train,validation,680
ISIC_0025344,HAM_0000937,melanocytic_Nevi,train,train,2640
ISIC_0025345,HAM_0000893,benign_keratosis-like_lesions,train,train,910
ISIC_0025346,HAM_0000000,melanocytic_Nevi,train,train,2641
ISIC_0025347,HAM_0003776,melanocytic_Nevi,train,train,2642
ISIC_0025348,HAM_0002688,melanocytic_Nevi,train,train,2643
ISIC_0025349,HAM_0006139,melanocytic_Nevi,train,train,2644
ISIC_0025350,HAM_0005701,actinic_keratoses,train,train,38
ISIC_0025351,HAM_0007591,benign_keratosis-like_lesions,train,train,911
ISIC_0025352,HAM_0005159,melanocytic_Nevi,train,train,2645
ISIC_0025353,HAM_0003148,melanocytic_Nevi,test,train,2646
ISIC_0025354,HAM_0000126,melanocytic_Nevi,test,train,2647
ISIC_0025355,HAM_0003027,melanocytic_Nevi,train,train,2648
ISIC_0025356,HAM_0005320,melanocytic_Nevi,train,train,2649
ISIC_0025357,HAM_0005118,melanocytic_Nevi,train,train,2650
ISIC_0025358,HAM_0004398,actinic_keratoses,train,train,39
ISIC_0025359,HAM_0004517,melanocytic_Nevi,train,train,2651
ISIC_0025360,HAM_0002006,melanocytic_Nevi,test,train,2652
ISIC_0025361,HAM_0004901,melanocytic_Nevi,train,train,2653
ISIC_0025362,HAM_0002959,basal_cell_carcinoma,train,train,366
ISIC_0025363,HAM_0001796,melanoma,train,train,8457
ISIC_0025364,HAM_0000692,melanocytic_Nevi,test,train,2654
ISIC_0025365,HAM_0000532,melanocytic_Nevi,train,train,2655
ISIC_0025366,HAM_0002276,benign_keratosis-like_lesions,train,train,912
ISIC_0025367,HAM_0005859,melanocytic_Nevi,train,train,2656
ISIC_0025368,HAM_0004472,actinic_keratoses,train,train,40
ISIC_0025369,HAM_0004896,melanocytic_Nevi,train,train,2657
ISIC_0025370,HAM_0004869,melanocytic_Nevi,train,train,2658
ISIC_0025371,HAM_0002272,melanocytic_Nevi,test,train,2659
ISIC_0025372,HAM_0006120,melanocytic_Nevi,train,train,2660
ISIC_0025373,HAM_0007569,dermatofibroma,train,train,1861
ISIC_0025374,HAM_0006031,benign_keratosis-like_lesions,validation,train,913
ISIC_0025375,HAM_0007600,melanocytic_Nevi,train,train,2661
ISIC_0025376,HAM_0006580,benign_keratosis-like_lesions,train,train,914
ISIC_0025377,HAM_0007211,melanocytic_Nevi,train,train,2662
ISIC_0025378,HAM_0000835,benign_keratosis-like_lesions,train,train,915
ISIC_0025379,HAM_0000587,melanocytic_Nevi,train,train,2663
ISIC_0025380,HAM_0002967,melanocytic_Nevi,train,train,2664
ISIC_0025381,HAM_0002324,melanocytic_Nevi,train,train,2665
ISIC_0025382,HAM_0003793,melanocytic_Nevi,validation,train,2666
ISIC_0025383,HAM_0001907,basal_cell_carcinoma,train,train,367
ISIC_0025384,HAM_0002623,melanocytic_Nevi,test,train,2667
ISIC_0025385,HAM_0000596,melanocytic_Nevi,train,train,2668
ISIC_0025386,HAM_0003686,melanocytic_Nevi,train,train,2669
ISIC_0025387,HAM_0000792,benign_keratosis-like_lesions,train,train,916
ISIC_0025388,HAM_0003007,benign_keratosis-like_lesions,train,train,917
ISIC_0025389,HAM_0004921,benign_keratosis-like_lesions,train,train,918
ISIC_0025390,HAM_0001631,melanocytic_Nevi,train,train,2670
ISIC_0025391,HAM_0005535,melanoma,train,train,8458
ISIC_0025392,HAM_0002161,benign_keratosis-like_lesions,train,train,919
ISIC_0025393,HAM_0004358,melanocytic_Nevi,train,train,2671
ISIC_0025394,HAM_0003376,melanoma,test,train,8459
ISIC_0025395,HAM_0000371,melanocytic_Nevi,train,train,2672
ISIC_0025396,HAM_0000019,melanocytic_Nevi,train,train,2673
ISIC_0025397,HAM_0004402,melanocytic_Nevi,train,train,2674
ISIC_0025398,HAM_0007193,melanocytic_Nevi,train,train,2675
ISIC_0025399,HAM_0001992,melanocytic_Nevi,train,train,2676
ISIC_0025400,HAM_0005173,melanocytic_Nevi,train,train,2677
ISIC_0025401,HAM_0000842,melanocytic_Nevi,test,train,2678
ISIC_0025402,HAM_0002703,melanocytic_Nevi,train,train,2679
ISIC_0025403,HAM_0003589,melanocytic_Nevi,train,train,2680
ISIC_0025404,HAM_0000251,melanocytic_Nevi,validation,train,2681
ISIC_0025405,HAM_0007279,melanocytic_Nevi,train,train,2682
ISIC_0025406,HAM_0002073,melanocytic_Nevi,validation,train,2683
ISIC_0025407,HAM_0002226,melanocytic_Nevi,test,train,2684
ISIC_0025408,HAM_0000469,melanocytic_Nevi,train,train,2685
ISIC_0025409,HAM_0001877,melanoma,train,train,8460
ISIC_0025410,HAM_0005541,melanocytic_Nevi,train,train,2686
ISIC_0025411,HAM_0002158,actinic_keratoses,validation,train,41
ISIC_0025412,HAM_0005110,melanocytic_Nevi,train,train,2687
ISIC_0025413,HAM_0007054,melanoma,train,train,8461
ISIC_0025414,HAM_0002576,melanoma,train,train,8462
ISIC_0025415,HAM_0005619,melanocytic_Nevi,train,test,356
ISIC_0025416,HAM_0005683,melanocytic_Nevi,train,train,2688
ISIC_0025417,HAM_0002577,basal_cell_carcinoma,train,train,368
ISIC_0025418,HAM_0006571,melanocytic_Nevi,train,train,2689
ISIC_0025419,HAM_0007010,benign_keratosis-like_lesions,train,train,920
ISIC_0025420,HAM_0007537,melanocytic_Nevi,train,train,2690
ISIC_0025421,HAM_0000395,melanocytic_Nevi,validation,train,2691
ISIC_0025422,HAM_0002572,melanocytic_Nevi,train,train,2692
ISIC_0025423,HAM_0002229,melanocytic_Nevi,train,train,2693
ISIC_0025424,HAM_0006464,melanocytic_Nevi,test,train,2694
ISIC_0025425,HAM_0002787,vascular_lesions,validation,train,9456
ISIC_0025426,HAM_0006677,melanocytic_Nevi,train,train,2695
ISIC_0025427,HAM_0001416,actinic_keratoses,train,train,42
ISIC_0025428,HAM_0005339,melanocytic_Nevi,train,train,2696
ISIC_0025429,HAM_0007547,melanocytic_Nevi,validation,train,2697
ISIC_0025430,HAM_0002972,melanocytic_Nevi,train,train,2698
ISIC_0025431,HAM_0000607,benign_keratosis-like_lesions,validation,train,921
ISIC_0025432,HAM_0006920,melanocytic_Nevi,validation,train,2699
ISIC_0025433,HAM_0005410,basal_cell_carcinoma,train,train,369
ISIC_0025434,HAM_0001878,benign_keratosis-like_lesions,validation,train,922
ISIC_0025435,HAM_0002619,melanocytic_Nevi,train,train,2700
ISIC_0025436,HAM_0002556,melanocytic_Nevi,train,train,2701
ISIC_0025437,HAM_0007273,melanocytic_Nevi,validation,train,2702
ISIC_0025438,HAM_0003697,melanocytic_Nevi,train,train,2703
ISIC_0025439,HAM_0001214,melanoma,test,train,8463
ISIC_0025440,HAM_0007403,melanocytic_Nevi,train,train,2704
ISIC_0025441,HAM_0001198,melanocytic_Nevi,test,train,2705
ISIC_0025442,HAM_0002652,melanocytic_Nevi,train,train,2706
ISIC_0025443,HAM_0002497,melanocytic_Nevi,test,train,2707
ISIC_0025444,HAM_0000427,melanocytic_Nevi,train,train,2708
ISIC_0025445,HAM_0007536,melanocytic_Nevi,test,train,2709
ISIC_0025446,HAM_0002364,melanocytic_Nevi,train,train,2710
ISIC_0025447,HAM_0003248,melanocytic_Nevi,train,train,2711
ISIC_0025448,HAM_0003733,melanocytic_Nevi,train,train,2712
ISIC_0025449,HAM_0004482,melanocytic_Nevi,train,train,2713
ISIC_0025450,HAM_0003832,melanoma,test,train,8464
ISIC_0025451,HAM_0002143,melanoma,train,train,8465
ISIC_0025452,HAM_0004257,vascular_lesions,train,train,9457
ISIC_0025453,HAM_0006187,melanocytic_Nevi,test,train,2714
ISIC_0025454,HAM_0001423,benign_keratosis-like_lesions,test,train,923
ISIC_0025455,HAM_0002504,melanocytic_Nevi,train,train,2715
ISIC_0025456,HAM_0003158,melanocytic_Nevi,test,train,2716
ISIC_0025457,HAM_0002108,melanocytic_Nevi,test,train,2717
ISIC_0025458,HAM_0001604,melanocytic_Nevi,validation,train,2718
ISIC_0025459,HAM_0002727,melanocytic_Nevi,train,train,2719
ISIC_0025460,HAM_0006820,melanocytic_Nevi,train,train,2720
ISIC_0025461,HAM_0000852,melanocytic_Nevi,train,train,2721
ISIC_0025462,HAM_0000367,melanocytic_Nevi,validation,train,2722
ISIC_0025463,HAM_0007075,melanocytic_Nevi,train,train,2723
ISIC_0025464,HAM_0006704,melanocytic_Nevi,train,train,2724
ISIC_0025465,HAM_0003996,benign_keratosis-like_lesions,validation,train,924
ISIC_0025466,HAM_0001620,benign_keratosis-like_lesions,validation,train,925
ISIC_0025467,HAM_0006047,basal_cell_carcinoma,test,train,370
ISIC_0025468,HAM_0001939,melanocytic_Nevi,train,train,2725
ISIC_0025469,HAM_0005319,melanocytic_Nevi,train,train,2726
ISIC_0025470,HAM_0005632,benign_keratosis-like_lesions,train,train,926
ISIC_0025471,HAM_0001967,actinic_keratoses,train,train,43
ISIC_0025472,HAM_0000433,melanoma,test,train,8466
ISIC_0025473,HAM_0002726,melanocytic_Nevi,train,train,2727
ISIC_0025474,HAM_0004271,melanocytic_Nevi,test,train,2728
ISIC_0025475,HAM_0003196,melanocytic_Nevi,train,train,2729
ISIC_0025476,HAM_0006052,melanocytic_Nevi,train,train,2730
ISIC_0025477,HAM_0003125,melanocytic_Nevi,validation,train,2731
ISIC_0025478,HAM_0005499,melanocytic_Nevi,test,train,2732
ISIC_0025479,HAM_0005220,melanocytic_Nevi,train,train,2733
ISIC_0025480,HAM_0006990,melanocytic_Nevi,validation,train,2734
ISIC_0025481,HAM_0001909,melanocytic_Nevi,train,train,2735
ISIC_0025482,HAM_0000328,melanocytic_Nevi,train,train,2736
ISIC_0025483,HAM_0007170,melanocytic_Nevi,train,train,2737
ISIC_0025484,HAM_0000215,benign_keratosis-like_lesions,train,train,927
ISIC_0025485,HAM_0005260,benign_keratosis-like_lesions,train,train,928
ISIC_0025486,HAM_0006784,melanocytic_Nevi,train,train,2738
ISIC_0025487,HAM_0005690,melanocytic_Nevi,test,train,2739
ISIC_0025488,HAM_0002295,melanocytic_Nevi,test,train,2740
ISIC_0025489,HAM_0002770,melanoma,train,train,8467
ISIC_0025490,HAM_0001840,melanocytic_Nevi,validation,train,2741
ISIC_0025491,HAM_0006608,melanocytic_Nevi,test,train,2742
ISIC_0025492,HAM_0005631,melanocytic_Nevi,train,train,2743
ISIC_0025493,HAM_0000614,melanocytic_Nevi,train,train,2744
ISIC_0025494,HAM_0000677,melanocytic_Nevi,train,train,2745
ISIC_0025495,HAM_0001275,melanocytic_Nevi,validation,train,2746
ISIC_0025496,HAM_0002996,melanocytic_Nevi,train,train,2747
ISIC_0025497,HAM_0007006,melanocytic_Nevi,validation,train,2748
ISIC_0025498,HAM_0003518,melanocytic_Nevi,train,train,2749
ISIC_0025499,HAM_0005696,melanocytic_Nevi,train,train,2750
ISIC_0025500,HAM_0004047,melanoma,train,train,8468
ISIC_0025501,HAM_0003483,melanocytic_Nevi,test,train,2751
ISIC_0025502,HAM_0002125,melanocytic_Nevi,validation,train,2752
ISIC_0025503,HAM_0005423,melanocytic_Nevi,train,train,2753
ISIC_0025504,HAM_0004317,dermatofibroma,train,validation,485
ISIC_0025505,HAM_0000836,melanocytic_Nevi,train,train,2754
ISIC_0025506,HAM_0005393,melanocytic_Nevi,train,train,2755
ISIC_0025507,HAM_0006190,benign_keratosis-like_lesions,train,train,929
ISIC_0025508,HAM_0000705,melanocytic_Nevi,train,train,2756
ISIC_0025509,HAM_0002269,basal_cell_carcinoma,train,train,371
ISIC_0025510,HAM_0002092,benign_keratosis-like_lesions,train,train,930
ISIC_0025511,HAM_0002979,melanocytic_Nevi,train,train,2757
ISIC_0025512,HAM_0001986,melanoma,test,train,8469
ISIC_0025513,HAM_0001907,basal_cell_carcinoma,train,train,372
ISIC_0025514,HAM_0006791,melanocytic_Nevi,train,train,2758
ISIC_0025515,HAM_0001781,benign_keratosis-like_lesions,test,train,931
ISIC_0025516,HAM_0001512,melanocytic_Nevi,test,train,2759
ISIC_0025517,HAM_0005848,melanocytic_Nevi,train,train,2760
ISIC_0025518,HAM_0003698,melanocytic_Nevi,train,train,2761
ISIC_0025519,HAM_0006211,benign_keratosis-like_lesions,train,train,932
ISIC_0025520,HAM_0005600,melanoma,train,train,8470
ISIC_0025521,HAM_0004969,melanocytic_Nevi,train,train,2762
ISIC_0025522,HAM_0000454,melanocytic_Nevi,train,train,2763
ISIC_0025523,HAM_0002725,melanocytic_Nevi,train,train,2764
ISIC_0025524,HAM_0004642,melanoma,train,train,8471
ISIC_0025525,HAM_0004260,melanocytic_Nevi,train,train,2765
ISIC_0025526,HAM_0003187,benign_keratosis-like_lesions,train,train,933
ISIC_0025527,HAM_0001500,melanocytic_Nevi,train,train,2766
ISIC_0025528,HAM_0005597,melanocytic_Nevi,validation,train,2767
ISIC_0025529,HAM_0000898,benign_keratosis-like_lesions,train,train,934
ISIC_0025530,HAM_0002313,basal_cell_carcinoma,train,train,373
ISIC_0025531,HAM_0004767,melanoma,train,train,8472
ISIC_0025532,HAM_0000438,melanocytic_Nevi,train,train,2768
ISIC_0025533,HAM_0004836,melanocytic_Nevi,train,train,2769
ISIC_0025534,HAM_0000163,melanocytic_Nevi,train,validation,709
ISIC_0025535,HAM_0001268,melanocytic_Nevi,train,train,2770
ISIC_0025536,HAM_0005035,melanocytic_Nevi,test,train,2771
ISIC_0025537,HAM_0007257,melanocytic_Nevi,train,train,2772
ISIC_0025538,HAM_0000661,melanocytic_Nevi,train,train,2773
ISIC_0025539,HAM_0000967,actinic_keratoses,train,train,44
ISIC_0025540,HAM_0001083,melanocytic_Nevi,train,train,2774
ISIC_0025541,HAM_0005880,melanocytic_Nevi,train,train,2775
ISIC_0025542,HAM_0006685,melanocytic_Nevi,train,train,2776
ISIC_0025543,HAM_0005735,melanoma,train,train,8473
ISIC_0025544,HAM_0001420,melanocytic_Nevi,test,train,2777
ISIC_0025545,HAM_0000751,melanocytic_Nevi,train,train,2778
ISIC_0025546,HAM_0007498,melanoma,train,train,8474
ISIC_0025547,HAM_0003299,melanocytic_Nevi,test,train,2779
ISIC_0025548,HAM_0003326,benign_keratosis-like_lesions,train,train,935
ISIC_0025549,HAM_0005128,melanocytic_Nevi,train,train,2780
ISIC_0025550,HAM_0006899,melanoma,train,train,8475
ISIC_0025551,HAM_0003022,melanocytic_Nevi,train,train,2781
ISIC_0025552,HAM_0000218,melanocytic_Nevi,train,train,2782
ISIC_0025553,HAM_0003619,melanocytic_Nevi,train,train,2783
ISIC_0025554,HAM_0000907,benign_keratosis-like_lesions,train,train,936
ISIC_0025555,HAM_0003951,melanocytic_Nevi,train,train,2784
ISIC_0025556,HAM_0005311,melanocytic_Nevi,validation,train,2785
ISIC_0025557,HAM_0001900,basal_cell_carcinoma,validation,train,374
ISIC_0025558,HAM_0004933,melanocytic_Nevi,train,train,2786
ISIC_0025559,HAM_0002354,melanocytic_Nevi,train,validation,714
ISIC_0025560,HAM_0003894,melanocytic_Nevi,train,train,2787
ISIC_0025561,HAM_0000739,melanocytic_Nevi,test,validation,715
ISIC_0025562,HAM_0001313,melanocytic_Nevi,train,train,2788
ISIC_0025563,HAM_0006086,melanocytic_Nevi,validation,validation,716
ISIC_0025564,HAM_0004161,basal_cell_carcinoma,train,train,375
ISIC_0025565,HAM_0003153,melanocytic_Nevi,train,train,2789
ISIC_0025566,HAM_0006117,melanocytic_Nevi,train,train,2790
ISIC_0025567,HAM_0006574,benign_keratosis-like_lesions,test,train,937
ISIC_0025568,HAM_0005162,melanocytic_Nevi,test,train,2791
ISIC_0025569,HAM_0003009,melanocytic_Nevi,test,train,2792
ISIC_0025570,HAM_0003985,melanocytic_Nevi,validation,train,2793
ISIC_0025571,HAM_0002888,melanocytic_Nevi,test,train,2794
ISIC_0025572,HAM_0003268,melanocytic_Nevi,train,train,2795
ISIC_0025573,HAM_0004936,melanoma,train,train,8476
ISIC_0025574,HAM_0005583,melanocytic_Nevi,validation,train,2796
ISIC_0025575,HAM_0001245,benign_keratosis-like_lesions,train,train,938
ISIC_0025576,HAM_0006115,basal_cell_carcinoma,test,train,376
ISIC_0025577,HAM_0000005,actinic_keratoses,train,train,45
ISIC_0025578,HAM_0002218,vascular_lesions,train,train,9458
ISIC_0025579,HAM_0005894,melanocytic_Nevi,train,train,2797
ISIC_0025580,HAM_0002938,melanocytic_Nevi,train,train,2798
ISIC_0025581,HAM_0006358,melanocytic_Nevi,train,train,2799
ISIC_0025582,HAM_0007423,melanocytic_Nevi,train,train,2800
ISIC_0025583,HAM_0004131,benign_keratosis-like_lesions,test,train,939
ISIC_0025584,HAM_0000791,basal_cell_carcinoma,train,train,377
ISIC_0025585,HAM_0000576,melanocytic_Nevi,train,train,2801
ISIC_0025586,HAM_0004498,melanocytic_Nevi,train,train,2802
ISIC_0025587,HAM_0007510,melanocytic_Nevi,test,train,2803
ISIC_0025588,HAM_0002207,melanocytic_Nevi,train,train,2804
ISIC_0025589,HAM_0004397,melanoma,train,train,8477
ISIC_0025590,HAM_0006819,melanocytic_Nevi,train,train,2805
ISIC_0025591,HAM_0006446,melanocytic_Nevi,train,train,2806
ISIC_0025592,HAM_0001105,melanoma,train,train,8478
ISIC_0025593,HAM_0001957,melanocytic_Nevi,validation,train,2807
ISIC_0025594,HAM_0005983,dermatofibroma,train,train,1862
ISIC_0025595,HAM_0000192,melanocytic_Nevi,test,train,2808
ISIC_0025596,HAM_0005938,vascular_lesions,train,train,9459
ISIC_0025597,HAM_0000284,melanocytic_Nevi,train,train,2809
ISIC_0025598,HAM_0004986,melanocytic_Nevi,train,validation,723
ISIC_0025599,HAM_0004765,vascular_lesions,validation,train,9460
ISIC_0025600,HAM_0000189,basal_cell_carcinoma,train,train,378
ISIC_0025601,HAM_0001528,basal_cell_carcinoma,train,train,379
ISIC_0025602,HAM_0006402,melanocytic_Nevi,train,train,2810
ISIC_0025603,HAM_0004579,melanoma,validation,train,8479
ISIC_0025604,HAM_0004903,melanocytic_Nevi,train,train,2811
ISIC_0025605,HAM_0007047,actinic_keratoses,train,train,46
ISIC_0025606,HAM_0005376,vascular_lesions,train,train,9461
ISIC_0025607,HAM_0004757,melanocytic_Nevi,train,train,2812
ISIC_0025608,HAM_0003624,melanocytic_Nevi,train,test,373
ISIC_0025609,HAM_0005906,melanocytic_Nevi,train,train,2813
ISIC_0025610,HAM_0003308,melanocytic_Nevi,test,validation,726
ISIC_0025611,HAM_0001953,melanoma,train,train,8480
ISIC_0025612,HAM_0002177,vascular_lesions,validation,train,9462
ISIC_0025613,HAM_0000446,melanocytic_Nevi,test,train,2814
ISIC_0025614,HAM_0002089,melanocytic_Nevi,train,train,2815
ISIC_0025615,HAM_0006568,melanocytic_Nevi,validation,train,2816
ISIC_0025616,HAM_0007031,melanoma,test,train,8481
ISIC_0025617,HAM_0004539,basal_cell_carcinoma,train,validation,93
ISIC_0025618,HAM_0001612,melanocytic_Nevi,train,train,2817
ISIC_0025619,HAM_0000801,melanocytic_Nevi,train,train,2818
ISIC_0025620,HAM_0001818,melanocytic_Nevi,train,train,2819
ISIC_0025621,HAM_0006439,melanocytic_Nevi,train,train,2820
ISIC_0025622,HAM_0005362,dermatofibroma,validation,train,1863
ISIC_0025623,HAM_0000821,benign_keratosis-like_lesions,train,train,940
ISIC_0025624,HAM_0006783,melanocytic_Nevi,train,train,2821
ISIC_0025625,HAM_0004497,melanocytic_Nevi,train,train,2822
ISIC_0025626,HAM_0007177,melanocytic_Nevi,test,train,2823
ISIC_0025627,HAM_0005335,benign_keratosis-like_lesions,validation,train,941
ISIC_0025628,HAM_0005475,vascular_lesions,train,train,9463
ISIC_0025629,HAM_0002977,melanocytic_Nevi,validation,train,2824
ISIC_0025630,HAM_0002017,basal_cell_carcinoma,train,train,380
ISIC_0025631,HAM_0006312,melanocytic_Nevi,train,train,2825
ISIC_0025632,HAM_0004223,melanocytic_Nevi,train,train,2826
ISIC_0025633,HAM_0000783,melanocytic_Nevi,train,train,2827
ISIC_0025634,HAM_0004135,melanocytic_Nevi,train,train,2828
ISIC_0025635,HAM_0004639,melanocytic_Nevi,train,train,2829
ISIC_0025636,HAM_0001579,melanocytic_Nevi,train,train,2830
ISIC_0025637,HAM_0001460,actinic_keratoses,test,train,47
ISIC_0025638,HAM_0007003,melanocytic_Nevi,validation,train,2831
ISIC_0025639,HAM_0004647,melanocytic_Nevi,train,validation,733
ISIC_0025640,HAM_0000014,melanocytic_Nevi,train,train,2832
ISIC_0025641,HAM_0003468,melanocytic_Nevi,train,train,2833
ISIC_0025642,HAM_0007409,benign_keratosis-like_lesions,train,train,942
ISIC_0025643,HAM_0000156,melanocytic_Nevi,test,train,2834
ISIC_0025644,HAM_0004536,basal_cell_carcinoma,train,train,381
ISIC_0025645,HAM_0002543,melanocytic_Nevi,train,train,2835
ISIC_0025646,HAM_0005988,melanocytic_Nevi,train,train,2836
ISIC_0025647,HAM_0002798,melanocytic_Nevi,train,train,2837
ISIC_0025648,HAM_0004298,melanocytic_Nevi,validation,train,2838
ISIC_0025649,HAM_0005269,melanocytic_Nevi,train,train,2839
ISIC_0025650,HAM_0002312,basal_cell_carcinoma,train,train,382
ISIC_0025651,HAM_0000075,melanoma,train,train,8482
ISIC_0025652,HAM_0003965,melanocytic_Nevi,train,train,2840
ISIC_0025653,HAM_0005347,melanocytic_Nevi,train,train,2841
ISIC_0025654,HAM_0002742,benign_keratosis-like_lesions,train,train,943
ISIC_0025655,HAM_0000759,melanocytic_Nevi,validation,train,2842
ISIC_0025656,HAM_0005915,benign_keratosis-like_lesions,validation,train,944
ISIC_0025657,HAM_0006730,melanocytic_Nevi,train,train,2843
ISIC_0025658,HAM_0000941,melanocytic_Nevi,train,train,2844
ISIC_0025659,HAM_0004988,benign_keratosis-like_lesions,train,train,945
ISIC_0025660,HAM_0001952,melanocytic_Nevi,train,train,2845
ISIC_0025661,HAM_0002730,benign_keratosis-like_lesions,train,train,946
ISIC_0025662,HAM_0001525,melanocytic_Nevi,train,train,2846
ISIC_0025663,HAM_0006171,melanoma,train,train,8483
ISIC_0025664,HAM_0004619,melanocytic_Nevi,train,train,2847
ISIC_0025665,HAM_0002661,melanocytic_Nevi,test,train,2848
ISIC_0025666,HAM_0005882,melanocytic_Nevi,train,train,2849
ISIC_0025667,HAM_0000762,melanocytic_Nevi,train,train,2850
ISIC_0025668,HAM_0007051,dermatofibroma,test,train,1864
ISIC_0025669,HAM_0003860,melanocytic_Nevi,train,train,2851
ISIC_0025670,HAM_0002332,melanocytic_Nevi,train,train,2852
ISIC_0025671,HAM_0004783,melanocytic_Nevi,train,train,2853
ISIC_0025672,HAM_0007123,melanocytic_Nevi,validation,train,2854
ISIC_0025673,HAM_0005089,melanocytic_Nevi,train,train,2855
ISIC_0025674,HAM_0000531,melanoma,train,train,8484
ISIC_0025675,HAM_0000557,melanocytic_Nevi,train,train,2856
ISIC_0025676,HAM_0004082,melanocytic_Nevi,train,train,2857
ISIC_0025677,HAM_0004097,vascular_lesions,test,validation,2462
ISIC_0025678,HAM_0006836,melanocytic_Nevi,train,train,2858
ISIC_0025679,HAM_0003695,melanocytic_Nevi,train,train,2859
ISIC_0025680,HAM_0000415,vascular_lesions,train,train,9464
ISIC_0025681,HAM_0007228,melanocytic_Nevi,train,train,2860
ISIC_0025682,HAM_0004812,melanocytic_Nevi,train,validation,739
ISIC_0025683,HAM_0000391,melanocytic_Nevi,test,train,2861
ISIC_0025684,HAM_0006941,melanocytic_Nevi,validation,train,2862
ISIC_0025685,HAM_0003029,melanocytic_Nevi,train,train,2863
ISIC_0025686,HAM_0002146,melanocytic_Nevi,validation,train,2864
ISIC_0025687,HAM_0002097,melanocytic_Nevi,train,train,2865
ISIC_0025688,HAM_0007612,melanocytic_Nevi,train,train,2866
ISIC_0025689,HAM_0006629,melanocytic_Nevi,train,train,2867
ISIC_0025690,HAM_0007282,melanocytic_Nevi,train,train,2868
ISIC_0025691,HAM_0000065,basal_cell_carcinoma,train,train,383
ISIC_0025692,HAM_0007378,melanocytic_Nevi,validation,train,2869
ISIC_0025693,HAM_0002879,benign_keratosis-like_lesions,train,train,947
ISIC_0025694,HAM_0007057,melanocytic_Nevi,validation,train,2870
ISIC_0025695,HAM_0003667,melanocytic_Nevi,train,train,2871
ISIC_0025696,HAM_0002472,actinic_keratoses,train,train,48
ISIC_0025697,HAM_0003459,melanocytic_Nevi,train,train,2872
ISIC_0025698,HAM_0002654,melanocytic_Nevi,train,train,2873
ISIC_0025699,HAM_0005082,benign_keratosis-like_lesions,train,train,948
ISIC_0025700,HAM_0005058,basal_cell_carcinoma,train,train,384
ISIC_0025701,HAM_0000359,melanocytic_Nevi,train,train,2874
ISIC_0025702,HAM_0006347,melanocytic_Nevi,validation,train,2875
ISIC_0025703,HAM_0000110,benign_keratosis-like_lesions,train,train,949
ISIC_0025704,HAM_0001253,melanocytic_Nevi,train,train,2876
ISIC_0025705,HAM_0004961,melanocytic_Nevi,train,train,2877
ISIC_0025706,HAM_0003138,melanocytic_Nevi,train,train,2878
ISIC_0025707,HAM_0006796,vascular_lesions,validation,train,9465
ISIC_0025708,HAM_0006593,melanoma,train,train,8485
ISIC_0025709,HAM_0003102,melanoma,validation,train,8486
ISIC_0025710,HAM_0001529,benign_keratosis-like_lesions,train,train,950
ISIC_0025711,HAM_0005501,basal_cell_carcinoma,train,train,385
ISIC_0025712,HAM_0005117,actinic_keratoses,train,train,49
ISIC_0025713,HAM_0003178,melanocytic_Nevi,validation,train,2879
ISIC_0025714,HAM_0000458,melanocytic_Nevi,validation,train,2880
ISIC_0025715,HAM_0007111,melanocytic_Nevi,validation,train,2881
ISIC_0025716,HAM_0001200,benign_keratosis-like_lesions,train,train,951
ISIC_0025717,HAM_0007461,melanocytic_Nevi,train,train,2882
ISIC_0025718,HAM_0001884,basal_cell_carcinoma,train,train,386
ISIC_0025719,HAM_0000833,benign_keratosis-like_lesions,train,train,952
ISIC_0025720,HAM_0004464,melanocytic_Nevi,train,train,2883
ISIC_0025721,HAM_0001963,melanocytic_Nevi,train,train,2884
ISIC_0025722,HAM_0001590,melanocytic_Nevi,train,train,2885
ISIC_0025723,HAM_0005552,melanocytic_Nevi,train,train,2886
ISIC_0025724,HAM_0003520,melanoma,validation,train,8487
ISIC_0025725,HAM_0000056,melanocytic_Nevi,train,train,2887
ISIC_0025726,HAM_0001120,melanocytic_Nevi,train,train,2888
ISIC_0025727,HAM_0000130,melanocytic_Nevi,train,train,2889
ISIC_0025728,HAM_0003921,melanocytic_Nevi,train,train,2890
ISIC_0025729,HAM_0003609,melanocytic_Nevi,train,train,2891
ISIC_0025730,HAM_0007374,melanocytic_Nevi,train,train,2892
ISIC_0025731,HAM_0003981,basal_cell_carcinoma,train,train,387
ISIC_0025732,HAM_0001976,melanoma,validation,validation,2219
ISIC_0025733,HAM_0006509,melanocytic_Nevi,train,train,2893
ISIC_0025734,HAM_0003099,melanocytic_Nevi,train,train,2894
ISIC_0025735,HAM_0002349,melanocytic_Nevi,train,train,2895
ISIC_0025736,HAM_0004948,melanocytic_Nevi,train,train,2896
ISIC_0025737,HAM_0000091,melanocytic_Nevi,train,train,2897
ISIC_0025738,HAM_0004378,melanocytic_Nevi,test,train,2898
ISIC_0025739,HAM_0002036,melanocytic_Nevi,train,train,2899
ISIC_0025740,HAM_0001308,melanocytic_Nevi,train,train,2900
ISIC_0025741,HAM_0005732,melanocytic_Nevi,train,train,2901
ISIC_0025742,HAM_0003723,melanocytic_Nevi,train,train,2902
ISIC_0025743,HAM_0004382,benign_keratosis-like_lesions,train,train,953
ISIC_0025744,HAM_0006453,melanoma,train,train,8488
ISIC_0025745,HAM_0005444,melanocytic_Nevi,train,train,2903
ISIC_0025746,HAM_0005591,benign_keratosis-like_lesions,train,train,954
ISIC_0025747,HAM_0006911,melanocytic_Nevi,train,train,2904
ISIC_0025748,HAM_0002752,melanoma,test,train,8489
ISIC_0025749,HAM_0007294,melanocytic_Nevi,test,train,2905
ISIC_0025750,HAM_0007056,melanocytic_Nevi,train,train,2906
ISIC_0025751,HAM_0000814,melanoma,validation,train,8490
ISIC_0025752,HAM_0005435,basal_cell_carcinoma,train,train,388
ISIC_0025753,HAM_0004912,benign_keratosis-like_lesions,train,train,955
ISIC_0025754,HAM_0006797,melanocytic_Nevi,train,train,2907
ISIC_0025755,HAM_0003095,melanoma,train,train,8491
ISIC_0025756,HAM_0000608,melanocytic_Nevi,train,train,2908
ISIC_0025757,HAM_0000695,melanocytic_Nevi,train,train,2909
ISIC_0025758,HAM_0005443,benign_keratosis-like_lesions,validation,train,956
ISIC_0025759,HAM_0000014,melanocytic_Nevi,train,train,2910
ISIC_0025760,HAM_0007015,melanocytic_Nevi,train,train,2911
ISIC_0025761,HAM_0006073,melanocytic_Nevi,test,train,2912
ISIC_0025762,HAM_0005189,melanocytic_Nevi,train,train,2913
ISIC_0025763,HAM_0007508,melanocytic_Nevi,train,train,2914
ISIC_0025764,HAM_0003270,melanocytic_Nevi,train,train,2915
ISIC_0025765,HAM_0006781,melanocytic_Nevi,validation,train,2916
ISIC_0025766,HAM_0003869,melanoma,test,train,8492
ISIC_0025767,HAM_0001949,benign_keratosis-like_lesions,test,train,957
ISIC_0025768,HAM_0002512,melanocytic_Nevi,train,validation,749
ISIC_0025769,HAM_0001943,melanocytic_Nevi,test,train,2917
ISIC_0025770,HAM_0004913,melanocytic_Nevi,validation,train,2918
ISIC_0025771,HAM_0001841,dermatofibroma,train,train,1865
ISIC_0025772,HAM_0004633,melanocytic_Nevi,train,train,2919
ISIC_0025773,HAM_0002709,melanocytic_Nevi,train,train,2920
ISIC_0025774,HAM_0002233,melanocytic_Nevi,train,train,2921
ISIC_0025775,HAM_0004516,melanocytic_Nevi,train,train,2922
ISIC_0025776,HAM_0003785,melanocytic_Nevi,train,train,2923
ISIC_0025777,HAM_0002827,benign_keratosis-like_lesions,train,train,958
ISIC_0025778,HAM_0000609,melanocytic_Nevi,train,train,2924
ISIC_0025779,HAM_0000960,melanocytic_Nevi,train,train,2925
ISIC_0025780,HAM_0006587,actinic_keratoses,train,train,50
ISIC_0025781,HAM_0005728,benign_keratosis-like_lesions,train,train,959
ISIC_0025782,HAM_0003276,melanocytic_Nevi,train,train,2926
ISIC_0025783,HAM_0000417,melanoma,train,train,8493
ISIC_0025784,HAM_0003652,melanocytic_Nevi,train,train,2927
ISIC_0025785,HAM_0005110,melanocytic_Nevi,train,train,2928
ISIC_0025786,HAM_0004260,melanocytic_Nevi,train,train,2929
ISIC_0025787,HAM_0004469,melanocytic_Nevi,train,train,2930
ISIC_0025788,HAM_0003591,melanocytic_Nevi,train,train,2931
ISIC_0025789,HAM_0007249,melanocytic_Nevi,train,train,2932
ISIC_0025790,HAM_0001004,actinic_keratoses,train,train,51
ISIC_0025791,HAM_0006223,melanoma,train,train,8494
ISIC_0025792,HAM_0001634,melanocytic_Nevi,train,train,2933
ISIC_0025793,HAM_0004603,basal_cell_carcinoma,validation,train,389
ISIC_0025794,HAM_0001810,melanocytic_Nevi,train,train,2934
ISIC_0025795,HAM_0000054,melanocytic_Nevi,train,train,2935
ISIC_0025796,HAM_0002830,melanocytic_Nevi,validation,train,2936
ISIC_0025797,HAM_0001698,melanocytic_Nevi,train,train,2937
ISIC_0025798,HAM_0006881,melanocytic_Nevi,test,train,2938
ISIC_0025799,HAM_0004531,benign_keratosis-like_lesions,train,train,960
ISIC_0025800,HAM_0004021,melanoma,train,train,8495
ISIC_0025801,HAM_0004132,melanocytic_Nevi,train,train,2939
ISIC_0025802,HAM_0001199,melanocytic_Nevi,train,train,2940
ISIC_0025803,HAM_0005024,actinic_keratoses,train,train,52
ISIC_0025804,HAM_0001443,benign_keratosis-like_lesions,train,train,961
ISIC_0025805,HAM_0004691,benign_keratosis-like_lesions,train,train,962
ISIC_0025806,HAM_0003948,melanocytic_Nevi,test,train,2941
ISIC_0025807,HAM_0003771,vascular_lesions,train,train,9466
ISIC_0025808,HAM_0002261,actinic_keratoses,train,train,53
ISIC_0025809,HAM_0004663,melanocytic_Nevi,train,train,2942
ISIC_0025810,HAM_0003559,benign_keratosis-like_lesions,train,train,963
ISIC_0025811,HAM_0005255,actinic_keratoses,train,train,54
ISIC_0025812,HAM_0001767,melanocytic_Nevi,train,train,2943
ISIC_0025813,HAM_0001915,melanocytic_Nevi,train,train,2944
ISIC_0025814,HAM_0002194,melanoma,train,train,8496
ISIC_0025815,HAM_0005036,melanocytic_Nevi,test,train,2945
ISIC_0025816,HAM_0007122,melanocytic_Nevi,train,train,2946
ISIC_0025817,HAM_0002542,melanocytic_Nevi,train,train,2947
ISIC_0025818,HAM_0004621,basal_cell_carcinoma,train,train,390
ISIC_0025819,HAM_0002299,benign_keratosis-like_lesions,train,train,964
ISIC_0025820,HAM_0000177,melanocytic_Nevi,test,train,2948
ISIC_0025821,HAM_0002528,melanocytic_Nevi,validation,train,2949
ISIC_0025822,HAM_0004404,melanocytic_Nevi,train,train,2950
ISIC_0025823,HAM_0007425,melanocytic_Nevi,train,train,2951
ISIC_0025824,HAM_0001331,basal_cell_carcinoma,validation,train,391
ISIC_0025825,HAM_0002232,actinic_keratoses,train,train,55
ISIC_0025826,HAM_0005585,basal_cell_carcinoma,validation,train,392
ISIC_0025827,HAM_0005799,melanocytic_Nevi,train,train,2952
ISIC_0025828,HAM_0006515,melanocytic_Nevi,test,train,2953
ISIC_0025829,HAM_0000409,melanocytic_Nevi,test,train,2954
ISIC_0025830,HAM_0007232,benign_keratosis-like_lesions,train,train,965
ISIC_0025831,HAM_0004012,actinic_keratoses,train,train,56
ISIC_0025832,HAM_0003172,melanoma,train,train,8497
ISIC_0025833,HAM_0003131,melanocytic_Nevi,validation,train,2955
ISIC_0025834,HAM_0006837,melanocytic_Nevi,train,train,2956
ISIC_0025835,HAM_0001456,melanoma,validation,train,8498
ISIC_0025836,HAM_0000380,melanocytic_Nevi,test,train,2957
ISIC_0025837,HAM_0005132,benign_keratosis-like_lesions,validation,train,966
ISIC_0025838,HAM_0001362,benign_keratosis-like_lesions,train,validation,254
ISIC_0025839,HAM_0003385,melanocytic_Nevi,train,train,2958
ISIC_0025840,HAM_0000618,melanocytic_Nevi,test,train,2959
ISIC_0025841,HAM_0001210,melanocytic_Nevi,validation,train,2960
ISIC_0025842,HAM_0004274,benign_keratosis-like_lesions,train,train,967
ISIC_0025843,HAM_0004098,melanocytic_Nevi,train,train,2961
ISIC_0025844,HAM_0006840,melanocytic_Nevi,train,train,2962
ISIC_0025845,HAM_0005868,melanocytic_Nevi,train,train,2963
ISIC_0025846,HAM_0001077,melanocytic_Nevi,train,train,2964
ISIC_0025847,HAM_0005609,melanocytic_Nevi,train,train,2965
ISIC_0025848,HAM_0002310,melanocytic_Nevi,train,train,2966
ISIC_0025849,HAM_0001153,melanocytic_Nevi,train,train,2967
ISIC_0025850,HAM_0005611,melanocytic_Nevi,train,train,2968
ISIC_0025851,HAM_0005845,benign_keratosis-like_lesions,train,train,968
ISIC_0025852,HAM_0001403,melanocytic_Nevi,train,train,2969
ISIC_0025853,HAM_0003897,melanocytic_Nevi,train,train,2970
ISIC_0025854,HAM_0000360,melanocytic_Nevi,test,train,2971
ISIC_0025855,HAM_0001279,melanocytic_Nevi,train,train,2972
ISIC_0025856,HAM_0003165,benign_keratosis-like_lesions,train,test,130
ISIC_0025857,HAM_0002091,melanocytic_Nevi,train,train,2973
ISIC_0025858,HAM_0007473,melanocytic_Nevi,train,train,2974
ISIC_0025859,HAM_0002837,melanocytic_Nevi,train,train,2975
ISIC_0025860,HAM_0002726,melanocytic_Nevi,train,train,2976
ISIC_0025861,HAM_0006917,melanocytic_Nevi,train,train,2977
ISIC_0025862,HAM_0003515,melanocytic_Nevi,train,train,2978
ISIC_0025863,HAM_0004156,melanocytic_Nevi,validation,train,2979
ISIC_0025864,HAM_0005630,melanocytic_Nevi,train,train,2980
ISIC_0025865,HAM_0005160,melanocytic_Nevi,test,train,2981
ISIC_0025866,HAM_0001882,melanocytic_Nevi,train,train,2982
ISIC_0025867,HAM_0007220,benign_keratosis-like_lesions,test,train,969
ISIC_0025868,HAM_0003251,melanocytic_Nevi,train,train,2983
ISIC_0025869,HAM_0007356,melanocytic_Nevi,train,train,2984
ISIC_0025870,HAM_0007606,melanocytic_Nevi,validation,train,2985
ISIC_0025871,HAM_0003904,melanocytic_Nevi,train,train,2986
ISIC_0025872,HAM_0004973,melanocytic_Nevi,train,train,2987
ISIC_0025873,HAM_0006501,vascular_lesions,validation,train,9467
ISIC_0025874,HAM_0003689,benign_keratosis-like_lesions,train,train,970
ISIC_0025875,HAM_0000722,melanocytic_Nevi,train,train,2988
ISIC_0025876,HAM_0002957,benign_keratosis-like_lesions,train,train,971
ISIC_0025877,HAM_0005123,melanocytic_Nevi,test,train,2989
ISIC_0025878,HAM_0001231,melanocytic_Nevi,train,train,2990
ISIC_0025879,HAM_0004289,benign_keratosis-like_lesions,train,train,972
ISIC_0025880,HAM_0005744,melanocytic_Nevi,train,train,2991
ISIC_0025881,HAM_0002571,melanocytic_Nevi,train,train,2992
ISIC_0025882,HAM_0000978,melanocytic_Nevi,train,train,2993
ISIC_0025883,HAM_0007607,benign_keratosis-like_lesions,test,train,973
ISIC_0025884,HAM_0001999,melanocytic_Nevi,train,train,2994
ISIC_0025885,HAM_0000582,benign_keratosis-like_lesions,train,train,974
ISIC_0025886,HAM_0006741,melanocytic_Nevi,test,train,2995
ISIC_0025887,HAM_0006390,melanocytic_Nevi,train,train,2996
ISIC_0025888,HAM_0000584,melanocytic_Nevi,train,train,2997
ISIC_0025889,HAM_0002801,melanocytic_Nevi,test,train,2998
ISIC_0025890,HAM_0000646,melanocytic_Nevi,train,train,2999
ISIC_0025891,HAM_0001600,melanoma,train,train,8499
ISIC_0025892,HAM_0002754,melanocytic_Nevi,train,train,3000
ISIC_0025893,HAM_0007156,melanocytic_Nevi,train,train,3001
ISIC_0025894,HAM_0000017,melanocytic_Nevi,test,train,3002
ISIC_0025895,HAM_0000478,melanocytic_Nevi,train,train,3003
ISIC_0025896,HAM_0005922,melanocytic_Nevi,validation,train,3004
ISIC_0025897,HAM_0003539,melanocytic_Nevi,validation,train,3005
ISIC_0025898,HAM_0002332,melanocytic_Nevi,train,train,3006
ISIC_0025899,HAM_0001552,melanocytic_Nevi,validation,train,3007
ISIC_0025900,HAM_0000943,melanocytic_Nevi,train,train,3008
ISIC_0025901,HAM_0005562,melanocytic_Nevi,train,train,3009
ISIC_0025902,HAM_0005966,melanocytic_Nevi,train,train,3010
ISIC_0025903,HAM_0002129,dermatofibroma,test,train,1866
ISIC_0025904,HAM_0006908,melanoma,test,validation,2225
ISIC_0025905,HAM_0004138,melanocytic_Nevi,train,train,3011
ISIC_0025906,HAM_0007179,benign_keratosis-like_lesions,train,train,975
ISIC_0025907,HAM_0002658,melanocytic_Nevi,train,train,3012
ISIC_0025908,HAM_0003785,melanocytic_Nevi,train,train,3013
ISIC_0025909,HAM_0006856,melanocytic_Nevi,train,train,3014
ISIC_0025910,HAM_0000235,melanocytic_Nevi,train,train,3015
ISIC_0025911,HAM_0004648,dermatofibroma,train,train,1867
ISIC_0025912,HAM_0007449,melanocytic_Nevi,test,train,3016
ISIC_0025913,HAM_0003409,melanocytic_Nevi,test,train,3017
ISIC_0025914,HAM_0006962,melanocytic_Nevi,validation,train,3018
ISIC_0025915,HAM_0001601,benign_keratosis-like_lesions,train,train,976
ISIC_0025916,HAM_0002382,melanocytic_Nevi,train,train,3019
ISIC_0025917,HAM_0003500,melanocytic_Nevi,train,train,3020
ISIC_0025918,HAM_0003078,melanocytic_Nevi,train,train,3021
ISIC_0025919,HAM_0001085,melanocytic_Nevi,train,train,3022
ISIC_0025920,HAM_0007194,melanocytic_Nevi,train,train,3023
ISIC_0025921,HAM_0007099,melanocytic_Nevi,train,train,3024
ISIC_0025922,HAM_0002473,melanocytic_Nevi,train,train,3025
ISIC_0025923,HAM_0005370,melanocytic_Nevi,train,train,3026
ISIC_0025924,HAM_0006748,vascular_lesions,test,train,9468
ISIC_0025925,HAM_0000803,melanocytic_Nevi,train,train,3027
ISIC_0025926,HAM_0005854,melanocytic_Nevi,train,train,3028
ISIC_0025927,HAM_0002557,melanoma,validation,train,8500
ISIC_0025928,HAM_0005606,benign_keratosis-like_lesions,train,train,977
ISIC_0025929,HAM_0005195,melanocytic_Nevi,train,train,3029
ISIC_0025930,HAM_0000154,melanocytic_Nevi,train,train,3030
ISIC_0025931,HAM_0001407,melanocytic_Nevi,train,train,3031
ISIC_0025932,HAM_0007262,basal_cell_carcinoma,train,train,393
ISIC_0025933,HAM_0006095,melanocytic_Nevi,train,train,3032
ISIC_0025934,HAM_0006395,melanocytic_Nevi,test,train,3033
ISIC_0025935,HAM_0006029,melanocytic_Nevi,test,train,3034
ISIC_0025936,HAM_0000889,melanocytic_Nevi,train,train,3035
ISIC_0025937,HAM_0004884,benign_keratosis-like_lesions,train,train,978
ISIC_0025938,HAM_0000904,melanocytic_Nevi,train,train,3036
ISIC_0025939,HAM_0006622,benign_keratosis-like_lesions,train,train,979
ISIC_0025940,HAM_0001503,basal_cell_carcinoma,train,train,394
ISIC_0025941,HAM_0003171,melanoma,train,train,8501
ISIC_0025942,HAM_0000302,melanocytic_Nevi,train,train,3037
ISIC_0025943,HAM_0005162,melanocytic_Nevi,test,validation,770
ISIC_0025944,HAM_0005634,melanocytic_Nevi,test,train,3038
ISIC_0025945,HAM_0003833,melanocytic_Nevi,train,train,3039
ISIC_0025946,HAM_0002411,melanocytic_Nevi,train,train,3040
ISIC_0025947,HAM_0007060,melanocytic_Nevi,train,train,3041
ISIC_0025948,HAM_0002672,actinic_keratoses,train,train,57
ISIC_0025949,HAM_0005050,melanocytic_Nevi,train,train,3042
ISIC_0025950,HAM_0007477,melanocytic_Nevi,test,train,3043
ISIC_0025951,HAM_0002200,melanocytic_Nevi,train,train,3044
ISIC_0025952,HAM_0004678,melanocytic_Nevi,train,train,3045
ISIC_0025953,HAM_0002461,actinic_keratoses,train,train,58
ISIC_0025954,HAM_0002706,dermatofibroma,train,validation,488
ISIC_0025955,HAM_0005481,melanoma,train,train,8502
ISIC_0025956,HAM_0000741,melanocytic_Nevi,train,train,3046
ISIC_0025957,HAM_0007047,actinic_keratoses,train,train,59
ISIC_0025958,HAM_0005609,melanocytic_Nevi,train,train,3047
ISIC_0025959,HAM_0000947,melanocytic_Nevi,train,train,3048
ISIC_0025960,HAM_0002142,melanocytic_Nevi,train,train,3049
ISIC_0025961,HAM_0007290,melanocytic_Nevi,train,train,3050
ISIC_0025962,HAM_0006297,melanocytic_Nevi,train,train,3051
ISIC_0025963,HAM_0004642,melanoma,train,train,8503
ISIC_0025964,HAM_0000871,melanoma,train,train,8504
ISIC_0025965,HAM_0005210,melanocytic_Nevi,train,train,3052
ISIC_0025966,HAM_0001553,melanocytic_Nevi,test,train,3053
ISIC_0025967,HAM_0004518,melanocytic_Nevi,train,train,3054
ISIC_0025968,HAM_0007490,melanocytic_Nevi,train,train,3055
ISIC_0025969,HAM_0004369,melanocytic_Nevi,test,train,3056
ISIC_0025970,HAM_0003033,melanocytic_Nevi,train,train,3057
ISIC_0025971,HAM_0000504,basal_cell_carcinoma,train,train,395
ISIC_0025972,HAM_0007164,melanocytic_Nevi,train,train,3058
ISIC_0025973,HAM_0003943,benign_keratosis-like_lesions,test,train,980
ISIC_0025974,HAM_0001770,melanocytic_Nevi,test,train,3059
ISIC_0025975,HAM_0005835,basal_cell_carcinoma,train,train,396
ISIC_0025976,HAM_0000565,melanocytic_Nevi,test,train,3060
ISIC_0025977,HAM_0001225,melanocytic_Nevi,test,train,3061
ISIC_0025978,HAM_0000523,melanocytic_Nevi,validation,train,3062
ISIC_0025979,HAM_0003470,melanocytic_Nevi,train,train,3063
ISIC_0025980,HAM_0005529,dermatofibroma,train,train,1868
ISIC_0025981,HAM_0007499,melanocytic_Nevi,validation,train,3064
ISIC_0025982,HAM_0002839,benign_keratosis-like_lesions,train,train,981
ISIC_0025983,HAM_0004025,melanocytic_Nevi,train,train,3065
ISIC_0025984,HAM_0004234,benign_keratosis-like_lesions,train,train,982
ISIC_0025985,HAM_0004545,benign_keratosis-like_lesions,train,train,983
ISIC_0025986,HAM_0006123,benign_keratosis-like_lesions,train,train,984
ISIC_0025987,HAM_0002824,melanoma,train,train,8505
ISIC_0025988,HAM_0001242,melanocytic_Nevi,train,train,3066
ISIC_0025989,HAM_0003033,melanocytic_Nevi,train,train,3067
ISIC_0025990,HAM_0000609,melanocytic_Nevi,train,train,3068
ISIC_0025991,HAM_0000595,melanocytic_Nevi,validation,train,3069
ISIC_0025992,HAM_0005480,actinic_keratoses,validation,train,60
ISIC_0025993,HAM_0005232,melanocytic_Nevi,validation,train,3070
ISIC_0025994,HAM_0006655,melanocytic_Nevi,test,train,3071
ISIC_0025995,HAM_0000914,melanocytic_Nevi,train,train,3072
ISIC_0025996,HAM_0003990,melanoma,test,train,8506
ISIC_0025997,HAM_0001256,melanocytic_Nevi,train,train,3073
ISIC_0025998,HAM_0000370,melanocytic_Nevi,train,train,3074
ISIC_0025999,HAM_0005286,melanocytic_Nevi,validation,train,3075
ISIC_0026000,HAM_0003071,melanocytic_Nevi,train,train,3076
ISIC_0026001,HAM_0004907,melanocytic_Nevi,validation,train,3077
ISIC_0026002,HAM_0007371,melanocytic_Nevi,train,train,3078
ISIC_0026003,HAM_0000951,melanocytic_Nevi,test,train,3079
ISIC_0026004,HAM_0006479,melanocytic_Nevi,test,train,3080
ISIC_0026005,HAM_0003889,melanocytic_Nevi,train,train,3081
ISIC_0026006,HAM_0003583,melanocytic_Nevi,train,train,3082
ISIC_0026007,HAM_0003931,melanocytic_Nevi,train,train,3083
ISIC_0026008,HAM_0001934,melanocytic_Nevi,validation,train,3084
ISIC_0026009,HAM_0000952,melanoma,train,train,8507
ISIC_0026010,HAM_0004916,melanocytic_Nevi,train,train,3085
ISIC_0026011,HAM_0004513,melanocytic_Nevi,validation,train,3086
ISIC_0026012,HAM_0000028,melanocytic_Nevi,train,train,3087
ISIC_0026013,HAM_0004671,melanocytic_Nevi,train,train,3088
ISIC_0026014,HAM_0002882,actinic_keratoses,validation,train,61
ISIC_0026015,HAM_0002350,benign_keratosis-like_lesions,train,train,985
ISIC_0026016,HAM_0003789,benign_keratosis-like_lesions,train,train,986
ISIC_0026017,HAM_0004095,melanocytic_Nevi,test,train,3089
ISIC_0026018,HAM_0005883,benign_keratosis-like_lesions,test,train,987
ISIC_0026019,HAM_0001768,melanocytic_Nevi,train,train,3090
ISIC_0026020,HAM_0001550,melanocytic_Nevi,train,train,3091
ISIC_0026021,HAM_0004013,melanocytic_Nevi,test,train,3092
ISIC_0026022,HAM_0006725,melanocytic_Nevi,train,train,3093
ISIC_0026023,HAM_0000815,melanocytic_Nevi,validation,train,3094
ISIC_0026024,HAM_0000666,melanocytic_Nevi,train,train,3095
ISIC_0026025,HAM_0002396,melanocytic_Nevi,train,train,3096
ISIC_0026026,HAM_0004492,melanocytic_Nevi,validation,train,3097
ISIC_0026027,HAM_0000509,melanocytic_Nevi,validation,train,3098
ISIC_0026028,HAM_0004133,melanocytic_Nevi,train,train,3099
ISIC_0026029,HAM_0004225,melanocytic_Nevi,train,train,3100
ISIC_0026030,HAM_0003580,melanocytic_Nevi,train,train,3101
ISIC_0026031,HAM_0003261,melanocytic_Nevi,train,train,3102
ISIC_0026032,HAM_0006370,melanocytic_Nevi,train,train,3103
ISIC_0026033,HAM_0003319,melanocytic_Nevi,train,train,3104
ISIC_0026034,HAM_0002103,melanocytic_Nevi,train,train,3105
ISIC_0026035,HAM_0001043,melanocytic_Nevi,train,train,3106
ISIC_0026036,HAM_0003038,melanocytic_Nevi,test,train,3107
ISIC_0026037,HAM_0006756,melanocytic_Nevi,train,train,3108
ISIC_0026038,HAM_0000724,melanocytic_Nevi,validation,train,3109
ISIC_0026039,HAM_0000797,melanocytic_Nevi,train,train,3110
ISIC_0026040,HAM_0006252,actinic_keratoses,train,train,62
ISIC_0026041,HAM_0001072,melanocytic_Nevi,train,train,3111
ISIC_0026042,HAM_0007000,benign_keratosis-like_lesions,train,validation,257
ISIC_0026043,HAM_0000362,melanocytic_Nevi,test,train,3112
ISIC_0026044,HAM_0006945,benign_keratosis-like_lesions,test,train,988
ISIC_0026045,HAM_0005909,melanoma,train,train,8508
ISIC_0026046,HAM_0002190,benign_keratosis-like_lesions,train,train,989
ISIC_0026047,HAM_0001208,melanocytic_Nevi,train,train,3113
ISIC_0026048,HAM_0002271,melanocytic_Nevi,train,train,3114
ISIC_0026049,HAM_0000773,melanocytic_Nevi,train,train,3115
ISIC_0026050,HAM_0005473,melanocytic_Nevi,validation,train,3116
ISIC_0026051,HAM_0005813,melanocytic_Nevi,train,train,3117
ISIC_0026052,HAM_0005770,melanocytic_Nevi,train,train,3118
ISIC_0026053,HAM_0001319,melanocytic_Nevi,test,train,3119
ISIC_0026054,HAM_0002943,melanocytic_Nevi,validation,train,3120
ISIC_0026055,HAM_0006605,melanocytic_Nevi,train,train,3121
ISIC_0026056,HAM_0005304,basal_cell_carcinoma,train,train,397
ISIC_0026057,HAM_0000038,melanocytic_Nevi,test,train,3122
ISIC_0026058,HAM_0007361,melanocytic_Nevi,train,train,3123
ISIC_0026059,HAM_0006970,melanocytic_Nevi,validation,train,3124
ISIC_0026060,HAM_0005891,benign_keratosis-like_lesions,train,train,990
ISIC_0026061,HAM_0001973,melanocytic_Nevi,train,train,3125
ISIC_0026062,HAM_0000625,melanocytic_Nevi,test,train,3126
ISIC_0026063,HAM_0003139,melanocytic_Nevi,train,train,3127
ISIC_0026064,HAM_0003714,melanocytic_Nevi,train,train,3128
ISIC_0026065,HAM_0004554,melanocytic_Nevi,train,train,3129
ISIC_0026066,HAM_0001599,melanocytic_Nevi,train,train,3130
ISIC_0026067,HAM_0000431,melanocytic_Nevi,train,train,3131
ISIC_0026068,HAM_0004413,vascular_lesions,train,train,9469
ISIC_0026069,HAM_0000524,benign_keratosis-like_lesions,train,train,991
ISIC_0026070,HAM_0002268,benign_keratosis-like_lesions,train,train,992
ISIC_0026071,HAM_0001190,melanocytic_Nevi,train,train,3132
ISIC_0026072,HAM_0006622,benign_keratosis-like_lesions,train,train,993
ISIC_0026073,HAM_0002751,melanocytic_Nevi,validation,train,3133
ISIC_0026074,HAM_0000968,basal_cell_carcinoma,test,train,398
ISIC_0026075,HAM_0004134,melanocytic_Nevi,validation,train,3134
ISIC_0026076,HAM_0001361,melanocytic_Nevi,train,train,3135
ISIC_0026077,HAM_0005592,melanocytic_Nevi,train,train,3136
ISIC_0026078,HAM_0005108,melanocytic_Nevi,train,train,3137
ISIC_0026079,HAM_0004683,melanocytic_Nevi,train,train,3138
ISIC_0026080,HAM_0004762,melanocytic_Nevi,train,train,3139
ISIC_0026081,HAM_0000337,melanoma,train,train,8509
ISIC_0026082,HAM_0002379,melanocytic_Nevi,train,train,3140
ISIC_0026083,HAM_0000552,actinic_keratoses,train,train,63
ISIC_0026084,HAM_0005879,melanocytic_Nevi,train,train,3141
ISIC_0026085,HAM_0001858,benign_keratosis-like_lesions,test,train,994
ISIC_0026086,HAM_0005403,melanoma,test,train,8510
ISIC_0026087,HAM_0002378,melanocytic_Nevi,train,train,3142
ISIC_0026088,HAM_0002958,melanocytic_Nevi,train,train,3143
ISIC_0026089,HAM_0002196,melanoma,train,train,8511
ISIC_0026090,HAM_0004084,basal_cell_carcinoma,train,train,399
ISIC_0026091,HAM_0006572,basal_cell_carcinoma,test,train,400
ISIC_0026092,HAM_0002914,vascular_lesions,train,train,9470
ISIC_0026093,HAM_0004704,melanocytic_Nevi,train,train,3144
ISIC_0026094,HAM_0006696,melanoma,validation,train,8512
ISIC_0026095,HAM_0002297,melanocytic_Nevi,train,train,3145
ISIC_0026096,HAM_0006543,melanocytic_Nevi,train,train,3146
ISIC_0026097,HAM_0003419,melanocytic_Nevi,train,validation,797
ISIC_0026098,HAM_0000921,melanocytic_Nevi,train,train,3147
ISIC_0026099,HAM_0000634,melanocytic_Nevi,train,train,3148
ISIC_0026100,HAM_0000954,actinic_keratoses,train,train,64
ISIC_0026101,HAM_0003698,melanocytic_Nevi,train,train,3149
ISIC_0026102,HAM_0006841,melanocytic_Nevi,test,train,3150
ISIC_0026103,HAM_0000039,melanocytic_Nevi,train,validation,799
ISIC_0026104,HAM_0004569,benign_keratosis-like_lesions,train,train,995
ISIC_0026105,HAM_0003172,melanoma,train,train,8513
ISIC_0026106,HAM_0001669,melanocytic_Nevi,test,train,3151
ISIC_0026107,HAM_0003265,benign_keratosis-like_lesions,validation,train,996
ISIC_0026108,HAM_0003159,melanocytic_Nevi,train,train,3152
ISIC_0026109,HAM_0007503,melanocytic_Nevi,validation,train,3153
ISIC_0026110,HAM_0003295,melanocytic_Nevi,train,train,3154
ISIC_0026111,HAM_0000374,melanocytic_Nevi,validation,train,3155
ISIC_0026112,HAM_0000301,melanocytic_Nevi,test,train,3156
ISIC_0026113,HAM_0002714,melanoma,train,train,8514
ISIC_0026114,HAM_0006375,melanocytic_Nevi,train,train,3157
ISIC_0026115,HAM_0004910,melanoma,validation,train,8515
ISIC_0026116,HAM_0002855,melanocytic_Nevi,validation,train,3158
ISIC_0026117,HAM_0005984,basal_cell_carcinoma,test,train,401
ISIC_0026118,HAM_0007627,basal_cell_carcinoma,test,train,402
ISIC_0026119,HAM_0005827,melanocytic_Nevi,train,train,3159
ISIC_0026120,HAM_0007310,melanoma,test,train,8516
ISIC_0026121,HAM_0002415,melanocytic_Nevi,test,train,3160
ISIC_0026122,HAM_0000666,melanocytic_Nevi,train,train,3161
ISIC_0026123,HAM_0003491,melanocytic_Nevi,train,train,3162
ISIC_0026124,HAM_0003078,melanocytic_Nevi,train,train,3163
ISIC_0026125,HAM_0000861,melanocytic_Nevi,train,train,3164
ISIC_0026126,HAM_0000025,melanocytic_Nevi,train,train,3165
ISIC_0026127,HAM_0000199,melanocytic_Nevi,test,train,3166
ISIC_0026128,HAM_0006033,melanocytic_Nevi,train,train,3167
ISIC_0026129,HAM_0001035,melanocytic_Nevi,train,train,3168
ISIC_0026130,HAM_0005144,melanocytic_Nevi,validation,train,3169
ISIC_0026131,HAM_0006171,melanoma,train,train,8517
ISIC_0026132,HAM_0004992,actinic_keratoses,test,train,65
ISIC_0026133,HAM_0004833,melanocytic_Nevi,train,train,3170
ISIC_0026134,HAM_0007119,melanocytic_Nevi,train,train,3171
ISIC_0026135,HAM_0006772,benign_keratosis-like_lesions,train,train,997
ISIC_0026136,HAM_0003145,melanocytic_Nevi,train,train,3172
ISIC_0026137,HAM_0006669,melanocytic_Nevi,test,train,3173
ISIC_0026138,HAM_0005027,actinic_keratoses,train,validation,19
ISIC_0026139,HAM_0002809,benign_keratosis-like_lesions,train,train,998
ISIC_0026140,HAM_0002973,melanocytic_Nevi,train,train,3174
ISIC_0026141,HAM_0003525,melanocytic_Nevi,train,train,3175
ISIC_0026142,HAM_0006945,benign_keratosis-like_lesions,test,train,999
ISIC_0026143,HAM_0002776,melanocytic_Nevi,train,train,3176
ISIC_0026144,HAM_0000023,melanocytic_Nevi,train,train,3177
ISIC_0026145,HAM_0005326,melanocytic_Nevi,train,train,3178
ISIC_0026146,HAM_0006888,melanocytic_Nevi,test,train,3179
ISIC_0026147,HAM_0006983,melanocytic_Nevi,train,train,3180
ISIC_0026148,HAM_0002975,melanocytic_Nevi,validation,train,3181
ISIC_0026149,HAM_0005480,actinic_keratoses,validation,train,66
ISIC_0026150,HAM_0004607,melanoma,validation,train,8518
ISIC_0026151,HAM_0003932,melanocytic_Nevi,train,train,3182
ISIC_0026152,HAM_0000549,actinic_keratoses,train,train,67
ISIC_0026153,HAM_0002957,benign_keratosis-like_lesions,train,train,1000
ISIC_0026154,HAM_0006658,basal_cell_carcinoma,test,train,403
ISIC_0026155,HAM_0002458,melanocytic_Nevi,train,train,3183
ISIC_0026156,HAM_0005068,basal_cell_carcinoma,test,train,404
ISIC_0026157,HAM_0000787,melanocytic_Nevi,train,train,3184
ISIC_0026158,HAM_0003448,melanoma,validation,train,8519
ISIC_0026159,HAM_0004491,benign_keratosis-like_lesions,train,train,1001
ISIC_0026160,HAM_0001639,melanocytic_Nevi,test,train,3185
ISIC_0026161,HAM_0007407,melanocytic_Nevi,test,train,3186
ISIC_0026162,HAM_0005525,melanocytic_Nevi,train,train,3187
ISIC_0026163,HAM_0003771,vascular_lesions,train,train,9471
ISIC_0026164,HAM_0002872,melanocytic_Nevi,validation,train,3188
ISIC_0026165,HAM_0005950,melanocytic_Nevi,train,train,3189
ISIC_0026166,HAM_0000562,melanocytic_Nevi,train,train,3190
ISIC_0026167,HAM_0003400,melanoma,train,train,8520
ISIC_0026168,HAM_0002013,melanocytic_Nevi,train,train,3191
ISIC_0026169,HAM_0006785,melanocytic_Nevi,test,train,3192
ISIC_0026170,HAM_0001010,melanocytic_Nevi,validation,train,3193
ISIC_0026171,HAM_0000356,actinic_keratoses,train,train,68
ISIC_0026172,HAM_0003255,melanocytic_Nevi,validation,train,3194
ISIC_0026173,HAM_0004130,melanocytic_Nevi,train,train,3195
ISIC_0026174,HAM_0006009,benign_keratosis-like_lesions,train,train,1002
ISIC_0026175,HAM_0006953,melanocytic_Nevi,train,train,3196
ISIC_0026176,HAM_0002223,melanocytic_Nevi,train,train,3197
ISIC_0026177,HAM_0006583,melanocytic_Nevi,train,train,3198
ISIC_0026178,HAM_0007349,actinic_keratoses,train,train,69
ISIC_0026179,HAM_0003523,melanocytic_Nevi,test,train,3199
ISIC_0026180,HAM_0000755,melanocytic_Nevi,validation,train,3200
ISIC_0026181,HAM_0001560,melanocytic_Nevi,train,train,3201
ISIC_0026182,HAM_0001265,melanocytic_Nevi,train,train,3202
ISIC_0026183,HAM_0000732,melanocytic_Nevi,train,train,3203
ISIC_0026184,HAM_0002524,melanocytic_Nevi,test,train,3204
ISIC_0026185,HAM_0001897,melanocytic_Nevi,validation,train,3205
ISIC_0026186,HAM_0002106,melanocytic_Nevi,train,validation,815
ISIC_0026187,HAM_0003258,melanocytic_Nevi,train,train,3206
ISIC_0026188,HAM_0001409,melanoma,train,train,8521
ISIC_0026189,HAM_0000926,melanocytic_Nevi,test,train,3207
ISIC_0026190,HAM_0002571,melanocytic_Nevi,train,train,3208
ISIC_0026191,HAM_0003084,melanocytic_Nevi,train,train,3209
ISIC_0026192,HAM_0002611,basal_cell_carcinoma,train,validation,102
ISIC_0026193,HAM_0006419,melanocytic_Nevi,test,train,3210
ISIC_0026194,HAM_0003910,actinic_keratoses,train,train,70
ISIC_0026195,HAM_0002384,melanocytic_Nevi,validation,train,3211
ISIC_0026196,HAM_0006632,melanocytic_Nevi,test,train,3212
ISIC_0026197,HAM_0003678,melanocytic_Nevi,train,train,3213
ISIC_0026198,HAM_0004729,melanocytic_Nevi,test,train,3214
ISIC_0026199,HAM_0001880,melanocytic_Nevi,test,train,3215
ISIC_0026200,HAM_0007198,melanocytic_Nevi,train,train,3216
ISIC_0026201,HAM_0001339,melanocytic_Nevi,train,train,3217
ISIC_0026202,HAM_0006219,melanocytic_Nevi,train,train,3218
ISIC_0026203,HAM_0003895,actinic_keratoses,train,train,71
ISIC_0026204,HAM_0000670,melanocytic_Nevi,train,train,3219
ISIC_0026205,HAM_0006912,benign_keratosis-like_lesions,train,train,1003
ISIC_0026206,HAM_0000490,actinic_keratoses,test,train,72
ISIC_0026207,HAM_0002696,melanoma,test,train,8522
ISIC_0026208,HAM_0007201,melanocytic_Nevi,validation,train,3220
ISIC_0026209,HAM_0001111,melanocytic_Nevi,validation,train,3221
ISIC_0026210,HAM_0000448,melanocytic_Nevi,test,train,3222
ISIC_0026211,HAM_0005366,melanocytic_Nevi,validation,train,3223
ISIC_0026212,HAM_0003262,actinic_keratoses,train,train,73
ISIC_0026213,HAM_0000953,basal_cell_carcinoma,train,train,405
ISIC_0026214,HAM_0002256,melanocytic_Nevi,train,train,3224
ISIC_0026215,HAM_0005519,melanocytic_Nevi,train,train,3225
ISIC_0026216,HAM_0005762,melanocytic_Nevi,train,train,3226
ISIC_0026217,HAM_0002205,melanocytic_Nevi,validation,train,3227
ISIC_0026218,HAM_0001541,melanocytic_Nevi,train,train,3228
ISIC_0026219,HAM_0006399,benign_keratosis-like_lesions,train,train,1004
ISIC_0026220,HAM_0005042,melanocytic_Nevi,train,train,3229
ISIC_0026221,HAM_0006676,melanocytic_Nevi,test,train,3230
ISIC_0026222,HAM_0005925,melanocytic_Nevi,train,validation,826
ISIC_0026223,HAM_0000464,melanocytic_Nevi,train,train,3231
ISIC_0026224,HAM_0005589,melanocytic_Nevi,validation,train,3232
ISIC_0026225,HAM_0003781,melanocytic_Nevi,train,train,3233
ISIC_0026226,HAM_0005755,melanocytic_Nevi,train,train,3234
ISIC_0026227,HAM_0000986,melanocytic_Nevi,validation,train,3235
ISIC_0026228,HAM_0003168,melanocytic_Nevi,train,train,3236
ISIC_0026229,HAM_0003445,melanoma,validation,train,8523
ISIC_0026230,HAM_0005382,basal_cell_carcinoma,train,train,406
ISIC_0026231,HAM_0006581,melanocytic_Nevi,test,train,3237
ISIC_0026232,HAM_0000912,melanocytic_Nevi,train,train,3238
ISIC_0026233,HAM_0000094,melanocytic_Nevi,validation,validation,830
ISIC_0026234,HAM_0003729,melanocytic_Nevi,test,train,3239
ISIC_0026235,HAM_0002649,melanocytic_Nevi,validation,train,3240
ISIC_0026236,HAM_0005785,melanoma,train,train,8524
ISIC_0026237,HAM_0003299,melanocytic_Nevi,test,train,3241
ISIC_0026238,HAM_0001375,melanocytic_Nevi,train,train,3242
ISIC_0026239,HAM_0002800,melanoma,train,train,8525
ISIC_0026240,HAM_0006429,melanocytic_Nevi,train,train,3243
ISIC_0026241,HAM_0003412,melanocytic_Nevi,train,train,3244
ISIC_0026242,HAM_0006306,melanocytic_Nevi,train,train,3245
ISIC_0026243,HAM_0002230,melanocytic_Nevi,train,train,3246
ISIC_0026244,HAM_0002095,melanocytic_Nevi,train,train,3247
ISIC_0026245,HAM_0001938,benign_keratosis-like_lesions,train,train,1005
ISIC_0026246,HAM_0003788,melanocytic_Nevi,train,train,3248
ISIC_0026247,HAM_0004676,melanoma,train,train,8526
ISIC_0026248,HAM_0004224,benign_keratosis-like_lesions,train,train,1006
ISIC_0026249,HAM_0007315,benign_keratosis-like_lesions,test,train,1007
ISIC_0026250,HAM_0003955,melanocytic_Nevi,train,train,3249
ISIC_0026251,HAM_0004380,melanocytic_Nevi,validation,train,3250
ISIC_0026252,HAM_0003651,melanocytic_Nevi,validation,train,3251
ISIC_0026253,HAM_0005170,melanocytic_Nevi,train,train,3252
ISIC_0026254,HAM_0006816,dermatofibroma,train,train,1869
ISIC_0026255,HAM_0002221,melanocytic_Nevi,train,train,3253
ISIC_0026256,HAM_0003960,melanocytic_Nevi,train,train,3254
ISIC_0026257,HAM_0002630,melanocytic_Nevi,validation,train,3255
ISIC_0026258,HAM_0000534,melanoma,train,train,8527
ISIC_0026259,HAM_0000761,melanocytic_Nevi,train,train,3256
ISIC_0026260,HAM_0000187,melanocytic_Nevi,train,train,3257
ISIC_0026261,HAM_0005067,melanocytic_Nevi,train,train,3258
ISIC_0026262,HAM_0000974,benign_keratosis-like_lesions,train,train,1008
ISIC_0026263,HAM_0002042,benign_keratosis-like_lesions,train,train,1009
ISIC_0026264,HAM_0004782,melanocytic_Nevi,train,train,3259
ISIC_0026265,HAM_0001597,benign_keratosis-like_lesions,train,train,1010
ISIC_0026266,HAM_0002436,melanoma,validation,train,8528
ISIC_0026267,HAM_0007325,melanocytic_Nevi,train,train,3260
ISIC_0026268,HAM_0001428,melanoma,train,train,8529
ISIC_0026269,HAM_0007205,melanocytic_Nevi,test,train,3261
ISIC_0026270,HAM_0000182,melanocytic_Nevi,train,validation,835
ISIC_0026271,HAM_0007103,melanocytic_Nevi,train,train,3262
ISIC_0026272,HAM_0003127,melanocytic_Nevi,train,validation,836
ISIC_0026273,HAM_0000164,benign_keratosis-like_lesions,train,train,1011
ISIC_0026274,HAM_0001901,melanocytic_Nevi,train,train,3263
ISIC_0026275,HAM_0005804,basal_cell_carcinoma,test,train,407
ISIC_0026276,HAM_0000710,benign_keratosis-like_lesions,train,train,1012
ISIC_0026277,HAM_0000696,benign_keratosis-like_lesions,test,train,1013
ISIC_0026278,HAM_0001081,melanocytic_Nevi,validation,train,3264
ISIC_0026279,HAM_0003243,melanocytic_Nevi,train,train,3265
ISIC_0026280,HAM_0006346,benign_keratosis-like_lesions,validation,train,1014
ISIC_0026281,HAM_0004910,melanoma,validation,train,8530
ISIC_0026282,HAM_0005309,basal_cell_carcinoma,test,train,408
ISIC_0026283,HAM_0003654,melanocytic_Nevi,train,train,3266
ISIC_0026284,HAM_0001252,melanocytic_Nevi,test,train,3267
ISIC_0026285,HAM_0002361,melanocytic_Nevi,train,train,3268
ISIC_0026286,HAM_0005157,benign_keratosis-like_lesions,train,train,1015
ISIC_0026287,HAM_0002412,melanocytic_Nevi,train,train,3269
ISIC_0026288,HAM_0000932,melanocytic_Nevi,train,train,3270
ISIC_0026289,HAM_0005233,melanocytic_Nevi,train,validation,838
ISIC_0026290,HAM_0002350,benign_keratosis-like_lesions,train,validation,267
ISIC_0026291,HAM_0000685,benign_keratosis-like_lesions,train,train,1016
ISIC_0026292,HAM_0000477,melanocytic_Nevi,test,train,3271
ISIC_0026293,HAM_0004897,melanocytic_Nevi,train,train,3272
ISIC_0026294,HAM_0000848,melanocytic_Nevi,train,train,3273
ISIC_0026295,HAM_0006967,melanocytic_Nevi,train,train,3274
ISIC_0026296,HAM_0004265,melanoma,validation,train,8531
ISIC_0026297,HAM_0005762,melanocytic_Nevi,train,train,3275
ISIC_0026298,HAM_0002529,benign_keratosis-like_lesions,train,train,1017
ISIC_0026299,HAM_0004856,melanocytic_Nevi,train,train,3276
ISIC_0026300,HAM_0005411,melanocytic_Nevi,validation,train,3277
ISIC_0026301,HAM_0004917,benign_keratosis-like_lesions,test,train,1018
ISIC_0026302,HAM_0003751,melanocytic_Nevi,train,train,3278
ISIC_0026303,HAM_0001680,melanocytic_Nevi,train,train,3279
ISIC_0026304,HAM_0007200,melanocytic_Nevi,train,train,3280
ISIC_0026305,HAM_0002216,melanocytic_Nevi,train,train,3281
ISIC_0026306,HAM_0004456,melanocytic_Nevi,test,train,3282
ISIC_0026307,HAM_0001365,melanocytic_Nevi,train,train,3283
ISIC_0026308,HAM_0005714,melanocytic_Nevi,train,train,3284
ISIC_0026309,HAM_0002285,melanocytic_Nevi,train,train,3285
ISIC_0026310,HAM_0004385,melanocytic_Nevi,train,train,3286
ISIC_0026311,HAM_0006099,benign_keratosis-like_lesions,train,train,1019
ISIC_0026312,HAM_0006927,melanocytic_Nevi,validation,train,3287
ISIC_0026313,HAM_0007418,dermatofibroma,train,train,1870
ISIC_0026314,HAM_0000233,melanoma,test,train,8532
ISIC_0026315,HAM_0000808,melanocytic_Nevi,train,validation,843
ISIC_0026316,HAM_0002400,benign_keratosis-like_lesions,validation,train,1020
ISIC_0026317,HAM_0004918,melanocytic_Nevi,train,train,3288
ISIC_0026318,HAM_0002589,melanocytic_Nevi,train,train,3289
ISIC_0026319,HAM_0003195,actinic_keratoses,train,train,74
ISIC_0026320,HAM_0005564,melanocytic_Nevi,train,train,3290
ISIC_0026321,HAM_0006047,basal_cell_carcinoma,test,train,409
ISIC_0026322,HAM_0007624,melanocytic_Nevi,train,train,3291
ISIC_0026323,HAM_0006104,melanocytic_Nevi,train,train,3292
ISIC_0026324,HAM_0005058,basal_cell_carcinoma,train,train,410
ISIC_0026325,HAM_0002442,melanocytic_Nevi,train,train,3293
ISIC_0026326,HAM_0007609,melanocytic_Nevi,validation,train,3294
ISIC_0026327,HAM_0002012,actinic_keratoses,test,validation,22
ISIC_0026328,HAM_0002881,melanocytic_Nevi,test,train,3295
ISIC_0026329,HAM_0001479,melanocytic_Nevi,train,train,3296
ISIC_0026330,HAM_0001803,melanocytic_Nevi,train,train,3297
ISIC_0026331,HAM_0005940,melanocytic_Nevi,train,train,3298
ISIC_0026332,HAM_0004339,melanocytic_Nevi,validation,train,3299
ISIC_0026333,HAM_0001356,melanocytic_Nevi,train,train,3300
ISIC_0026334,HAM_0003550,melanocytic_Nevi,test,train,3301
ISIC_0026335,HAM_0003856,benign_keratosis-like_lesions,test,train,1021
ISIC_0026336,HAM_0006406,vascular_lesions,train,train,9472
ISIC_0026337,HAM_0000719,basal_cell_carcinoma,train,train,411
ISIC_0026338,HAM_0000905,melanocytic_Nevi,test,train,3302
ISIC_0026339,HAM_0004951,melanocytic_Nevi,train,train,3303
ISIC_0026340,HAM_0000794,melanocytic_Nevi,train,train,3304
ISIC_0026341,HAM_0002176,melanocytic_Nevi,train,train,3305
ISIC_0026342,HAM_0000051,melanocytic_Nevi,train,train,3306
ISIC_0026343,HAM_0002346,basal_cell_carcinoma,train,train,412
ISIC_0026344,HAM_0000221,melanocytic_Nevi,test,train,3307
ISIC_0026345,HAM_0007140,melanocytic_Nevi,train,train,3308
ISIC_0026346,HAM_0002729,melanocytic_Nevi,validation,train,3309
ISIC_0026347,HAM_0005318,melanocytic_Nevi,train,train,3310
ISIC_0026348,HAM_0001002,melanocytic_Nevi,train,train,3311
ISIC_0026349,HAM_0003829,vascular_lesions,train,train,9473
ISIC_0026350,HAM_0003039,basal_cell_carcinoma,train,train,413
ISIC_0026351,HAM_0003920,benign_keratosis-like_lesions,test,train,1022
ISIC_0026352,HAM_0001444,melanoma,validation,train,8533
ISIC_0026353,HAM_0002278,melanocytic_Nevi,train,train,3312
ISIC_0026354,HAM_0005288,melanocytic_Nevi,train,train,3313
ISIC_0026355,HAM_0005015,melanocytic_Nevi,train,train,3314
ISIC_0026356,HAM_0001039,melanocytic_Nevi,train,train,3315
ISIC_0026357,HAM_0001718,melanocytic_Nevi,train,train,3316
ISIC_0026358,HAM_0006469,melanocytic_Nevi,train,train,3317
ISIC_0026359,HAM_0007504,melanocytic_Nevi,test,train,3318
ISIC_0026360,HAM_0003990,melanoma,test,train,8534
ISIC_0026361,HAM_0004537,melanocytic_Nevi,validation,train,3319
ISIC_0026362,HAM_0005301,actinic_keratoses,train,train,75
ISIC_0026363,HAM_0006745,melanocytic_Nevi,validation,train,3320
ISIC_0026364,HAM_0007022,melanocytic_Nevi,train,train,3321
ISIC_0026365,HAM_0006723,benign_keratosis-like_lesions,train,train,1023
ISIC_0026366,HAM_0005236,melanocytic_Nevi,train,train,3322
ISIC_0026367,HAM_0007311,melanocytic_Nevi,train,train,3323
ISIC_0026368,HAM_0005946,melanocytic_Nevi,validation,train,3324
ISIC_0026369,HAM_0006522,melanoma,train,train,8535
ISIC_0026370,HAM_0000272,melanocytic_Nevi,train,train,3325
ISIC_0026371,HAM_0004360,melanocytic_Nevi,train,train,3326
ISIC_0026372,HAM_0006478,melanocytic_Nevi,train,train,3327
ISIC_0026373,HAM_0003736,melanocytic_Nevi,train,train,3328
ISIC_0026374,HAM_0002238,melanocytic_Nevi,train,train,3329
ISIC_0026375,HAM_0004041,melanocytic_Nevi,train,train,3330
ISIC_0026376,HAM_0004418,melanocytic_Nevi,validation,train,3331
ISIC_0026377,HAM_0001019,melanocytic_Nevi,train,train,3332
ISIC_0026378,HAM_0004426,benign_keratosis-like_lesions,train,train,1024
ISIC_0026379,HAM_0003658,melanocytic_Nevi,train,train,3333
ISIC_0026380,HAM_0000533,melanocytic_Nevi,train,train,3334
ISIC_0026381,HAM_0002274,melanocytic_Nevi,train,train,3335
ISIC_0026382,HAM_0003222,melanocytic_Nevi,train,train,3336
ISIC_0026383,HAM_0004039,melanocytic_Nevi,train,train,3337
ISIC_0026384,HAM_0005127,melanocytic_Nevi,test,train,3338
ISIC_0026385,HAM_0000577,melanocytic_Nevi,train,train,3339
ISIC_0026386,HAM_0002885,melanocytic_Nevi,train,train,3340
ISIC_0026387,HAM_0003240,melanocytic_Nevi,test,train,3341
ISIC_0026388,HAM_0003105,actinic_keratoses,validation,train,76
ISIC_0026389,HAM_0005447,melanocytic_Nevi,train,train,3342
ISIC_0026390,HAM_0004066,melanocytic_Nevi,test,train,3343
ISIC_0026391,HAM_0000057,melanocytic_Nevi,train,train,3344
ISIC_0026392,HAM_0004305,melanocytic_Nevi,train,train,3345
ISIC_0026393,HAM_0005011,vascular_lesions,train,train,9474
ISIC_0026394,HAM_0007134,melanocytic_Nevi,train,train,3346
ISIC_0026395,HAM_0005382,basal_cell_carcinoma,train,train,414
ISIC_0026396,HAM_0004734,melanocytic_Nevi,test,train,3347
ISIC_0026397,HAM_0000340,melanocytic_Nevi,validation,train,3348
ISIC_0026398,HAM_0007324,melanocytic_Nevi,train,train,3349
ISIC_0026399,HAM_0003344,melanocytic_Nevi,train,train,3350
ISIC_0026400,HAM_0007167,melanocytic_Nevi,validation,train,3351
ISIC_0026401,HAM_0000889,melanocytic_Nevi,train,train,3352
ISIC_0026402,HAM_0001452,melanocytic_Nevi,test,train,3353
ISIC_0026403,HAM_0003663,melanocytic_Nevi,train,train,3354
ISIC_0026404,HAM_0003727,melanocytic_Nevi,test,train,3355
ISIC_0026405,HAM_0005964,melanocytic_Nevi,validation,train,3356
ISIC_0026406,HAM_0005510,melanocytic_Nevi,validation,train,3357
ISIC_0026407,HAM_0001736,melanocytic_Nevi,validation,train,3358
ISIC_0026408,HAM_0000271,melanocytic_Nevi,train,train,3359
ISIC_0026409,HAM_0000893,benign_keratosis-like_lesions,train,train,1025
ISIC_0026410,HAM_0002104,melanocytic_Nevi,test,train,3360
ISIC_0026411,HAM_0004846,actinic_keratoses,train,train,77
ISIC_0026412,HAM_0002873,melanocytic_Nevi,train,train,3361
ISIC_0026413,HAM_0005431,melanocytic_Nevi,train,train,3362
ISIC_0026414,HAM_0001022,melanocytic_Nevi,train,train,3363
ISIC_0026415,HAM_0000520,melanocytic_Nevi,train,train,3364
ISIC_0026416,HAM_0003979,benign_keratosis-like_lesions,train,train,1026
ISIC_0026417,HAM_0005663,dermatofibroma,train,train,1871
ISIC_0026418,HAM_0005831,melanocytic_Nevi,train,train,3365
ISIC_0026419,HAM_0000752,melanocytic_Nevi,train,train,3366
ISIC_0026420,HAM_0004428,melanoma,train,train,8536
ISIC_0026421,HAM_0002067,melanocytic_Nevi,train,train,3367
ISIC_0026422,HAM_0003926,benign_keratosis-like_lesions,train,validation,272
ISIC_0026423,HAM_0005267,melanocytic_Nevi,train,train,3368
ISIC_0026424,HAM_0001919,melanocytic_Nevi,train,train,3369
ISIC_0026425,HAM_0002971,melanocytic_Nevi,validation,train,3370
ISIC_0026426,HAM_0006034,melanocytic_Nevi,test,train,3371
ISIC_0026427,HAM_0003667,melanocytic_Nevi,train,train,3372
ISIC_0026428,HAM_0004931,melanocytic_Nevi,train,train,3373
ISIC_0026429,HAM_0006118,melanocytic_Nevi,train,train,3374
ISIC_0026430,HAM_0007570,melanoma,validation,train,8537
ISIC_0026431,HAM_0003730,melanocytic_Nevi,train,validation,870
ISIC_0026432,HAM_0006268,melanocytic_Nevi,train,train,3375
ISIC_0026433,HAM_0003826,basal_cell_carcinoma,train,train,415
ISIC_0026434,HAM_0007414,melanocytic_Nevi,train,train,3376
ISIC_0026435,HAM_0006532,melanocytic_Nevi,train,train,3377
ISIC_0026436,HAM_0000260,melanocytic_Nevi,train,train,3378
ISIC_0026437,HAM_0006251,melanocytic_Nevi,test,train,3379
ISIC_0026438,HAM_0004850,melanoma,validation,train,8538
ISIC_0026439,HAM_0000009,basal_cell_carcinoma,train,train,416
ISIC_0026440,HAM_0005018,melanocytic_Nevi,test,train,3380
ISIC_0026441,HAM_0005993,benign_keratosis-like_lesions,train,train,1027
ISIC_0026442,HAM_0000953,basal_cell_carcinoma,train,train,417
ISIC_0026443,HAM_0002902,benign_keratosis-like_lesions,train,train,1028
ISIC_0026444,HAM_0001539,benign_keratosis-like_lesions,validation,train,1029
ISIC_0026445,HAM_0004288,melanocytic_Nevi,train,train,3381
ISIC_0026446,HAM_0002965,benign_keratosis-like_lesions,test,train,1030
ISIC_0026447,HAM_0003573,melanocytic_Nevi,train,train,3382
ISIC_0026448,HAM_0002659,melanocytic_Nevi,train,train,3383
ISIC_0026449,HAM_0002284,melanocytic_Nevi,train,train,3384
ISIC_0026450,HAM_0001784,melanocytic_Nevi,validation,train,3385
ISIC_0026451,HAM_0005712,melanocytic_Nevi,test,train,3386
ISIC_0026452,HAM_0003311,melanocytic_Nevi,train,train,3387
ISIC_0026453,HAM_0003328,basal_cell_carcinoma,train,train,418
ISIC_0026454,HAM_0006210,melanocytic_Nevi,train,train,3388
ISIC_0026455,HAM_0001027,melanocytic_Nevi,train,train,3389
ISIC_0026456,HAM_0006203,vascular_lesions,train,train,9475
ISIC_0026457,HAM_0007303,actinic_keratoses,train,train,78
ISIC_0026458,HAM_0005588,melanoma,train,train,8539
ISIC_0026459,HAM_0002241,melanocytic_Nevi,train,train,3390
ISIC_0026460,HAM_0006792,melanocytic_Nevi,validation,train,3391
ISIC_0026461,HAM_0007523,melanocytic_Nevi,train,train,3392
ISIC_0026462,HAM_0001845,melanocytic_Nevi,train,train,3393
ISIC_0026463,HAM_0006948,melanocytic_Nevi,validation,train,3394
ISIC_0026464,HAM_0006168,melanocytic_Nevi,train,train,3395
ISIC_0026465,HAM_0006661,melanocytic_Nevi,train,train,3396
ISIC_0026466,HAM_0000456,actinic_keratoses,train,train,79
ISIC_0026467,HAM_0001537,vascular_lesions,train,train,9476
ISIC_0026468,HAM_0001023,actinic_keratoses,validation,train,80
ISIC_0026469,HAM_0003553,melanocytic_Nevi,train,train,3397
ISIC_0026470,HAM_0003314,melanocytic_Nevi,train,train,3398
ISIC_0026471,HAM_0006787,dermatofibroma,train,train,1872
ISIC_0026472,HAM_0004277,melanocytic_Nevi,train,validation,876
ISIC_0026473,HAM_0003110,dermatofibroma,validation,train,1873
ISIC_0026474,HAM_0003950,melanocytic_Nevi,train,train,3399
ISIC_0026475,HAM_0006965,melanoma,test,train,8540
ISIC_0026476,HAM_0000303,melanocytic_Nevi,validation,train,3400
ISIC_0026477,HAM_0006563,benign_keratosis-like_lesions,train,train,1031
ISIC_0026478,HAM_0005656,melanocytic_Nevi,train,train,3401
ISIC_0026479,HAM_0005576,melanocytic_Nevi,validation,train,3402
ISIC_0026480,HAM_0001902,melanocytic_Nevi,test,train,3403
ISIC_0026481,HAM_0007332,benign_keratosis-like_lesions,test,train,1032
ISIC_0026482,HAM_0006788,melanocytic_Nevi,train,train,3404
ISIC_0026483,HAM_0003118,melanocytic_Nevi,validation,train,3405
ISIC_0026484,HAM_0002608,melanocytic_Nevi,train,train,3406
ISIC_0026485,HAM_0006414,melanocytic_Nevi,test,train,3407
ISIC_0026486,HAM_0004845,melanocytic_Nevi,train,train,3408
ISIC_0026487,HAM_0006430,melanocytic_Nevi,train,train,3409
ISIC_0026488,HAM_0005387,melanocytic_Nevi,train,train,3410
ISIC_0026489,HAM_0004153,melanoma,test,train,8541
ISIC_0026490,HAM_0006291,vascular_lesions,test,train,9477
ISIC_0026491,HAM_0005786,melanocytic_Nevi,train,train,3411
ISIC_0026492,HAM_0006481,actinic_keratoses,train,train,81
ISIC_0026493,HAM_0000259,benign_keratosis-like_lesions,test,train,1033
ISIC_0026494,HAM_0003156,melanocytic_Nevi,validation,train,3412
ISIC_0026495,HAM_0003977,melanocytic_Nevi,test,train,3413
ISIC_0026496,HAM_0005757,basal_cell_carcinoma,train,train,419
ISIC_0026497,HAM_0003627,melanocytic_Nevi,train,train,3414
ISIC_0026498,HAM_0000054,melanocytic_Nevi,train,train,3415
ISIC_0026499,HAM_0001216,melanocytic_Nevi,train,train,3416
ISIC_0026500,HAM_0002834,melanoma,train,train,8542
ISIC_0026501,HAM_0003583,melanocytic_Nevi,train,train,3417
ISIC_0026502,HAM_0005107,melanocytic_Nevi,train,train,3418
ISIC_0026503,HAM_0004148,melanocytic_Nevi,train,train,3419
ISIC_0026504,HAM_0002114,melanocytic_Nevi,train,test,454
ISIC_0026505,HAM_0003047,melanocytic_Nevi,train,validation,877
ISIC_0026506,HAM_0000871,melanoma,train,validation,2231
ISIC_0026507,HAM_0006091,melanocytic_Nevi,train,train,3420
ISIC_0026508,HAM_0005807,melanocytic_Nevi,train,train,3421
ISIC_0026509,HAM_0006142,melanocytic_Nevi,train,validation,878
ISIC_0026510,HAM_0002428,melanocytic_Nevi,train,train,3422
ISIC_0026511,HAM_0002242,benign_keratosis-like_lesions,test,train,1034
ISIC_0026512,HAM_0003974,melanocytic_Nevi,validation,train,3423
ISIC_0026513,HAM_0005910,melanocytic_Nevi,test,train,3424
ISIC_0026514,HAM_0007598,benign_keratosis-like_lesions,train,train,1035
ISIC_0026515,HAM_0002779,melanocytic_Nevi,train,train,3425
ISIC_0026516,HAM_0003520,melanoma,validation,train,8543
ISIC_0026517,HAM_0003532,melanocytic_Nevi,validation,train,3426
ISIC_0026518,HAM_0003646,melanocytic_Nevi,train,train,3427
ISIC_0026519,HAM_0007255,melanocytic_Nevi,validation,train,3428
ISIC_0026520,HAM_0000642,melanocytic_Nevi,train,train,3429
ISIC_0026521,HAM_0004939,melanocytic_Nevi,train,train,3430
ISIC_0026522,HAM_0005505,actinic_keratoses,train,train,82
ISIC_0026523,HAM_0004338,benign_keratosis-like_lesions,train,train,1036
ISIC_0026524,HAM_0000524,benign_keratosis-like_lesions,train,train,1037
ISIC_0026525,HAM_0001048,actinic_keratoses,train,train,83
ISIC_0026526,HAM_0005146,benign_keratosis-like_lesions,validation,train,1038
ISIC_0026527,HAM_0002438,melanocytic_Nevi,train,train,3431
ISIC_0026528,HAM_0007550,basal_cell_carcinoma,test,validation,103
ISIC_0026529,HAM_0007109,melanocytic_Nevi,validation,train,3432
ISIC_0026530,HAM_0000835,benign_keratosis-like_lesions,train,train,1039
ISIC_0026531,HAM_0000876,melanoma,train,train,8544
ISIC_0026532,HAM_0000959,benign_keratosis-like_lesions,train,validation,276
ISIC_0026533,HAM_0001159,melanocytic_Nevi,train,train,3433
ISIC_0026534,HAM_0000365,melanocytic_Nevi,train,train,3434
ISIC_0026535,HAM_0000691,melanocytic_Nevi,train,train,3435
ISIC_0026536,HAM_0006480,melanocytic_Nevi,train,train,3436
ISIC_0026537,HAM_0003278,melanocytic_Nevi,test,train,3437
ISIC_0026538,HAM_0003766,benign_keratosis-like_lesions,train,train,1040
ISIC_0026539,HAM_0004696,benign_keratosis-like_lesions,train,train,1041
ISIC_0026540,HAM_0002778,melanocytic_Nevi,test,train,3438
ISIC_0026541,HAM_0006974,melanocytic_Nevi,test,validation,884
ISIC_0026542,HAM_0006929,melanocytic_Nevi,train,train,3439
ISIC_0026543,HAM_0000599,melanocytic_Nevi,train,train,3440
ISIC_0026544,HAM_0002581,melanocytic_Nevi,test,train,3441
ISIC_0026545,HAM_0001299,melanoma,train,train,8545
ISIC_0026546,HAM_0000971,melanocytic_Nevi,train,train,3442
ISIC_0026547,HAM_0000436,melanocytic_Nevi,train,train,3443
ISIC_0026548,HAM_0006255,melanocytic_Nevi,validation,train,3444
ISIC_0026549,HAM_0002307,actinic_keratoses,train,train,84
ISIC_0026550,HAM_0004672,melanocytic_Nevi,test,train,3445
ISIC_0026551,HAM_0004802,melanocytic_Nevi,train,train,3446
ISIC_0026552,HAM_0000900,melanocytic_Nevi,validation,train,3447
ISIC_0026553,HAM_0007024,benign_keratosis-like_lesions,train,train,1042
ISIC_0026554,HAM_0005828,melanocytic_Nevi,validation,train,3448
ISIC_0026555,HAM_0001335,melanocytic_Nevi,train,train,3449
ISIC_0026556,HAM_0002005,benign_keratosis-like_lesions,train,train,1043
ISIC_0026557,HAM_0000598,melanocytic_Nevi,train,train,3450
ISIC_0026558,HAM_0004709,melanoma,test,train,8546
ISIC_0026559,HAM_0006514,melanocytic_Nevi,train,train,3451
ISIC_0026560,HAM_0000896,melanocytic_Nevi,train,train,3452
ISIC_0026561,HAM_0004546,melanocytic_Nevi,test,train,3453
ISIC_0026562,HAM_0000429,melanocytic_Nevi,train,train,3454
ISIC_0026563,HAM_0005526,melanocytic_Nevi,validation,train,3455
ISIC_0026564,HAM_0001659,melanocytic_Nevi,validation,train,3456
ISIC_0026565,HAM_0002465,melanocytic_Nevi,train,train,3457
ISIC_0026566,HAM_0004078,benign_keratosis-like_lesions,validation,train,1044
ISIC_0026567,HAM_0000999,benign_keratosis-like_lesions,train,train,1045
ISIC_0026568,HAM_0003740,melanocytic_Nevi,test,train,3458
ISIC_0026569,HAM_0006150,melanocytic_Nevi,train,train,3459
ISIC_0026570,HAM_0002728,melanocytic_Nevi,train,train,3460
ISIC_0026571,HAM_0006037,melanoma,train,train,8547
ISIC_0026572,HAM_0002583,melanocytic_Nevi,train,train,3461
ISIC_0026573,HAM_0007001,melanocytic_Nevi,train,train,3462
ISIC_0026574,HAM_0005660,basal_cell_carcinoma,train,train,420
ISIC_0026575,HAM_0006875,actinic_keratoses,train,train,85
ISIC_0026576,HAM_0004630,benign_keratosis-like_lesions,train,train,1046
ISIC_0026577,HAM_0006835,melanocytic_Nevi,train,train,3463
ISIC_0026578,HAM_0000601,melanocytic_Nevi,train,train,3464
ISIC_0026579,HAM_0002022,melanocytic_Nevi,validation,train,3465
ISIC_0026580,HAM_0005008,melanocytic_Nevi,test,train,3466
ISIC_0026581,HAM_0000889,melanocytic_Nevi,train,validation,893
ISIC_0026582,HAM_0003747,melanocytic_Nevi,validation,train,3467
ISIC_0026583,HAM_0007329,melanocytic_Nevi,train,train,3468
ISIC_0026584,HAM_0000459,melanocytic_Nevi,train,train,3469
ISIC_0026585,HAM_0006507,melanocytic_Nevi,train,train,3470
ISIC_0026586,HAM_0001976,melanoma,validation,train,8548
ISIC_0026587,HAM_0001124,melanocytic_Nevi,train,train,3471
ISIC_0026588,HAM_0003821,melanocytic_Nevi,validation,train,3472
ISIC_0026589,HAM_0004089,melanocytic_Nevi,train,train,3473
ISIC_0026590,HAM_0003317,benign_keratosis-like_lesions,train,train,1047
ISIC_0026591,HAM_0001766,melanocytic_Nevi,train,test,460
ISIC_0026592,HAM_0001406,melanocytic_Nevi,train,train,3474
ISIC_0026593,HAM_0004970,basal_cell_carcinoma,train,train,421
ISIC_0026594,HAM_0003383,melanocytic_Nevi,train,train,3475
ISIC_0026595,HAM_0004795,melanocytic_Nevi,train,train,3476
ISIC_0026596,HAM_0004979,melanoma,train,train,8549
ISIC_0026597,HAM_0002339,melanocytic_Nevi,validation,train,3477
ISIC_0026598,HAM_0006602,melanocytic_Nevi,validation,train,3478
ISIC_0026599,HAM_0007144,melanocytic_Nevi,test,train,3479
ISIC_0026600,HAM_0002319,melanocytic_Nevi,train,train,3480
ISIC_0026601,HAM_0002899,melanocytic_Nevi,train,train,3481
ISIC_0026602,HAM_0003571,melanocytic_Nevi,validation,train,3482
ISIC_0026603,HAM_0001306,melanocytic_Nevi,train,train,3483
ISIC_0026604,HAM_0002906,melanoma,train,train,8550
ISIC_0026605,HAM_0006979,melanocytic_Nevi,test,train,3484
ISIC_0026606,HAM_0006123,benign_keratosis-like_lesions,train,train,1048
ISIC_0026607,HAM_0007529,benign_keratosis-like_lesions,train,train,1049
ISIC_0026608,HAM_0001497,melanocytic_Nevi,train,train,3485
ISIC_0026609,HAM_0000162,melanocytic_Nevi,validation,train,3486
ISIC_0026610,HAM_0004279,melanocytic_Nevi,train,train,3487
ISIC_0026611,HAM_0002470,melanocytic_Nevi,train,train,3488
ISIC_0026612,HAM_0006561,melanocytic_Nevi,train,train,3489
ISIC_0026613,HAM_0004116,melanocytic_Nevi,train,train,3490
ISIC_0026614,HAM_0001232,benign_keratosis-like_lesions,test,train,1050
ISIC_0026615,HAM_0002532,melanocytic_Nevi,train,train,3491
ISIC_0026616,HAM_0007105,melanocytic_Nevi,train,train,3492
ISIC_0026617,HAM_0003804,melanocytic_Nevi,train,train,3493
ISIC_0026618,HAM_0006916,melanocytic_Nevi,train,train,3494
ISIC_0026619,HAM_0000730,melanocytic_Nevi,train,train,3495
ISIC_0026620,HAM_0000435,melanocytic_Nevi,train,train,3496
ISIC_0026621,HAM_0001494,melanocytic_Nevi,train,train,3497
ISIC_0026622,HAM_0007165,melanoma,train,train,8551
ISIC_0026623,HAM_0003800,benign_keratosis-like_lesions,train,train,1051
ISIC_0026624,HAM_0003961,melanocytic_Nevi,test,train,3498
ISIC_0026625,HAM_0005354,actinic_keratoses,train,train,86
ISIC_0026626,HAM_0005020,actinic_keratoses,validation,test,11
ISIC_0026627,HAM_0003519,melanocytic_Nevi,train,train,3499
ISIC_0026628,HAM_0006935,melanocytic_Nevi,test,train,3500
ISIC_0026629,HAM_0004065,dermatofibroma,test,train,1874
ISIC_0026630,HAM_0001682,melanocytic_Nevi,train,train,3501
ISIC_0026631,HAM_0000985,benign_keratosis-like_lesions,test,train,1052
ISIC_0026632,HAM_0004150,melanocytic_Nevi,train,train,3502
ISIC_0026633,HAM_0007548,melanocytic_Nevi,test,train,3503
ISIC_0026634,HAM_0003768,benign_keratosis-like_lesions,train,train,1053
ISIC_0026635,HAM_0004057,melanocytic_Nevi,train,train,3504
ISIC_0026636,HAM_0005222,melanocytic_Nevi,train,train,3505
ISIC_0026637,HAM_0001221,benign_keratosis-like_lesions,validation,train,1054
ISIC_0026638,HAM_0005929,melanocytic_Nevi,validation,train,3506
ISIC_0026639,HAM_0002410,melanocytic_Nevi,train,train,3507
ISIC_0026640,HAM_0006309,melanocytic_Nevi,train,train,3508
ISIC_0026641,HAM_0002753,melanocytic_Nevi,train,train,3509
ISIC_0026642,HAM_0004855,melanocytic_Nevi,test,train,3510
ISIC_0026643,HAM_0005469,basal_cell_carcinoma,train,train,422
ISIC_0026644,HAM_0004259,benign_keratosis-like_lesions,validation,train,1055
ISIC_0026645,HAM_0003136,actinic_keratoses,train,validation,25
ISIC_0026646,HAM_0004477,melanocytic_Nevi,train,train,3511
ISIC_0026647,HAM_0001095,melanoma,train,train,8552
ISIC_0026648,HAM_0003994,melanocytic_Nevi,train,train,3512
ISIC_0026649,HAM_0006621,melanocytic_Nevi,test,train,3513
ISIC_0026650,HAM_0000545,actinic_keratoses,train,train,87
ISIC_0026651,HAM_0001969,melanocytic_Nevi,train,validation,900
ISIC_0026652,HAM_0001835,melanoma,train,train,8553
ISIC_0026653,HAM_0001535,melanocytic_Nevi,validation,train,3514
ISIC_0026654,HAM_0000591,melanocytic_Nevi,train,train,3515
ISIC_0026655,HAM_0007036,melanocytic_Nevi,test,train,3516
ISIC_0026656,HAM_0002134,basal_cell_carcinoma,test,validation,105
ISIC_0026657,HAM_0002768,melanocytic_Nevi,test,train,3517
ISIC_0026658,HAM_0005436,melanocytic_Nevi,validation,train,3518
ISIC_0026659,HAM_0006641,melanocytic_Nevi,train,train,3519
ISIC_0026660,HAM_0006599,melanocytic_Nevi,train,train,3520
ISIC_0026661,HAM_0000992,benign_keratosis-like_lesions,train,train,1056
ISIC_0026662,HAM_0005140,melanocytic_Nevi,test,train,3521
ISIC_0026663,HAM_0001815,benign_keratosis-like_lesions,train,train,1057
ISIC_0026664,HAM_0002981,melanoma,validation,train,8554
ISIC_0026665,HAM_0000778,melanocytic_Nevi,train,train,3522
ISIC_0026666,HAM_0000900,melanocytic_Nevi,validation,train,3523
ISIC_0026667,HAM_0003660,melanocytic_Nevi,train,train,3524
ISIC_0026668,HAM_0001666,basal_cell_carcinoma,train,train,423
ISIC_0026669,HAM_0000511,melanocytic_Nevi,train,validation,903
ISIC_0026670,HAM_0006916,melanocytic_Nevi,train,train,3525
ISIC_0026671,HAM_0006526,melanocytic_Nevi,train,train,3526
ISIC_0026672,HAM_0003944,melanocytic_Nevi,train,train,3527
ISIC_0026673,HAM_0004251,melanocytic_Nevi,train,train,3528
ISIC_0026674,HAM_0004836,melanocytic_Nevi,train,train,3529
ISIC_0026675,HAM_0003739,benign_keratosis-like_lesions,train,train,1058
ISIC_0026676,HAM_0007543,melanocytic_Nevi,train,train,3530
ISIC_0026677,HAM_0001262,melanocytic_Nevi,train,train,3531
ISIC_0026678,HAM_0002075,melanocytic_Nevi,train,train,3532
ISIC_0026679,HAM_0005935,benign_keratosis-like_lesions,train,train,1059
ISIC_0026680,HAM_0006773,melanocytic_Nevi,test,train,3533
ISIC_0026681,HAM_0006806,melanocytic_Nevi,train,train,3534
ISIC_0026682,HAM_0000327,melanocytic_Nevi,train,train,3535
ISIC_0026683,HAM_0006731,melanocytic_Nevi,test,train,3536
ISIC_0026684,HAM_0003056,melanocytic_Nevi,test,train,3537
ISIC_0026685,HAM_0002475,melanocytic_Nevi,train,train,3538
ISIC_0026686,HAM_0004319,melanocytic_Nevi,test,train,3539
ISIC_0026687,HAM_0002689,basal_cell_carcinoma,train,train,424
ISIC_0026688,HAM_0001861,melanocytic_Nevi,train,train,3540
ISIC_0026689,HAM_0005003,melanocytic_Nevi,train,train,3541
ISIC_0026690,HAM_0000619,melanoma,train,train,8555
ISIC_0026691,HAM_0001034,melanocytic_Nevi,train,train,3542
ISIC_0026692,HAM_0002661,melanocytic_Nevi,test,train,3543
ISIC_0026693,HAM_0003839,vascular_lesions,validation,train,9478
ISIC_0026694,HAM_0002869,melanoma,train,train,8556
ISIC_0026695,HAM_0002713,melanocytic_Nevi,train,train,3544
ISIC_0026696,HAM_0006473,melanocytic_Nevi,train,train,3545
ISIC_0026697,HAM_0004364,melanoma,train,train,8557
ISIC_0026698,HAM_0004824,melanocytic_Nevi,test,train,3546
ISIC_0026699,HAM_0007210,melanocytic_Nevi,train,validation,910
ISIC_0026700,HAM_0006901,melanocytic_Nevi,train,train,3547
ISIC_0026701,HAM_0002389,melanocytic_Nevi,test,train,3548
ISIC_0026702,HAM_0005228,actinic_keratoses,validation,train,88
ISIC_0026703,HAM_0005290,melanocytic_Nevi,train,train,3549
ISIC_0026704,HAM_0004338,benign_keratosis-like_lesions,train,train,1060
ISIC_0026705,HAM_0007275,melanocytic_Nevi,test,train,3550
ISIC_0026706,HAM_0004532,melanocytic_Nevi,train,train,3551
ISIC_0026707,HAM_0003247,melanocytic_Nevi,train,train,3552
ISIC_0026708,HAM_0005850,melanocytic_Nevi,train,validation,912
ISIC_0026709,HAM_0001565,actinic_keratoses,train,train,89
ISIC_0026710,HAM_0003732,melanocytic_Nevi,train,train,3553
ISIC_0026711,HAM_0007030,melanocytic_Nevi,validation,train,3554
ISIC_0026712,HAM_0003980,melanocytic_Nevi,validation,train,3555
ISIC_0026713,HAM_0006138,vascular_lesions,train,train,9479
ISIC_0026714,HAM_0004889,benign_keratosis-like_lesions,train,train,1061
ISIC_0026715,HAM_0005253,melanocytic_Nevi,train,train,3556
ISIC_0026716,HAM_0000504,basal_cell_carcinoma,train,train,425
ISIC_0026717,HAM_0002527,benign_keratosis-like_lesions,validation,train,1062
ISIC_0026718,HAM_0007285,melanocytic_Nevi,train,train,3557
ISIC_0026719,HAM_0000602,melanocytic_Nevi,train,train,3558
ISIC_0026720,HAM_0000688,actinic_keratoses,train,train,90
ISIC_0026721,HAM_0002790,melanocytic_Nevi,train,train,3559
ISIC_0026722,HAM_0002198,melanocytic_Nevi,train,train,3560
ISIC_0026723,HAM_0001549,melanocytic_Nevi,validation,train,3561
ISIC_0026724,HAM_0003831,melanocytic_Nevi,train,train,3562
ISIC_0026725,HAM_0001289,melanocytic_Nevi,train,train,3563
ISIC_0026726,HAM_0007202,melanocytic_Nevi,validation,train,3564
ISIC_0026727,HAM_0005920,melanocytic_Nevi,train,train,3565
ISIC_0026728,HAM_0000884,benign_keratosis-like_lesions,train,train,1063
ISIC_0026729,HAM_0006560,actinic_keratoses,train,train,91
ISIC_0026730,HAM_0003277,melanocytic_Nevi,train,train,3566
ISIC_0026731,HAM_0001213,melanocytic_Nevi,test,train,3567
ISIC_0026732,HAM_0001761,melanocytic_Nevi,train,train,3568
ISIC_0026733,HAM_0006385,melanocytic_Nevi,train,train,3569
ISIC_0026734,HAM_0007161,melanocytic_Nevi,train,train,3570
ISIC_0026735,HAM_0007293,melanoma,train,train,8558
ISIC_0026736,HAM_0001844,melanocytic_Nevi,validation,train,3571
ISIC_0026737,HAM_0004423,benign_keratosis-like_lesions,train,train,1064
ISIC_0026738,HAM_0006137,melanoma,train,train,8559
ISIC_0026739,HAM_0002033,melanocytic_Nevi,validation,train,3572
ISIC_0026740,HAM_0003657,melanocytic_Nevi,train,train,3573
ISIC_0026741,HAM_0005987,melanocytic_Nevi,validation,train,3574
ISIC_0026742,HAM_0005193,melanocytic_Nevi,train,train,3575
ISIC_0026743,HAM_0000261,melanocytic_Nevi,test,train,3576
ISIC_0026744,HAM_0001820,benign_keratosis-like_lesions,validation,train,1065
ISIC_0026745,HAM_0006330,melanoma,train,train,8560
ISIC_0026746,HAM_0000588,melanoma,train,train,8561
ISIC_0026747,HAM_0006169,melanocytic_Nevi,test,train,3577
ISIC_0026748,HAM_0001462,melanocytic_Nevi,validation,train,3578
ISIC_0026749,HAM_0004777,melanocytic_Nevi,train,train,3579
ISIC_0026750,HAM_0000906,melanocytic_Nevi,train,train,3580
ISIC_0026751,HAM_0000798,melanocytic_Nevi,train,train,3581
ISIC_0026752,HAM_0005017,melanocytic_Nevi,train,train,3582
ISIC_0026753,HAM_0001934,melanocytic_Nevi,validation,train,3583
ISIC_0026754,HAM_0001446,melanoma,train,train,8562
ISIC_0026755,HAM_0001931,melanocytic_Nevi,train,train,3584
ISIC_0026756,HAM_0000390,melanocytic_Nevi,train,train,3585
ISIC_0026757,HAM_0007076,melanocytic_Nevi,train,train,3586
ISIC_0026758,HAM_0000615,melanocytic_Nevi,test,train,3587
ISIC_0026759,HAM_0001656,melanocytic_Nevi,test,train,3588
ISIC_0026760,HAM_0001884,basal_cell_carcinoma,train,train,426
ISIC_0026761,HAM_0004564,melanocytic_Nevi,train,train,3589
ISIC_0026762,HAM_0002056,melanocytic_Nevi,train,train,3590
ISIC_0026763,HAM_0006718,melanocytic_Nevi,train,train,3591
ISIC_0026764,HAM_0002701,melanocytic_Nevi,train,train,3592
ISIC_0026765,HAM_0001474,actinic_keratoses,train,train,92
ISIC_0026766,HAM_0005982,basal_cell_carcinoma,train,train,427
ISIC_0026767,HAM_0001527,melanocytic_Nevi,train,train,3593
ISIC_0026768,HAM_0002514,melanocytic_Nevi,validation,train,3594
ISIC_0026769,HAM_0002730,benign_keratosis-like_lesions,train,train,1066
ISIC_0026770,HAM_0002491,melanoma,train,train,8563
ISIC_0026771,HAM_0006698,melanocytic_Nevi,train,train,3595
ISIC_0026772,HAM_0002273,melanocytic_Nevi,train,train,3596
ISIC_0026773,HAM_0000021,melanocytic_Nevi,test,train,3597
ISIC_0026774,HAM_0007242,melanoma,validation,train,8564
ISIC_0026775,HAM_0001389,benign_keratosis-like_lesions,train,train,1067
ISIC_0026776,HAM_0004751,melanocytic_Nevi,train,train,3598
ISIC_0026777,HAM_0000928,melanocytic_Nevi,train,train,3599
ISIC_0026778,HAM_0002344,melanocytic_Nevi,validation,train,3600
ISIC_0026779,HAM_0004728,melanocytic_Nevi,test,train,3601
ISIC_0026780,HAM_0007320,melanocytic_Nevi,validation,train,3602
ISIC_0026781,HAM_0002575,melanocytic_Nevi,test,train,3603
ISIC_0026782,HAM_0002110,melanocytic_Nevi,train,train,3604
ISIC_0026783,HAM_0000089,benign_keratosis-like_lesions,train,train,1068
ISIC_0026784,HAM_0002668,melanocytic_Nevi,train,validation,921
ISIC_0026785,HAM_0007094,melanocytic_Nevi,test,train,3605
ISIC_0026786,HAM_0003874,melanocytic_Nevi,train,train,3606
ISIC_0026787,HAM_0000386,benign_keratosis-like_lesions,test,train,1069
ISIC_0026788,HAM_0001765,melanocytic_Nevi,train,train,3607
ISIC_0026789,HAM_0003110,dermatofibroma,validation,train,1875
ISIC_0026790,HAM_0005779,benign_keratosis-like_lesions,train,train,1070
ISIC_0026791,HAM_0000555,melanocytic_Nevi,train,validation,922
ISIC_0026792,HAM_0001778,melanocytic_Nevi,train,train,3608
ISIC_0026793,HAM_0004478,melanocytic_Nevi,train,train,3609
ISIC_0026794,HAM_0000566,benign_keratosis-like_lesions,validation,train,1071
ISIC_0026795,HAM_0003603,melanocytic_Nevi,train,train,3610
ISIC_0026796,HAM_0001397,melanoma,validation,train,8565
ISIC_0026797,HAM_0002318,melanocytic_Nevi,test,train,3611
ISIC_0026798,HAM_0005536,basal_cell_carcinoma,test,train,428
ISIC_0026799,HAM_0005369,melanocytic_Nevi,train,train,3612
ISIC_0026800,HAM_0003013,melanocytic_Nevi,train,train,3613
ISIC_0026801,HAM_0007417,melanocytic_Nevi,train,train,3614
ISIC_0026802,HAM_0004878,melanoma,train,train,8566
ISIC_0026803,HAM_0007355,benign_keratosis-like_lesions,train,train,1072
ISIC_0026804,HAM_0000924,melanocytic_Nevi,train,train,3615
ISIC_0026805,HAM_0006323,melanocytic_Nevi,train,train,3616
ISIC_0026806,HAM_0001888,melanocytic_Nevi,train,train,3617
ISIC_0026807,HAM_0000145,melanocytic_Nevi,train,train,3618
ISIC_0026808,HAM_0004661,melanocytic_Nevi,validation,train,3619
ISIC_0026809,HAM_0000267,melanocytic_Nevi,train,train,3620
ISIC_0026810,HAM_0007306,melanocytic_Nevi,train,train,3621
ISIC_0026811,HAM_0002525,melanoma,train,train,8567
ISIC_0026812,HAM_0007383,melanocytic_Nevi,train,train,3622
ISIC_0026813,HAM_0000731,melanocytic_Nevi,train,train,3623
ISIC_0026814,HAM_0003917,melanocytic_Nevi,train,validation,928
ISIC_0026815,HAM_0000029,melanocytic_Nevi,train,validation,929
ISIC_0026816,HAM_0002416,melanocytic_Nevi,test,train,3624
ISIC_0026817,HAM_0002653,melanocytic_Nevi,train,train,3625
ISIC_0026818,HAM_0001330,melanocytic_Nevi,train,train,3626
ISIC_0026819,HAM_0007112,melanocytic_Nevi,train,train,3627
ISIC_0026820,HAM_0005254,melanocytic_Nevi,test,train,3628
ISIC_0026821,HAM_0007321,melanocytic_Nevi,train,train,3629
ISIC_0026822,HAM_0002626,melanocytic_Nevi,train,train,3630
ISIC_0026823,HAM_0003504,melanoma,validation,train,8568
ISIC_0026824,HAM_0004408,melanocytic_Nevi,train,train,3631
ISIC_0026825,HAM_0000204,melanocytic_Nevi,validation,train,3632
ISIC_0026826,HAM_0004761,melanocytic_Nevi,train,train,3633
ISIC_0026827,HAM_0005465,benign_keratosis-like_lesions,validation,train,1073
ISIC_0026828,HAM_0000840,melanocytic_Nevi,train,train,3634
ISIC_0026829,HAM_0007497,basal_cell_carcinoma,train,train,429
ISIC_0026830,HAM_0006461,melanocytic_Nevi,train,train,3635
ISIC_0026831,HAM_0006387,basal_cell_carcinoma,test,train,430
ISIC_0026832,HAM_0000630,melanocytic_Nevi,train,train,3636
ISIC_0026833,HAM_0006070,melanocytic_Nevi,train,train,3637
ISIC_0026834,HAM_0002296,melanocytic_Nevi,train,train,3638
ISIC_0026835,HAM_0001480,benign_keratosis-like_lesions,train,train,1074
ISIC_0026836,HAM_0006871,melanocytic_Nevi,validation,validation,934
ISIC_0026837,HAM_0007481,melanocytic_Nevi,train,train,3639
ISIC_0026838,HAM_0000250,melanocytic_Nevi,train,train,3640
ISIC_0026839,HAM_0001971,melanocytic_Nevi,validation,train,3641
ISIC_0026840,HAM_0007253,melanocytic_Nevi,test,train,3642
ISIC_0026841,HAM_0003833,melanocytic_Nevi,train,train,3643
ISIC_0026842,HAM_0001536,benign_keratosis-like_lesions,validation,train,1075
ISIC_0026843,HAM_0005082,benign_keratosis-like_lesions,train,train,1076
ISIC_0026844,HAM_0004114,benign_keratosis-like_lesions,train,train,1077
ISIC_0026845,HAM_0001283,basal_cell_carcinoma,train,train,431
ISIC_0026846,HAM_0003287,benign_keratosis-like_lesions,train,train,1078
ISIC_0026847,HAM_0002099,melanoma,train,train,8569
ISIC_0026848,HAM_0007308,actinic_keratoses,test,train,93
ISIC_0026849,HAM_0004545,benign_keratosis-like_lesions,train,train,1079
ISIC_0026850,HAM_0003915,melanocytic_Nevi,train,train,3644
ISIC_0026851,HAM_0001166,melanocytic_Nevi,train,train,3645
ISIC_0026852,HAM_0001001,melanocytic_Nevi,train,train,3646
ISIC_0026853,HAM_0002194,melanoma,train,train,8570
ISIC_0026854,HAM_0004842,melanocytic_Nevi,train,train,3647
ISIC_0026855,HAM_0000457,basal_cell_carcinoma,train,train,432
ISIC_0026856,HAM_0004697,melanocytic_Nevi,test,train,3648
ISIC_0026857,HAM_0004363,actinic_keratoses,validation,train,94
ISIC_0026858,HAM_0007093,melanocytic_Nevi,train,train,3649
ISIC_0026859,HAM_0006090,melanocytic_Nevi,train,validation,936
ISIC_0026860,HAM_0000334,melanocytic_Nevi,validation,train,3650
ISIC_0026861,HAM_0007110,benign_keratosis-like_lesions,train,train,1080
ISIC_0026862,HAM_0002211,melanocytic_Nevi,train,train,3651
ISIC_0026863,HAM_0002822,melanocytic_Nevi,test,train,3652
ISIC_0026864,HAM_0000420,melanocytic_Nevi,train,train,3653
ISIC_0026865,HAM_0005509,basal_cell_carcinoma,train,train,433
ISIC_0026866,HAM_0002754,melanocytic_Nevi,train,train,3654
ISIC_0026867,HAM_0003973,benign_keratosis-like_lesions,train,train,1081
ISIC_0026868,HAM_0005251,melanoma,train,train,8571
ISIC_0026869,HAM_0007468,melanocytic_Nevi,train,train,3655
ISIC_0026870,HAM_0003587,melanoma,train,train,8572
ISIC_0026871,HAM_0001240,benign_keratosis-like_lesions,validation,train,1082
ISIC_0026872,HAM_0006746,actinic_keratoses,validation,test,13
ISIC_0026873,HAM_0001866,melanocytic_Nevi,validation,train,3656
ISIC_0026874,HAM_0001542,melanocytic_Nevi,validation,train,3657
ISIC_0026875,HAM_0007539,melanocytic_Nevi,test,train,3658
ISIC_0026876,HAM_0002610,vascular_lesions,test,test,1268
ISIC_0026877,HAM_0004354,melanoma,train,train,8573
ISIC_0026878,HAM_0007436,melanocytic_Nevi,train,train,3659
ISIC_0026879,HAM_0002393,melanocytic_Nevi,train,train,3660
ISIC_0026880,HAM_0006486,melanocytic_Nevi,validation,train,3661
ISIC_0026881,HAM_0006021,melanocytic_Nevi,train,train,3662
ISIC_0026882,HAM_0001789,melanocytic_Nevi,train,train,3663
ISIC_0026883,HAM_0002797,melanocytic_Nevi,train,train,3664
ISIC_0026884,HAM_0002763,melanocytic_Nevi,validation,train,3665
ISIC_0026885,HAM_0000482,melanocytic_Nevi,test,train,3666
ISIC_0026886,HAM_0001041,melanocytic_Nevi,test,train,3667
ISIC_0026887,HAM_0005162,melanocytic_Nevi,test,train,3668
ISIC_0026888,HAM_0005163,melanocytic_Nevi,test,train,3669
ISIC_0026889,HAM_0002833,melanocytic_Nevi,train,train,3670
ISIC_0026890,HAM_0003277,melanocytic_Nevi,train,train,3671
ISIC_0026891,HAM_0002287,melanocytic_Nevi,train,train,3672
ISIC_0026892,HAM_0007560,melanoma,train,train,8574
ISIC_0026893,HAM_0003791,benign_keratosis-like_lesions,train,train,1083
ISIC_0026894,HAM_0006984,melanocytic_Nevi,train,train,3673
ISIC_0026895,HAM_0003605,benign_keratosis-like_lesions,train,train,1084
ISIC_0026896,HAM_0002328,melanocytic_Nevi,test,train,3674
ISIC_0026897,HAM_0002772,melanoma,train,train,8575
ISIC_0026898,HAM_0005726,melanocytic_Nevi,train,train,3675
ISIC_0026899,HAM_0001652,melanocytic_Nevi,train,train,3676
ISIC_0026900,HAM_0001363,melanocytic_Nevi,train,train,3677
ISIC_0026901,HAM_0001716,melanocytic_Nevi,train,train,3678
ISIC_0026902,HAM_0000719,basal_cell_carcinoma,train,train,434
ISIC_0026903,HAM_0005394,melanocytic_Nevi,validation,train,3679
ISIC_0026904,HAM_0004626,melanocytic_Nevi,validation,train,3680
ISIC_0026905,HAM_0006180,actinic_keratoses,train,train,95
ISIC_0026906,HAM_0005782,melanocytic_Nevi,validation,train,3681
ISIC_0026907,HAM_0005291,benign_keratosis-like_lesions,train,train,1085
ISIC_0026908,HAM_0002976,melanocytic_Nevi,train,train,3682
ISIC_0026909,HAM_0007171,melanoma,train,train,8576
ISIC_0026910,HAM_0003661,melanocytic_Nevi,test,train,3683
ISIC_0026911,HAM_0006303,melanocytic_Nevi,test,train,3684
ISIC_0026912,HAM_0007337,benign_keratosis-like_lesions,train,train,1086
ISIC_0026913,HAM_0001134,melanocytic_Nevi,validation,train,3685
ISIC_0026914,HAM_0005038,melanocytic_Nevi,train,train,3686
ISIC_0026915,HAM_0002851,melanocytic_Nevi,train,train,3687
ISIC_0026916,HAM_0000320,melanoma,validation,train,8577
ISIC_0026917,HAM_0001898,melanocytic_Nevi,train,train,3688
ISIC_0026918,HAM_0006573,melanocytic_Nevi,train,train,3689
ISIC_0026919,HAM_0001945,melanocytic_Nevi,train,train,3690
ISIC_0026920,HAM_0001806,melanocytic_Nevi,train,train,3691
ISIC_0026921,HAM_0004275,melanocytic_Nevi,train,train,3692
ISIC_0026922,HAM_0006881,melanocytic_Nevi,test,train,3693
ISIC_0026923,HAM_0000198,benign_keratosis-like_lesions,validation,train,1087
ISIC_0026924,HAM_0004313,melanocytic_Nevi,train,train,3694
ISIC_0026925,HAM_0000285,melanocytic_Nevi,train,train,3695
ISIC_0026926,HAM_0006313,melanocytic_Nevi,train,train,3696
ISIC_0026927,HAM_0003501,actinic_keratoses,train,train,96
ISIC_0026928,HAM_0001346,melanocytic_Nevi,train,train,3697
ISIC_0026929,HAM_0005224,melanocytic_Nevi,train,train,3698
ISIC_0026930,HAM_0002970,melanoma,train,train,8578
ISIC_0026931,HAM_0003901,melanocytic_Nevi,train,validation,947
ISIC_0026932,HAM_0001096,melanocytic_Nevi,train,train,3699
ISIC_0026933,HAM_0002348,melanocytic_Nevi,train,train,3700
ISIC_0026934,HAM_0002729,melanocytic_Nevi,validation,train,3701
ISIC_0026935,HAM_0003909,melanocytic_Nevi,train,train,3702
ISIC_0026936,HAM_0000574,melanocytic_Nevi,train,train,3703
ISIC_0026937,HAM_0002267,melanocytic_Nevi,train,train,3704
ISIC_0026938,HAM_0001929,melanocytic_Nevi,validation,train,3705
ISIC_0026939,HAM_0000254,melanocytic_Nevi,train,train,3706
ISIC_0026940,HAM_0005973,basal_cell_carcinoma,train,train,435
ISIC_0026941,HAM_0003715,benign_keratosis-like_lesions,train,train,1088
ISIC_0026942,HAM_0006553,melanocytic_Nevi,train,train,3707
ISIC_0026943,HAM_0003440,melanocytic_Nevi,train,train,3708
ISIC_0026944,HAM_0000331,melanocytic_Nevi,train,train,3709
ISIC_0026945,HAM_0003999,melanocytic_Nevi,train,train,3710
ISIC_0026946,HAM_0007040,melanocytic_Nevi,test,train,3711
ISIC_0026947,HAM_0000425,benign_keratosis-like_lesions,train,train,1089
ISIC_0026948,HAM_0007619,melanocytic_Nevi,train,train,3712
ISIC_0026949,HAM_0007252,melanocytic_Nevi,train,train,3713
ISIC_0026950,HAM_0007617,melanoma,test,train,8579
ISIC_0026951,HAM_0003861,melanocytic_Nevi,train,train,3714
ISIC_0026952,HAM_0002167,basal_cell_carcinoma,test,train,436
ISIC_0026953,HAM_0001332,melanocytic_Nevi,train,train,3715
ISIC_0026954,HAM_0003194,melanoma,validation,train,8580
ISIC_0026955,HAM_0003569,benign_keratosis-like_lesions,train,train,1090
ISIC_0026956,HAM_0003142,melanocytic_Nevi,train,train,3716
ISIC_0026957,HAM_0001369,basal_cell_carcinoma,train,train,437
ISIC_0026958,HAM_0001773,benign_keratosis-like_lesions,train,validation,290
ISIC_0026959,HAM_0003426,benign_keratosis-like_lesions,train,train,1091
ISIC_0026960,HAM_0005456,melanocytic_Nevi,train,train,3717
ISIC_0026961,HAM_0006181,benign_keratosis-like_lesions,train,train,1092
ISIC_0026962,HAM_0007334,melanocytic_Nevi,test,train,3718
ISIC_0026963,HAM_0001741,melanoma,train,train,8581
ISIC_0026964,HAM_0004372,melanocytic_Nevi,test,train,3719
ISIC_0026965,HAM_0000470,melanocytic_Nevi,train,train,3720
ISIC_0026966,HAM_0006344,melanocytic_Nevi,train,train,3721
ISIC_0026967,HAM_0007027,benign_keratosis-like_lesions,train,train,1093
ISIC_0026968,HAM_0000612,basal_cell_carcinoma,validation,train,438
ISIC_0026969,HAM_0005148,melanocytic_Nevi,train,train,3722
ISIC_0026970,HAM_0004940,basal_cell_carcinoma,train,train,439
ISIC_0026971,HAM_0003407,melanocytic_Nevi,validation,train,3723
ISIC_0026972,HAM_0001251,melanocytic_Nevi,test,train,3724
ISIC_0026973,HAM_0003557,melanocytic_Nevi,validation,train,3725
ISIC_0026974,HAM_0003603,melanocytic_Nevi,train,validation,954
ISIC_0026975,HAM_0006063,melanocytic_Nevi,test,train,3726
ISIC_0026976,HAM_0000358,melanoma,train,train,8582
ISIC_0026977,HAM_0002831,melanocytic_Nevi,train,train,3727
ISIC_0026978,HAM_0004042,basal_cell_carcinoma,train,train,440
ISIC_0026979,HAM_0002060,melanocytic_Nevi,train,train,3728
ISIC_0026980,HAM_0005876,melanocytic_Nevi,train,train,3729
ISIC_0026981,HAM_0000909,actinic_keratoses,validation,train,97
ISIC_0026982,HAM_0005358,melanocytic_Nevi,train,train,3730
ISIC_0026983,HAM_0006404,melanocytic_Nevi,validation,train,3731
ISIC_0026984,HAM_0001903,actinic_keratoses,train,train,98
ISIC_0026985,HAM_0006607,melanocytic_Nevi,train,train,3732
ISIC_0026986,HAM_0006044,melanocytic_Nevi,train,train,3733
ISIC_0026987,HAM_0006994,melanocytic_Nevi,train,train,3734
ISIC_0026988,HAM_0004937,basal_cell_carcinoma,train,test,58
ISIC_0026989,HAM_0003558,melanoma,train,train,8583
ISIC_0026990,HAM_0000568,melanocytic_Nevi,validation,train,3735
ISIC_0026991,HAM_0003946,melanocytic_Nevi,train,train,3736
ISIC_0026992,HAM_0003146,actinic_keratoses,train,train,99
ISIC_0026993,HAM_0005186,melanoma,validation,train,8584
ISIC_0026994,HAM_0002930,melanocytic_Nevi,train,train,3737
ISIC_0026995,HAM_0001693,basal_cell_carcinoma,train,validation,110
ISIC_0026996,HAM_0004121,melanoma,train,train,8585
ISIC_0026997,HAM_0004972,melanocytic_Nevi,train,train,3738
ISIC_0026998,HAM_0006094,melanocytic_Nevi,train,train,3739
ISIC_0026999,HAM_0006075,melanocytic_Nevi,train,train,3740
ISIC_0027000,HAM_0000408,melanocytic_Nevi,train,train,3741
ISIC_0027001,HAM_0003134,melanocytic_Nevi,train,train,3742
ISIC_0027002,HAM_0000464,melanocytic_Nevi,train,train,3743
ISIC_0027003,HAM_0007528,melanocytic_Nevi,train,train,3744
ISIC_0027004,HAM_0003826,basal_cell_carcinoma,train,train,441
ISIC_0027005,HAM_0006596,melanocytic_Nevi,train,train,3745
ISIC_0027006,HAM_0007018,benign_keratosis-like_lesions,train,train,1094
ISIC_0027007,HAM_0003311,melanocytic_Nevi,train,train,3746
ISIC_0027008,HAM_0005276,dermatofibroma,train,train,1876
ISIC_0027009,HAM_0003594,melanocytic_Nevi,train,train,3747
ISIC_0027010,HAM_0006711,melanocytic_Nevi,validation,train,3748
ISIC_0027011,HAM_0000307,melanocytic_Nevi,train,train,3749
ISIC_0027012,HAM_0007445,melanocytic_Nevi,train,train,3750
ISIC_0027013,HAM_0001854,melanocytic_Nevi,train,train,3751
ISIC_0027014,HAM_0002627,melanocytic_Nevi,train,train,3752
ISIC_0027015,HAM_0001851,melanocytic_Nevi,validation,train,3753
ISIC_0027016,HAM_0002369,melanocytic_Nevi,train,train,3754
ISIC_0027017,HAM_0003183,benign_keratosis-like_lesions,train,validation,291
ISIC_0027018,HAM_0006525,benign_keratosis-like_lesions,train,train,1095
ISIC_0027019,HAM_0004629,melanocytic_Nevi,train,train,3755
ISIC_0027020,HAM_0000188,melanocytic_Nevi,train,train,3756
ISIC_0027021,HAM_0006940,melanoma,test,train,8586
ISIC_0027022,HAM_0005453,melanocytic_Nevi,train,train,3757
ISIC_0027023,HAM_0000746,benign_keratosis-like_lesions,validation,train,1096
ISIC_0027024,HAM_0005034,melanocytic_Nevi,train,train,3758
ISIC_0027025,HAM_0000121,benign_keratosis-like_lesions,train,train,1097
ISIC_0027026,HAM_0002585,benign_keratosis-like_lesions,train,train,1098
ISIC_0027027,HAM_0007604,benign_keratosis-like_lesions,test,train,1099
ISIC_0027028,HAM_0005912,melanocytic_Nevi,validation,train,3759
ISIC_0027029,HAM_0000838,melanocytic_Nevi,test,train,3760
ISIC_0027030,HAM_0004254,melanoma,validation,test,1154
ISIC_0027031,HAM_0006742,melanocytic_Nevi,test,train,3761
ISIC_0027032,HAM_0002093,melanocytic_Nevi,test,train,3762
ISIC_0027033,HAM_0000059,melanoma,test,train,8587
ISIC_0027034,HAM_0007426,melanocytic_Nevi,train,train,3763
ISIC_0027035,HAM_0003331,melanocytic_Nevi,train,train,3764
ISIC_0027036,HAM_0005925,melanocytic_Nevi,train,train,3765
ISIC_0027037,HAM_0003140,benign_keratosis-like_lesions,validation,train,1100
ISIC_0027038,HAM_0005985,basal_cell_carcinoma,validation,train,442
ISIC_0027039,HAM_0004035,melanocytic_Nevi,test,train,3766
ISIC_0027040,HAM_0004924,melanocytic_Nevi,train,train,3767
ISIC_0027041,HAM_0003049,benign_keratosis-like_lesions,validation,train,1101
ISIC_0027042,HAM_0002078,benign_keratosis-like_lesions,test,train,1102
ISIC_0027043,HAM_0007390,melanoma,validation,train,8588
ISIC_0027044,HAM_0002871,dermatofibroma,validation,train,1877
ISIC_0027045,HAM_0005016,melanocytic_Nevi,train,validation,962
ISIC_0027046,HAM_0005371,basal_cell_carcinoma,train,train,443
ISIC_0027047,HAM_0001786,actinic_keratoses,train,train,100
ISIC_0027048,HAM_0001281,melanocytic_Nevi,validation,validation,963
ISIC_0027049,HAM_0006826,melanocytic_Nevi,train,train,3768
ISIC_0027050,HAM_0004597,melanocytic_Nevi,train,train,3769
ISIC_0027051,HAM_0006972,melanocytic_Nevi,validation,train,3770
ISIC_0027052,HAM_0000752,melanocytic_Nevi,train,train,3771
ISIC_0027053,HAM_0003847,benign_keratosis-like_lesions,train,train,1103
ISIC_0027054,HAM_0005414,melanocytic_Nevi,validation,train,3772
ISIC_0027055,HAM_0005294,melanocytic_Nevi,train,train,3773
ISIC_0027056,HAM_0005306,melanocytic_Nevi,train,train,3774
ISIC_0027057,HAM_0002021,basal_cell_carcinoma,train,train,444
ISIC_0027058,HAM_0005998,basal_cell_carcinoma,train,train,445
ISIC_0027059,HAM_0007628,melanocytic_Nevi,validation,train,3775
ISIC_0027060,HAM_0002471,melanoma,test,train,8589
ISIC_0027061,HAM_0007505,melanocytic_Nevi,train,train,3776
ISIC_0027062,HAM_0000288,melanocytic_Nevi,train,train,3777
ISIC_0027063,HAM_0004813,melanoma,train,train,8590
ISIC_0027064,HAM_0000398,benign_keratosis-like_lesions,validation,train,1104
ISIC_0027065,HAM_0005533,melanoma,train,train,8591
ISIC_0027066,HAM_0000273,melanocytic_Nevi,test,train,3778
ISIC_0027067,HAM_0004053,melanoma,train,train,8592
ISIC_0027068,HAM_0007296,benign_keratosis-like_lesions,train,train,1105
ISIC_0027069,HAM_0005926,melanoma,train,train,8593
ISIC_0027070,HAM_0003526,melanocytic_Nevi,train,train,3779
ISIC_0027071,HAM_0001596,melanoma,train,train,8594
ISIC_0027072,HAM_0004128,melanocytic_Nevi,test,train,3780
ISIC_0027073,HAM_0004127,melanocytic_Nevi,validation,train,3781
ISIC_0027074,HAM_0000264,melanocytic_Nevi,test,train,3782
ISIC_0027075,HAM_0004261,melanocytic_Nevi,test,train,3783
ISIC_0027076,HAM_0000492,melanoma,train,train,8595
ISIC_0027077,HAM_0003848,melanocytic_Nevi,train,train,3784
ISIC_0027078,HAM_0001660,melanocytic_Nevi,train,train,3785
ISIC_0027079,HAM_0000246,melanocytic_Nevi,train,train,3786
ISIC_0027080,HAM_0000648,melanocytic_Nevi,train,train,3787
ISIC_0027081,HAM_0003823,melanocytic_Nevi,train,train,3788
ISIC_0027082,HAM_0000816,melanocytic_Nevi,train,train,3789
ISIC_0027083,HAM_0007381,benign_keratosis-like_lesions,train,train,1106
ISIC_0027084,HAM_0006893,actinic_keratoses,train,train,101
ISIC_0027085,HAM_0007026,melanocytic_Nevi,test,train,3790
ISIC_0027086,HAM_0006629,melanocytic_Nevi,train,train,3791
ISIC_0027087,HAM_0005523,melanocytic_Nevi,test,train,3792
ISIC_0027088,HAM_0002513,melanocytic_Nevi,validation,train,3793
ISIC_0027089,HAM_0002800,melanoma,train,train,8596
ISIC_0027090,HAM_0001018,basal_cell_carcinoma,train,train,446
ISIC_0027091,HAM_0001617,melanocytic_Nevi,train,train,3794
ISIC_0027092,HAM_0007582,melanocytic_Nevi,test,train,3795
ISIC_0027093,HAM_0002959,basal_cell_carcinoma,train,train,447
ISIC_0027094,HAM_0001292,benign_keratosis-like_lesions,train,train,1107
ISIC_0027095,HAM_0000537,melanocytic_Nevi,train,train,3796
ISIC_0027096,HAM_0000656,melanocytic_Nevi,test,train,3797
ISIC_0027097,HAM_0003016,melanocytic_Nevi,validation,train,3798
ISIC_0027098,HAM_0003451,melanocytic_Nevi,train,train,3799
ISIC_0027099,HAM_0001623,melanocytic_Nevi,test,train,3800
ISIC_0027100,HAM_0005352,melanoma,train,train,8597
ISIC_0027101,HAM_0001835,melanoma,train,train,8598
ISIC_0027102,HAM_0003782,melanoma,train,train,8599
ISIC_0027103,HAM_0000589,melanocytic_Nevi,train,train,3801
ISIC_0027104,HAM_0000636,melanocytic_Nevi,train,train,3802
ISIC_0027105,HAM_0005747,melanoma,test,train,8600
ISIC_0027106,HAM_0003576,melanocytic_Nevi,test,train,3803
ISIC_0027107,HAM_0004036,dermatofibroma,train,train,1878
ISIC_0027108,HAM_0004922,melanocytic_Nevi,train,train,3804
ISIC_0027109,HAM_0006685,melanocytic_Nevi,train,train,3805
ISIC_0027110,HAM_0006348,melanocytic_Nevi,train,train,3806
ISIC_0027111,HAM_0000368,melanocytic_Nevi,validation,train,3807
ISIC_0027112,HAM_0004886,melanocytic_Nevi,train,train,3808
ISIC_0027113,HAM_0002658,melanocytic_Nevi,train,train,3809
ISIC_0027114,HAM_0005787,melanocytic_Nevi,train,train,3810
ISIC_0027115,HAM_0007576,melanocytic_Nevi,train,train,3811
ISIC_0027116,HAM_0002656,melanocytic_Nevi,test,train,3812
ISIC_0027117,HAM_0006351,basal_cell_carcinoma,train,train,448
ISIC_0027118,HAM_0001164,dermatofibroma,train,train,1879
ISIC_0027119,HAM_0007387,melanocytic_Nevi,validation,train,3813
ISIC_0027120,HAM_0003444,basal_cell_carcinoma,validation,train,449
ISIC_0027121,HAM_0004941,melanocytic_Nevi,train,train,3814
ISIC_0027122,HAM_0000996,melanocytic_Nevi,validation,train,3815
ISIC_0027123,HAM_0003780,melanocytic_Nevi,validation,train,3816
ISIC_0027124,HAM_0003636,melanocytic_Nevi,train,train,3817
ISIC_0027125,HAM_0003182,melanoma,test,train,8601
ISIC_0027126,HAM_0004053,melanoma,train,train,8602
ISIC_0027127,HAM_0005230,melanocytic_Nevi,train,train,3818
ISIC_0027128,HAM_0004955,melanocytic_Nevi,train,train,3819
ISIC_0027129,HAM_0007545,melanocytic_Nevi,train,train,3820
ISIC_0027130,HAM_0004654,melanoma,train,train,8603
ISIC_0027131,HAM_0000088,melanocytic_Nevi,test,train,3821
ISIC_0027132,HAM_0004987,melanocytic_Nevi,validation,train,3822
ISIC_0027133,HAM_0004604,melanocytic_Nevi,train,train,3823
ISIC_0027134,HAM_0004577,melanocytic_Nevi,test,validation,978
ISIC_0027135,HAM_0004388,basal_cell_carcinoma,test,train,450
ISIC_0027136,HAM_0002266,melanocytic_Nevi,train,train,3824
ISIC_0027137,HAM_0000762,melanocytic_Nevi,train,train,3825
ISIC_0027138,HAM_0004370,melanocytic_Nevi,train,train,3826
ISIC_0027139,HAM_0005440,benign_keratosis-like_lesions,test,train,1108
ISIC_0027140,HAM_0006411,melanocytic_Nevi,train,train,3827
ISIC_0027141,HAM_0000024,dermatofibroma,validation,train,1880
ISIC_0027142,HAM_0004322,benign_keratosis-like_lesions,validation,train,1109
ISIC_0027143,HAM_0007239,melanocytic_Nevi,validation,train,3828
ISIC_0027144,HAM_0005064,melanoma,train,train,8604
ISIC_0027145,HAM_0001357,melanocytic_Nevi,train,train,3829
ISIC_0027146,HAM_0007009,basal_cell_carcinoma,train,train,451
ISIC_0027147,HAM_0000366,melanocytic_Nevi,validation,train,3830
ISIC_0027148,HAM_0005949,melanocytic_Nevi,train,train,3831
ISIC_0027149,HAM_0007592,melanoma,train,train,8605
ISIC_0027150,HAM_0003742,melanocytic_Nevi,train,train,3832
ISIC_0027151,HAM_0007179,benign_keratosis-like_lesions,train,train,1110
ISIC_0027152,HAM_0003091,melanocytic_Nevi,train,train,3833
ISIC_0027153,HAM_0000853,melanocytic_Nevi,validation,train,3834
ISIC_0027154,HAM_0005415,benign_keratosis-like_lesions,train,train,1111
ISIC_0027155,HAM_0000282,melanoma,train,train,8606
ISIC_0027156,HAM_0005172,melanocytic_Nevi,train,train,3835
ISIC_0027157,HAM_0002756,melanocytic_Nevi,train,train,3836
ISIC_0027158,HAM_0003953,melanocytic_Nevi,test,train,3837
ISIC_0027159,HAM_0004877,vascular_lesions,train,train,9480
ISIC_0027160,HAM_0007050,melanocytic_Nevi,train,train,3838
ISIC_0027161,HAM_0005494,melanocytic_Nevi,train,train,3839
ISIC_0027162,HAM_0004905,benign_keratosis-like_lesions,train,train,1112
ISIC_0027163,HAM_0006964,melanoma,train,train,8607
ISIC_0027164,HAM_0004328,melanocytic_Nevi,train,train,3840
ISIC_0027165,HAM_0005476,melanocytic_Nevi,train,train,3841
ISIC_0027166,HAM_0003108,melanocytic_Nevi,train,train,3842
ISIC_0027167,HAM_0003859,benign_keratosis-like_lesions,test,validation,297
ISIC_0027168,HAM_0006072,melanocytic_Nevi,train,train,3843
ISIC_0027169,HAM_0003844,melanocytic_Nevi,train,train,3844
ISIC_0027170,HAM_0000323,melanocytic_Nevi,train,train,3845
ISIC_0027171,HAM_0002696,melanoma,test,train,8608
ISIC_0027172,HAM_0003939,actinic_keratoses,train,train,102
ISIC_0027173,HAM_0005472,melanocytic_Nevi,train,train,3846
ISIC_0027174,HAM_0007390,melanoma,validation,train,8609
ISIC_0027175,HAM_0000655,basal_cell_carcinoma,train,train,452
ISIC_0027176,HAM_0003388,melanocytic_Nevi,train,train,3847
ISIC_0027177,HAM_0005680,melanocytic_Nevi,validation,train,3848
ISIC_0027178,HAM_0002705,actinic_keratoses,validation,train,103
ISIC_0027179,HAM_0006061,melanoma,test,train,8610
ISIC_0027180,HAM_0001063,melanocytic_Nevi,train,train,3849
ISIC_0027181,HAM_0003640,melanocytic_Nevi,train,train,3850
ISIC_0027182,HAM_0000172,melanocytic_Nevi,train,train,3851
ISIC_0027183,HAM_0001104,melanocytic_Nevi,test,train,3852
ISIC_0027184,HAM_0007349,actinic_keratoses,train,train,104
ISIC_0027185,HAM_0003849,melanocytic_Nevi,train,train,3853
ISIC_0027186,HAM_0005688,melanocytic_Nevi,train,train,3854
ISIC_0027187,HAM_0004596,melanoma,train,train,8611
ISIC_0027188,HAM_0006188,dermatofibroma,validation,train,1881
ISIC_0027189,HAM_0006708,basal_cell_carcinoma,train,train,453
ISIC_0027190,HAM_0000040,melanoma,train,train,8612
ISIC_0027191,HAM_0003701,melanocytic_Nevi,train,train,3855
ISIC_0027192,HAM_0001024,benign_keratosis-like_lesions,train,train,1113
ISIC_0027193,HAM_0002308,melanocytic_Nevi,train,train,3856
ISIC_0027194,HAM_0004224,benign_keratosis-like_lesions,train,train,1114
ISIC_0027195,HAM_0006279,melanocytic_Nevi,validation,train,3857
ISIC_0027196,HAM_0007304,melanocytic_Nevi,train,train,3858
ISIC_0027197,HAM_0006244,melanocytic_Nevi,train,train,3859
ISIC_0027198,HAM_0000960,melanocytic_Nevi,train,train,3860
ISIC_0027199,HAM_0006846,melanocytic_Nevi,validation,train,3861
ISIC_0027200,HAM_0001805,melanocytic_Nevi,train,test,507
ISIC_0027201,HAM_0003446,melanocytic_Nevi,validation,validation,989
ISIC_0027202,HAM_0001011,benign_keratosis-like_lesions,train,train,1115
ISIC_0027203,HAM_0000287,melanocytic_Nevi,train,train,3862
ISIC_0027204,HAM_0001532,melanoma,train,train,8613
ISIC_0027205,HAM_0005706,melanocytic_Nevi,train,train,3863
ISIC_0027206,HAM_0007158,melanocytic_Nevi,train,train,3864
ISIC_0027207,HAM_0005138,melanocytic_Nevi,test,train,3865
ISIC_0027208,HAM_0001715,melanocytic_Nevi,train,train,3866
ISIC_0027209,HAM_0001849,melanocytic_Nevi,train,train,3867
ISIC_0027210,HAM_0006748,vascular_lesions,test,train,9481
ISIC_0027211,HAM_0006262,melanocytic_Nevi,validation,train,3868
ISIC_0027212,HAM_0003341,melanocytic_Nevi,validation,train,3869
ISIC_0027213,HAM_0002904,melanocytic_Nevi,train,train,3870
ISIC_0027214,HAM_0004938,melanocytic_Nevi,test,train,3871
ISIC_0027215,HAM_0006950,melanocytic_Nevi,train,train,3872
ISIC_0027216,HAM_0007129,dermatofibroma,test,train,1882
ISIC_0027217,HAM_0003842,melanocytic_Nevi,train,train,3873
ISIC_0027218,HAM_0001738,benign_keratosis-like_lesions,train,train,1116
ISIC_0027219,HAM_0000202,benign_keratosis-like_lesions,train,train,1117
ISIC_0027220,HAM_0005797,melanocytic_Nevi,train,train,3874
ISIC_0027221,HAM_0004737,melanocytic_Nevi,train,train,3875
ISIC_0027222,HAM_0005741,melanocytic_Nevi,train,train,3876
ISIC_0027223,HAM_0004772,melanocytic_Nevi,validation,train,3877
ISIC_0027224,HAM_0002668,melanocytic_Nevi,train,train,3878
ISIC_0027225,HAM_0000405,melanocytic_Nevi,train,train,3879
ISIC_0027226,HAM_0000342,melanocytic_Nevi,validation,train,3880
ISIC_0027227,HAM_0001833,melanocytic_Nevi,validation,train,3881
ISIC_0027228,HAM_0001972,melanocytic_Nevi,train,train,3882
ISIC_0027229,HAM_0003826,basal_cell_carcinoma,train,train,454
ISIC_0027230,HAM_0001687,melanocytic_Nevi,train,train,3883
ISIC_0027231,HAM_0005310,actinic_keratoses,train,train,105
ISIC_0027232,HAM_0003708,melanocytic_Nevi,validation,train,3884
ISIC_0027233,HAM_0007375,melanocytic_Nevi,train,train,3885
ISIC_0027234,HAM_0005681,melanoma,validation,train,8614
ISIC_0027235,HAM_0003091,melanocytic_Nevi,train,train,3886
ISIC_0027236,HAM_0001555,melanocytic_Nevi,train,train,3887
ISIC_0027237,HAM_0003850,melanocytic_Nevi,train,validation,997
ISIC_0027238,HAM_0006152,melanoma,train,validation,2247
ISIC_0027239,HAM_0004422,benign_keratosis-like_lesions,train,train,1118
ISIC_0027240,HAM_0005237,melanocytic_Nevi,test,train,3888
ISIC_0027241,HAM_0000995,melanocytic_Nevi,train,train,3889
ISIC_0027242,HAM_0003578,melanocytic_Nevi,train,validation,999
ISIC_0027243,HAM_0007288,melanocytic_Nevi,train,train,3890
ISIC_0027244,HAM_0006484,melanocytic_Nevi,test,train,3891
ISIC_0027245,HAM_0006162,melanocytic_Nevi,train,train,3892
ISIC_0027246,HAM_0002740,melanocytic_Nevi,train,train,3893
ISIC_0027247,HAM_0001447,melanocytic_Nevi,train,train,3894
ISIC_0027248,HAM_0004830,melanocytic_Nevi,train,train,3895
ISIC_0027249,HAM_0001869,melanocytic_Nevi,train,train,3896
ISIC_0027250,HAM_0003937,melanocytic_Nevi,train,train,3897
ISIC_0027251,HAM_0007067,melanocytic_Nevi,train,train,3898
ISIC_0027252,HAM_0004674,melanocytic_Nevi,train,train,3899
ISIC_0027253,HAM_0005697,melanoma,test,validation,2248
ISIC_0027254,HAM_0003949,actinic_keratoses,validation,train,106
ISIC_0027255,HAM_0007284,melanocytic_Nevi,train,train,3900
ISIC_0027256,HAM_0004542,vascular_lesions,train,train,9482
ISIC_0027257,HAM_0005816,melanocytic_Nevi,train,train,3901
ISIC_0027258,HAM_0006547,melanocytic_Nevi,train,train,3902
ISIC_0027259,HAM_0004520,melanocytic_Nevi,train,train,3903
ISIC_0027260,HAM_0002391,melanoma,train,train,8615
ISIC_0027261,HAM_0005084,melanoma,train,train,8616
ISIC_0027262,HAM_0003590,melanocytic_Nevi,train,train,3904
ISIC_0027263,HAM_0003449,melanoma,validation,train,8617
ISIC_0027264,HAM_0005360,melanocytic_Nevi,train,train,3905
ISIC_0027265,HAM_0005347,melanocytic_Nevi,train,train,3906
ISIC_0027266,HAM_0003430,melanocytic_Nevi,validation,train,3907
ISIC_0027267,HAM_0002870,melanocytic_Nevi,validation,train,3908
ISIC_0027268,HAM_0002317,melanocytic_Nevi,test,train,3909
ISIC_0027269,HAM_0005560,vascular_lesions,train,train,9483
ISIC_0027270,HAM_0000835,benign_keratosis-like_lesions,train,train,1119
ISIC_0027271,HAM_0006757,melanocytic_Nevi,train,train,3910
ISIC_0027272,HAM_0004668,melanocytic_Nevi,train,train,3911
ISIC_0027273,HAM_0004606,melanocytic_Nevi,validation,train,3912
ISIC_0027274,HAM_0007472,melanocytic_Nevi,train,train,3913
ISIC_0027275,HAM_0002280,benign_keratosis-like_lesions,train,train,1120
ISIC_0027276,HAM_0000649,melanocytic_Nevi,test,train,3914
ISIC_0027277,HAM_0004720,melanoma,train,train,8618
ISIC_0027278,HAM_0007236,melanocytic_Nevi,train,train,3915
ISIC_0027279,HAM_0006009,benign_keratosis-like_lesions,train,train,1121
ISIC_0027280,HAM_0005618,melanocytic_Nevi,test,validation,1004
ISIC_0027281,HAM_0006904,basal_cell_carcinoma,train,train,455
ISIC_0027282,HAM_0006017,melanoma,train,train,8619
ISIC_0027283,HAM_0000265,melanocytic_Nevi,train,train,3916
ISIC_0027284,HAM_0006108,melanocytic_Nevi,validation,train,3917
ISIC_0027285,HAM_0005902,melanocytic_Nevi,train,train,3918
ISIC_0027286,HAM_0005832,melanocytic_Nevi,train,train,3919
ISIC_0027287,HAM_0002933,benign_keratosis-like_lesions,train,train,1122
ISIC_0027288,HAM_0001581,melanocytic_Nevi,validation,train,3920
ISIC_0027289,HAM_0003565,melanocytic_Nevi,train,train,3921
ISIC_0027290,HAM_0003502,melanocytic_Nevi,train,train,3922
ISIC_0027291,HAM_0006904,basal_cell_carcinoma,train,train,456
ISIC_0027292,HAM_0006460,melanocytic_Nevi,validation,train,3923
ISIC_0027293,HAM_0004775,melanocytic_Nevi,train,train,3924
ISIC_0027294,HAM_0001520,actinic_keratoses,test,train,107
ISIC_0027295,HAM_0003913,benign_keratosis-like_lesions,train,train,1123
ISIC_0027296,HAM_0001746,melanocytic_Nevi,train,train,3925
ISIC_0027297,HAM_0003186,basal_cell_carcinoma,train,train,457
ISIC_0027298,HAM_0003451,melanocytic_Nevi,train,train,3926
ISIC_0027299,HAM_0000475,melanocytic_Nevi,train,validation,1007
ISIC_0027300,HAM_0003350,melanoma,train,train,8620
ISIC_0027301,HAM_0003092,melanocytic_Nevi,train,train,3927
ISIC_0027302,HAM_0006497,melanoma,train,train,8621
ISIC_0027303,HAM_0000490,actinic_keratoses,test,train,108
ISIC_0027304,HAM_0005825,melanocytic_Nevi,train,train,3928
ISIC_0027305,HAM_0004997,melanocytic_Nevi,train,train,3929
ISIC_0027306,HAM_0006097,melanoma,train,train,8622
ISIC_0027307,HAM_0002262,melanocytic_Nevi,train,train,3930
ISIC_0027308,HAM_0003496,melanocytic_Nevi,train,train,3931
ISIC_0027309,HAM_0003199,melanocytic_Nevi,validation,train,3932
ISIC_0027310,HAM_0003301,benign_keratosis-like_lesions,test,train,1124
ISIC_0027311,HAM_0002084,melanocytic_Nevi,train,validation,1011
ISIC_0027312,HAM_0003327,melanocytic_Nevi,train,train,3933
ISIC_0027313,HAM_0001108,melanocytic_Nevi,train,train,3934
ISIC_0027314,HAM_0006293,melanocytic_Nevi,train,train,3935
ISIC_0027315,HAM_0002202,melanocytic_Nevi,train,train,3936
ISIC_0027316,HAM_0004437,melanocytic_Nevi,train,train,3937
ISIC_0027317,HAM_0001857,melanocytic_Nevi,validation,train,3938
ISIC_0027318,HAM_0000927,melanocytic_Nevi,train,train,3939
ISIC_0027319,HAM_0005273,melanocytic_Nevi,train,train,3940
ISIC_0027320,HAM_0004506,benign_keratosis-like_lesions,train,train,1125
ISIC_0027321,HAM_0006215,melanocytic_Nevi,train,train,3941
ISIC_0027322,HAM_0001044,melanocytic_Nevi,test,train,3942
ISIC_0027323,HAM_0006077,melanocytic_Nevi,train,train,3943
ISIC_0027324,HAM_0003189,melanocytic_Nevi,train,train,3944
ISIC_0027325,HAM_0005951,melanocytic_Nevi,test,train,3945
ISIC_0027326,HAM_0005874,benign_keratosis-like_lesions,train,train,1126
ISIC_0027327,HAM_0004397,melanoma,train,train,8623
ISIC_0027328,HAM_0004651,melanoma,train,train,8624
ISIC_0027329,HAM_0007400,melanocytic_Nevi,validation,train,3946
ISIC_0027330,HAM_0001985,melanocytic_Nevi,train,train,3947
ISIC_0027331,HAM_0004499,melanocytic_Nevi,train,train,3948
ISIC_0027332,HAM_0003582,benign_keratosis-like_lesions,train,train,1127
ISIC_0027333,HAM_0000564,melanocytic_Nevi,test,train,3949
ISIC_0027334,HAM_0004462,actinic_keratoses,train,train,109
ISIC_0027335,HAM_0006670,benign_keratosis-like_lesions,test,train,1128
ISIC_0027336,HAM_0006943,melanocytic_Nevi,train,train,3950
ISIC_0027337,HAM_0003778,basal_cell_carcinoma,train,train,458
ISIC_0027338,HAM_0000163,melanocytic_Nevi,train,train,3951
ISIC_0027339,HAM_0000776,melanocytic_Nevi,train,train,3952
ISIC_0027340,HAM_0007450,melanocytic_Nevi,train,train,3953
ISIC_0027341,HAM_0007041,melanocytic_Nevi,test,train,3954
ISIC_0027342,HAM_0000510,melanocytic_Nevi,train,train,3955
ISIC_0027343,HAM_0003380,actinic_keratoses,train,train,110
ISIC_0027344,HAM_0003069,benign_keratosis-like_lesions,train,train,1129
ISIC_0027345,HAM_0005091,melanocytic_Nevi,train,train,3956
ISIC_0027346,HAM_0002326,melanocytic_Nevi,train,train,3957
ISIC_0027347,HAM_0005234,melanocytic_Nevi,test,train,3958
ISIC_0027348,HAM_0000354,melanocytic_Nevi,train,train,3959
ISIC_0027349,HAM_0000725,melanocytic_Nevi,test,train,3960
ISIC_0027350,HAM_0002970,melanoma,train,train,8625
ISIC_0027351,HAM_0002293,melanocytic_Nevi,train,train,3961
ISIC_0027352,HAM_0003683,melanoma,train,train,8626
ISIC_0027353,HAM_0004471,melanocytic_Nevi,train,train,3962
ISIC_0027354,HAM_0007359,benign_keratosis-like_lesions,test,train,1130
ISIC_0027355,HAM_0005968,benign_keratosis-like_lesions,test,validation,301
ISIC_0027356,HAM_0000473,melanocytic_Nevi,train,train,3963
ISIC_0027357,HAM_0004540,melanocytic_Nevi,validation,train,3964
ISIC_0027358,HAM_0003767,melanocytic_Nevi,train,train,3965
ISIC_0027359,HAM_0000536,melanoma,train,train,8627
ISIC_0027360,HAM_0003958,melanocytic_Nevi,train,train,3966
ISIC_0027361,HAM_0001160,melanocytic_Nevi,test,train,3967
ISIC_0027362,HAM_0000826,melanocytic_Nevi,test,train,3968
ISIC_0027363,HAM_0001030,melanocytic_Nevi,train,train,3969
ISIC_0027364,HAM_0002150,melanocytic_Nevi,train,train,3970
ISIC_0027365,HAM_0002346,basal_cell_carcinoma,train,train,459
ISIC_0027366,HAM_0005839,melanocytic_Nevi,train,train,3971
ISIC_0027367,HAM_0005022,benign_keratosis-like_lesions,train,train,1131
ISIC_0027368,HAM_0003244,melanocytic_Nevi,train,train,3972
ISIC_0027369,HAM_0003228,melanocytic_Nevi,test,train,3973
ISIC_0027370,HAM_0004308,benign_keratosis-like_lesions,train,train,1132
ISIC_0027371,HAM_0005981,basal_cell_carcinoma,train,train,460
ISIC_0027372,HAM_0004567,melanocytic_Nevi,test,train,3974
ISIC_0027373,HAM_0007616,melanocytic_Nevi,validation,train,3975
ISIC_0027374,HAM_0004690,benign_keratosis-like_lesions,validation,train,1133
ISIC_0027375,HAM_0005349,melanocytic_Nevi,train,train,3976
ISIC_0027376,HAM_0005032,melanocytic_Nevi,validation,train,3977
ISIC_0027377,HAM_0005105,melanocytic_Nevi,validation,train,3978
ISIC_0027378,HAM_0002989,melanocytic_Nevi,train,train,3979
ISIC_0027379,HAM_0002154,melanocytic_Nevi,train,train,3980
ISIC_0027380,HAM_0005343,melanocytic_Nevi,train,train,3981
ISIC_0027381,HAM_0004452,melanocytic_Nevi,train,train,3982
ISIC_0027382,HAM_0007510,melanocytic_Nevi,test,train,3983
ISIC_0027383,HAM_0004037,melanocytic_Nevi,validation,train,3984
ISIC_0027384,HAM_0005565,melanocytic_Nevi,validation,train,3985
ISIC_0027385,HAM_0004455,vascular_lesions,test,train,9484
ISIC_0027386,HAM_0001724,melanocytic_Nevi,test,train,3986
ISIC_0027387,HAM_0006896,melanoma,train,train,8628
ISIC_0027388,HAM_0002192,benign_keratosis-like_lesions,train,train,1134
ISIC_0027389,HAM_0005332,melanocytic_Nevi,train,train,3987
ISIC_0027390,HAM_0005261,melanocytic_Nevi,train,train,3988
ISIC_0027391,HAM_0000037,melanocytic_Nevi,train,train,3989
ISIC_0027392,HAM_0002193,benign_keratosis-like_lesions,test,train,1135
ISIC_0027393,HAM_0007397,melanocytic_Nevi,train,train,3990
ISIC_0027394,HAM_0006472,benign_keratosis-like_lesions,train,train,1136
ISIC_0027395,HAM_0007130,melanocytic_Nevi,train,train,3991
ISIC_0027396,HAM_0001491,melanocytic_Nevi,train,train,3992
ISIC_0027397,HAM_0003699,melanocytic_Nevi,train,train,3993
ISIC_0027398,HAM_0001567,melanocytic_Nevi,train,train,3994
ISIC_0027399,HAM_0000935,melanocytic_Nevi,train,train,3995
ISIC_0027400,HAM_0002062,melanocytic_Nevi,train,train,3996
ISIC_0027401,HAM_0007046,melanocytic_Nevi,train,train,3997
ISIC_0027402,HAM_0006556,melanoma,train,train,8629
ISIC_0027403,HAM_0006359,melanocytic_Nevi,train,train,3998
ISIC_0027404,HAM_0000570,melanocytic_Nevi,test,train,3999
ISIC_0027405,HAM_0004628,melanocytic_Nevi,train,train,4000
ISIC_0027406,HAM_0004524,melanocytic_Nevi,train,train,4001
ISIC_0027407,HAM_0000373,melanoma,train,train,8630
ISIC_0027408,HAM_0001696,melanocytic_Nevi,train,train,4002
ISIC_0027409,HAM_0006719,melanocytic_Nevi,train,train,4003
ISIC_0027410,HAM_0005227,melanocytic_Nevi,validation,train,4004
ISIC_0027411,HAM_0001117,melanocytic_Nevi,validation,train,4005
ISIC_0027412,HAM_0000184,melanocytic_Nevi,train,validation,1026
ISIC_0027413,HAM_0007287,melanocytic_Nevi,train,train,4006
ISIC_0027414,HAM_0000620,melanocytic_Nevi,validation,train,4007
ISIC_0027415,HAM_0000505,melanocytic_Nevi,train,train,4008
ISIC_0027416,HAM_0006192,melanocytic_Nevi,validation,train,4009
ISIC_0027417,HAM_0007615,melanocytic_Nevi,train,train,4010
ISIC_0027418,HAM_0001393,melanocytic_Nevi,train,train,4011
ISIC_0027419,HAM_0000118,benign_keratosis-like_lesions,train,train,1137
ISIC_0027420,HAM_0001551,melanoma,test,train,8631
ISIC_0027421,HAM_0001968,melanocytic_Nevi,train,train,4012
ISIC_0027422,HAM_0002539,melanocytic_Nevi,train,train,4013
ISIC_0027423,HAM_0001157,melanocytic_Nevi,train,train,4014
ISIC_0027424,HAM_0002840,melanocytic_Nevi,train,train,4015
ISIC_0027425,HAM_0007346,basal_cell_carcinoma,train,train,461
ISIC_0027426,HAM_0004381,melanocytic_Nevi,validation,train,4016
ISIC_0027427,HAM_0005447,melanocytic_Nevi,train,train,4017
ISIC_0027428,HAM_0003691,benign_keratosis-like_lesions,train,train,1138
ISIC_0027429,HAM_0002853,melanocytic_Nevi,train,train,4018
ISIC_0027430,HAM_0002330,melanocytic_Nevi,train,train,4019
ISIC_0027431,HAM_0000698,melanocytic_Nevi,train,train,4020
ISIC_0027432,HAM_0007196,melanocytic_Nevi,test,train,4021
ISIC_0027433,HAM_0007002,basal_cell_carcinoma,train,train,462
ISIC_0027434,HAM_0001668,melanocytic_Nevi,train,train,4022
ISIC_0027435,HAM_0007500,benign_keratosis-like_lesions,train,validation,304
ISIC_0027436,HAM_0002493,melanoma,train,validation,2252
ISIC_0027437,HAM_0004125,benign_keratosis-like_lesions,validation,train,1139
ISIC_0027438,HAM_0006808,melanocytic_Nevi,train,train,4023
ISIC_0027439,HAM_0006915,melanocytic_Nevi,validation,train,4024
ISIC_0027440,HAM_0003025,melanocytic_Nevi,test,train,4025
ISIC_0027441,HAM_0007455,melanocytic_Nevi,train,validation,1029
ISIC_0027442,HAM_0002375,melanoma,test,train,8632
ISIC_0027443,HAM_0000738,melanocytic_Nevi,train,train,4026
ISIC_0027444,HAM_0006347,melanocytic_Nevi,validation,train,4027
ISIC_0027445,HAM_0007399,melanocytic_Nevi,train,train,4028
ISIC_0027446,HAM_0002968,melanocytic_Nevi,train,train,4029
ISIC_0027447,HAM_0007601,actinic_keratoses,validation,train,111
ISIC_0027448,HAM_0003963,melanocytic_Nevi,test,train,4030
ISIC_0027449,HAM_0006410,melanocytic_Nevi,train,train,4031
ISIC_0027450,HAM_0004146,melanocytic_Nevi,train,train,4032
ISIC_0027451,HAM_0000207,benign_keratosis-like_lesions,train,train,1140
ISIC_0027452,HAM_0004033,actinic_keratoses,train,train,112
ISIC_0027453,HAM_0000780,melanocytic_Nevi,train,train,4033
ISIC_0027454,HAM_0000245,benign_keratosis-like_lesions,validation,train,1141
ISIC_0027455,HAM_0004673,benign_keratosis-like_lesions,test,train,1142
ISIC_0027456,HAM_0005323,melanocytic_Nevi,train,train,4034
ISIC_0027457,HAM_0002457,melanocytic_Nevi,train,train,4035
ISIC_0027458,HAM_0007425,melanocytic_Nevi,train,train,4036
ISIC_0027459,HAM_0006999,melanocytic_Nevi,train,train,4037
ISIC_0027460,HAM_0000137,melanocytic_Nevi,train,train,4038
ISIC_0027461,HAM_0005017,melanocytic_Nevi,train,train,4039
ISIC_0027462,HAM_0006914,melanocytic_Nevi,train,train,4040
ISIC_0027463,HAM_0003559,benign_keratosis-like_lesions,train,train,1143
ISIC_0027464,HAM_0005380,melanocytic_Nevi,train,train,4041
ISIC_0027465,HAM_0002214,melanocytic_Nevi,test,train,4042
ISIC_0027466,HAM_0001454,melanocytic_Nevi,train,train,4043
ISIC_0027467,HAM_0002531,melanocytic_Nevi,test,train,4044
ISIC_0027468,HAM_0002154,melanocytic_Nevi,train,train,4045
ISIC_0027469,HAM_0005884,melanocytic_Nevi,train,train,4046
ISIC_0027470,HAM_0002548,benign_keratosis-like_lesions,train,train,1144
ISIC_0027471,HAM_0005395,melanocytic_Nevi,train,train,4047
ISIC_0027472,HAM_0004256,melanocytic_Nevi,train,train,4048
ISIC_0027473,HAM_0002959,basal_cell_carcinoma,train,train,463
ISIC_0027474,HAM_0000315,melanocytic_Nevi,train,train,4049
ISIC_0027475,HAM_0004656,melanocytic_Nevi,validation,train,4050
ISIC_0027476,HAM_0001942,melanocytic_Nevi,validation,train,4051
ISIC_0027477,HAM_0000641,melanocytic_Nevi,validation,validation,1038
ISIC_0027478,HAM_0003593,basal_cell_carcinoma,validation,train,464
ISIC_0027479,HAM_0002180,melanocytic_Nevi,train,validation,1039
ISIC_0027480,HAM_0005504,melanoma,train,train,8633
ISIC_0027481,HAM_0004794,melanocytic_Nevi,train,train,4052
ISIC_0027482,HAM_0001502,melanocytic_Nevi,test,train,4053
ISIC_0027483,HAM_0005181,melanocytic_Nevi,train,train,4054
ISIC_0027484,HAM_0001756,melanocytic_Nevi,train,train,4055
ISIC_0027485,HAM_0003060,melanocytic_Nevi,train,train,4056
ISIC_0027486,HAM_0000129,melanocytic_Nevi,train,train,4057
ISIC_0027487,HAM_0004483,melanoma,test,train,8634
ISIC_0027488,HAM_0003597,dermatofibroma,train,train,1883
ISIC_0027489,HAM_0006565,melanocytic_Nevi,train,train,4058
ISIC_0027490,HAM_0007133,melanocytic_Nevi,test,validation,1041
ISIC_0027491,HAM_0007495,melanocytic_Nevi,train,train,4059
ISIC_0027492,HAM_0003642,melanocytic_Nevi,test,train,4060
ISIC_0027493,HAM_0003478,melanocytic_Nevi,train,train,4061
ISIC_0027494,HAM_0003554,melanocytic_Nevi,test,train,4062
ISIC_0027495,HAM_0000508,melanocytic_Nevi,train,train,4063
ISIC_0027496,HAM_0004139,melanocytic_Nevi,test,train,4064
ISIC_0027497,HAM_0004699,melanocytic_Nevi,test,train,4065
ISIC_0027498,HAM_0007014,melanocytic_Nevi,train,train,4066
ISIC_0027499,HAM_0001070,melanocytic_Nevi,train,train,4067
ISIC_0027500,HAM_0006082,melanocytic_Nevi,test,train,4068
ISIC_0027501,HAM_0006032,melanocytic_Nevi,train,train,4069
ISIC_0027502,HAM_0005747,melanoma,test,train,8635
ISIC_0027503,HAM_0006464,melanocytic_Nevi,test,train,4070
ISIC_0027504,HAM_0004660,benign_keratosis-like_lesions,train,train,1145
ISIC_0027505,HAM_0005805,melanocytic_Nevi,train,train,4071
ISIC_0027506,HAM_0006482,actinic_keratoses,train,train,113
ISIC_0027507,HAM_0003601,melanoma,train,train,8636
ISIC_0027508,HAM_0003880,melanocytic_Nevi,train,train,4072
ISIC_0027509,HAM_0001725,benign_keratosis-like_lesions,train,train,1146
ISIC_0027510,HAM_0001525,melanocytic_Nevi,train,train,4073
ISIC_0027511,HAM_0005897,melanocytic_Nevi,train,train,4074
ISIC_0027512,HAM_0004738,melanocytic_Nevi,train,train,4075
ISIC_0027513,HAM_0004748,benign_keratosis-like_lesions,train,train,1147
ISIC_0027514,HAM_0000637,melanocytic_Nevi,train,train,4076
ISIC_0027515,HAM_0003687,melanocytic_Nevi,validation,train,4077
ISIC_0027516,HAM_0001685,melanocytic_Nevi,test,validation,1047
ISIC_0027517,HAM_0002906,melanoma,train,train,8637
ISIC_0027518,HAM_0000346,melanocytic_Nevi,train,train,4078
ISIC_0027519,HAM_0004895,melanocytic_Nevi,train,test,535
ISIC_0027520,HAM_0002055,melanocytic_Nevi,validation,validation,1049
ISIC_0027521,HAM_0005554,melanocytic_Nevi,validation,train,4079
ISIC_0027522,HAM_0007113,vascular_lesions,train,train,9485
ISIC_0027523,HAM_0001498,melanocytic_Nevi,train,train,4080
ISIC_0027524,HAM_0002026,melanocytic_Nevi,test,train,4081
ISIC_0027525,HAM_0005721,basal_cell_carcinoma,train,train,465
ISIC_0027526,HAM_0006834,basal_cell_carcinoma,train,train,466
ISIC_0027527,HAM_0001979,benign_keratosis-like_lesions,train,train,1148
ISIC_0027528,HAM_0003642,melanocytic_Nevi,test,train,4082
ISIC_0027529,HAM_0004568,actinic_keratoses,train,train,114
ISIC_0027530,HAM_0001248,melanocytic_Nevi,train,train,4083
ISIC_0027531,HAM_0004662,basal_cell_carcinoma,train,train,467
ISIC_0027532,HAM_0005602,melanocytic_Nevi,train,train,4084
ISIC_0027533,HAM_0001417,benign_keratosis-like_lesions,test,train,1149
ISIC_0027534,HAM_0001885,melanocytic_Nevi,test,train,4085
ISIC_0027535,HAM_0006821,melanocytic_Nevi,validation,train,4086
ISIC_0027536,HAM_0007601,actinic_keratoses,validation,train,115
ISIC_0027537,HAM_0000464,melanocytic_Nevi,train,train,4087
ISIC_0027538,HAM_0000798,melanocytic_Nevi,train,train,4088
ISIC_0027539,HAM_0006176,melanocytic_Nevi,train,train,4089
ISIC_0027540,HAM_0005910,melanocytic_Nevi,test,train,4090
ISIC_0027541,HAM_0007254,melanocytic_Nevi,train,train,4091
ISIC_0027542,HAM_0007509,melanocytic_Nevi,train,train,4092
ISIC_0027543,HAM_0006952,melanocytic_Nevi,train,train,4093
ISIC_0027544,HAM_0000998,basal_cell_carcinoma,train,train,468
ISIC_0027545,HAM_0000994,basal_cell_carcinoma,train,train,469
ISIC_0027546,HAM_0005617,basal_cell_carcinoma,train,train,470
ISIC_0027547,HAM_0000558,melanocytic_Nevi,validation,train,4094
ISIC_0027548,HAM_0004761,melanocytic_Nevi,train,train,4095
ISIC_0027549,HAM_0006358,melanocytic_Nevi,train,train,4096
ISIC_0027550,HAM_0004297,actinic_keratoses,test,train,116
ISIC_0027551,HAM_0006035,melanocytic_Nevi,validation,train,4097
ISIC_0027552,HAM_0007091,melanoma,train,train,8638
ISIC_0027553,HAM_0002974,melanocytic_Nevi,test,train,4098
ISIC_0027554,HAM_0001123,melanocytic_Nevi,train,train,4099
ISIC_0027555,HAM_0003503,melanocytic_Nevi,test,train,4100
ISIC_0027556,HAM_0005916,melanocytic_Nevi,train,train,4101
ISIC_0027557,HAM_0005169,melanocytic_Nevi,train,validation,1055
ISIC_0027558,HAM_0000144,melanocytic_Nevi,test,train,4102
ISIC_0027559,HAM_0004768,benign_keratosis-like_lesions,train,train,1150
ISIC_0027560,HAM_0003885,melanoma,test,train,8639
ISIC_0027561,HAM_0004565,melanoma,test,train,8640
ISIC_0027562,HAM_0007622,actinic_keratoses,train,train,117
ISIC_0027563,HAM_0002788,vascular_lesions,validation,train,9486
ISIC_0027564,HAM_0004826,melanocytic_Nevi,train,train,4103
ISIC_0027565,HAM_0004733,melanocytic_Nevi,train,train,4104
ISIC_0027566,HAM_0004664,melanocytic_Nevi,train,train,4105
ISIC_0027567,HAM_0004830,melanocytic_Nevi,train,train,4106
ISIC_0027568,HAM_0006398,melanocytic_Nevi,train,train,4107
ISIC_0027569,HAM_0005009,melanocytic_Nevi,train,train,4108
ISIC_0027570,HAM_0001071,melanocytic_Nevi,validation,train,4109
ISIC_0027571,HAM_0007579,melanocytic_Nevi,train,train,4110
ISIC_0027572,HAM_0006271,melanocytic_Nevi,train,train,4111
ISIC_0027573,HAM_0006942,melanoma,train,train,8641
ISIC_0027574,HAM_0005794,melanocytic_Nevi,train,train,4112
ISIC_0027575,HAM_0002758,melanocytic_Nevi,train,train,4113
ISIC_0027576,HAM_0003063,melanocytic_Nevi,train,train,4114
ISIC_0027577,HAM_0005958,actinic_keratoses,validation,train,118
ISIC_0027578,HAM_0006458,melanocytic_Nevi,train,train,4115
ISIC_0027579,HAM_0004726,melanocytic_Nevi,test,train,4116
ISIC_0027580,HAM_0005648,actinic_keratoses,test,train,119
ISIC_0027581,HAM_0005205,melanocytic_Nevi,train,train,4117
ISIC_0027582,HAM_0001269,melanocytic_Nevi,validation,train,4118
ISIC_0027583,HAM_0001925,melanocytic_Nevi,train,train,4119
ISIC_0027584,HAM_0001546,benign_keratosis-like_lesions,validation,train,1151
ISIC_0027585,HAM_0000785,melanocytic_Nevi,train,train,4120
ISIC_0027586,HAM_0001421,melanocytic_Nevi,train,train,4121
ISIC_0027587,HAM_0003907,melanocytic_Nevi,train,train,4122
ISIC_0027588,HAM_0001036,actinic_keratoses,train,validation,33
ISIC_0027589,HAM_0004718,melanocytic_Nevi,test,train,4123
ISIC_0027590,HAM_0006764,melanoma,train,train,8642
ISIC_0027591,HAM_0001614,melanocytic_Nevi,train,train,4124
ISIC_0027592,HAM_0006960,melanocytic_Nevi,train,train,4125
ISIC_0027593,HAM_0004552,melanocytic_Nevi,test,train,4126
ISIC_0027594,HAM_0006933,melanocytic_Nevi,train,train,4127
ISIC_0027595,HAM_0006624,basal_cell_carcinoma,train,train,471
ISIC_0027596,HAM_0004007,melanocytic_Nevi,train,train,4128
ISIC_0027597,HAM_0005242,melanocytic_Nevi,train,train,4129
ISIC_0027598,HAM_0002848,dermatofibroma,train,train,1884
ISIC_0027599,HAM_0000399,melanocytic_Nevi,train,train,4130
ISIC_0027600,HAM_0001959,melanocytic_Nevi,train,train,4131
ISIC_0027601,HAM_0005842,basal_cell_carcinoma,train,train,472
ISIC_0027602,HAM_0001006,melanocytic_Nevi,train,train,4132
ISIC_0027603,HAM_0003922,melanocytic_Nevi,test,train,4133
ISIC_0027604,HAM_0002391,melanoma,train,train,8643
ISIC_0027605,HAM_0005266,melanocytic_Nevi,train,train,4134
ISIC_0027606,HAM_0002306,benign_keratosis-like_lesions,train,train,1152
ISIC_0027607,HAM_0000741,melanocytic_Nevi,train,train,4135
ISIC_0027608,HAM_0005610,benign_keratosis-like_lesions,train,train,1153
ISIC_0027609,HAM_0000994,basal_cell_carcinoma,train,train,473
ISIC_0027610,HAM_0006996,melanocytic_Nevi,train,train,4136
ISIC_0027611,HAM_0000160,melanocytic_Nevi,train,train,4137
ISIC_0027612,HAM_0001990,benign_keratosis-like_lesions,train,train,1154
ISIC_0027613,HAM_0005684,dermatofibroma,train,train,1885
ISIC_0027614,HAM_0006512,melanocytic_Nevi,test,validation,1063
ISIC_0027615,HAM_0006180,actinic_keratoses,train,train,120
ISIC_0027616,HAM_0007620,melanoma,test,train,8644
ISIC_0027617,HAM_0000363,melanocytic_Nevi,train,train,4138
ISIC_0027618,HAM_0006518,melanocytic_Nevi,train,train,4139
ISIC_0027619,HAM_0006286,melanocytic_Nevi,train,train,4140
ISIC_0027620,HAM_0002534,melanoma,train,train,8645
ISIC_0027621,HAM_0003595,melanocytic_Nevi,train,train,4141
ISIC_0027622,HAM_0006467,melanoma,validation,train,8646
ISIC_0027623,HAM_0005907,melanocytic_Nevi,train,train,4142
ISIC_0027624,HAM_0006256,melanocytic_Nevi,train,train,4143
ISIC_0027625,HAM_0002922,melanocytic_Nevi,train,train,4144
ISIC_0027626,HAM_0004371,dermatofibroma,train,train,1886
ISIC_0027627,HAM_0006244,melanocytic_Nevi,train,train,4145
ISIC_0027628,HAM_0004002,melanocytic_Nevi,train,train,4146
ISIC_0027629,HAM_0002427,basal_cell_carcinoma,validation,train,474
ISIC_0027630,HAM_0000108,melanocytic_Nevi,train,train,4147
ISIC_0027631,HAM_0004440,basal_cell_carcinoma,test,train,475
ISIC_0027632,HAM_0005548,melanocytic_Nevi,test,train,4148
ISIC_0027633,HAM_0007291,melanocytic_Nevi,train,train,4149
ISIC_0027634,HAM_0005725,melanocytic_Nevi,train,train,4150
ISIC_0027635,HAM_0006394,melanocytic_Nevi,train,train,4151
ISIC_0027636,HAM_0001109,melanocytic_Nevi,train,train,4152
ISIC_0027637,HAM_0002614,melanocytic_Nevi,train,validation,1066
ISIC_0027638,HAM_0004527,melanocytic_Nevi,train,train,4153
ISIC_0027639,HAM_0000204,melanocytic_Nevi,validation,train,4154
ISIC_0027640,HAM_0003230,melanocytic_Nevi,train,train,4155
ISIC_0027641,HAM_0006084,melanocytic_Nevi,validation,train,4156
ISIC_0027642,HAM_0007058,melanocytic_Nevi,test,train,4157
ISIC_0027643,HAM_0003215,melanocytic_Nevi,train,train,4158
ISIC_0027644,HAM_0001107,melanocytic_Nevi,train,train,4159
ISIC_0027645,HAM_0006605,melanocytic_Nevi,train,train,4160
ISIC_0027646,HAM_0000541,melanocytic_Nevi,train,train,4161
ISIC_0027647,HAM_0002132,melanocytic_Nevi,train,train,4162
ISIC_0027648,HAM_0004036,dermatofibroma,train,train,1887
ISIC_0027649,HAM_0006987,benign_keratosis-like_lesions,train,validation,310
ISIC_0027650,HAM_0002648,actinic_keratoses,train,train,121
ISIC_0027651,HAM_0005742,melanoma,train,train,8647
ISIC_0027652,HAM_0004958,benign_keratosis-like_lesions,train,train,1155
ISIC_0027653,HAM_0005890,melanocytic_Nevi,test,train,4163
ISIC_0027654,HAM_0002796,melanocytic_Nevi,train,train,4164
ISIC_0027655,HAM_0006436,melanocytic_Nevi,validation,train,4165
ISIC_0027656,HAM_0002578,melanocytic_Nevi,validation,train,4166
ISIC_0027657,HAM_0004070,melanocytic_Nevi,test,train,4167
ISIC_0027658,HAM_0000222,melanocytic_Nevi,train,train,4168
ISIC_0027659,HAM_0005642,melanoma,train,train,8648
ISIC_0027660,HAM_0000171,melanocytic_Nevi,test,train,4169
ISIC_0027661,HAM_0002414,melanocytic_Nevi,train,train,4170
ISIC_0027662,HAM_0002314,melanocytic_Nevi,train,train,4171
ISIC_0027663,HAM_0006355,melanoma,train,train,8649
ISIC_0027664,HAM_0000422,melanocytic_Nevi,train,train,4172
ISIC_0027665,HAM_0001860,vascular_lesions,train,train,9487
ISIC_0027666,HAM_0001856,melanocytic_Nevi,train,train,4173
ISIC_0027667,HAM_0000146,melanocytic_Nevi,train,train,4174
ISIC_0027668,HAM_0001386,actinic_keratoses,train,train,122
ISIC_0027669,HAM_0002711,melanoma,train,test,1160
ISIC_0027670,HAM_0003016,melanocytic_Nevi,validation,train,4175
ISIC_0027671,HAM_0000971,melanocytic_Nevi,train,train,4176
ISIC_0027672,HAM_0007614,vascular_lesions,train,train,9488
ISIC_0027673,HAM_0002430,melanoma,train,train,8650
ISIC_0027674,HAM_0003378,melanocytic_Nevi,train,train,4177
ISIC_0027675,HAM_0004621,basal_cell_carcinoma,train,train,476
ISIC_0027676,HAM_0004115,melanocytic_Nevi,train,train,4178
ISIC_0027677,HAM_0005617,basal_cell_carcinoma,train,train,477
ISIC_0027678,HAM_0003586,actinic_keratoses,train,train,123
ISIC_0027679,HAM_0005937,melanocytic_Nevi,train,train,4179
ISIC_0027680,HAM_0004677,benign_keratosis-like_lesions,train,train,1156
ISIC_0027681,HAM_0006531,benign_keratosis-like_lesions,train,train,1157
ISIC_0027682,HAM_0002550,melanocytic_Nevi,train,train,4180
ISIC_0027683,HAM_0005738,melanocytic_Nevi,train,train,4181
ISIC_0027684,HAM_0003692,melanocytic_Nevi,train,train,4182
ISIC_0027685,HAM_0005120,melanocytic_Nevi,train,train,4183
ISIC_0027686,HAM_0002673,melanocytic_Nevi,train,train,4184
ISIC_0027687,HAM_0004467,melanocytic_Nevi,validation,train,4185
ISIC_0027688,HAM_0001936,melanocytic_Nevi,train,train,4186
ISIC_0027689,HAM_0003819,melanocytic_Nevi,train,train,4187
ISIC_0027690,HAM_0004999,melanocytic_Nevi,test,train,4188
ISIC_0027691,HAM_0001482,melanocytic_Nevi,train,train,4189
ISIC_0027692,HAM_0003769,melanocytic_Nevi,train,train,4190
ISIC_0027693,HAM_0004980,melanoma,train,train,8651
ISIC_0027694,HAM_0007405,melanocytic_Nevi,train,train,4191
ISIC_0027695,HAM_0005445,melanocytic_Nevi,train,train,4192
ISIC_0027696,HAM_0002155,melanocytic_Nevi,train,train,4193
ISIC_0027697,HAM_0002176,melanocytic_Nevi,train,train,4194
ISIC_0027698,HAM_0002645,melanocytic_Nevi,train,train,4195
ISIC_0027699,HAM_0005461,melanocytic_Nevi,train,train,4196
ISIC_0027700,HAM_0001383,actinic_keratoses,test,train,124
ISIC_0027701,HAM_0005653,melanocytic_Nevi,validation,train,4197
ISIC_0027702,HAM_0006004,melanoma,train,train,8652
ISIC_0027703,HAM_0001049,melanocytic_Nevi,test,train,4198
ISIC_0027704,HAM_0001440,basal_cell_carcinoma,train,train,478
ISIC_0027705,HAM_0002618,melanocytic_Nevi,train,validation,1077
ISIC_0027706,HAM_0005596,benign_keratosis-like_lesions,test,train,1158
ISIC_0027707,HAM_0005284,melanocytic_Nevi,train,train,4199
ISIC_0027708,HAM_0005438,actinic_keratoses,train,train,125
ISIC_0027709,HAM_0007312,melanocytic_Nevi,train,train,4200
ISIC_0027710,HAM_0001062,benign_keratosis-like_lesions,test,train,1159
ISIC_0027711,HAM_0005057,melanocytic_Nevi,train,train,4201
ISIC_0027712,HAM_0002784,melanocytic_Nevi,train,train,4202
ISIC_0027713,HAM_0001562,benign_keratosis-like_lesions,validation,train,1160
ISIC_0027714,HAM_0005720,melanocytic_Nevi,train,train,4203
ISIC_0027715,HAM_0006126,melanocytic_Nevi,validation,train,4204
ISIC_0027716,HAM_0004611,melanocytic_Nevi,train,train,4205
ISIC_0027717,HAM_0005647,melanocytic_Nevi,train,train,4206
ISIC_0027718,HAM_0004997,melanocytic_Nevi,train,train,4207
ISIC_0027719,HAM_0007354,actinic_keratoses,train,train,126
ISIC_0027720,HAM_0006412,melanocytic_Nevi,train,train,4208
ISIC_0027721,HAM_0004364,melanoma,train,train,8653
ISIC_0027722,HAM_0000987,basal_cell_carcinoma,train,train,479
ISIC_0027723,HAM_0003264,melanocytic_Nevi,train,train,4209
ISIC_0027724,HAM_0001154,melanocytic_Nevi,train,train,4210
ISIC_0027725,HAM_0005775,melanocytic_Nevi,train,train,4211
ISIC_0027726,HAM_0003342,melanocytic_Nevi,train,test,556
ISIC_0027727,HAM_0004036,dermatofibroma,train,train,1888
ISIC_0027728,HAM_0000644,melanocytic_Nevi,validation,validation,1079
ISIC_0027729,HAM_0006936,melanocytic_Nevi,train,train,4212
ISIC_0027730,HAM_0000010,melanocytic_Nevi,train,train,4213
ISIC_0027731,HAM_0000437,melanocytic_Nevi,train,train,4214
ISIC_0027732,HAM_0006132,melanocytic_Nevi,train,train,4215
ISIC_0027733,HAM_0006229,melanocytic_Nevi,train,train,4216
ISIC_0027734,HAM_0002670,melanocytic_Nevi,train,train,4217
ISIC_0027735,HAM_0005896,benign_keratosis-like_lesions,validation,train,1161
ISIC_0027736,HAM_0006726,melanocytic_Nevi,test,train,4218
ISIC_0027737,HAM_0002903,benign_keratosis-like_lesions,test,train,1162
ISIC_0027738,HAM_0006389,melanocytic_Nevi,train,train,4219
ISIC_0027739,HAM_0006325,benign_keratosis-like_lesions,train,train,1163
ISIC_0027740,HAM_0003397,melanocytic_Nevi,train,train,4220
ISIC_0027741,HAM_0000419,melanocytic_Nevi,test,validation,1082
ISIC_0027742,HAM_0005203,melanoma,train,train,8654
ISIC_0027743,HAM_0004591,melanocytic_Nevi,test,validation,1083
ISIC_0027744,HAM_0005309,basal_cell_carcinoma,test,train,480
ISIC_0027745,HAM_0000902,dermatofibroma,test,train,1889
ISIC_0027746,HAM_0003450,melanocytic_Nevi,train,train,4221
ISIC_0027747,HAM_0005932,benign_keratosis-like_lesions,train,train,1164
ISIC_0027748,HAM_0004228,melanocytic_Nevi,train,train,4222
ISIC_0027749,HAM_0000466,melanocytic_Nevi,train,train,4223
ISIC_0027750,HAM_0000461,melanocytic_Nevi,train,train,4224
ISIC_0027751,HAM_0000143,melanocytic_Nevi,test,train,4225
ISIC_0027752,HAM_0007241,melanocytic_Nevi,train,validation,1085
ISIC_0027753,HAM_0006481,actinic_keratoses,train,train,127
ISIC_0027754,HAM_0002535,benign_keratosis-like_lesions,test,train,1165
ISIC_0027755,HAM_0002533,melanocytic_Nevi,train,train,4226
ISIC_0027756,HAM_0003305,melanocytic_Nevi,train,train,4227
ISIC_0027757,HAM_0007112,melanocytic_Nevi,train,validation,1086
ISIC_0027758,HAM_0007145,melanocytic_Nevi,train,train,4228
ISIC_0027759,HAM_0003198,basal_cell_carcinoma,train,train,481
ISIC_0027760,HAM_0003766,benign_keratosis-like_lesions,train,train,1166
ISIC_0027761,HAM_0000663,melanocytic_Nevi,test,train,4229
ISIC_0027762,HAM_0006345,melanocytic_Nevi,test,train,4230
ISIC_0027763,HAM_0000548,melanocytic_Nevi,test,train,4231
ISIC_0027764,HAM_0000183,melanocytic_Nevi,validation,train,4232
ISIC_0027765,HAM_0005307,melanocytic_Nevi,validation,train,4233
ISIC_0027766,HAM_0001609,melanocytic_Nevi,train,train,4234
ISIC_0027767,HAM_0003934,actinic_keratoses,train,train,128
ISIC_0027768,HAM_0005227,melanocytic_Nevi,validation,train,4235
ISIC_0027769,HAM_0000099,melanoma,train,train,8655
ISIC_0027770,HAM_0004463,benign_keratosis-like_lesions,validation,train,1167
ISIC_0027771,HAM_0000933,benign_keratosis-like_lesions,train,train,1168
ISIC_0027772,HAM_0002207,melanocytic_Nevi,train,train,4236
ISIC_0027773,HAM_0007360,melanocytic_Nevi,train,train,4237
ISIC_0027774,HAM_0004970,basal_cell_carcinoma,train,train,482
ISIC_0027775,HAM_0001754,melanocytic_Nevi,train,train,4238
ISIC_0027776,HAM_0003622,melanoma,validation,train,8656
ISIC_0027777,HAM_0000819,melanocytic_Nevi,train,train,4239
ISIC_0027778,HAM_0006682,melanocytic_Nevi,test,train,4240
ISIC_0027779,HAM_0001829,melanocytic_Nevi,train,train,4241
ISIC_0027780,HAM_0007332,benign_keratosis-like_lesions,test,train,1169
ISIC_0027781,HAM_0005693,benign_keratosis-like_lesions,train,train,1170
ISIC_0027782,HAM_0006043,melanocytic_Nevi,train,train,4242
ISIC_0027783,HAM_0001679,melanocytic_Nevi,train,train,4243
ISIC_0027784,HAM_0001723,melanocytic_Nevi,train,train,4244
ISIC_0027785,HAM_0006259,melanocytic_Nevi,validation,train,4245
ISIC_0027786,HAM_0002334,basal_cell_carcinoma,train,validation,119
ISIC_0027787,HAM_0004220,melanocytic_Nevi,test,train,4246
ISIC_0027788,HAM_0002812,basal_cell_carcinoma,train,train,483
ISIC_0027789,HAM_0003415,melanocytic_Nevi,train,train,4247
ISIC_0027790,HAM_0004943,vascular_lesions,train,train,9489
ISIC_0027791,HAM_0005544,melanocytic_Nevi,train,train,4248
ISIC_0027792,HAM_0003929,melanocytic_Nevi,train,train,4249
ISIC_0027793,HAM_0006870,melanoma,train,train,8657
ISIC_0027794,HAM_0002072,melanocytic_Nevi,train,train,4250
ISIC_0027795,HAM_0001526,actinic_keratoses,train,train,129
ISIC_0027796,HAM_0000745,benign_keratosis-like_lesions,train,train,1171
ISIC_0027797,HAM_0000910,melanoma,test,train,8658
ISIC_0027798,HAM_0007014,melanocytic_Nevi,train,test,561
ISIC_0027799,HAM_0000654,melanocytic_Nevi,validation,train,4251
ISIC_0027800,HAM_0001872,melanocytic_Nevi,train,train,4252
ISIC_0027801,HAM_0003840,benign_keratosis-like_lesions,validation,train,1172
ISIC_0027802,HAM_0006560,actinic_keratoses,train,train,130
ISIC_0027803,HAM_0002288,melanocytic_Nevi,train,train,4253
ISIC_0027804,HAM_0005841,melanocytic_Nevi,train,train,4254
ISIC_0027805,HAM_0003962,melanocytic_Nevi,test,train,4255
ISIC_0027806,HAM_0001273,benign_keratosis-like_lesions,train,train,1173
ISIC_0027807,HAM_0005406,melanocytic_Nevi,train,train,4256
ISIC_0027808,HAM_0006668,melanocytic_Nevi,validation,train,4257
ISIC_0027809,HAM_0003085,melanocytic_Nevi,train,train,4258
ISIC_0027810,HAM_0000047,melanocytic_Nevi,validation,train,4259
ISIC_0027811,HAM_0006346,benign_keratosis-like_lesions,validation,train,1174
ISIC_0027812,HAM_0004546,melanocytic_Nevi,test,train,4260
ISIC_0027813,HAM_0007153,melanocytic_Nevi,train,train,4261
ISIC_0027814,HAM_0006631,basal_cell_carcinoma,validation,train,484
ISIC_0027815,HAM_0005388,benign_keratosis-like_lesions,train,train,1175
ISIC_0027816,HAM_0005094,melanocytic_Nevi,train,train,4262
ISIC_0027817,HAM_0004401,melanocytic_Nevi,train,train,4263
ISIC_0027818,HAM_0006930,melanocytic_Nevi,test,train,4264
ISIC_0027819,HAM_0004827,basal_cell_carcinoma,train,train,485
ISIC_0027820,HAM_0001310,benign_keratosis-like_lesions,validation,train,1176
ISIC_0027821,HAM_0006126,melanocytic_Nevi,validation,train,4265
ISIC_0027822,HAM_0000059,melanoma,test,train,8659
ISIC_0027823,HAM_0005574,melanocytic_Nevi,validation,train,4266
ISIC_0027824,HAM_0000343,melanocytic_Nevi,train,train,4267
ISIC_0027825,HAM_0005268,basal_cell_carcinoma,train,train,486
ISIC_0027826,HAM_0005278,benign_keratosis-like_lesions,train,train,1177
ISIC_0027827,HAM_0006608,melanocytic_Nevi,test,train,4268
ISIC_0027828,HAM_0002521,benign_keratosis-like_lesions,test,train,1178
ISIC_0027829,HAM_0004034,actinic_keratoses,test,train,131
ISIC_0027830,HAM_0001516,melanocytic_Nevi,train,train,4269
ISIC_0027831,HAM_0001678,benign_keratosis-like_lesions,train,train,1179
ISIC_0027832,HAM_0003509,melanoma,train,train,8660
ISIC_0027833,HAM_0003461,melanocytic_Nevi,train,train,4270
ISIC_0027834,HAM_0002138,melanocytic_Nevi,test,train,4271
ISIC_0027835,HAM_0007126,melanocytic_Nevi,test,train,4272
ISIC_0027836,HAM_0002994,melanocytic_Nevi,train,train,4273
ISIC_0027837,HAM_0002476,melanocytic_Nevi,train,train,4274
ISIC_0027838,HAM_0007016,melanoma,validation,train,8661
ISIC_0027839,HAM_0003230,melanocytic_Nevi,train,train,4275
ISIC_0027840,HAM_0002271,melanocytic_Nevi,train,train,4276
ISIC_0027841,HAM_0002932,melanocytic_Nevi,train,train,4277
ISIC_0027842,HAM_0000355,melanocytic_Nevi,validation,train,4278
ISIC_0027843,HAM_0006671,melanocytic_Nevi,validation,train,4279
ISIC_0027844,HAM_0004595,melanocytic_Nevi,train,train,4280
ISIC_0027845,HAM_0006167,melanocytic_Nevi,train,train,4281
ISIC_0027846,HAM_0001183,basal_cell_carcinoma,train,train,487
ISIC_0027847,HAM_0000249,melanocytic_Nevi,train,train,4282
ISIC_0027848,HAM_0000930,melanocytic_Nevi,test,train,4283
ISIC_0027849,HAM_0006129,melanocytic_Nevi,train,validation,1103
ISIC_0027850,HAM_0001466,benign_keratosis-like_lesions,train,train,1180
ISIC_0027851,HAM_0001078,basal_cell_carcinoma,train,train,488
ISIC_0027852,HAM_0005060,melanocytic_Nevi,validation,train,4284
ISIC_0027853,HAM_0004068,melanocytic_Nevi,train,train,4285
ISIC_0027854,HAM_0002105,melanocytic_Nevi,train,train,4286
ISIC_0027855,HAM_0000965,melanocytic_Nevi,test,train,4287
ISIC_0027856,HAM_0007118,vascular_lesions,train,train,9490
ISIC_0027857,HAM_0000714,melanocytic_Nevi,train,train,4288
ISIC_0027858,HAM_0003094,basal_cell_carcinoma,train,train,489
ISIC_0027859,HAM_0000001,benign_keratosis-like_lesions,train,train,1181
ISIC_0027860,HAM_0004900,melanocytic_Nevi,train,validation,1105
ISIC_0027861,HAM_0003343,melanocytic_Nevi,validation,train,4289
ISIC_0027862,HAM_0007271,melanocytic_Nevi,train,train,4290
ISIC_0027863,HAM_0000320,melanoma,validation,train,8662
ISIC_0027864,HAM_0000944,melanocytic_Nevi,validation,train,4291
ISIC_0027865,HAM_0000393,basal_cell_carcinoma,train,train,490
ISIC_0027866,HAM_0004329,melanocytic_Nevi,validation,validation,1108
ISIC_0027867,HAM_0003430,melanocytic_Nevi,validation,train,4292
ISIC_0027868,HAM_0003900,melanocytic_Nevi,test,train,4293
ISIC_0027869,HAM_0001411,melanocytic_Nevi,train,train,4294
ISIC_0027870,HAM_0005129,melanocytic_Nevi,train,train,4295
ISIC_0027871,HAM_0004310,melanocytic_Nevi,train,train,4296
ISIC_0027872,HAM_0004784,melanoma,train,train,8663
ISIC_0027873,HAM_0006114,melanocytic_Nevi,test,train,4297
ISIC_0027874,HAM_0002684,melanocytic_Nevi,train,train,4298
ISIC_0027875,HAM_0001429,benign_keratosis-like_lesions,train,train,1182
ISIC_0027876,HAM_0004960,dermatofibroma,train,train,1890
ISIC_0027877,HAM_0007580,melanocytic_Nevi,train,train,4299
ISIC_0027878,HAM_0007189,melanocytic_Nevi,train,train,4300
ISIC_0027879,HAM_0003863,melanocytic_Nevi,train,train,4301
ISIC_0027880,HAM_0005687,melanocytic_Nevi,test,train,4302
ISIC_0027881,HAM_0004473,melanocytic_Nevi,train,train,4303
ISIC_0027882,HAM_0001823,melanocytic_Nevi,train,train,4304
ISIC_0027883,HAM_0001737,melanocytic_Nevi,train,train,4305
ISIC_0027884,HAM_0006024,actinic_keratoses,train,train,132
ISIC_0027885,HAM_0002133,melanocytic_Nevi,train,train,4306
ISIC_0027886,HAM_0000003,melanocytic_Nevi,train,train,4307
ISIC_0027887,HAM_0004239,melanocytic_Nevi,validation,train,4308
ISIC_0027888,HAM_0004409,vascular_lesions,test,train,9491
ISIC_0027889,HAM_0002490,melanocytic_Nevi,train,train,4309
ISIC_0027890,HAM_0006717,melanocytic_Nevi,test,train,4310
ISIC_0027891,HAM_0003417,melanocytic_Nevi,train,train,4311
ISIC_0027892,HAM_0004015,melanocytic_Nevi,test,train,4312
ISIC_0027893,HAM_0000237,benign_keratosis-like_lesions,test,train,1183
ISIC_0027894,HAM_0002236,melanocytic_Nevi,test,train,4313
ISIC_0027895,HAM_0001653,melanocytic_Nevi,test,train,4314
ISIC_0027896,HAM_0003455,actinic_keratoses,train,train,133
ISIC_0027897,HAM_0003164,melanocytic_Nevi,train,train,4315
ISIC_0027898,HAM_0007202,melanocytic_Nevi,validation,train,4316
ISIC_0027899,HAM_0005644,melanocytic_Nevi,train,train,4317
ISIC_0027900,HAM_0000563,melanoma,train,train,8664
ISIC_0027901,HAM_0004320,melanocytic_Nevi,train,validation,1113
ISIC_0027902,HAM_0000342,melanocytic_Nevi,validation,train,4318
ISIC_0027903,HAM_0006156,vascular_lesions,train,train,9492
ISIC_0027904,HAM_0007522,melanoma,train,train,8665
ISIC_0027905,HAM_0006770,benign_keratosis-like_lesions,train,train,1184
ISIC_0027906,HAM_0000185,melanocytic_Nevi,train,validation,1115
ISIC_0027907,HAM_0007606,melanocytic_Nevi,validation,train,4319
ISIC_0027908,HAM_0001104,melanocytic_Nevi,test,train,4320
ISIC_0027909,HAM_0000139,melanocytic_Nevi,validation,train,4321
ISIC_0027910,HAM_0001670,melanocytic_Nevi,train,train,4322
ISIC_0027911,HAM_0002942,melanocytic_Nevi,validation,train,4323
ISIC_0027912,HAM_0002322,melanocytic_Nevi,train,train,4324
ISIC_0027913,HAM_0001564,melanocytic_Nevi,train,train,4325
ISIC_0027914,HAM_0001187,melanocytic_Nevi,train,train,4326
ISIC_0027915,HAM_0000719,basal_cell_carcinoma,train,validation,124
ISIC_0027916,HAM_0005952,benign_keratosis-like_lesions,train,train,1185
ISIC_0027917,HAM_0003117,melanocytic_Nevi,test,train,4327
ISIC_0027918,HAM_0005844,melanocytic_Nevi,train,train,4328
ISIC_0027919,HAM_0006523,melanocytic_Nevi,train,train,4329
ISIC_0027920,HAM_0001390,basal_cell_carcinoma,train,train,491
ISIC_0027921,HAM_0003547,melanocytic_Nevi,train,train,4330
ISIC_0027922,HAM_0007178,melanocytic_Nevi,train,train,4331
ISIC_0027923,HAM_0003643,melanocytic_Nevi,train,train,4332
ISIC_0027924,HAM_0006283,melanocytic_Nevi,train,train,4333
ISIC_0027925,HAM_0002031,melanocytic_Nevi,train,train,4334
ISIC_0027926,HAM_0006360,melanocytic_Nevi,train,train,4335
ISIC_0027927,HAM_0006614,melanocytic_Nevi,train,train,4336
ISIC_0027928,HAM_0001077,melanocytic_Nevi,train,validation,1119
ISIC_0027929,HAM_0003442,melanocytic_Nevi,train,train,4337
ISIC_0027930,HAM_0004899,actinic_keratoses,train,train,134
ISIC_0027931,HAM_0001220,melanocytic_Nevi,train,train,4338
ISIC_0027932,HAM_0005569,melanocytic_Nevi,train,train,4339
ISIC_0027933,HAM_0000070,melanocytic_Nevi,test,train,4340
ISIC_0027934,HAM_0001398,melanocytic_Nevi,train,train,4341
ISIC_0027935,HAM_0005219,melanocytic_Nevi,train,train,4342
ISIC_0027936,HAM_0000428,melanocytic_Nevi,train,train,4343
ISIC_0027937,HAM_0006280,vascular_lesions,validation,train,9493
ISIC_0027938,HAM_0006885,melanocytic_Nevi,train,train,4344
ISIC_0027939,HAM_0002741,melanocytic_Nevi,train,train,4345
ISIC_0027940,HAM_0003436,melanocytic_Nevi,train,train,4346
ISIC_0027941,HAM_0002290,melanocytic_Nevi,train,train,4347
ISIC_0027942,HAM_0001041,melanocytic_Nevi,test,train,4348
ISIC_0027943,HAM_0004891,melanocytic_Nevi,train,train,4349
ISIC_0027944,HAM_0003414,melanocytic_Nevi,test,train,4350
ISIC_0027945,HAM_0003054,melanocytic_Nevi,validation,train,4351
ISIC_0027946,HAM_0007226,melanocytic_Nevi,train,train,4352
ISIC_0027947,HAM_0004416,melanocytic_Nevi,test,train,4353
ISIC_0027948,HAM_0000159,melanocytic_Nevi,train,validation,1125
ISIC_0027949,HAM_0002087,melanocytic_Nevi,test,train,4354
ISIC_0027950,HAM_0000193,actinic_keratoses,train,train,135
ISIC_0027951,HAM_0005080,melanocytic_Nevi,train,train,4355
ISIC_0027952,HAM_0003773,melanocytic_Nevi,test,train,4356
ISIC_0027953,HAM_0006907,benign_keratosis-like_lesions,train,train,1186
ISIC_0027954,HAM_0002034,benign_keratosis-like_lesions,train,train,1187
ISIC_0027955,HAM_0001099,melanocytic_Nevi,train,train,4357
ISIC_0027956,HAM_0001791,melanoma,train,train,8666
ISIC_0027957,HAM_0001665,benign_keratosis-like_lesions,train,train,1188
ISIC_0027958,HAM_0003455,actinic_keratoses,train,train,136
ISIC_0027959,HAM_0007083,melanocytic_Nevi,train,train,4358
ISIC_0027960,HAM_0003569,benign_keratosis-like_lesions,train,train,1189
ISIC_0027961,HAM_0005365,melanocytic_Nevi,train,train,4359
ISIC_0027962,HAM_0003432,melanocytic_Nevi,train,train,4360
ISIC_0027963,HAM_0000891,melanocytic_Nevi,train,train,4361
ISIC_0027964,HAM_0000125,melanoma,train,train,8667
ISIC_0027965,HAM_0003784,melanocytic_Nevi,train,train,4362
ISIC_0027966,HAM_0005417,basal_cell_carcinoma,test,train,492
ISIC_0027967,HAM_0002809,benign_keratosis-like_lesions,train,train,1190
ISIC_0027968,HAM_0000223,melanocytic_Nevi,train,train,4363
ISIC_0027969,HAM_0006170,benign_keratosis-like_lesions,train,train,1191
ISIC_0027970,HAM_0006551,melanocytic_Nevi,train,train,4364
ISIC_0027971,HAM_0007082,melanocytic_Nevi,train,train,4365
ISIC_0027972,HAM_0000440,melanocytic_Nevi,train,train,4366
ISIC_0027973,HAM_0002358,benign_keratosis-like_lesions,train,train,1192
ISIC_0027974,HAM_0000750,melanocytic_Nevi,train,train,4367
ISIC_0027975,HAM_0002799,melanocytic_Nevi,train,train,4368
ISIC_0027976,HAM_0004342,basal_cell_carcinoma,train,train,493
ISIC_0027977,HAM_0004512,melanocytic_Nevi,train,train,4369
ISIC_0027978,HAM_0006470,melanocytic_Nevi,train,train,4370
ISIC_0027979,HAM_0003272,melanocytic_Nevi,validation,train,4371
ISIC_0027980,HAM_0004144,melanocytic_Nevi,validation,train,4372
ISIC_0027981,HAM_0006648,melanocytic_Nevi,test,train,4373
ISIC_0027982,HAM_0004423,benign_keratosis-like_lesions,train,train,1193
ISIC_0027983,HAM_0003839,vascular_lesions,validation,train,9494
ISIC_0027984,HAM_0007413,melanocytic_Nevi,train,validation,1131
ISIC_0027985,HAM_0004357,melanocytic_Nevi,train,train,4374
ISIC_0027986,HAM_0003725,melanocytic_Nevi,validation,train,4375
ISIC_0027987,HAM_0006457,melanocytic_Nevi,train,test,580
ISIC_0027988,HAM_0007240,melanocytic_Nevi,train,train,4376
ISIC_0027989,HAM_0000113,benign_keratosis-like_lesions,train,train,1194
ISIC_0027990,HAM_0001073,benign_keratosis-like_lesions,train,train,1195
ISIC_0027991,HAM_0002722,benign_keratosis-like_lesions,train,train,1196
ISIC_0027992,HAM_0004451,melanocytic_Nevi,test,train,4377
ISIC_0027993,HAM_0004659,melanocytic_Nevi,train,train,4378
ISIC_0027994,HAM_0007525,melanocytic_Nevi,test,train,4379
ISIC_0027995,HAM_0001317,melanocytic_Nevi,train,train,4380
ISIC_0027996,HAM_0003152,benign_keratosis-like_lesions,train,train,1197
ISIC_0027997,HAM_0004008,melanocytic_Nevi,train,train,4381
ISIC_0027998,HAM_0005947,basal_cell_carcinoma,train,train,494
ISIC_0027999,HAM_0002295,melanocytic_Nevi,test,test,581
ISIC_0028000,HAM_0001496,melanocytic_Nevi,train,train,4382
ISIC_0028001,HAM_0005778,melanocytic_Nevi,train,train,4383
ISIC_0028002,HAM_0002168,melanocytic_Nevi,train,train,4384
ISIC_0028003,HAM_0003484,melanoma,train,train,8668
ISIC_0028004,HAM_0004745,melanocytic_Nevi,validation,train,4385
ISIC_0028005,HAM_0000117,melanocytic_Nevi,train,train,4386
ISIC_0028006,HAM_0004403,melanocytic_Nevi,train,train,4387
ISIC_0028007,HAM_0006969,melanocytic_Nevi,train,train,4388
ISIC_0028008,HAM_0005018,melanocytic_Nevi,test,train,4389
ISIC_0028009,HAM_0005479,melanocytic_Nevi,train,train,4390
ISIC_0028010,HAM_0002120,melanocytic_Nevi,train,train,4391
ISIC_0028011,HAM_0007489,melanocytic_Nevi,train,train,4392
ISIC_0028012,HAM_0002927,melanocytic_Nevi,test,train,4393
ISIC_0028013,HAM_0007363,melanocytic_Nevi,train,train,4394
ISIC_0028014,HAM_0005696,melanocytic_Nevi,train,train,4395
ISIC_0028015,HAM_0002575,melanocytic_Nevi,test,train,4396
ISIC_0028016,HAM_0005664,melanocytic_Nevi,train,train,4397
ISIC_0028017,HAM_0000910,melanoma,test,train,8669
ISIC_0028018,HAM_0002468,melanocytic_Nevi,train,train,4398
ISIC_0028019,HAM_0005041,melanocytic_Nevi,test,train,4399
ISIC_0028020,HAM_0003090,benign_keratosis-like_lesions,train,train,1198
ISIC_0028021,HAM_0002239,melanocytic_Nevi,train,train,4400
ISIC_0028022,HAM_0001202,melanoma,train,train,8670
ISIC_0028023,HAM_0002025,melanocytic_Nevi,train,train,4401
ISIC_0028024,HAM_0002360,melanocytic_Nevi,train,train,4402
ISIC_0028025,HAM_0005462,melanocytic_Nevi,train,train,4403
ISIC_0028026,HAM_0007522,melanoma,train,train,8671
ISIC_0028027,HAM_0002254,melanocytic_Nevi,train,train,4404
ISIC_0028028,HAM_0004509,melanocytic_Nevi,train,train,4405
ISIC_0028029,HAM_0007243,melanoma,train,train,8672
ISIC_0028030,HAM_0007358,melanocytic_Nevi,train,train,4406
ISIC_0028031,HAM_0005765,melanocytic_Nevi,test,train,4407
ISIC_0028032,HAM_0003058,melanocytic_Nevi,test,train,4408
ISIC_0028033,HAM_0005789,melanoma,validation,train,8673
ISIC_0028034,HAM_0005753,melanocytic_Nevi,train,train,4409
ISIC_0028035,HAM_0002577,basal_cell_carcinoma,train,train,495
ISIC_0028036,HAM_0000084,melanocytic_Nevi,train,train,4410
ISIC_0028037,HAM_0001868,melanocytic_Nevi,train,train,4411
ISIC_0028038,HAM_0005114,melanocytic_Nevi,validation,train,4412
ISIC_0028039,HAM_0000035,melanocytic_Nevi,train,train,4413
ISIC_0028040,HAM_0001463,melanocytic_Nevi,train,train,4414
ISIC_0028041,HAM_0000796,melanoma,test,train,8674
ISIC_0028042,HAM_0003579,melanocytic_Nevi,train,train,4415
ISIC_0028043,HAM_0000979,benign_keratosis-like_lesions,train,train,1199
ISIC_0028044,HAM_0000867,melanocytic_Nevi,test,train,4416
ISIC_0028045,HAM_0003892,melanocytic_Nevi,train,train,4417
ISIC_0028046,HAM_0003719,melanocytic_Nevi,train,train,4418
ISIC_0028047,HAM_0002621,melanocytic_Nevi,train,validation,1142
ISIC_0028048,HAM_0002631,melanocytic_Nevi,train,train,4419
ISIC_0028049,HAM_0004051,melanocytic_Nevi,train,train,4420
ISIC_0028050,HAM_0003191,basal_cell_carcinoma,train,train,496
ISIC_0028051,HAM_0006636,melanoma,train,train,8675
ISIC_0028052,HAM_0000700,benign_keratosis-like_lesions,train,train,1200
ISIC_0028053,HAM_0002237,melanocytic_Nevi,train,train,4421
ISIC_0028054,HAM_0004890,melanocytic_Nevi,validation,train,4422
ISIC_0028055,HAM_0002697,melanocytic_Nevi,train,train,4423
ISIC_0028056,HAM_0004979,melanoma,train,train,8676
ISIC_0028057,HAM_0001830,melanocytic_Nevi,train,train,4424
ISIC_0028058,HAM_0001005,melanocytic_Nevi,train,train,4425
ISIC_0028059,HAM_0004273,basal_cell_carcinoma,train,train,497
ISIC_0028060,HAM_0005421,melanocytic_Nevi,validation,train,4426
ISIC_0028061,HAM_0002059,melanocytic_Nevi,train,train,4427
ISIC_0028062,HAM_0004964,melanocytic_Nevi,train,train,4428
ISIC_0028063,HAM_0006560,actinic_keratoses,train,train,137
ISIC_0028064,HAM_0006392,melanocytic_Nevi,train,train,4429
ISIC_0028065,HAM_0000136,melanoma,train,train,8677
ISIC_0028066,HAM_0005689,melanocytic_Nevi,train,train,4430
ISIC_0028067,HAM_0002768,melanocytic_Nevi,test,train,4431
ISIC_0028068,HAM_0002331,melanocytic_Nevi,validation,train,4432
ISIC_0028069,HAM_0001811,melanoma,train,train,8678
ISIC_0028070,HAM_0000989,melanocytic_Nevi,train,train,4433
ISIC_0028071,HAM_0000969,melanocytic_Nevi,validation,train,4434
ISIC_0028072,HAM_0000081,melanocytic_Nevi,train,train,4435
ISIC_0028073,HAM_0006753,melanocytic_Nevi,train,train,4436
ISIC_0028074,HAM_0006440,melanocytic_Nevi,test,train,4437
ISIC_0028075,HAM_0003504,melanoma,validation,train,8679
ISIC_0028076,HAM_0006434,actinic_keratoses,train,train,138
ISIC_0028077,HAM_0002166,melanocytic_Nevi,validation,train,4438
ISIC_0028078,HAM_0005637,melanocytic_Nevi,train,train,4439
ISIC_0028079,HAM_0005947,basal_cell_carcinoma,train,train,498
ISIC_0028080,HAM_0003007,benign_keratosis-like_lesions,train,train,1201
ISIC_0028081,HAM_0000086,melanocytic_Nevi,train,train,4440
ISIC_0028082,HAM_0006037,melanoma,train,train,8680
ISIC_0028083,HAM_0007496,melanocytic_Nevi,train,train,4441
ISIC_0028084,HAM_0004940,basal_cell_carcinoma,train,train,499
ISIC_0028085,HAM_0000065,basal_cell_carcinoma,train,train,500
ISIC_0028086,HAM_0005678,melanoma,train,train,8681
ISIC_0028087,HAM_0002981,melanoma,validation,train,8682
ISIC_0028088,HAM_0001196,melanocytic_Nevi,train,train,4442
ISIC_0028089,HAM_0006059,melanocytic_Nevi,test,train,4443
ISIC_0028090,HAM_0005407,melanocytic_Nevi,validation,train,4444
ISIC_0028091,HAM_0002025,melanocytic_Nevi,train,train,4445
ISIC_0028092,HAM_0006039,melanocytic_Nevi,validation,train,4446
ISIC_0028093,HAM_0004073,melanocytic_Nevi,train,train,4447
ISIC_0028094,HAM_0005404,benign_keratosis-like_lesions,test,train,1202
ISIC_0028095,HAM_0001926,basal_cell_carcinoma,train,train,501
ISIC_0028096,HAM_0002638,melanocytic_Nevi,train,train,4448
ISIC_0028097,HAM_0006928,melanocytic_Nevi,train,train,4449
ISIC_0028098,HAM_0002541,melanocytic_Nevi,validation,train,4450
ISIC_0028099,HAM_0003706,melanocytic_Nevi,train,train,4451
ISIC_0028100,HAM_0001510,benign_keratosis-like_lesions,train,train,1203
ISIC_0028101,HAM_0001512,melanocytic_Nevi,test,train,4452
ISIC_0028102,HAM_0004793,melanocytic_Nevi,train,train,4453
ISIC_0028103,HAM_0002338,melanoma,train,train,8683
ISIC_0028104,HAM_0002424,benign_keratosis-like_lesions,test,train,1204
ISIC_0028105,HAM_0005397,melanocytic_Nevi,train,train,4454
ISIC_0028106,HAM_0007428,basal_cell_carcinoma,train,train,502
ISIC_0028107,HAM_0003135,basal_cell_carcinoma,train,train,503
ISIC_0028108,HAM_0005037,melanocytic_Nevi,validation,train,4455
ISIC_0028109,HAM_0000814,melanoma,validation,train,8684
ISIC_0028110,HAM_0002803,melanocytic_Nevi,train,train,4456
ISIC_0028111,HAM_0004952,melanocytic_Nevi,train,train,4457
ISIC_0028112,HAM_0004018,melanocytic_Nevi,train,train,4458
ISIC_0028113,HAM_0003846,basal_cell_carcinoma,train,train,504
ISIC_0028114,HAM_0002430,melanoma,train,train,8685
ISIC_0028115,HAM_0007168,melanocytic_Nevi,validation,train,4459
ISIC_0028116,HAM_0006174,melanocytic_Nevi,train,train,4460
ISIC_0028117,HAM_0006116,melanocytic_Nevi,train,train,4461
ISIC_0028118,HAM_0007514,melanocytic_Nevi,test,train,4462
ISIC_0028119,HAM_0007564,melanocytic_Nevi,train,train,4463
ISIC_0028120,HAM_0001055,benign_keratosis-like_lesions,train,train,1205
ISIC_0028121,HAM_0004389,benign_keratosis-like_lesions,test,train,1206
ISIC_0028122,HAM_0004621,basal_cell_carcinoma,train,train,505
ISIC_0028123,HAM_0004556,benign_keratosis-like_lesions,validation,train,1207
ISIC_0028124,HAM_0001294,benign_keratosis-like_lesions,train,train,1208
ISIC_0028125,HAM_0003604,melanocytic_Nevi,test,validation,1152
ISIC_0028126,HAM_0004850,melanoma,validation,train,8686
ISIC_0028127,HAM_0005911,melanoma,validation,train,8687
ISIC_0028128,HAM_0005102,melanocytic_Nevi,train,train,4464
ISIC_0028129,HAM_0005963,melanocytic_Nevi,validation,train,4465
ISIC_0028130,HAM_0007263,melanocytic_Nevi,train,train,4466
ISIC_0028131,HAM_0003790,melanocytic_Nevi,train,train,4467
ISIC_0028132,HAM_0005413,actinic_keratoses,test,train,139
ISIC_0028133,HAM_0003087,melanocytic_Nevi,train,train,4468
ISIC_0028134,HAM_0004022,melanocytic_Nevi,validation,train,4469
ISIC_0028135,HAM_0002944,melanocytic_Nevi,train,train,4470
ISIC_0028136,HAM_0003560,melanocytic_Nevi,train,train,4471
ISIC_0028137,HAM_0006416,melanocytic_Nevi,train,train,4472
ISIC_0028138,HAM_0004111,melanocytic_Nevi,train,train,4473
ISIC_0028139,HAM_0002429,melanocytic_Nevi,test,train,4474
ISIC_0028140,HAM_0002814,melanocytic_Nevi,train,test,595
ISIC_0028141,HAM_0007014,melanocytic_Nevi,train,train,4475
ISIC_0028142,HAM_0001431,melanocytic_Nevi,validation,train,4476
ISIC_0028143,HAM_0006373,melanocytic_Nevi,train,train,4477
ISIC_0028144,HAM_0006125,melanocytic_Nevi,train,train,4478
ISIC_0028145,HAM_0003175,melanocytic_Nevi,train,train,4479
ISIC_0028146,HAM_0005471,vascular_lesions,validation,train,9495
ISIC_0028147,HAM_0006053,basal_cell_carcinoma,train,train,506
ISIC_0028148,HAM_0003176,melanoma,train,train,8688
ISIC_0028149,HAM_0004650,melanocytic_Nevi,train,train,4480
ISIC_0028150,HAM_0002451,melanocytic_Nevi,train,train,4481
ISIC_0028151,HAM_0000764,melanocytic_Nevi,train,train,4482
ISIC_0028152,HAM_0004825,melanocytic_Nevi,validation,train,4483
ISIC_0028153,HAM_0004294,melanocytic_Nevi,validation,train,4484
ISIC_0028154,HAM_0002856,melanocytic_Nevi,train,train,4485
ISIC_0028155,HAM_0000781,basal_cell_carcinoma,validation,train,507
ISIC_0028156,HAM_0007498,melanoma,train,train,8689
ISIC_0028157,HAM_0004865,melanocytic_Nevi,train,train,4486
ISIC_0028158,HAM_0002343,actinic_keratoses,train,train,140
ISIC_0028159,HAM_0006146,melanocytic_Nevi,test,train,4487
ISIC_0028160,HAM_0006659,melanocytic_Nevi,train,train,4488
ISIC_0028161,HAM_0005150,melanocytic_Nevi,train,train,4489
ISIC_0028162,HAM_0000416,melanocytic_Nevi,train,train,4490
ISIC_0028163,HAM_0006617,vascular_lesions,train,train,9496
ISIC_0028164,HAM_0006443,melanocytic_Nevi,train,train,4491
ISIC_0028165,HAM_0001878,benign_keratosis-like_lesions,validation,train,1209
ISIC_0028166,HAM_0005510,melanocytic_Nevi,validation,train,4492
ISIC_0028167,HAM_0007456,melanocytic_Nevi,train,train,4493
ISIC_0028168,HAM_0005371,basal_cell_carcinoma,train,train,508
ISIC_0028169,HAM_0002500,melanocytic_Nevi,train,train,4494
ISIC_0028170,HAM_0003040,melanocytic_Nevi,train,train,4495
ISIC_0028171,HAM_0005346,melanocytic_Nevi,train,train,4496
ISIC_0028172,HAM_0001731,melanocytic_Nevi,train,train,4497
ISIC_0028173,HAM_0005927,melanoma,test,train,8690
ISIC_0028174,HAM_0005755,melanocytic_Nevi,train,train,4498
ISIC_0028175,HAM_0000958,melanocytic_Nevi,train,train,4499
ISIC_0028176,HAM_0002950,melanocytic_Nevi,validation,train,4500
ISIC_0028177,HAM_0000031,melanocytic_Nevi,train,train,4501
ISIC_0028178,HAM_0006083,melanocytic_Nevi,train,train,4502
ISIC_0028179,HAM_0007049,melanocytic_Nevi,validation,train,4503
ISIC_0028180,HAM_0007500,benign_keratosis-like_lesions,train,train,1210
ISIC_0028181,HAM_0006777,melanocytic_Nevi,train,train,4504
ISIC_0028182,HAM_0000426,melanocytic_Nevi,train,train,4505
ISIC_0028183,HAM_0003159,melanocytic_Nevi,train,train,4506
ISIC_0028184,HAM_0007152,melanocytic_Nevi,train,train,4507
ISIC_0028185,HAM_0005252,melanocytic_Nevi,train,train,4508
ISIC_0028186,HAM_0000634,melanocytic_Nevi,train,train,4509
ISIC_0028187,HAM_0006471,melanocytic_Nevi,validation,train,4510
ISIC_0028188,HAM_0004877,vascular_lesions,train,train,9497
ISIC_0028189,HAM_0006849,melanocytic_Nevi,train,train,4511
ISIC_0028190,HAM_0002734,actinic_keratoses,validation,train,141
ISIC_0028191,HAM_0001677,melanocytic_Nevi,train,train,4512
ISIC_0028192,HAM_0006656,melanocytic_Nevi,train,train,4513
ISIC_0028193,HAM_0007554,melanocytic_Nevi,train,train,4514
ISIC_0028194,HAM_0001100,melanocytic_Nevi,train,train,4515
ISIC_0028195,HAM_0006221,melanocytic_Nevi,train,train,4516
ISIC_0028196,HAM_0002702,melanocytic_Nevi,train,train,4517
ISIC_0028197,HAM_0004711,basal_cell_carcinoma,train,train,509
ISIC_0028198,HAM_0005064,melanoma,train,train,8691
ISIC_0028199,HAM_0005460,melanocytic_Nevi,train,train,4518
ISIC_0028200,HAM_0005074,benign_keratosis-like_lesions,train,train,1211
ISIC_0028201,HAM_0005049,benign_keratosis-like_lesions,train,train,1212
ISIC_0028202,HAM_0004942,melanocytic_Nevi,train,train,4519
ISIC_0028203,HAM_0007438,melanocytic_Nevi,train,train,4520
ISIC_0028204,HAM_0002401,melanocytic_Nevi,train,validation,1167
ISIC_0028205,HAM_0000311,melanocytic_Nevi,train,validation,1168
ISIC_0028206,HAM_0004052,melanocytic_Nevi,train,train,4521
ISIC_0028207,HAM_0000491,melanocytic_Nevi,validation,train,4522
ISIC_0028208,HAM_0002398,melanocytic_Nevi,train,train,4523
ISIC_0028209,HAM_0002096,benign_keratosis-like_lesions,train,validation,322
ISIC_0028210,HAM_0003857,melanocytic_Nevi,train,train,4524
ISIC_0028211,HAM_0001741,melanoma,train,train,8692
ISIC_0028212,HAM_0006266,melanocytic_Nevi,validation,train,4525
ISIC_0028213,HAM_0000200,melanocytic_Nevi,train,train,4526
ISIC_0028214,HAM_0006187,melanocytic_Nevi,test,train,4527
ISIC_0028215,HAM_0005557,melanoma,train,train,8693
ISIC_0028216,HAM_0007049,melanocytic_Nevi,validation,train,4528
ISIC_0028217,HAM_0000763,melanocytic_Nevi,train,train,4529
ISIC_0028218,HAM_0003256,melanoma,train,validation,2264
ISIC_0028219,HAM_0000233,melanoma,test,validation,2265
ISIC_0028220,HAM_0004559,melanoma,train,train,8694
ISIC_0028221,HAM_0003930,melanocytic_Nevi,train,train,4530
ISIC_0028222,HAM_0001968,melanocytic_Nevi,train,train,4531
ISIC_0028223,HAM_0006595,benign_keratosis-like_lesions,train,train,1213
ISIC_0028224,HAM_0001625,actinic_keratoses,train,train,142
ISIC_0028225,HAM_0001349,melanoma,train,train,8695
ISIC_0028226,HAM_0003263,melanocytic_Nevi,validation,train,4532
ISIC_0028227,HAM_0006877,melanoma,train,validation,2267
ISIC_0028228,HAM_0003608,melanoma,test,train,8696
ISIC_0028229,HAM_0004158,benign_keratosis-like_lesions,test,train,1214
ISIC_0028230,HAM_0004519,melanocytic_Nevi,train,train,4533
ISIC_0028231,HAM_0003688,actinic_keratoses,train,train,143
ISIC_0028232,HAM_0003123,actinic_keratoses,validation,train,144
ISIC_0028233,HAM_0002392,benign_keratosis-like_lesions,validation,train,1215
ISIC_0028234,HAM_0003618,melanocytic_Nevi,train,train,4534
ISIC_0028235,HAM_0002231,melanocytic_Nevi,train,train,4535
ISIC_0028236,HAM_0002731,benign_keratosis-like_lesions,train,train,1216
ISIC_0028237,HAM_0006327,benign_keratosis-like_lesions,test,train,1217
ISIC_0028238,HAM_0005776,basal_cell_carcinoma,train,train,510
ISIC_0028239,HAM_0002530,melanocytic_Nevi,train,train,4536
ISIC_0028240,HAM_0001635,melanocytic_Nevi,train,train,4537
ISIC_0028241,HAM_0007565,melanocytic_Nevi,validation,train,4538
ISIC_0028242,HAM_0000768,melanocytic_Nevi,train,train,4539
ISIC_0028243,HAM_0002556,melanocytic_Nevi,train,train,4540
ISIC_0028244,HAM_0001533,melanocytic_Nevi,train,train,4541
ISIC_0028245,HAM_0006067,melanocytic_Nevi,train,train,4542
ISIC_0028246,HAM_0005538,melanocytic_Nevi,train,train,4543
ISIC_0028247,HAM_0003155,melanocytic_Nevi,test,train,4544
ISIC_0028248,HAM_0002245,melanocytic_Nevi,train,train,4545
ISIC_0028249,HAM_0002118,melanocytic_Nevi,train,train,4546
ISIC_0028250,HAM_0004727,melanocytic_Nevi,train,train,4547
ISIC_0028251,HAM_0002884,melanocytic_Nevi,train,train,4548
ISIC_0028252,HAM_0001259,melanocytic_Nevi,train,train,4549
ISIC_0028253,HAM_0007406,melanocytic_Nevi,train,train,4550
ISIC_0028254,HAM_0005935,benign_keratosis-like_lesions,train,train,1218
ISIC_0028255,HAM_0004699,melanocytic_Nevi,test,train,4551
ISIC_0028256,HAM_0004218,melanocytic_Nevi,test,train,4552
ISIC_0028257,HAM_0005969,melanocytic_Nevi,train,train,4553
ISIC_0028258,HAM_0002757,benign_keratosis-like_lesions,train,train,1219
ISIC_0028259,HAM_0001348,melanocytic_Nevi,train,train,4554
ISIC_0028260,HAM_0005139,melanocytic_Nevi,validation,train,4555
ISIC_0028261,HAM_0005429,melanocytic_Nevi,test,train,4556
ISIC_0028262,HAM_0004959,melanocytic_Nevi,train,train,4557
ISIC_0028263,HAM_0000291,melanocytic_Nevi,train,train,4558
ISIC_0028264,HAM_0003187,benign_keratosis-like_lesions,train,train,1220
ISIC_0028265,HAM_0001027,melanocytic_Nevi,train,train,4559
ISIC_0028266,HAM_0003882,melanocytic_Nevi,train,train,4560
ISIC_0028267,HAM_0006195,melanocytic_Nevi,train,train,4561
ISIC_0028268,HAM_0004875,melanocytic_Nevi,test,train,4562
ISIC_0028269,HAM_0001282,melanocytic_Nevi,train,train,4563
ISIC_0028270,HAM_0004710,melanocytic_Nevi,train,validation,1177
ISIC_0028271,HAM_0000025,melanocytic_Nevi,train,train,4564
ISIC_0028272,HAM_0001306,melanocytic_Nevi,train,train,4565
ISIC_0028273,HAM_0000242,melanocytic_Nevi,train,train,4566
ISIC_0028274,HAM_0007597,melanocytic_Nevi,train,train,4567
ISIC_0028275,HAM_0000991,melanocytic_Nevi,train,train,4568
ISIC_0028276,HAM_0001126,melanocytic_Nevi,validation,train,4569
ISIC_0028277,HAM_0005168,melanocytic_Nevi,train,train,4570
ISIC_0028278,HAM_0002191,melanocytic_Nevi,train,train,4571
ISIC_0028279,HAM_0001843,melanocytic_Nevi,validation,train,4572
ISIC_0028280,HAM_0001002,melanocytic_Nevi,train,train,4573
ISIC_0028281,HAM_0006300,melanocytic_Nevi,train,validation,1181
ISIC_0028282,HAM_0002624,melanocytic_Nevi,train,train,4574
ISIC_0028283,HAM_0000655,basal_cell_carcinoma,train,train,511
ISIC_0028284,HAM_0006768,melanocytic_Nevi,train,train,4575
ISIC_0028285,HAM_0004767,melanoma,train,train,8697
ISIC_0028286,HAM_0005470,melanocytic_Nevi,train,train,4576
ISIC_0028287,HAM_0006934,melanocytic_Nevi,validation,train,4577
ISIC_0028288,HAM_0004709,melanoma,test,train,8698
ISIC_0028289,HAM_0002748,melanocytic_Nevi,train,train,4578
ISIC_0028290,HAM_0000348,melanocytic_Nevi,train,train,4579
ISIC_0028291,HAM_0006253,melanoma,train,validation,2269
ISIC_0028292,HAM_0006686,melanocytic_Nevi,train,train,4580
ISIC_0028293,HAM_0000476,melanocytic_Nevi,validation,train,4581
ISIC_0028294,HAM_0002042,benign_keratosis-like_lesions,train,train,1221
ISIC_0028295,HAM_0007186,melanocytic_Nevi,train,train,4582
ISIC_0028296,HAM_0006365,melanocytic_Nevi,train,train,4583
ISIC_0028297,HAM_0001630,melanocytic_Nevi,train,train,4584
ISIC_0028298,HAM_0004140,melanocytic_Nevi,train,train,4585
ISIC_0028299,HAM_0001540,melanocytic_Nevi,train,train,4586
ISIC_0028300,HAM_0004092,melanocytic_Nevi,validation,train,4587
ISIC_0028301,HAM_0005069,melanocytic_Nevi,train,train,4588
ISIC_0028302,HAM_0007302,melanocytic_Nevi,train,train,4589
ISIC_0028303,HAM_0005030,basal_cell_carcinoma,test,train,512
ISIC_0028304,HAM_0003005,melanocytic_Nevi,test,train,4590
ISIC_0028305,HAM_0001318,melanocytic_Nevi,validation,train,4591
ISIC_0028306,HAM_0007238,melanoma,test,train,8699
ISIC_0028307,HAM_0000689,melanocytic_Nevi,train,train,4592
ISIC_0028308,HAM_0003752,benign_keratosis-like_lesions,train,train,1222
ISIC_0028309,HAM_0006770,benign_keratosis-like_lesions,train,train,1223
ISIC_0028310,HAM_0000693,melanocytic_Nevi,train,train,4593
ISIC_0028311,HAM_0000600,melanocytic_Nevi,validation,train,4594
ISIC_0028312,HAM_0002315,melanocytic_Nevi,test,train,4595
ISIC_0028313,HAM_0004166,melanocytic_Nevi,validation,train,4596
ISIC_0028314,HAM_0006434,actinic_keratoses,train,validation,40
ISIC_0028315,HAM_0002516,melanocytic_Nevi,train,train,4597
ISIC_0028316,HAM_0001296,basal_cell_carcinoma,validation,train,513
ISIC_0028317,HAM_0005752,melanoma,test,train,8700
ISIC_0028318,HAM_0001886,melanocytic_Nevi,validation,train,4598
ISIC_0028319,HAM_0001464,melanocytic_Nevi,test,train,4599
ISIC_0028320,HAM_0005577,melanocytic_Nevi,train,train,4600
ISIC_0028321,HAM_0001032,melanocytic_Nevi,train,train,4601
ISIC_0028322,HAM_0003493,melanocytic_Nevi,train,train,4602
ISIC_0028323,HAM_0001900,basal_cell_carcinoma,validation,train,514
ISIC_0028324,HAM_0006710,melanocytic_Nevi,train,train,4603
ISIC_0028325,HAM_0001729,melanoma,train,train,8701
ISIC_0028326,HAM_0002471,melanoma,test,train,8702
ISIC_0028327,HAM_0000449,melanocytic_Nevi,train,train,4604
ISIC_0028328,HAM_0001304,melanocytic_Nevi,test,train,4605
ISIC_0028329,HAM_0004624,basal_cell_carcinoma,train,train,515
ISIC_0028330,HAM_0001184,melanocytic_Nevi,train,train,4606
ISIC_0028331,HAM_0002962,benign_keratosis-like_lesions,train,train,1224
ISIC_0028332,HAM_0006197,melanocytic_Nevi,train,train,4607
ISIC_0028333,HAM_0002259,melanocytic_Nevi,train,train,4608
ISIC_0028334,HAM_0002826,melanocytic_Nevi,train,train,4609
ISIC_0028335,HAM_0001219,actinic_keratoses,train,train,145
ISIC_0028336,HAM_0007260,benign_keratosis-like_lesions,train,train,1225
ISIC_0028337,HAM_0000546,melanocytic_Nevi,test,train,4610
ISIC_0028338,HAM_0004742,melanocytic_Nevi,train,train,4611
ISIC_0028339,HAM_0000472,melanocytic_Nevi,train,train,4612
ISIC_0028340,HAM_0000908,melanocytic_Nevi,train,train,4613
ISIC_0028341,HAM_0006804,melanocytic_Nevi,validation,train,4614
ISIC_0028342,HAM_0006008,melanocytic_Nevi,train,train,4615
ISIC_0028343,HAM_0004343,benign_keratosis-like_lesions,validation,validation,328
ISIC_0028344,HAM_0003423,melanocytic_Nevi,test,train,4616
ISIC_0028345,HAM_0007298,melanocytic_Nevi,train,train,4617
ISIC_0028346,HAM_0005861,dermatofibroma,train,train,1891
ISIC_0028347,HAM_0001991,benign_keratosis-like_lesions,validation,train,1226
ISIC_0028348,HAM_0006319,melanocytic_Nevi,validation,train,4618
ISIC_0028349,HAM_0003841,melanocytic_Nevi,train,train,4619
ISIC_0028350,HAM_0003827,basal_cell_carcinoma,validation,train,516
ISIC_0028351,HAM_0002485,melanocytic_Nevi,validation,train,4620
ISIC_0028352,HAM_0006423,melanoma,validation,train,8703
ISIC_0028353,HAM_0000326,melanocytic_Nevi,train,train,4621
ISIC_0028354,HAM_0000122,benign_keratosis-like_lesions,train,train,1227
ISIC_0028355,HAM_0005666,melanocytic_Nevi,train,train,4622
ISIC_0028356,HAM_0000175,melanocytic_Nevi,test,train,4623
ISIC_0028357,HAM_0004283,melanocytic_Nevi,train,train,4624
ISIC_0028358,HAM_0001318,melanocytic_Nevi,validation,train,4625
ISIC_0028359,HAM_0001842,melanocytic_Nevi,train,train,4626
ISIC_0028360,HAM_0002300,melanocytic_Nevi,train,train,4627
ISIC_0028361,HAM_0001747,melanoma,train,train,8704
ISIC_0028362,HAM_0001507,melanocytic_Nevi,train,train,4628
ISIC_0028363,HAM_0001481,melanocytic_Nevi,train,train,4629
ISIC_0028364,HAM_0000777,melanocytic_Nevi,train,train,4630
ISIC_0028365,HAM_0007209,melanocytic_Nevi,train,train,4631
ISIC_0028366,HAM_0002435,melanocytic_Nevi,test,train,4632
ISIC_0028367,HAM_0003912,melanocytic_Nevi,train,train,4633
ISIC_0028368,HAM_0002409,melanocytic_Nevi,train,train,4634
ISIC_0028369,HAM_0002175,melanocytic_Nevi,train,train,4635
ISIC_0028370,HAM_0005668,actinic_keratoses,test,train,146
ISIC_0028371,HAM_0007464,melanocytic_Nevi,train,train,4636
ISIC_0028372,HAM_0006482,actinic_keratoses,train,train,147
ISIC_0028373,HAM_0002715,melanocytic_Nevi,train,train,4637
ISIC_0028374,HAM_0005398,melanocytic_Nevi,train,train,4638
ISIC_0028375,HAM_0006997,melanocytic_Nevi,train,train,4639
ISIC_0028376,HAM_0004630,benign_keratosis-like_lesions,train,train,1228
ISIC_0028377,HAM_0007408,melanocytic_Nevi,test,train,4640
ISIC_0028378,HAM_0001001,melanocytic_Nevi,train,train,4641
ISIC_0028379,HAM_0003333,melanocytic_Nevi,train,train,4642
ISIC_0028380,HAM_0003965,melanocytic_Nevi,train,train,4643
ISIC_0028381,HAM_0004522,actinic_keratoses,test,train,148
ISIC_0028382,HAM_0002522,melanocytic_Nevi,test,train,4644
ISIC_0028383,HAM_0005556,melanocytic_Nevi,train,train,4645
ISIC_0028384,HAM_0005817,melanocytic_Nevi,train,train,4646
ISIC_0028385,HAM_0006359,melanocytic_Nevi,train,validation,1203
ISIC_0028386,HAM_0005751,benign_keratosis-like_lesions,train,train,1229
ISIC_0028387,HAM_0004470,melanocytic_Nevi,validation,train,4647
ISIC_0028388,HAM_0005672,benign_keratosis-like_lesions,test,train,1230
ISIC_0028389,HAM_0005335,benign_keratosis-like_lesions,validation,train,1231
ISIC_0028390,HAM_0000188,melanocytic_Nevi,train,validation,1204
ISIC_0028391,HAM_0005528,melanocytic_Nevi,train,train,4648
ISIC_0028392,HAM_0002634,melanocytic_Nevi,train,train,4649
ISIC_0028393,HAM_0005579,actinic_keratoses,train,train,149
ISIC_0028394,HAM_0004684,melanocytic_Nevi,train,train,4650
ISIC_0028395,HAM_0006001,melanocytic_Nevi,train,train,4651
ISIC_0028396,HAM_0005977,melanocytic_Nevi,validation,train,4652
ISIC_0028397,HAM_0006183,melanocytic_Nevi,train,train,4653
ISIC_0028398,HAM_0003399,melanocytic_Nevi,train,train,4654
ISIC_0028399,HAM_0007122,melanocytic_Nevi,train,train,4655
ISIC_0028400,HAM_0006118,melanocytic_Nevi,train,validation,1207
ISIC_0028401,HAM_0005342,melanocytic_Nevi,train,train,4656
ISIC_0028402,HAM_0006957,melanocytic_Nevi,train,train,4657
ISIC_0028403,HAM_0003309,melanocytic_Nevi,train,train,4658
ISIC_0028404,HAM_0000881,benign_keratosis-like_lesions,train,train,1232
ISIC_0028405,HAM_0002816,melanocytic_Nevi,train,train,4659
ISIC_0028406,HAM_0005215,vascular_lesions,train,train,9498
ISIC_0028407,HAM_0001345,melanocytic_Nevi,train,train,4660
ISIC_0028408,HAM_0006506,melanocytic_Nevi,validation,train,4661
ISIC_0028409,HAM_0005133,melanocytic_Nevi,train,train,4662
ISIC_0028410,HAM_0007558,melanoma,train,train,8705
ISIC_0028411,HAM_0005463,benign_keratosis-like_lesions,train,train,1233
ISIC_0028412,HAM_0007310,melanoma,test,train,8706
ISIC_0028413,HAM_0005360,melanocytic_Nevi,train,train,4663
ISIC_0028414,HAM_0001733,benign_keratosis-like_lesions,train,train,1234
ISIC_0028415,HAM_0000796,melanoma,test,train,8707
ISIC_0028416,HAM_0003332,melanocytic_Nevi,validation,train,4664
ISIC_0028417,HAM_0000061,melanocytic_Nevi,test,train,4665
ISIC_0028418,HAM_0007114,melanoma,train,train,8708
ISIC_0028419,HAM_0003941,basal_cell_carcinoma,train,train,517
ISIC_0028420,HAM_0005079,melanocytic_Nevi,train,train,4666
ISIC_0028421,HAM_0000085,melanocytic_Nevi,validation,train,4667
ISIC_0028422,HAM_0002820,melanocytic_Nevi,train,train,4668
ISIC_0028423,HAM_0006439,melanocytic_Nevi,train,train,4669
ISIC_0028424,HAM_0000703,melanocytic_Nevi,test,train,4670
ISIC_0028425,HAM_0003867,melanocytic_Nevi,train,train,4671
ISIC_0028426,HAM_0003541,melanocytic_Nevi,train,train,4672
ISIC_0028427,HAM_0002931,melanocytic_Nevi,train,train,4673
ISIC_0028428,HAM_0001338,melanocytic_Nevi,train,train,4674
ISIC_0028429,HAM_0000279,melanocytic_Nevi,train,train,4675
ISIC_0028430,HAM_0004267,melanocytic_Nevi,train,train,4676
ISIC_0028431,HAM_0004653,vascular_lesions,train,train,9499
ISIC_0028432,HAM_0004778,melanocytic_Nevi,validation,train,4677
ISIC_0028433,HAM_0004990,melanocytic_Nevi,train,validation,1213
ISIC_0028434,HAM_0000712,melanocytic_Nevi,train,train,4678
ISIC_0028435,HAM_0001324,melanocytic_Nevi,train,train,4679
ISIC_0028436,HAM_0005127,melanocytic_Nevi,test,train,4680
ISIC_0028437,HAM_0002990,melanocytic_Nevi,test,train,4681
ISIC_0028438,HAM_0003384,melanocytic_Nevi,validation,train,4682
ISIC_0028439,HAM_0000684,melanocytic_Nevi,test,train,4683
ISIC_0028440,HAM_0001461,melanocytic_Nevi,train,train,4684
ISIC_0028441,HAM_0000603,melanocytic_Nevi,train,train,4685
ISIC_0028442,HAM_0001328,melanoma,train,train,8709
ISIC_0028443,HAM_0004601,melanocytic_Nevi,validation,validation,1215
ISIC_0028444,HAM_0007411,melanocytic_Nevi,train,train,4686
ISIC_0028445,HAM_0000492,melanoma,train,train,8710
ISIC_0028446,HAM_0006498,melanocytic_Nevi,train,train,4687
ISIC_0028447,HAM_0005745,melanocytic_Nevi,test,train,4688
ISIC_0028448,HAM_0001167,benign_keratosis-like_lesions,test,train,1235
ISIC_0028449,HAM_0004556,benign_keratosis-like_lesions,validation,train,1236
ISIC_0028450,HAM_0004839,melanocytic_Nevi,validation,train,4689
ISIC_0028451,HAM_0004338,benign_keratosis-like_lesions,train,train,1237
ISIC_0028452,HAM_0001191,melanocytic_Nevi,validation,validation,1216
ISIC_0028453,HAM_0002856,melanocytic_Nevi,train,train,4690
ISIC_0028454,HAM_0002216,melanocytic_Nevi,train,train,4691
ISIC_0028455,HAM_0004270,melanocytic_Nevi,validation,train,4692
ISIC_0028456,HAM_0001742,melanocytic_Nevi,train,train,4693
ISIC_0028457,HAM_0007446,basal_cell_carcinoma,test,train,518
ISIC_0028458,HAM_0006680,melanocytic_Nevi,train,train,4694
ISIC_0028459,HAM_0006109,melanocytic_Nevi,validation,train,4695
ISIC_0028460,HAM_0002099,melanoma,train,train,8711
ISIC_0028461,HAM_0000072,melanocytic_Nevi,train,train,4696
ISIC_0028462,HAM_0004702,melanocytic_Nevi,train,train,4697
ISIC_0028463,HAM_0002186,melanoma,test,train,8712
ISIC_0028464,HAM_0004600,melanocytic_Nevi,train,train,4698
ISIC_0028465,HAM_0002491,melanoma,train,train,8713
ISIC_0028466,HAM_0006261,melanocytic_Nevi,train,validation,1220
ISIC_0028467,HAM_0004676,melanoma,train,train,8714
ISIC_0028468,HAM_0000961,melanocytic_Nevi,train,train,4699
ISIC_0028469,HAM_0002145,melanocytic_Nevi,test,train,4700
ISIC_0028470,HAM_0000811,melanocytic_Nevi,train,train,4701
ISIC_0028471,HAM_0004085,melanocytic_Nevi,train,train,4702
ISIC_0028472,HAM_0005769,melanocytic_Nevi,train,validation,1221
ISIC_0028473,HAM_0004889,benign_keratosis-like_lesions,train,train,1238
ISIC_0028474,HAM_0004682,melanocytic_Nevi,validation,train,4703
ISIC_0028475,HAM_0006897,melanocytic_Nevi,train,train,4704
ISIC_0028476,HAM_0007264,melanocytic_Nevi,train,train,4705
ISIC_0028477,HAM_0005531,melanocytic_Nevi,test,train,4706
ISIC_0028478,HAM_0002154,melanocytic_Nevi,train,train,4707
ISIC_0028479,HAM_0002821,benign_keratosis-like_lesions,train,train,1239
ISIC_0028480,HAM_0003548,melanocytic_Nevi,test,train,4708
ISIC_0028481,HAM_0000396,melanoma,validation,train,8715
ISIC_0028482,HAM_0004169,melanocytic_Nevi,train,train,4709
ISIC_0028483,HAM_0003709,melanocytic_Nevi,train,train,4710
ISIC_0028484,HAM_0006258,melanocytic_Nevi,test,train,4711
ISIC_0028485,HAM_0005567,melanocytic_Nevi,train,train,4712
ISIC_0028486,HAM_0005981,basal_cell_carcinoma,train,train,519
ISIC_0028487,HAM_0003891,melanocytic_Nevi,validation,validation,1222
ISIC_0028488,HAM_0001975,melanocytic_Nevi,train,train,4713
ISIC_0028489,HAM_0005785,melanoma,train,train,8716
ISIC_0028490,HAM_0001642,benign_keratosis-like_lesions,validation,train,1240
ISIC_0028491,HAM_0004758,melanocytic_Nevi,validation,train,4714
ISIC_0028492,HAM_0004323,melanocytic_Nevi,train,train,4715
ISIC_0028493,HAM_0003534,melanoma,train,train,8717
ISIC_0028494,HAM_0005110,melanocytic_Nevi,train,train,4716
ISIC_0028495,HAM_0000195,basal_cell_carcinoma,train,validation,129
ISIC_0028496,HAM_0003830,benign_keratosis-like_lesions,train,train,1241
ISIC_0028497,HAM_0006533,benign_keratosis-like_lesions,test,train,1242
ISIC_0028498,HAM_0000000,melanocytic_Nevi,train,train,4717
ISIC_0028499,HAM_0004976,actinic_keratoses,train,train,150
ISIC_0028500,HAM_0006326,melanocytic_Nevi,validation,train,4718
ISIC_0028501,HAM_0000142,melanocytic_Nevi,test,train,4719
ISIC_0028502,HAM_0001940,melanocytic_Nevi,train,train,4720
ISIC_0028503,HAM_0003726,benign_keratosis-like_lesions,validation,train,1243
ISIC_0028504,HAM_0006910,melanocytic_Nevi,train,train,4721
ISIC_0028505,HAM_0005084,melanoma,train,train,8718
ISIC_0028506,HAM_0006838,melanocytic_Nevi,validation,train,4722
ISIC_0028507,HAM_0003340,melanocytic_Nevi,train,train,4723
ISIC_0028508,HAM_0001607,melanoma,train,train,8719
ISIC_0028509,HAM_0007249,melanocytic_Nevi,train,train,4724
ISIC_0028510,HAM_0002835,melanocytic_Nevi,validation,train,4725
ISIC_0028511,HAM_0004889,benign_keratosis-like_lesions,train,train,1244
ISIC_0028512,HAM_0003350,melanoma,train,train,8720
ISIC_0028513,HAM_0000070,melanocytic_Nevi,test,train,4726
ISIC_0028514,HAM_0002311,melanocytic_Nevi,train,train,4727
ISIC_0028515,HAM_0006463,melanocytic_Nevi,train,train,4728
ISIC_0028516,HAM_0005113,melanocytic_Nevi,train,train,4729
ISIC_0028517,HAM_0006220,actinic_keratoses,train,train,151
ISIC_0028518,HAM_0002919,melanocytic_Nevi,validation,train,4730
ISIC_0028519,HAM_0003212,melanoma,test,train,8721
ISIC_0028520,HAM_0001793,melanoma,train,train,8722
ISIC_0028521,HAM_0002446,melanocytic_Nevi,test,train,4731
ISIC_0028522,HAM_0004906,melanocytic_Nevi,train,test,632
ISIC_0028523,HAM_0001523,melanocytic_Nevi,test,train,4732
ISIC_0028524,HAM_0003387,melanocytic_Nevi,train,validation,1226
ISIC_0028525,HAM_0005722,benign_keratosis-like_lesions,train,train,1245
ISIC_0028526,HAM_0004028,melanocytic_Nevi,train,train,4733
ISIC_0028527,HAM_0006484,melanocytic_Nevi,test,train,4734
ISIC_0028528,HAM_0000324,melanocytic_Nevi,train,train,4735
ISIC_0028529,HAM_0002171,melanocytic_Nevi,train,train,4736
ISIC_0028530,HAM_0006425,melanocytic_Nevi,train,train,4737
ISIC_0028531,HAM_0001498,melanocytic_Nevi,train,train,4738
ISIC_0028532,HAM_0002041,melanocytic_Nevi,test,train,4739
ISIC_0028533,HAM_0001404,melanocytic_Nevi,train,train,4740
ISIC_0028534,HAM_0003653,melanocytic_Nevi,validation,train,4741
ISIC_0028535,HAM_0005493,melanocytic_Nevi,train,train,4742
ISIC_0028536,HAM_0003903,melanocytic_Nevi,validation,train,4743
ISIC_0028537,HAM_0000856,melanoma,train,train,8723
ISIC_0028538,HAM_0007276,melanocytic_Nevi,validation,train,4744
ISIC_0028539,HAM_0002215,melanocytic_Nevi,train,train,4745
ISIC_0028540,HAM_0002023,melanocytic_Nevi,test,train,4746
ISIC_0028541,HAM_0004096,melanocytic_Nevi,test,train,4747
ISIC_0028542,HAM_0001573,basal_cell_carcinoma,train,train,520
ISIC_0028543,HAM_0004669,melanoma,train,train,8724
ISIC_0028544,HAM_0003044,melanocytic_Nevi,train,train,4748
ISIC_0028545,HAM_0004068,melanocytic_Nevi,train,train,4749
ISIC_0028546,HAM_0007512,melanocytic_Nevi,test,train,4750
ISIC_0028547,HAM_0005699,melanocytic_Nevi,validation,train,4751
ISIC_0028548,HAM_0000133,melanoma,train,train,8725
ISIC_0028549,HAM_0004752,melanocytic_Nevi,validation,train,4752
ISIC_0028550,HAM_0000259,benign_keratosis-like_lesions,test,train,1246
ISIC_0028551,HAM_0000667,melanocytic_Nevi,test,train,4753
ISIC_0028552,HAM_0000240,melanocytic_Nevi,train,train,4754
ISIC_0028553,HAM_0003075,melanocytic_Nevi,train,train,4755
ISIC_0028554,HAM_0000942,melanocytic_Nevi,train,train,4756
ISIC_0028555,HAM_0002301,benign_keratosis-like_lesions,train,train,1247
ISIC_0028556,HAM_0002421,basal_cell_carcinoma,test,train,521
ISIC_0028557,HAM_0005395,melanocytic_Nevi,train,train,4757
ISIC_0028558,HAM_0002646,actinic_keratoses,train,train,152
ISIC_0028559,HAM_0000913,melanocytic_Nevi,test,train,4758
ISIC_0028560,HAM_0003847,benign_keratosis-like_lesions,train,train,1248
ISIC_0028561,HAM_0005517,melanocytic_Nevi,train,train,4759
ISIC_0028562,HAM_0003619,melanocytic_Nevi,train,train,4760
ISIC_0028563,HAM_0002126,melanocytic_Nevi,train,validation,1231
ISIC_0028564,HAM_0003204,melanocytic_Nevi,train,validation,1232
ISIC_0028565,HAM_0005624,melanoma,validation,train,8726
ISIC_0028566,HAM_0004417,melanocytic_Nevi,train,train,4761
ISIC_0028567,HAM_0001814,melanoma,validation,train,8727
ISIC_0028568,HAM_0001434,basal_cell_carcinoma,test,train,522
ISIC_0028569,HAM_0005709,melanocytic_Nevi,train,train,4762
ISIC_0028570,HAM_0002818,basal_cell_carcinoma,test,train,523
ISIC_0028571,HAM_0006273,melanocytic_Nevi,test,train,4763
ISIC_0028572,HAM_0006013,melanocytic_Nevi,train,train,4764
ISIC_0028573,HAM_0003675,melanocytic_Nevi,train,train,4765
ISIC_0028574,HAM_0004686,melanocytic_Nevi,train,train,4766
ISIC_0028575,HAM_0003528,melanocytic_Nevi,test,train,4767
ISIC_0028576,HAM_0001684,melanocytic_Nevi,train,train,4768
ISIC_0028577,HAM_0007139,basal_cell_carcinoma,train,train,524
ISIC_0028578,HAM_0003874,melanocytic_Nevi,train,train,4769
ISIC_0028579,HAM_0001811,melanoma,train,train,8728
ISIC_0028580,HAM_0006881,melanocytic_Nevi,test,train,4770
ISIC_0028581,HAM_0003758,melanocytic_Nevi,train,train,4771
ISIC_0028582,HAM_0004302,melanoma,test,train,8729
ISIC_0028583,HAM_0004880,basal_cell_carcinoma,train,train,525
ISIC_0028584,HAM_0001819,melanoma,train,validation,2277
ISIC_0028585,HAM_0002554,melanocytic_Nevi,train,train,4772
ISIC_0028586,HAM_0000690,melanocytic_Nevi,train,train,4773
ISIC_0028587,HAM_0001735,benign_keratosis-like_lesions,train,train,1249
ISIC_0028588,HAM_0000850,melanocytic_Nevi,test,train,4774
ISIC_0028589,HAM_0002480,melanocytic_Nevi,train,train,4775
ISIC_0028590,HAM_0000295,melanocytic_Nevi,train,train,4776
ISIC_0028591,HAM_0000468,melanocytic_Nevi,test,train,4777
ISIC_0028592,HAM_0001702,melanocytic_Nevi,train,train,4778
ISIC_0028593,HAM_0003120,benign_keratosis-like_lesions,train,train,1250
ISIC_0028594,HAM_0006228,melanocytic_Nevi,validation,train,4779
ISIC_0028595,HAM_0003237,melanocytic_Nevi,train,train,4780
ISIC_0028596,HAM_0003322,melanocytic_Nevi,train,train,4781
ISIC_0028597,HAM_0000652,melanocytic_Nevi,train,train,4782
ISIC_0028598,HAM_0006633,melanocytic_Nevi,train,train,4783
ISIC_0028599,HAM_0001319,melanocytic_Nevi,test,train,4784
ISIC_0028600,HAM_0007268,melanocytic_Nevi,train,train,4785
ISIC_0028601,HAM_0001116,melanocytic_Nevi,train,train,4786
ISIC_0028602,HAM_0000778,melanocytic_Nevi,train,train,4787
ISIC_0028603,HAM_0007559,melanocytic_Nevi,train,train,4788
ISIC_0028604,HAM_0006449,melanocytic_Nevi,train,train,4789
ISIC_0028605,HAM_0000076,melanocytic_Nevi,train,train,4790
ISIC_0028606,HAM_0004044,melanocytic_Nevi,test,train,4791
ISIC_0028607,HAM_0000114,benign_keratosis-like_lesions,validation,train,1251
ISIC_0028608,HAM_0003434,melanocytic_Nevi,test,validation,1237
ISIC_0028609,HAM_0007608,melanocytic_Nevi,train,train,4792
ISIC_0028610,HAM_0000291,melanocytic_Nevi,train,train,4793
ISIC_0028611,HAM_0004695,benign_keratosis-like_lesions,train,train,1252
ISIC_0028612,HAM_0002403,melanocytic_Nevi,train,train,4794
ISIC_0028613,HAM_0004080,melanocytic_Nevi,train,train,4795
ISIC_0028614,HAM_0006966,melanocytic_Nevi,train,train,4796
ISIC_0028615,HAM_0007590,benign_keratosis-like_lesions,train,train,1253
ISIC_0028616,HAM_0002846,melanocytic_Nevi,train,train,4797
ISIC_0028617,HAM_0006487,melanocytic_Nevi,test,train,4798
ISIC_0028618,HAM_0001633,melanocytic_Nevi,train,train,4799
ISIC_0028619,HAM_0001565,actinic_keratoses,train,train,153
ISIC_0028620,HAM_0000939,melanocytic_Nevi,train,train,4800
ISIC_0028621,HAM_0000391,melanocytic_Nevi,test,train,4801
ISIC_0028622,HAM_0000083,benign_keratosis-like_lesions,train,train,1254
ISIC_0028623,HAM_0001781,benign_keratosis-like_lesions,test,train,1255
ISIC_0028624,HAM_0003750,melanocytic_Nevi,validation,train,4802
ISIC_0028625,HAM_0006790,melanocytic_Nevi,train,train,4803
ISIC_0028626,HAM_0006209,melanocytic_Nevi,train,train,4804
ISIC_0028627,HAM_0000980,melanocytic_Nevi,train,train,4805
ISIC_0028628,HAM_0001359,benign_keratosis-like_lesions,train,train,1256
ISIC_0028629,HAM_0001003,melanocytic_Nevi,validation,train,4806
ISIC_0028630,HAM_0003488,melanocytic_Nevi,validation,train,4807
ISIC_0028631,HAM_0000338,melanocytic_Nevi,train,train,4808
ISIC_0028632,HAM_0005960,melanocytic_Nevi,train,train,4809
ISIC_0028633,HAM_0001563,melanocytic_Nevi,train,train,4810
ISIC_0028634,HAM_0000481,melanocytic_Nevi,train,train,4811
ISIC_0028635,HAM_0002416,melanocytic_Nevi,test,train,4812
ISIC_0028636,HAM_0002097,melanocytic_Nevi,train,train,4813
ISIC_0028637,HAM_0007046,melanocytic_Nevi,train,train,4814
ISIC_0028638,HAM_0001320,melanocytic_Nevi,train,train,4815
ISIC_0028639,HAM_0006340,melanocytic_Nevi,train,train,4816
ISIC_0028640,HAM_0005913,benign_keratosis-like_lesions,train,train,1257
ISIC_0028641,HAM_0004805,melanocytic_Nevi,train,train,4817
ISIC_0028642,HAM_0004720,melanoma,train,train,8730
ISIC_0028643,HAM_0005537,melanocytic_Nevi,train,validation,1244
ISIC_0028644,HAM_0001176,actinic_keratoses,train,train,154
ISIC_0028645,HAM_0000275,melanocytic_Nevi,validation,train,4818
ISIC_0028646,HAM_0005077,benign_keratosis-like_lesions,test,train,1258
ISIC_0028647,HAM_0005849,melanocytic_Nevi,train,train,4819
ISIC_0028648,HAM_0005670,melanocytic_Nevi,train,train,4820
ISIC_0028649,HAM_0003754,melanocytic_Nevi,train,train,4821
ISIC_0028650,HAM_0002358,benign_keratosis-like_lesions,train,train,1259
ISIC_0028651,HAM_0004496,dermatofibroma,train,train,1892
ISIC_0028652,HAM_0001575,basal_cell_carcinoma,train,train,526
ISIC_0028653,HAM_0005837,basal_cell_carcinoma,train,train,527
ISIC_0028654,HAM_0002179,melanocytic_Nevi,train,train,4822
ISIC_0028655,HAM_0007102,melanoma,train,train,8731
ISIC_0028656,HAM_0002548,benign_keratosis-like_lesions,train,train,1260
ISIC_0028657,HAM_0006597,melanocytic_Nevi,train,train,4823
ISIC_0028658,HAM_0004703,melanocytic_Nevi,train,train,4824
ISIC_0028659,HAM_0002070,actinic_keratoses,train,train,155
ISIC_0028660,HAM_0003674,melanocytic_Nevi,validation,train,4825
ISIC_0028661,HAM_0006776,melanocytic_Nevi,train,train,4826
ISIC_0028662,HAM_0002042,benign_keratosis-like_lesions,train,train,1261
ISIC_0028663,HAM_0000635,melanocytic_Nevi,train,train,4827
ISIC_0028664,HAM_0002695,melanocytic_Nevi,test,train,4828
ISIC_0028665,HAM_0005193,melanocytic_Nevi,train,train,4829
ISIC_0028666,HAM_0004622,melanoma,test,train,8732
ISIC_0028667,HAM_0003806,melanocytic_Nevi,train,train,4830
ISIC_0028668,HAM_0003197,melanocytic_Nevi,train,train,4831
ISIC_0028669,HAM_0004989,melanocytic_Nevi,test,train,4832
ISIC_0028670,HAM_0003981,basal_cell_carcinoma,train,train,528
ISIC_0028671,HAM_0001713,basal_cell_carcinoma,train,train,529
ISIC_0028672,HAM_0003888,melanocytic_Nevi,train,train,4833
ISIC_0028673,HAM_0004553,melanocytic_Nevi,train,train,4834
ISIC_0028674,HAM_0000962,melanocytic_Nevi,test,train,4835
ISIC_0028675,HAM_0001799,melanocytic_Nevi,train,train,4836
ISIC_0028676,HAM_0006198,melanocytic_Nevi,train,train,4837
ISIC_0028677,HAM_0001711,basal_cell_carcinoma,validation,train,530
ISIC_0028678,HAM_0000222,melanocytic_Nevi,train,train,4838
ISIC_0028679,HAM_0005239,melanocytic_Nevi,train,train,4839
ISIC_0028680,HAM_0007150,vascular_lesions,train,train,9500
ISIC_0028681,HAM_0004309,benign_keratosis-like_lesions,train,train,1262
ISIC_0028682,HAM_0002651,melanocytic_Nevi,train,train,4840
ISIC_0028683,HAM_0006839,melanocytic_Nevi,train,train,4841
ISIC_0028684,HAM_0006120,melanocytic_Nevi,train,train,4842
ISIC_0028685,HAM_0006423,melanoma,validation,train,8733
ISIC_0028686,HAM_0005329,melanocytic_Nevi,validation,train,4843
ISIC_0028687,HAM_0003444,basal_cell_carcinoma,validation,train,531
ISIC_0028688,HAM_0006844,basal_cell_carcinoma,train,train,532
ISIC_0028689,HAM_0002537,melanocytic_Nevi,test,train,4844
ISIC_0028690,HAM_0002773,melanocytic_Nevi,train,train,4845
ISIC_0028691,HAM_0001161,melanocytic_Nevi,train,train,4846
ISIC_0028692,HAM_0005840,melanocytic_Nevi,train,train,4847
ISIC_0028693,HAM_0001610,basal_cell_carcinoma,train,train,533
ISIC_0028694,HAM_0004841,melanocytic_Nevi,train,train,4848
ISIC_0028695,HAM_0006010,melanocytic_Nevi,train,train,4849
ISIC_0028696,HAM_0003330,melanoma,train,train,8734
ISIC_0028697,HAM_0001585,melanocytic_Nevi,train,train,4850
ISIC_0028698,HAM_0003033,melanocytic_Nevi,train,train,4851
ISIC_0028699,HAM_0002260,melanocytic_Nevi,train,train,4852
ISIC_0028700,HAM_0001717,melanocytic_Nevi,train,train,4853
ISIC_0028701,HAM_0006128,benign_keratosis-like_lesions,validation,train,1263
ISIC_0028702,HAM_0001914,benign_keratosis-like_lesions,validation,train,1264
ISIC_0028703,HAM_0007345,melanocytic_Nevi,validation,train,4854
ISIC_0028704,HAM_0006427,melanocytic_Nevi,train,train,4855
ISIC_0028705,HAM_0002353,melanocytic_Nevi,train,train,4856
ISIC_0028706,HAM_0002986,melanocytic_Nevi,validation,train,4857
ISIC_0028707,HAM_0000920,benign_keratosis-like_lesions,train,train,1265
ISIC_0028708,HAM_0005004,melanocytic_Nevi,train,train,4858
ISIC_0028709,HAM_0002197,melanoma,train,train,8735
ISIC_0028710,HAM_0004908,benign_keratosis-like_lesions,validation,train,1266
ISIC_0028711,HAM_0001355,melanocytic_Nevi,train,train,4859
ISIC_0028712,HAM_0002160,melanocytic_Nevi,test,train,4860
ISIC_0028713,HAM_0003898,melanocytic_Nevi,train,train,4861
ISIC_0028714,HAM_0005713,vascular_lesions,train,train,9501
ISIC_0028715,HAM_0002053,melanocytic_Nevi,train,train,4862
ISIC_0028716,HAM_0000864,melanocytic_Nevi,train,train,4863
ISIC_0028717,HAM_0005803,melanocytic_Nevi,train,train,4864
ISIC_0028718,HAM_0006380,melanoma,validation,train,8736
ISIC_0028719,HAM_0004365,basal_cell_carcinoma,train,train,534
ISIC_0028720,HAM_0002589,melanocytic_Nevi,train,train,4865
ISIC_0028721,HAM_0007173,melanocytic_Nevi,test,train,4866
ISIC_0028722,HAM_0002901,melanocytic_Nevi,train,train,4867
ISIC_0028723,HAM_0007160,melanocytic_Nevi,train,train,4868
ISIC_0028724,HAM_0006450,melanocytic_Nevi,train,train,4869
ISIC_0028725,HAM_0003598,melanocytic_Nevi,test,train,4870
ISIC_0028726,HAM_0005900,melanocytic_Nevi,train,train,4871
ISIC_0028727,HAM_0006678,melanocytic_Nevi,train,train,4872
ISIC_0028728,HAM_0005026,basal_cell_carcinoma,validation,train,535
ISIC_0028729,HAM_0006989,melanocytic_Nevi,train,train,4873
ISIC_0028730,HAM_0005282,actinic_keratoses,test,train,156
ISIC_0028731,HAM_0002407,melanocytic_Nevi,train,train,4874
ISIC_0028732,HAM_0002780,melanocytic_Nevi,test,train,4875
ISIC_0028733,HAM_0006639,melanocytic_Nevi,validation,train,4876
ISIC_0028734,HAM_0000861,melanocytic_Nevi,train,train,4877
ISIC_0028735,HAM_0005663,dermatofibroma,train,train,1893
ISIC_0028736,HAM_0003125,melanocytic_Nevi,validation,train,4878
ISIC_0028737,HAM_0001157,melanocytic_Nevi,train,validation,1258
ISIC_0028738,HAM_0004576,melanocytic_Nevi,train,train,4879
ISIC_0028739,HAM_0007313,basal_cell_carcinoma,validation,train,536
ISIC_0028740,HAM_0004977,melanocytic_Nevi,train,train,4880
ISIC_0028741,HAM_0003549,melanocytic_Nevi,validation,train,4881
ISIC_0028742,HAM_0004062,melanocytic_Nevi,train,train,4882
ISIC_0028743,HAM_0001075,melanocytic_Nevi,train,train,4883
ISIC_0028744,HAM_0002515,melanocytic_Nevi,train,train,4884
ISIC_0028745,HAM_0003214,melanocytic_Nevi,train,train,4885
ISIC_0028746,HAM_0000878,melanoma,train,train,8737
ISIC_0028747,HAM_0007262,basal_cell_carcinoma,train,train,537
ISIC_0028748,HAM_0005516,melanocytic_Nevi,train,train,4886
ISIC_0028749,HAM_0005275,benign_keratosis-like_lesions,train,train,1267
ISIC_0028750,HAM_0000318,benign_keratosis-like_lesions,train,train,1268
ISIC_0028751,HAM_0005034,melanocytic_Nevi,train,train,4887
ISIC_0028752,HAM_0001695,melanocytic_Nevi,train,train,4888
ISIC_0028753,HAM_0001303,melanocytic_Nevi,train,train,4889
ISIC_0028754,HAM_0005385,melanocytic_Nevi,train,train,4890
ISIC_0028755,HAM_0000288,melanocytic_Nevi,train,train,4891
ISIC_0028756,HAM_0004604,melanocytic_Nevi,train,train,4892
ISIC_0028757,HAM_0003662,melanocytic_Nevi,train,train,4893
ISIC_0028758,HAM_0004443,melanocytic_Nevi,train,train,4894
ISIC_0028759,HAM_0006185,melanocytic_Nevi,test,train,4895
ISIC_0028760,HAM_0006088,melanoma,validation,train,8738
ISIC_0028761,HAM_0003415,melanocytic_Nevi,train,validation,1261
ISIC_0028762,HAM_0001080,melanocytic_Nevi,train,train,4896
ISIC_0028763,HAM_0000832,actinic_keratoses,train,train,157
ISIC_0028764,HAM_0004746,melanoma,train,train,8739
ISIC_0028765,HAM_0004511,basal_cell_carcinoma,validation,train,538
ISIC_0028766,HAM_0001541,melanocytic_Nevi,train,train,4897
ISIC_0028767,HAM_0003419,melanocytic_Nevi,train,train,4898
ISIC_0028768,HAM_0000148,melanocytic_Nevi,train,train,4899
ISIC_0028769,HAM_0004242,melanocytic_Nevi,validation,train,4900
ISIC_0028770,HAM_0005682,melanocytic_Nevi,train,train,4901
ISIC_0028771,HAM_0005305,melanocytic_Nevi,test,validation,1262
ISIC_0028772,HAM_0007594,melanocytic_Nevi,train,train,4902
ISIC_0028773,HAM_0004354,melanoma,train,train,8740
ISIC_0028774,HAM_0004852,benign_keratosis-like_lesions,train,train,1269
ISIC_0028775,HAM_0005495,melanocytic_Nevi,train,train,4903
ISIC_0028776,HAM_0002065,melanocytic_Nevi,test,train,4904
ISIC_0028777,HAM_0000125,melanoma,train,train,8741
ISIC_0028778,HAM_0006534,melanocytic_Nevi,train,train,4905
ISIC_0028779,HAM_0003524,melanocytic_Nevi,validation,train,4906
ISIC_0028780,HAM_0000138,melanocytic_Nevi,train,train,4907
ISIC_0028781,HAM_0005208,melanocytic_Nevi,train,train,4908
ISIC_0028782,HAM_0000528,melanocytic_Nevi,train,train,4909
ISIC_0028783,HAM_0007326,melanocytic_Nevi,train,train,4910
ISIC_0028784,HAM_0004460,melanocytic_Nevi,validation,train,4911
ISIC_0028785,HAM_0005914,melanocytic_Nevi,train,train,4912
ISIC_0028786,HAM_0005272,melanocytic_Nevi,train,train,4913
ISIC_0028787,HAM_0001934,melanocytic_Nevi,validation,train,4914
ISIC_0028788,HAM_0002351,melanocytic_Nevi,train,train,4915
ISIC_0028789,HAM_0003032,melanocytic_Nevi,train,train,4916
ISIC_0028790,HAM_0005276,dermatofibroma,train,train,1894
ISIC_0028791,HAM_0006032,melanocytic_Nevi,train,train,4917
ISIC_0028792,HAM_0001608,benign_keratosis-like_lesions,train,train,1270
ISIC_0028793,HAM_0004783,melanocytic_Nevi,train,train,4918
ISIC_0028794,HAM_0006606,melanocytic_Nevi,validation,train,4919
ISIC_0028795,HAM_0004568,actinic_keratoses,train,train,158
ISIC_0028796,HAM_0002420,melanocytic_Nevi,train,train,4920
ISIC_0028797,HAM_0001838,benign_keratosis-like_lesions,train,train,1271
ISIC_0028798,HAM_0007365,melanocytic_Nevi,train,train,4921
ISIC_0028799,HAM_0001727,melanocytic_Nevi,train,train,4922
ISIC_0028800,HAM_0003235,melanocytic_Nevi,validation,train,4923
ISIC_0028801,HAM_0003855,melanocytic_Nevi,validation,train,4924
ISIC_0028802,HAM_0005549,melanocytic_Nevi,train,train,4925
ISIC_0028803,HAM_0000977,melanocytic_Nevi,test,train,4926
ISIC_0028804,HAM_0006618,melanocytic_Nevi,train,train,4927
ISIC_0028805,HAM_0006166,melanocytic_Nevi,train,train,4928
ISIC_0028806,HAM_0004175,melanocytic_Nevi,train,train,4929
ISIC_0028807,HAM_0003429,basal_cell_carcinoma,test,train,539
ISIC_0028808,HAM_0005910,melanocytic_Nevi,test,train,4930
ISIC_0028809,HAM_0004991,melanocytic_Nevi,train,train,4931
ISIC_0028810,HAM_0002975,melanocytic_Nevi,validation,train,4932
ISIC_0028811,HAM_0003795,melanocytic_Nevi,train,train,4933
ISIC_0028812,HAM_0004248,melanocytic_Nevi,train,train,4934
ISIC_0028813,HAM_0001067,melanocytic_Nevi,test,train,4935
ISIC_0028814,HAM_0005375,basal_cell_carcinoma,test,train,540
ISIC_0028815,HAM_0004967,basal_cell_carcinoma,train,train,541
ISIC_0028816,HAM_0003123,actinic_keratoses,validation,train,159
ISIC_0028817,HAM_0003294,melanocytic_Nevi,train,train,4936
ISIC_0028818,HAM_0003694,basal_cell_carcinoma,validation,train,542
ISIC_0028819,HAM_0003536,melanocytic_Nevi,train,train,4937
ISIC_0028820,HAM_0000931,actinic_keratoses,train,train,160
ISIC_0028821,HAM_0003992,melanocytic_Nevi,train,train,4938
ISIC_0028822,HAM_0005126,benign_keratosis-like_lesions,train,train,1272
ISIC_0028823,HAM_0007138,melanocytic_Nevi,validation,train,4939
ISIC_0028824,HAM_0003053,melanocytic_Nevi,test,train,4940
ISIC_0028825,HAM_0001517,melanocytic_Nevi,train,train,4941
ISIC_0028826,HAM_0000865,benign_keratosis-like_lesions,train,train,1273
ISIC_0028827,HAM_0001816,melanocytic_Nevi,train,train,4942
ISIC_0028828,HAM_0002690,melanocytic_Nevi,train,train,4943
ISIC_0028829,HAM_0006191,melanocytic_Nevi,train,train,4944
ISIC_0028830,HAM_0001312,benign_keratosis-like_lesions,validation,train,1274
ISIC_0028831,HAM_0006856,melanocytic_Nevi,train,train,4945
ISIC_0028832,HAM_0001750,melanocytic_Nevi,validation,train,4946
ISIC_0028833,HAM_0001015,melanocytic_Nevi,test,train,4947
ISIC_0028834,HAM_0007566,melanocytic_Nevi,test,train,4948
ISIC_0028835,HAM_0000820,melanocytic_Nevi,train,train,4949
ISIC_0028836,HAM_0004971,melanocytic_Nevi,train,train,4950
ISIC_0028837,HAM_0005164,melanocytic_Nevi,validation,train,4951
ISIC_0028838,HAM_0004541,melanocytic_Nevi,validation,train,4952
ISIC_0028839,HAM_0004994,melanocytic_Nevi,train,train,4953
ISIC_0028840,HAM_0003647,benign_keratosis-like_lesions,train,train,1275
ISIC_0028841,HAM_0007143,melanocytic_Nevi,train,train,4954
ISIC_0028842,HAM_0001515,benign_keratosis-like_lesions,train,train,1276
ISIC_0028843,HAM_0002409,melanocytic_Nevi,train,train,4955
ISIC_0028844,HAM_0003184,melanocytic_Nevi,train,train,4956
ISIC_0028845,HAM_0001016,melanocytic_Nevi,train,train,4957
ISIC_0028846,HAM_0004491,benign_keratosis-like_lesions,train,train,1277
ISIC_0028847,HAM_0006006,melanoma,train,train,8742
ISIC_0028848,HAM_0004828,melanocytic_Nevi,test,train,4958
ISIC_0028849,HAM_0005230,melanocytic_Nevi,train,train,4959
ISIC_0028850,HAM_0003837,melanocytic_Nevi,validation,train,4960
ISIC_0028851,HAM_0007028,melanocytic_Nevi,train,train,4961
ISIC_0028852,HAM_0000800,melanocytic_Nevi,train,train,4962
ISIC_0028853,HAM_0001047,melanocytic_Nevi,train,train,4963
ISIC_0028854,HAM_0005356,actinic_keratoses,validation,train,161
ISIC_0028855,HAM_0005201,melanocytic_Nevi,test,train,4964
ISIC_0028856,HAM_0004501,benign_keratosis-like_lesions,train,train,1278
ISIC_0028857,HAM_0002107,melanocytic_Nevi,train,train,4965
ISIC_0028858,HAM_0001078,basal_cell_carcinoma,train,train,543
ISIC_0028859,HAM_0000336,melanocytic_Nevi,validation,train,4966
ISIC_0028860,HAM_0006779,melanoma,train,train,8743
ISIC_0028861,HAM_0005621,melanocytic_Nevi,train,train,4967
ISIC_0028862,HAM_0003382,melanocytic_Nevi,train,train,4968
ISIC_0028863,HAM_0005651,melanocytic_Nevi,train,train,4969
ISIC_0028864,HAM_0005800,melanocytic_Nevi,test,train,4970
ISIC_0028865,HAM_0004600,melanocytic_Nevi,train,train,4971
ISIC_0028866,HAM_0006554,melanocytic_Nevi,train,validation,1275
ISIC_0028867,HAM_0003169,melanocytic_Nevi,validation,train,4972
ISIC_0028868,HAM_0004450,melanocytic_Nevi,test,train,4973
ISIC_0028869,HAM_0002283,melanocytic_Nevi,validation,train,4974
ISIC_0028870,HAM_0001381,melanocytic_Nevi,validation,train,4975
ISIC_0028871,HAM_0000212,basal_cell_carcinoma,train,train,544
ISIC_0028872,HAM_0000552,actinic_keratoses,train,validation,44
ISIC_0028873,HAM_0001190,melanocytic_Nevi,train,train,4976
ISIC_0028874,HAM_0001702,melanocytic_Nevi,train,train,4977
ISIC_0028875,HAM_0002492,melanocytic_Nevi,train,train,4978
ISIC_0028876,HAM_0003030,benign_keratosis-like_lesions,train,train,1279
ISIC_0028877,HAM_0003764,basal_cell_carcinoma,train,train,545
ISIC_0028878,HAM_0000062,melanoma,train,train,8744
ISIC_0028879,HAM_0005858,melanocytic_Nevi,train,train,4979
ISIC_0028880,HAM_0004103,dermatofibroma,train,train,1895
ISIC_0028881,HAM_0001605,benign_keratosis-like_lesions,train,train,1280
ISIC_0028882,HAM_0000486,melanocytic_Nevi,train,train,4980
ISIC_0028883,HAM_0003372,melanocytic_Nevi,test,train,4981
ISIC_0028884,HAM_0005914,melanocytic_Nevi,train,train,4982
ISIC_0028885,HAM_0005427,vascular_lesions,train,train,9502
ISIC_0028886,HAM_0002995,melanocytic_Nevi,test,train,4983
ISIC_0028887,HAM_0006225,melanocytic_Nevi,train,validation,1279
ISIC_0028888,HAM_0003838,melanocytic_Nevi,train,train,4984
ISIC_0028889,HAM_0003004,melanocytic_Nevi,train,train,4985
ISIC_0028890,HAM_0005435,basal_cell_carcinoma,train,train,546
ISIC_0028891,HAM_0006600,melanocytic_Nevi,validation,train,4986
ISIC_0028892,HAM_0006335,melanocytic_Nevi,train,train,4987
ISIC_0028893,HAM_0007556,melanocytic_Nevi,train,train,4988
ISIC_0028894,HAM_0003639,melanocytic_Nevi,train,train,4989
ISIC_0028895,HAM_0003567,melanocytic_Nevi,train,train,4990
ISIC_0028896,HAM_0005659,melanocytic_Nevi,validation,train,4991
ISIC_0028897,HAM_0002109,melanoma,validation,train,8745
ISIC_0028898,HAM_0001069,melanoma,train,train,8746
ISIC_0028899,HAM_0000863,melanoma,validation,train,8747
ISIC_0028900,HAM_0006635,melanoma,train,train,8748
ISIC_0028901,HAM_0006739,melanoma,train,train,8749
ISIC_0028902,HAM_0005426,melanocytic_Nevi,train,train,4992
ISIC_0028903,HAM_0003872,melanocytic_Nevi,train,validation,1281
ISIC_0028904,HAM_0003269,melanocytic_Nevi,train,train,4993
ISIC_0028905,HAM_0004399,melanocytic_Nevi,train,train,4994
ISIC_0028906,HAM_0002891,melanocytic_Nevi,train,train,4995
ISIC_0028907,HAM_0005698,melanocytic_Nevi,validation,train,4996
ISIC_0028908,HAM_0005281,melanocytic_Nevi,train,train,4997
ISIC_0028909,HAM_0004996,melanocytic_Nevi,validation,train,4998
ISIC_0028910,HAM_0006136,melanocytic_Nevi,train,train,4999
ISIC_0028911,HAM_0006058,melanocytic_Nevi,train,train,5000
ISIC_0028912,HAM_0006448,melanocytic_Nevi,train,train,5001
ISIC_0028913,HAM_0004396,benign_keratosis-like_lesions,train,train,1281
ISIC_0028914,HAM_0001518,melanocytic_Nevi,validation,validation,1282
ISIC_0028915,HAM_0006832,melanoma,train,train,8750
ISIC_0028916,HAM_0006208,melanoma,train,train,8751
ISIC_0028917,HAM_0003349,melanocytic_Nevi,train,train,5002
ISIC_0028918,HAM_0001141,melanocytic_Nevi,train,train,5003
ISIC_0028919,HAM_0000964,melanocytic_Nevi,train,train,5004
ISIC_0028920,HAM_0003452,benign_keratosis-like_lesions,train,train,1282
ISIC_0028921,HAM_0000507,melanocytic_Nevi,train,train,5005
ISIC_0028922,HAM_0001382,melanocytic_Nevi,train,train,5006
ISIC_0028923,HAM_0005730,melanocytic_Nevi,test,train,5007
ISIC_0028924,HAM_0001149,melanocytic_Nevi,train,train,5008
ISIC_0028925,HAM_0001752,benign_keratosis-like_lesions,train,train,1283
ISIC_0028926,HAM_0000720,dermatofibroma,train,train,1896
ISIC_0028927,HAM_0000680,melanocytic_Nevi,train,train,5009
ISIC_0028928,HAM_0002998,basal_cell_carcinoma,train,train,547
ISIC_0028929,HAM_0000588,melanoma,train,train,8752
ISIC_0028930,HAM_0002591,melanoma,train,train,8753
ISIC_0028931,HAM_0001733,benign_keratosis-like_lesions,train,train,1284
ISIC_0028932,HAM_0000789,melanocytic_Nevi,train,train,5010
ISIC_0028933,HAM_0001572,melanocytic_Nevi,train,train,5011
ISIC_0028934,HAM_0000514,melanocytic_Nevi,train,train,5012
ISIC_0028935,HAM_0001336,melanocytic_Nevi,train,train,5013
ISIC_0028936,HAM_0005377,melanocytic_Nevi,test,train,5014
ISIC_0028937,HAM_0003610,basal_cell_carcinoma,train,train,548
ISIC_0028938,HAM_0001689,melanocytic_Nevi,train,train,5015
ISIC_0028939,HAM_0005218,melanocytic_Nevi,test,train,5016
ISIC_0028940,HAM_0003890,melanocytic_Nevi,test,train,5017
ISIC_0028941,HAM_0001593,actinic_keratoses,validation,train,162
ISIC_0028942,HAM_0006690,melanocytic_Nevi,test,train,5018
ISIC_0028943,HAM_0004106,benign_keratosis-like_lesions,train,train,1285
ISIC_0028944,HAM_0007340,melanocytic_Nevi,train,train,5019
ISIC_0028945,HAM_0002370,melanocytic_Nevi,train,train,5020
ISIC_0028946,HAM_0003109,melanocytic_Nevi,train,train,5021
ISIC_0028947,HAM_0002486,melanocytic_Nevi,validation,train,5022
ISIC_0028948,HAM_0001333,melanocytic_Nevi,train,train,5023
ISIC_0028949,HAM_0001066,melanocytic_Nevi,train,train,5024
ISIC_0028950,HAM_0007187,melanocytic_Nevi,train,train,5025
ISIC_0028951,HAM_0007116,melanocytic_Nevi,test,train,5026
ISIC_0028952,HAM_0006065,benign_keratosis-like_lesions,train,train,1286
ISIC_0028953,HAM_0000660,melanocytic_Nevi,validation,train,5027
ISIC_0028954,HAM_0000166,melanocytic_Nevi,train,train,5028
ISIC_0028955,HAM_0003875,melanocytic_Nevi,train,train,5029
ISIC_0028956,HAM_0000786,melanocytic_Nevi,test,train,5030
ISIC_0028957,HAM_0003127,melanocytic_Nevi,train,train,5031
ISIC_0028958,HAM_0002912,benign_keratosis-like_lesions,test,train,1287
ISIC_0028959,HAM_0004974,melanocytic_Nevi,validation,train,5032
ISIC_0028960,HAM_0004007,melanocytic_Nevi,train,train,5033
ISIC_0028961,HAM_0005561,melanocytic_Nevi,train,train,5034
ISIC_0028962,HAM_0001322,melanocytic_Nevi,train,train,5035
ISIC_0028963,HAM_0002423,melanocytic_Nevi,train,train,5036
ISIC_0028964,HAM_0000092,basal_cell_carcinoma,test,train,549
ISIC_0028965,HAM_0004281,melanoma,validation,train,8754
ISIC_0028966,HAM_0001849,melanocytic_Nevi,train,train,5037
ISIC_0028967,HAM_0001449,melanocytic_Nevi,validation,validation,1291
ISIC_0028968,HAM_0001910,melanoma,train,train,8755
ISIC_0028969,HAM_0005328,melanoma,train,train,8756
ISIC_0028970,HAM_0001435,benign_keratosis-like_lesions,train,train,1288
ISIC_0028971,HAM_0000930,melanocytic_Nevi,test,validation,1292
ISIC_0028972,HAM_0003476,benign_keratosis-like_lesions,train,train,1289
ISIC_0028973,HAM_0005665,basal_cell_carcinoma,validation,train,550
ISIC_0028974,HAM_0005202,melanocytic_Nevi,train,train,5038
ISIC_0028975,HAM_0004819,melanocytic_Nevi,train,train,5039
ISIC_0028976,HAM_0003100,melanocytic_Nevi,train,train,5040
ISIC_0028977,HAM_0006159,benign_keratosis-like_lesions,train,train,1290
ISIC_0028978,HAM_0005026,basal_cell_carcinoma,validation,train,551
ISIC_0028979,HAM_0004608,melanocytic_Nevi,validation,train,5041
ISIC_0028980,HAM_0003741,basal_cell_carcinoma,train,train,552
ISIC_0028981,HAM_0002187,melanocytic_Nevi,train,train,5042
ISIC_0028982,HAM_0000762,melanocytic_Nevi,train,train,5043
ISIC_0028983,HAM_0000674,melanocytic_Nevi,train,train,5044
ISIC_0028984,HAM_0003400,melanoma,train,train,8757
ISIC_0028985,HAM_0006611,melanocytic_Nevi,train,train,5045
ISIC_0028986,HAM_0007338,melanocytic_Nevi,train,train,5046
ISIC_0028987,HAM_0006409,melanocytic_Nevi,validation,train,5047
ISIC_0028988,HAM_0003155,melanocytic_Nevi,test,train,5048
ISIC_0028989,HAM_0004487,basal_cell_carcinoma,train,train,553
ISIC_0028990,HAM_0006180,actinic_keratoses,train,train,163
ISIC_0028991,HAM_0001194,melanocytic_Nevi,train,train,5049
ISIC_0028992,HAM_0003920,benign_keratosis-like_lesions,test,train,1291
ISIC_0028993,HAM_0006352,melanocytic_Nevi,train,train,5050
ISIC_0028994,HAM_0000687,basal_cell_carcinoma,train,train,554
ISIC_0028995,HAM_0006945,benign_keratosis-like_lesions,test,train,1292
ISIC_0028996,HAM_0004151,melanocytic_Nevi,train,train,5051
ISIC_0028997,HAM_0001163,melanocytic_Nevi,validation,validation,1296
ISIC_0028998,HAM_0003253,melanocytic_Nevi,train,train,5052
ISIC_0028999,HAM_0006296,melanocytic_Nevi,train,train,5053
ISIC_0029000,HAM_0005481,melanoma,train,train,8758
ISIC_0029001,HAM_0005664,melanocytic_Nevi,train,train,5054
ISIC_0029002,HAM_0003401,actinic_keratoses,validation,train,164
ISIC_0029003,HAM_0004947,benign_keratosis-like_lesions,train,train,1293
ISIC_0029004,HAM_0001584,melanocytic_Nevi,test,train,5055
ISIC_0029005,HAM_0007318,melanocytic_Nevi,validation,validation,1299
ISIC_0029006,HAM_0001054,melanocytic_Nevi,train,train,5056
ISIC_0029007,HAM_0000672,melanocytic_Nevi,train,train,5057
ISIC_0029008,HAM_0000629,melanocytic_Nevi,validation,train,5058
ISIC_0029009,HAM_0001705,melanocytic_Nevi,train,train,5059
ISIC_0029010,HAM_0003293,benign_keratosis-like_lesions,test,train,1294
ISIC_0029011,HAM_0002248,melanocytic_Nevi,train,train,5060
ISIC_0029012,HAM_0001982,benign_keratosis-like_lesions,validation,train,1295
ISIC_0029013,HAM_0003522,melanoma,train,validation,2284
ISIC_0029014,HAM_0004373,benign_keratosis-like_lesions,train,train,1296
ISIC_0029015,HAM_0002321,melanocytic_Nevi,validation,train,5061
ISIC_0029016,HAM_0006441,melanocytic_Nevi,test,train,5062
ISIC_0029017,HAM_0004980,melanoma,train,train,8759
ISIC_0029018,HAM_0003246,melanocytic_Nevi,train,train,5063
ISIC_0029019,HAM_0005221,melanocytic_Nevi,train,train,5064
ISIC_0029020,HAM_0004873,basal_cell_carcinoma,train,train,555
ISIC_0029021,HAM_0004746,melanoma,train,train,8760
ISIC_0029022,HAM_0001473,benign_keratosis-like_lesions,train,train,1297
ISIC_0029023,HAM_0005598,melanocytic_Nevi,test,train,5065
ISIC_0029024,HAM_0003942,melanocytic_Nevi,train,train,5066
ISIC_0029025,HAM_0004384,actinic_keratoses,test,train,165
ISIC_0029026,HAM_0002905,melanocytic_Nevi,validation,train,5067
ISIC_0029027,HAM_0006364,melanocytic_Nevi,validation,train,5068
ISIC_0029028,HAM_0003182,melanoma,test,train,8761
ISIC_0029029,HAM_0001763,benign_keratosis-like_lesions,test,train,1298
ISIC_0029030,HAM_0001393,melanocytic_Nevi,train,train,5069
ISIC_0029031,HAM_0004143,benign_keratosis-like_lesions,train,train,1299
ISIC_0029032,HAM_0006472,benign_keratosis-like_lesions,train,train,1300
ISIC_0029033,HAM_0002719,melanoma,train,train,8762
ISIC_0029034,HAM_0005921,basal_cell_carcinoma,train,train,556
ISIC_0029035,HAM_0006386,basal_cell_carcinoma,train,train,557
ISIC_0029036,HAM_0000955,benign_keratosis-like_lesions,test,train,1301
ISIC_0029037,HAM_0004311,melanocytic_Nevi,train,train,5070
ISIC_0029038,HAM_0004857,melanocytic_Nevi,test,train,5071
ISIC_0029039,HAM_0004317,dermatofibroma,train,train,1897
ISIC_0029040,HAM_0001721,benign_keratosis-like_lesions,train,train,1302
ISIC_0029041,HAM_0006898,actinic_keratoses,train,train,166
ISIC_0029042,HAM_0004040,melanocytic_Nevi,validation,train,5072
ISIC_0029043,HAM_0005231,actinic_keratoses,train,train,167
ISIC_0029044,HAM_0004929,melanocytic_Nevi,train,train,5073
ISIC_0029045,HAM_0000068,melanocytic_Nevi,test,train,5074
ISIC_0029046,HAM_0004170,melanocytic_Nevi,test,train,5075
ISIC_0029047,HAM_0002340,melanocytic_Nevi,train,train,5076
ISIC_0029048,HAM_0000452,benign_keratosis-like_lesions,test,train,1303
ISIC_0029049,HAM_0003246,melanocytic_Nevi,train,train,5077
ISIC_0029050,HAM_0003481,melanocytic_Nevi,validation,train,5078
ISIC_0029051,HAM_0000298,benign_keratosis-like_lesions,train,train,1304
ISIC_0029052,HAM_0002463,dermatofibroma,train,train,1898
ISIC_0029053,HAM_0002812,basal_cell_carcinoma,train,train,558
ISIC_0029054,HAM_0005822,melanocytic_Nevi,train,train,5079
ISIC_0029055,HAM_0002296,melanocytic_Nevi,train,train,5080
ISIC_0029056,HAM_0004878,melanoma,train,train,8763
ISIC_0029057,HAM_0000244,melanocytic_Nevi,validation,train,5081
ISIC_0029058,HAM_0006292,melanocytic_Nevi,validation,train,5082
ISIC_0029059,HAM_0002771,actinic_keratoses,train,train,168
ISIC_0029060,HAM_0005075,benign_keratosis-like_lesions,test,train,1305
ISIC_0029061,HAM_0003881,benign_keratosis-like_lesions,test,train,1306
ISIC_0029062,HAM_0003076,benign_keratosis-like_lesions,train,train,1307
ISIC_0029063,HAM_0001185,melanocytic_Nevi,train,train,5083
ISIC_0029064,HAM_0000134,melanocytic_Nevi,validation,train,5084
ISIC_0029065,HAM_0004067,melanocytic_Nevi,validation,train,5085
ISIC_0029066,HAM_0004160,melanocytic_Nevi,train,train,5086
ISIC_0029067,HAM_0000498,actinic_keratoses,train,train,169
ISIC_0029068,HAM_0002761,benign_keratosis-like_lesions,train,train,1308
ISIC_0029069,HAM_0003792,melanocytic_Nevi,train,train,5087
ISIC_0029070,HAM_0005126,benign_keratosis-like_lesions,train,train,1309
ISIC_0029071,HAM_0000096,melanocytic_Nevi,train,train,5088
ISIC_0029072,HAM_0004380,melanocytic_Nevi,validation,train,5089
ISIC_0029073,HAM_0001774,melanocytic_Nevi,validation,train,5090
ISIC_0029074,HAM_0000678,melanocytic_Nevi,train,train,5091
ISIC_0029075,HAM_0006225,melanocytic_Nevi,train,train,5092
ISIC_0029076,HAM_0005147,melanocytic_Nevi,train,train,5093
ISIC_0029077,HAM_0002945,melanocytic_Nevi,validation,train,5094
ISIC_0029078,HAM_0004808,melanocytic_Nevi,train,train,5095
ISIC_0029079,HAM_0002888,melanocytic_Nevi,test,train,5096
ISIC_0029080,HAM_0000186,benign_keratosis-like_lesions,test,train,1310
ISIC_0029081,HAM_0006453,melanoma,train,train,8764
ISIC_0029082,HAM_0005665,basal_cell_carcinoma,validation,train,559
ISIC_0029083,HAM_0002312,basal_cell_carcinoma,train,train,560
ISIC_0029084,HAM_0003552,melanocytic_Nevi,train,train,5097
ISIC_0029085,HAM_0007467,melanocytic_Nevi,train,train,5098
ISIC_0029086,HAM_0000180,melanocytic_Nevi,train,train,5099
ISIC_0029087,HAM_0000911,melanocytic_Nevi,validation,train,5100
ISIC_0029088,HAM_0007430,melanocytic_Nevi,test,train,5101
ISIC_0029089,HAM_0000624,melanoma,train,train,8765
ISIC_0029090,HAM_0007389,melanocytic_Nevi,train,train,5102
ISIC_0029091,HAM_0002832,melanocytic_Nevi,test,train,5103
ISIC_0029092,HAM_0004427,melanoma,train,train,8766
ISIC_0029093,HAM_0000476,melanocytic_Nevi,validation,train,5104
ISIC_0029094,HAM_0006527,melanoma,train,train,8767
ISIC_0029095,HAM_0006685,melanocytic_Nevi,train,train,5105
ISIC_0029096,HAM_0006672,melanocytic_Nevi,train,train,5106
ISIC_0029097,HAM_0005019,melanocytic_Nevi,train,train,5107
ISIC_0029098,HAM_0000333,melanocytic_Nevi,train,train,5108
ISIC_0029099,HAM_0000286,vascular_lesions,train,train,9503
ISIC_0029100,HAM_0001788,benign_keratosis-like_lesions,train,train,1311
ISIC_0029101,HAM_0006287,benign_keratosis-like_lesions,test,train,1312
ISIC_0029102,HAM_0005415,benign_keratosis-like_lesions,train,train,1313
ISIC_0029103,HAM_0004798,melanocytic_Nevi,train,train,5109
ISIC_0029104,HAM_0003221,melanocytic_Nevi,train,train,5110
ISIC_0029105,HAM_0005047,melanocytic_Nevi,train,train,5111
ISIC_0029106,HAM_0006337,melanocytic_Nevi,train,train,5112
ISIC_0029107,HAM_0005616,benign_keratosis-like_lesions,train,train,1314
ISIC_0029108,HAM_0003179,benign_keratosis-like_lesions,train,train,1315
ISIC_0029109,HAM_0003820,melanocytic_Nevi,train,train,5113
ISIC_0029110,HAM_0001233,melanocytic_Nevi,train,train,5114
ISIC_0029111,HAM_0003964,melanocytic_Nevi,test,train,5115
ISIC_0029112,HAM_0003883,melanocytic_Nevi,train,train,5116
ISIC_0029113,HAM_0007233,benign_keratosis-like_lesions,train,train,1316
ISIC_0029114,HAM_0007231,melanocytic_Nevi,test,train,5117
ISIC_0029115,HAM_0000846,benign_keratosis-like_lesions,train,train,1317
ISIC_0029116,HAM_0007062,melanocytic_Nevi,train,train,5118
ISIC_0029117,HAM_0002341,melanocytic_Nevi,test,train,5119
ISIC_0029118,HAM_0000444,melanocytic_Nevi,train,train,5120
ISIC_0029119,HAM_0003932,melanocytic_Nevi,train,train,5121
ISIC_0029120,HAM_0002081,melanocytic_Nevi,train,train,5122
ISIC_0029121,HAM_0002368,melanocytic_Nevi,validation,train,5123
ISIC_0029122,HAM_0006050,melanocytic_Nevi,train,train,5124
ISIC_0029123,HAM_0000451,basal_cell_carcinoma,test,train,561
ISIC_0029124,HAM_0001626,melanocytic_Nevi,train,train,5125
ISIC_0029125,HAM_0001193,melanocytic_Nevi,train,train,5126
ISIC_0029126,HAM_0001914,benign_keratosis-like_lesions,validation,train,1318
ISIC_0029127,HAM_0003918,melanocytic_Nevi,test,train,5127
ISIC_0029128,HAM_0001436,melanocytic_Nevi,test,train,5128
ISIC_0029129,HAM_0004285,basal_cell_carcinoma,validation,train,562
ISIC_0029130,HAM_0000049,dermatofibroma,train,train,1899
ISIC_0029131,HAM_0006985,melanocytic_Nevi,train,train,5129
ISIC_0029132,HAM_0001632,melanocytic_Nevi,validation,train,5130
ISIC_0029133,HAM_0000918,actinic_keratoses,validation,train,170
ISIC_0029134,HAM_0002829,melanocytic_Nevi,train,train,5131
ISIC_0029135,HAM_0007043,benign_keratosis-like_lesions,train,train,1319
ISIC_0029136,HAM_0005416,melanocytic_Nevi,train,train,5132
ISIC_0029137,HAM_0002048,melanocytic_Nevi,test,train,5133
ISIC_0029138,HAM_0003355,melanocytic_Nevi,train,train,5134
ISIC_0029139,HAM_0007603,benign_keratosis-like_lesions,train,train,1320
ISIC_0029140,HAM_0004646,melanocytic_Nevi,test,train,5135
ISIC_0029141,HAM_0004592,actinic_keratoses,train,train,171
ISIC_0029142,HAM_0000016,melanocytic_Nevi,train,train,5136
ISIC_0029143,HAM_0001410,melanocytic_Nevi,train,train,5137
ISIC_0029144,HAM_0007319,melanocytic_Nevi,test,train,5138
ISIC_0029145,HAM_0000500,melanocytic_Nevi,train,train,5139
ISIC_0029146,HAM_0002079,melanoma,validation,train,8768
ISIC_0029147,HAM_0007125,benign_keratosis-like_lesions,train,train,1321
ISIC_0029148,HAM_0000697,melanocytic_Nevi,train,train,5140
ISIC_0029149,HAM_0002545,melanocytic_Nevi,train,train,5141
ISIC_0029150,HAM_0005908,melanocytic_Nevi,train,train,5142
ISIC_0029151,HAM_0004755,melanocytic_Nevi,train,train,5143
ISIC_0029152,HAM_0003816,melanocytic_Nevi,train,train,5144
ISIC_0029153,HAM_0004124,melanocytic_Nevi,train,train,5145
ISIC_0029154,HAM_0001426,melanocytic_Nevi,train,train,5146
ISIC_0029155,HAM_0007379,melanocytic_Nevi,train,validation,1322
ISIC_0029156,HAM_0001571,melanocytic_Nevi,validation,train,5147
ISIC_0029157,HAM_0007488,melanoma,test,train,8769
ISIC_0029158,HAM_0004689,melanocytic_Nevi,train,train,5148
ISIC_0029159,HAM_0005507,melanocytic_Nevi,train,train,5149
ISIC_0029160,HAM_0006514,melanocytic_Nevi,train,train,5150
ISIC_0029161,HAM_0000164,benign_keratosis-like_lesions,train,train,1322
ISIC_0029162,HAM_0005090,melanocytic_Nevi,train,train,5151
ISIC_0029163,HAM_0006692,melanoma,train,train,8770
ISIC_0029164,HAM_0006161,melanocytic_Nevi,test,train,5152
ISIC_0029165,HAM_0004666,melanocytic_Nevi,train,train,5153
ISIC_0029166,HAM_0004691,benign_keratosis-like_lesions,train,train,1323
ISIC_0029167,HAM_0000213,melanocytic_Nevi,train,validation,1324
ISIC_0029168,HAM_0003147,melanocytic_Nevi,train,train,5154
ISIC_0029169,HAM_0002049,melanocytic_Nevi,validation,train,5155
ISIC_0029170,HAM_0001814,melanoma,validation,validation,2287
ISIC_0029171,HAM_0004179,melanocytic_Nevi,train,train,5156
ISIC_0029172,HAM_0000396,melanoma,validation,train,8771
ISIC_0029173,HAM_0003292,melanocytic_Nevi,validation,train,5157
ISIC_0029174,HAM_0001381,melanocytic_Nevi,validation,train,5158
ISIC_0029175,HAM_0002806,melanocytic_Nevi,train,train,5159
ISIC_0029176,HAM_0002761,benign_keratosis-like_lesions,train,train,1324
ISIC_0029177,HAM_0005918,dermatofibroma,train,train,1900
ISIC_0029178,HAM_0000594,melanocytic_Nevi,train,train,5160
ISIC_0029179,HAM_0007300,melanocytic_Nevi,test,train,5161
ISIC_0029180,HAM_0005595,melanocytic_Nevi,train,train,5162
ISIC_0029181,HAM_0003126,melanocytic_Nevi,train,train,5163
ISIC_0029182,HAM_0000277,melanocytic_Nevi,train,train,5164
ISIC_0029183,HAM_0007491,melanocytic_Nevi,train,train,5165
ISIC_0029184,HAM_0005454,melanocytic_Nevi,train,train,5166
ISIC_0029185,HAM_0000890,melanocytic_Nevi,validation,validation,1329
ISIC_0029186,HAM_0006275,melanocytic_Nevi,validation,train,5167
ISIC_0029187,HAM_0005611,melanocytic_Nevi,train,train,5168
ISIC_0029188,HAM_0001872,melanocytic_Nevi,train,train,5169
ISIC_0029189,HAM_0006393,melanocytic_Nevi,train,train,5170
ISIC_0029190,HAM_0000965,melanocytic_Nevi,test,train,5171
ISIC_0029191,HAM_0003415,melanocytic_Nevi,train,train,5172
ISIC_0029192,HAM_0002397,basal_cell_carcinoma,validation,train,563
ISIC_0029193,HAM_0006834,basal_cell_carcinoma,train,train,564
ISIC_0029194,HAM_0002484,melanocytic_Nevi,train,validation,1332
ISIC_0029195,HAM_0003129,benign_keratosis-like_lesions,train,train,1325
ISIC_0029196,HAM_0001895,melanocytic_Nevi,train,train,5173
ISIC_0029197,HAM_0001911,melanocytic_Nevi,validation,train,5174
ISIC_0029198,HAM_0006749,melanocytic_Nevi,train,train,5175
ISIC_0029199,HAM_0000188,melanocytic_Nevi,train,train,5176
ISIC_0029200,HAM_0000849,melanocytic_Nevi,train,train,5177
ISIC_0029201,HAM_0000009,basal_cell_carcinoma,train,train,565
ISIC_0029202,HAM_0002355,benign_keratosis-like_lesions,validation,train,1326
ISIC_0029203,HAM_0005510,melanocytic_Nevi,validation,train,5178
ISIC_0029204,HAM_0005877,melanocytic_Nevi,validation,train,5179
ISIC_0029205,HAM_0002247,melanocytic_Nevi,train,train,5180
ISIC_0029206,HAM_0006993,benign_keratosis-like_lesions,train,train,1327
ISIC_0029207,HAM_0003477,melanocytic_Nevi,test,train,5181
ISIC_0029208,HAM_0000604,melanocytic_Nevi,test,train,5182
ISIC_0029209,HAM_0000319,melanoma,train,train,8772
ISIC_0029210,HAM_0004060,actinic_keratoses,train,train,172
ISIC_0029211,HAM_0001162,melanocytic_Nevi,validation,train,5183
ISIC_0029212,HAM_0002955,melanoma,train,train,8773
ISIC_0029213,HAM_0000237,benign_keratosis-like_lesions,test,train,1328
ISIC_0029214,HAM_0004886,melanocytic_Nevi,train,train,5184
ISIC_0029215,HAM_0001507,melanocytic_Nevi,train,train,5185
ISIC_0029216,HAM_0004153,melanoma,test,train,8774
ISIC_0029217,HAM_0002316,benign_keratosis-like_lesions,train,train,1329
ISIC_0029218,HAM_0005633,melanocytic_Nevi,test,train,5186
ISIC_0029219,HAM_0001923,melanocytic_Nevi,train,train,5187
ISIC_0029220,HAM_0002258,basal_cell_carcinoma,train,train,566
ISIC_0029221,HAM_0006458,melanocytic_Nevi,train,validation,1333
ISIC_0029222,HAM_0003615,melanocytic_Nevi,validation,train,5188
ISIC_0029223,HAM_0006747,melanocytic_Nevi,train,train,5189
ISIC_0029224,HAM_0006695,melanocytic_Nevi,test,train,5190
ISIC_0029225,HAM_0003226,melanocytic_Nevi,train,train,5191
ISIC_0029226,HAM_0000831,melanocytic_Nevi,train,train,5192
ISIC_0029227,HAM_0007219,benign_keratosis-like_lesions,test,train,1330
ISIC_0029228,HAM_0003492,melanocytic_Nevi,train,train,5193
ISIC_0029229,HAM_0006331,melanocytic_Nevi,test,train,5194
ISIC_0029230,HAM_0007141,basal_cell_carcinoma,train,train,567
ISIC_0029231,HAM_0004996,melanocytic_Nevi,validation,train,5195
ISIC_0029232,HAM_0005632,benign_keratosis-like_lesions,train,train,1331
ISIC_0029233,HAM_0003757,benign_keratosis-like_lesions,train,train,1332
ISIC_0029234,HAM_0006758,melanocytic_Nevi,validation,train,5196
ISIC_0029235,HAM_0005580,benign_keratosis-like_lesions,train,train,1333
ISIC_0029236,HAM_0000503,melanocytic_Nevi,train,train,5197
ISIC_0029237,HAM_0006477,melanocytic_Nevi,train,train,5198
ISIC_0029238,HAM_0001598,melanoma,test,train,8775
ISIC_0029239,HAM_0001367,melanocytic_Nevi,train,train,5199
ISIC_0029240,HAM_0006012,melanocytic_Nevi,train,train,5200
ISIC_0029241,HAM_0006092,melanoma,train,validation,2290
ISIC_0029242,HAM_0003449,melanoma,validation,train,8776
ISIC_0029243,HAM_0003120,benign_keratosis-like_lesions,train,train,1334
ISIC_0029244,HAM_0004315,melanocytic_Nevi,validation,train,5201
ISIC_0029245,HAM_0004529,melanocytic_Nevi,train,train,5202
ISIC_0029246,HAM_0003666,melanocytic_Nevi,validation,train,5203
ISIC_0029247,HAM_0002708,melanocytic_Nevi,test,train,5204
ISIC_0029248,HAM_0004756,dermatofibroma,train,train,1901
ISIC_0029249,HAM_0005869,benign_keratosis-like_lesions,train,train,1335
ISIC_0029250,HAM_0003720,melanocytic_Nevi,train,train,5205
ISIC_0029251,HAM_0001997,benign_keratosis-like_lesions,train,train,1336
ISIC_0029252,HAM_0004095,melanocytic_Nevi,test,train,5206
ISIC_0029253,HAM_0000306,melanocytic_Nevi,validation,train,5207
ISIC_0029254,HAM_0006747,melanocytic_Nevi,train,train,5208
ISIC_0029255,HAM_0007599,melanocytic_Nevi,train,train,5209
ISIC_0029256,HAM_0001783,melanocytic_Nevi,test,train,5210
ISIC_0029257,HAM_0005085,melanocytic_Nevi,test,train,5211
ISIC_0029258,HAM_0002786,melanocytic_Nevi,train,train,5212
ISIC_0029259,HAM_0003132,melanocytic_Nevi,train,train,5213
ISIC_0029260,HAM_0000843,benign_keratosis-like_lesions,train,validation,348
ISIC_0029261,HAM_0001977,melanocytic_Nevi,test,train,5214
ISIC_0029262,HAM_0004353,melanocytic_Nevi,test,train,5215
ISIC_0029263,HAM_0002689,basal_cell_carcinoma,train,train,568
ISIC_0029264,HAM_0001691,melanocytic_Nevi,train,train,5216
ISIC_0029265,HAM_0001272,melanoma,train,train,8777
ISIC_0029266,HAM_0004750,melanocytic_Nevi,train,train,5217
ISIC_0029267,HAM_0000975,melanocytic_Nevi,train,train,5218
ISIC_0029268,HAM_0005459,actinic_keratoses,train,train,173
ISIC_0029269,HAM_0002470,melanocytic_Nevi,train,train,5219
ISIC_0029270,HAM_0006099,benign_keratosis-like_lesions,train,train,1337
ISIC_0029271,HAM_0005783,melanoma,train,train,8778
ISIC_0029272,HAM_0002911,melanoma,test,train,8779
ISIC_0029273,HAM_0004538,melanocytic_Nevi,train,train,5220
ISIC_0029274,HAM_0003632,melanocytic_Nevi,train,train,5221
ISIC_0029275,HAM_0003905,melanocytic_Nevi,train,train,5222
ISIC_0029276,HAM_0004719,melanocytic_Nevi,train,train,5223
ISIC_0029277,HAM_0007385,melanocytic_Nevi,test,train,5224
ISIC_0029278,HAM_0002224,basal_cell_carcinoma,train,train,569
ISIC_0029279,HAM_0000769,actinic_keratoses,train,train,174
ISIC_0029280,HAM_0006674,melanocytic_Nevi,train,train,5225
ISIC_0029281,HAM_0001726,melanoma,train,train,8780
ISIC_0029282,HAM_0001059,melanocytic_Nevi,validation,train,5226
ISIC_0029283,HAM_0001873,melanocytic_Nevi,train,train,5227
ISIC_0029284,HAM_0007048,melanocytic_Nevi,test,train,5228
ISIC_0029285,HAM_0006276,melanocytic_Nevi,train,train,5229
ISIC_0029286,HAM_0005450,melanocytic_Nevi,train,train,5230
ISIC_0029287,HAM_0000715,melanocytic_Nevi,train,train,5231
ISIC_0029288,HAM_0000959,benign_keratosis-like_lesions,train,train,1338
ISIC_0029289,HAM_0001469,benign_keratosis-like_lesions,validation,train,1339
ISIC_0029290,HAM_0005226,melanocytic_Nevi,train,train,5232
ISIC_0029291,HAM_0002521,benign_keratosis-like_lesions,test,train,1340
ISIC_0029292,HAM_0004295,melanocytic_Nevi,test,train,5233
ISIC_0029293,HAM_0000580,melanocytic_Nevi,validation,train,5234
ISIC_0029294,HAM_0003564,melanocytic_Nevi,train,train,5235
ISIC_0029295,HAM_0005941,melanocytic_Nevi,validation,train,5236
ISIC_0029296,HAM_0007476,melanocytic_Nevi,train,train,5237
ISIC_0029297,HAM_0002153,dermatofibroma,train,train,1902
ISIC_0029298,HAM_0001508,melanocytic_Nevi,train,train,5238
ISIC_0029299,HAM_0000071,melanocytic_Nevi,train,train,5239
ISIC_0029300,HAM_0003914,melanocytic_Nevi,train,train,5240
ISIC_0029301,HAM_0001221,benign_keratosis-like_lesions,validation,train,1341
ISIC_0029302,HAM_0006737,benign_keratosis-like_lesions,train,train,1342
ISIC_0029303,HAM_0001180,melanocytic_Nevi,train,train,5241
ISIC_0029304,HAM_0001955,melanocytic_Nevi,validation,train,5242
ISIC_0029305,HAM_0002459,melanocytic_Nevi,train,train,5243
ISIC_0029306,HAM_0000897,melanocytic_Nevi,train,train,5244
ISIC_0029307,HAM_0001127,melanocytic_Nevi,train,train,5245
ISIC_0029308,HAM_0002921,benign_keratosis-like_lesions,train,train,1343
ISIC_0029309,HAM_0005579,actinic_keratoses,train,train,175
ISIC_0029310,HAM_0006701,melanocytic_Nevi,validation,train,5246
ISIC_0029311,HAM_0002592,benign_keratosis-like_lesions,validation,train,1344
ISIC_0029312,HAM_0006502,melanocytic_Nevi,test,train,5247
ISIC_0029313,HAM_0006041,melanocytic_Nevi,validation,train,5248
ISIC_0029314,HAM_0003959,melanocytic_Nevi,train,train,5249
ISIC_0029315,HAM_0004780,actinic_keratoses,test,train,176
ISIC_0029316,HAM_0006978,melanoma,train,train,8781
ISIC_0029317,HAM_0005629,melanocytic_Nevi,test,train,5250
ISIC_0029318,HAM_0002609,melanoma,validation,train,8782
ISIC_0029319,HAM_0005315,melanoma,train,train,8783
ISIC_0029320,HAM_0006186,benign_keratosis-like_lesions,train,train,1345
ISIC_0029321,HAM_0007162,melanocytic_Nevi,validation,train,5251
ISIC_0029322,HAM_0001371,melanocytic_Nevi,train,train,5252
ISIC_0029323,HAM_0000872,basal_cell_carcinoma,train,train,570
ISIC_0029324,HAM_0007380,melanocytic_Nevi,train,train,5253
ISIC_0029325,HAM_0000026,melanocytic_Nevi,train,train,5254
ISIC_0029326,HAM_0005081,melanocytic_Nevi,test,train,5255
ISIC_0029327,HAM_0003163,melanocytic_Nevi,test,train,5256
ISIC_0029328,HAM_0001169,melanocytic_Nevi,train,train,5257
ISIC_0029329,HAM_0002844,benign_keratosis-like_lesions,validation,train,1346
ISIC_0029330,HAM_0005768,melanocytic_Nevi,train,train,5258
ISIC_0029331,HAM_0002069,basal_cell_carcinoma,train,train,571
ISIC_0029332,HAM_0000798,melanocytic_Nevi,train,train,5259
ISIC_0029333,HAM_0001946,melanocytic_Nevi,train,train,5260
ISIC_0029334,HAM_0002881,melanocytic_Nevi,test,train,5261
ISIC_0029335,HAM_0005119,melanocytic_Nevi,test,train,5262
ISIC_0029336,HAM_0005863,melanocytic_Nevi,validation,train,5263
ISIC_0029337,HAM_0002506,basal_cell_carcinoma,train,train,572
ISIC_0029338,HAM_0002141,melanocytic_Nevi,test,train,5264
ISIC_0029339,HAM_0000418,melanocytic_Nevi,train,validation,1347
ISIC_0029340,HAM_0005157,benign_keratosis-like_lesions,train,validation,349
ISIC_0029341,HAM_0002346,basal_cell_carcinoma,train,train,573
ISIC_0029342,HAM_0007139,basal_cell_carcinoma,train,train,574
ISIC_0029343,HAM_0003330,melanoma,train,train,8784
ISIC_0029344,HAM_0004638,melanocytic_Nevi,train,train,5265
ISIC_0029345,HAM_0003260,benign_keratosis-like_lesions,train,train,1347
ISIC_0029346,HAM_0004625,melanocytic_Nevi,train,train,5266
ISIC_0029347,HAM_0000256,melanocytic_Nevi,train,train,5267
ISIC_0029348,HAM_0000012,melanocytic_Nevi,train,train,5268
ISIC_0029349,HAM_0000771,melanocytic_Nevi,validation,train,5269
ISIC_0029350,HAM_0000151,melanocytic_Nevi,train,train,5270
ISIC_0029351,HAM_0006224,melanocytic_Nevi,train,train,5271
ISIC_0029352,HAM_0006765,basal_cell_carcinoma,train,validation,142
ISIC_0029353,HAM_0001744,melanoma,train,train,8785
ISIC_0029354,HAM_0000269,melanocytic_Nevi,train,train,5272
ISIC_0029355,HAM_0007069,melanocytic_Nevi,validation,train,5273
ISIC_0029356,HAM_0004876,melanocytic_Nevi,train,validation,1349
ISIC_0029357,HAM_0001767,melanocytic_Nevi,train,train,5274
ISIC_0029358,HAM_0004945,benign_keratosis-like_lesions,train,train,1348
ISIC_0029359,HAM_0001137,melanocytic_Nevi,train,train,5275
ISIC_0029360,HAM_0000549,actinic_keratoses,train,train,177
ISIC_0029361,HAM_0001182,melanocytic_Nevi,train,train,5276
ISIC_0029362,HAM_0005413,actinic_keratoses,test,train,178
ISIC_0029363,HAM_0005400,melanoma,train,train,8786
ISIC_0029364,HAM_0002635,melanocytic_Nevi,validation,train,5277
ISIC_0029365,HAM_0001068,melanocytic_Nevi,train,train,5278
ISIC_0029366,HAM_0001342,melanocytic_Nevi,train,train,5279
ISIC_0029367,HAM_0003304,melanocytic_Nevi,train,train,5280
ISIC_0029368,HAM_0005522,melanocytic_Nevi,train,train,5281
ISIC_0029369,HAM_0004505,melanocytic_Nevi,train,train,5282
ISIC_0029370,HAM_0006433,melanoma,train,train,8787
ISIC_0029371,HAM_0005264,actinic_keratoses,train,train,179
ISIC_0029372,HAM_0000451,basal_cell_carcinoma,test,train,575
ISIC_0029373,HAM_0003671,melanocytic_Nevi,train,validation,1353
ISIC_0029374,HAM_0006738,melanocytic_Nevi,test,train,5283
ISIC_0029375,HAM_0003012,melanocytic_Nevi,validation,train,5284
ISIC_0029376,HAM_0002637,melanocytic_Nevi,test,train,5285
ISIC_0029377,HAM_0006973,melanocytic_Nevi,train,train,5286
ISIC_0029378,HAM_0006620,melanocytic_Nevi,train,train,5287
ISIC_0029379,HAM_0002781,melanocytic_Nevi,validation,train,5288
ISIC_0029380,HAM_0005171,melanocytic_Nevi,train,train,5289
ISIC_0029381,HAM_0002681,melanocytic_Nevi,validation,train,5290
ISIC_0029382,HAM_0000275,melanocytic_Nevi,validation,train,5291
ISIC_0029383,HAM_0005344,melanocytic_Nevi,validation,train,5292
ISIC_0029384,HAM_0001486,benign_keratosis-like_lesions,validation,train,1349
ISIC_0029385,HAM_0005187,melanocytic_Nevi,train,train,5293
ISIC_0029386,HAM_0004707,melanocytic_Nevi,train,validation,1356
ISIC_0029387,HAM_0000711,melanocytic_Nevi,train,train,5294
ISIC_0029388,HAM_0006144,melanocytic_Nevi,test,train,5295
ISIC_0029389,HAM_0004575,melanocytic_Nevi,train,train,5296
ISIC_0029390,HAM_0001701,melanocytic_Nevi,train,train,5297
ISIC_0029391,HAM_0006575,basal_cell_carcinoma,train,validation,143
ISIC_0029392,HAM_0002983,basal_cell_carcinoma,train,train,576
ISIC_0029393,HAM_0001755,melanocytic_Nevi,train,train,5298
ISIC_0029394,HAM_0004566,benign_keratosis-like_lesions,train,validation,350
ISIC_0029395,HAM_0006958,melanocytic_Nevi,train,train,5299
ISIC_0029396,HAM_0004234,benign_keratosis-like_lesions,train,train,1350
ISIC_0029397,HAM_0006538,melanoma,train,train,8788
ISIC_0029398,HAM_0002101,melanocytic_Nevi,train,train,5300
ISIC_0029399,HAM_0004059,melanocytic_Nevi,train,train,5301
ISIC_0029400,HAM_0000369,melanocytic_Nevi,train,train,5302
ISIC_0029401,HAM_0001009,melanocytic_Nevi,test,train,5303
ISIC_0029402,HAM_0007579,melanocytic_Nevi,train,train,5304
ISIC_0029403,HAM_0007506,melanocytic_Nevi,test,train,5305
ISIC_0029404,HAM_0002692,vascular_lesions,train,train,9504
ISIC_0029405,HAM_0003394,melanocytic_Nevi,validation,train,5306
ISIC_0029406,HAM_0001608,benign_keratosis-like_lesions,train,train,1351
ISIC_0029407,HAM_0002116,melanocytic_Nevi,train,train,5307
ISIC_0029408,HAM_0002122,melanocytic_Nevi,train,train,5308
ISIC_0029409,HAM_0003677,melanocytic_Nevi,train,train,5309
ISIC_0029410,HAM_0004286,melanocytic_Nevi,train,train,5310
ISIC_0029411,HAM_0002866,melanocytic_Nevi,train,train,5311
ISIC_0029412,HAM_0002024,basal_cell_carcinoma,train,train,577
ISIC_0029413,HAM_0005801,benign_keratosis-like_lesions,validation,train,1352
ISIC_0029414,HAM_0001422,melanocytic_Nevi,train,train,5312
ISIC_0029415,HAM_0004504,melanocytic_Nevi,test,train,5313
ISIC_0029416,HAM_0005455,melanocytic_Nevi,train,train,5314
ISIC_0029417,HAM_0002644,actinic_keratoses,test,train,180
ISIC_0029418,HAM_0004673,benign_keratosis-like_lesions,test,train,1353
ISIC_0029419,HAM_0002469,melanocytic_Nevi,train,train,5315
ISIC_0029420,HAM_0007573,benign_keratosis-like_lesions,validation,train,1354
ISIC_0029421,HAM_0003203,melanocytic_Nevi,train,train,5316
ISIC_0029422,HAM_0005866,melanocytic_Nevi,validation,train,5317
ISIC_0029423,HAM_0005177,melanocytic_Nevi,test,train,5318
ISIC_0029424,HAM_0000297,melanocytic_Nevi,train,train,5319
ISIC_0029425,HAM_0003410,benign_keratosis-like_lesions,train,train,1355
ISIC_0029426,HAM_0002250,melanocytic_Nevi,train,train,5320
ISIC_0029427,HAM_0006186,benign_keratosis-like_lesions,train,train,1356
ISIC_0029428,HAM_0003291,melanocytic_Nevi,train,train,5321
ISIC_0029429,HAM_0003794,melanocytic_Nevi,train,train,5322
ISIC_0029430,HAM_0003327,melanocytic_Nevi,train,train,5323
ISIC_0029431,HAM_0000167,melanocytic_Nevi,test,train,5324
ISIC_0029432,HAM_0002480,melanocytic_Nevi,train,train,5325
ISIC_0029433,HAM_0001445,melanocytic_Nevi,train,train,5326
ISIC_0029434,HAM_0002391,melanoma,train,train,8789
ISIC_0029435,HAM_0006062,melanocytic_Nevi,train,train,5327
ISIC_0029436,HAM_0006786,melanocytic_Nevi,train,train,5328
ISIC_0029437,HAM_0005235,melanocytic_Nevi,train,train,5329
ISIC_0029438,HAM_0002738,melanocytic_Nevi,train,train,5330
ISIC_0029439,HAM_0002390,vascular_lesions,validation,train,9505
ISIC_0029440,HAM_0000829,melanocytic_Nevi,train,train,5331
ISIC_0029441,HAM_0000500,melanocytic_Nevi,train,train,5332
ISIC_0029442,HAM_0007175,melanocytic_Nevi,train,train,5333
ISIC_0029443,HAM_0004396,benign_keratosis-like_lesions,train,train,1357
ISIC_0029444,HAM_0001128,melanocytic_Nevi,test,train,5334
ISIC_0029445,HAM_0001368,melanocytic_Nevi,train,train,5335
ISIC_0029446,HAM_0000749,melanocytic_Nevi,test,train,5336
ISIC_0029447,HAM_0006263,melanocytic_Nevi,train,train,5337
ISIC_0029448,HAM_0002218,vascular_lesions,train,train,9506
ISIC_0029449,HAM_0000957,melanocytic_Nevi,train,train,5338
ISIC_0029450,HAM_0004239,melanocytic_Nevi,validation,train,5339
ISIC_0029451,HAM_0006981,melanocytic_Nevi,train,train,5340
ISIC_0029452,HAM_0005429,melanocytic_Nevi,test,train,5341
ISIC_0029453,HAM_0005719,melanoma,train,train,8790
ISIC_0029454,HAM_0007019,melanoma,test,train,8791
ISIC_0029455,HAM_0005404,benign_keratosis-like_lesions,test,validation,354
ISIC_0029456,HAM_0006977,melanocytic_Nevi,train,train,5342
ISIC_0029457,HAM_0001846,melanocytic_Nevi,train,train,5343
ISIC_0029458,HAM_0002762,melanocytic_Nevi,train,validation,1372
ISIC_0029459,HAM_0006884,melanocytic_Nevi,train,train,5344
ISIC_0029460,HAM_0000545,actinic_keratoses,train,train,181
ISIC_0029461,HAM_0007344,melanocytic_Nevi,train,train,5345
ISIC_0029462,HAM_0007349,actinic_keratoses,train,train,182
ISIC_0029463,HAM_0003704,melanocytic_Nevi,train,train,5346
ISIC_0029464,HAM_0003789,benign_keratosis-like_lesions,train,train,1358
ISIC_0029465,HAM_0006323,melanocytic_Nevi,train,train,5347
ISIC_0029466,HAM_0002021,basal_cell_carcinoma,train,train,578
ISIC_0029467,HAM_0006762,melanocytic_Nevi,validation,train,5348
ISIC_0029468,HAM_0003266,melanocytic_Nevi,train,validation,1374
ISIC_0029469,HAM_0003976,melanocytic_Nevi,train,train,5349
ISIC_0029470,HAM_0000073,melanocytic_Nevi,train,train,5350
ISIC_0029471,HAM_0000205,melanocytic_Nevi,test,train,5351
ISIC_0029472,HAM_0004029,benign_keratosis-like_lesions,validation,train,1359
ISIC_0029473,HAM_0001796,melanoma,train,train,8792
ISIC_0029474,HAM_0000744,benign_keratosis-like_lesions,train,validation,355
ISIC_0029475,HAM_0006397,melanocytic_Nevi,test,train,5352
ISIC_0029476,HAM_0004069,melanocytic_Nevi,test,train,5353
ISIC_0029477,HAM_0004168,melanocytic_Nevi,train,train,5354
ISIC_0029478,HAM_0002937,melanocytic_Nevi,train,train,5355
ISIC_0029479,HAM_0005175,melanocytic_Nevi,train,train,5356
ISIC_0029480,HAM_0004898,melanoma,train,train,8793
ISIC_0029481,HAM_0004421,melanocytic_Nevi,test,train,5357
ISIC_0029482,HAM_0000211,melanocytic_Nevi,train,train,5358
ISIC_0029483,HAM_0003433,melanocytic_Nevi,train,validation,1379
ISIC_0029484,HAM_0005296,melanocytic_Nevi,train,train,5359
ISIC_0029485,HAM_0004457,melanocytic_Nevi,train,train,5360
ISIC_0029486,HAM_0001920,vascular_lesions,validation,train,9507
ISIC_0029487,HAM_0006582,melanocytic_Nevi,train,train,5361
ISIC_0029488,HAM_0001623,melanocytic_Nevi,test,train,5362
ISIC_0029489,HAM_0006005,basal_cell_carcinoma,train,train,579
ISIC_0029490,HAM_0003721,melanocytic_Nevi,train,train,5363
ISIC_0029491,HAM_0003663,melanocytic_Nevi,train,train,5364
ISIC_0029492,HAM_0000735,melanocytic_Nevi,train,train,5365
ISIC_0029493,HAM_0005761,melanocytic_Nevi,test,train,5366
ISIC_0029494,HAM_0003486,melanocytic_Nevi,train,train,5367
ISIC_0029495,HAM_0002817,melanoma,train,train,8794
ISIC_0029496,HAM_0001448,melanocytic_Nevi,train,train,5368
ISIC_0029497,HAM_0001300,melanocytic_Nevi,train,train,5369
ISIC_0029498,HAM_0001356,melanocytic_Nevi,train,train,5370
ISIC_0029499,HAM_0000397,melanocytic_Nevi,train,train,5371
ISIC_0029500,HAM_0006887,actinic_keratoses,train,train,183
ISIC_0029501,HAM_0002018,basal_cell_carcinoma,train,train,580
ISIC_0029502,HAM_0003617,melanoma,train,train,8795
ISIC_0029503,HAM_0006894,melanocytic_Nevi,test,train,5372
ISIC_0029504,HAM_0001715,melanocytic_Nevi,train,train,5373
ISIC_0029505,HAM_0003789,benign_keratosis-like_lesions,train,train,1360
ISIC_0029506,HAM_0005497,melanocytic_Nevi,validation,train,5374
ISIC_0029507,HAM_0002783,melanocytic_Nevi,train,train,5375
ISIC_0029508,HAM_0004966,melanocytic_Nevi,test,train,5376
ISIC_0029509,HAM_0001826,melanocytic_Nevi,test,validation,1385
ISIC_0029510,HAM_0001364,melanocytic_Nevi,train,train,5377
ISIC_0029511,HAM_0006627,melanocytic_Nevi,train,train,5378
ISIC_0029512,HAM_0004784,melanoma,train,train,8796
ISIC_0029513,HAM_0000645,melanoma,train,train,8797
ISIC_0029514,HAM_0007614,vascular_lesions,train,train,9508
ISIC_0029515,HAM_0007002,basal_cell_carcinoma,train,train,581
ISIC_0029516,HAM_0002547,melanocytic_Nevi,train,train,5379
ISIC_0029517,HAM_0004031,melanocytic_Nevi,test,train,5380
ISIC_0029518,HAM_0002096,benign_keratosis-like_lesions,train,validation,356
ISIC_0029519,HAM_0005546,benign_keratosis-like_lesions,test,train,1361
ISIC_0029520,HAM_0002249,melanocytic_Nevi,train,train,5381
ISIC_0029521,HAM_0001663,melanocytic_Nevi,train,train,5382
ISIC_0029522,HAM_0002199,benign_keratosis-like_lesions,train,train,1362
ISIC_0029523,HAM_0005134,melanocytic_Nevi,train,train,5383
ISIC_0029524,HAM_0003191,basal_cell_carcinoma,train,train,582
ISIC_0029525,HAM_0000744,benign_keratosis-like_lesions,train,train,1363
ISIC_0029526,HAM_0001061,melanocytic_Nevi,train,train,5384
ISIC_0029527,HAM_0003030,benign_keratosis-like_lesions,train,train,1364
ISIC_0029528,HAM_0003707,melanocytic_Nevi,test,train,5385
ISIC_0029529,HAM_0007034,melanocytic_Nevi,train,train,5386
ISIC_0029530,HAM_0000267,melanocytic_Nevi,train,train,5387
ISIC_0029531,HAM_0004412,melanocytic_Nevi,train,validation,1389
ISIC_0029532,HAM_0006314,melanocytic_Nevi,test,train,5388
ISIC_0029533,HAM_0005389,actinic_keratoses,train,train,184
ISIC_0029534,HAM_0000854,melanocytic_Nevi,test,train,5389
ISIC_0029535,HAM_0000664,melanocytic_Nevi,train,train,5390
ISIC_0029536,HAM_0005223,melanocytic_Nevi,train,train,5391
ISIC_0029537,HAM_0002147,melanocytic_Nevi,train,train,5392
ISIC_0029538,HAM_0002534,melanoma,train,train,8798
ISIC_0029539,HAM_0005971,basal_cell_carcinoma,train,train,583
ISIC_0029540,HAM_0003516,melanocytic_Nevi,train,train,5393
ISIC_0029541,HAM_0004636,actinic_keratoses,train,train,185
ISIC_0029542,HAM_0006388,melanocytic_Nevi,test,train,5394
ISIC_0029543,HAM_0007419,melanocytic_Nevi,train,train,5395
ISIC_0029544,HAM_0007013,melanocytic_Nevi,test,train,5396
ISIC_0029545,HAM_0000496,basal_cell_carcinoma,train,train,584
ISIC_0029546,HAM_0005482,basal_cell_carcinoma,train,train,585
ISIC_0029547,HAM_0007165,melanoma,train,train,8799
ISIC_0029548,HAM_0000113,benign_keratosis-like_lesions,train,validation,358
ISIC_0029549,HAM_0005718,actinic_keratoses,train,train,186
ISIC_0029550,HAM_0002394,melanocytic_Nevi,train,train,5397
ISIC_0029551,HAM_0006640,melanocytic_Nevi,train,train,5398
ISIC_0029552,HAM_0005477,melanocytic_Nevi,train,train,5399
ISIC_0029553,HAM_0005048,melanocytic_Nevi,validation,train,5400
ISIC_0029554,HAM_0003958,melanocytic_Nevi,train,train,5401
ISIC_0029555,HAM_0007090,benign_keratosis-like_lesions,train,train,1365
ISIC_0029556,HAM_0001831,melanocytic_Nevi,test,train,5402
ISIC_0029557,HAM_0006170,benign_keratosis-like_lesions,train,train,1366
ISIC_0029558,HAM_0003683,melanoma,train,train,8800
ISIC_0029559,HAM_0000351,benign_keratosis-like_lesions,test,train,1367
ISIC_0029560,HAM_0006129,melanocytic_Nevi,train,train,5403
ISIC_0029561,HAM_0005046,melanocytic_Nevi,train,train,5404
ISIC_0029562,HAM_0005719,melanoma,train,train,8801
ISIC_0029563,HAM_0003146,actinic_keratoses,train,train,187
ISIC_0029564,HAM_0004515,basal_cell_carcinoma,train,train,586
ISIC_0029565,HAM_0001859,melanocytic_Nevi,train,train,5405
ISIC_0029566,HAM_0004787,melanocytic_Nevi,train,train,5406
ISIC_0029567,HAM_0000954,actinic_keratoses,train,validation,51
ISIC_0029568,HAM_0002301,benign_keratosis-like_lesions,train,train,1368
ISIC_0029569,HAM_0005853,melanocytic_Nevi,validation,train,5407
ISIC_0029570,HAM_0002130,melanoma,train,train,8802
ISIC_0029571,HAM_0006152,melanoma,train,train,8803
ISIC_0029572,HAM_0006020,melanocytic_Nevi,train,train,5408
ISIC_0029573,HAM_0006879,actinic_keratoses,validation,train,188
ISIC_0029574,HAM_0005986,melanoma,validation,train,8804
ISIC_0029575,HAM_0001747,melanoma,train,train,8805
ISIC_0029576,HAM_0005801,benign_keratosis-like_lesions,validation,train,1369
ISIC_0029577,HAM_0000886,melanocytic_Nevi,train,train,5409
ISIC_0029578,HAM_0002895,dermatofibroma,test,train,1903
ISIC_0029579,HAM_0003082,melanocytic_Nevi,train,train,5410
ISIC_0029580,HAM_0001958,benign_keratosis-like_lesions,train,train,1370
ISIC_0029581,HAM_0000626,melanocytic_Nevi,train,train,5411
ISIC_0029582,HAM_0003501,actinic_keratoses,train,train,189
ISIC_0029583,HAM_0003585,melanocytic_Nevi,train,train,5412
ISIC_0029584,HAM_0007115,melanocytic_Nevi,train,train,5413
ISIC_0029585,HAM_0006327,benign_keratosis-like_lesions,test,train,1371
ISIC_0029586,HAM_0003864,melanocytic_Nevi,test,train,5414
ISIC_0029587,HAM_0003160,melanocytic_Nevi,train,train,5415
ISIC_0029588,HAM_0001721,benign_keratosis-like_lesions,train,train,1372
ISIC_0029589,HAM_0004069,melanocytic_Nevi,test,train,5416
ISIC_0029590,HAM_0002679,melanocytic_Nevi,validation,train,5417
ISIC_0029591,HAM_0005121,melanoma,train,train,8806
ISIC_0029592,HAM_0006756,melanocytic_Nevi,train,train,5418
ISIC_0029593,HAM_0004229,melanocytic_Nevi,train,train,5419
ISIC_0029594,HAM_0003227,melanocytic_Nevi,train,train,5420
ISIC_0029595,HAM_0007520,melanocytic_Nevi,test,train,5421
ISIC_0029596,HAM_0007018,benign_keratosis-like_lesions,train,train,1373
ISIC_0029597,HAM_0007133,melanocytic_Nevi,test,train,5422
ISIC_0029598,HAM_0003401,actinic_keratoses,validation,train,190
ISIC_0029599,HAM_0000499,melanocytic_Nevi,train,train,5423
ISIC_0029600,HAM_0001927,benign_keratosis-like_lesions,train,train,1374
ISIC_0029601,HAM_0001131,melanocytic_Nevi,train,train,5424
ISIC_0029602,HAM_0003991,basal_cell_carcinoma,train,train,587
ISIC_0029603,HAM_0003476,benign_keratosis-like_lesions,train,train,1375
ISIC_0029604,HAM_0001804,melanocytic_Nevi,train,train,5425
ISIC_0029605,HAM_0005502,melanocytic_Nevi,test,train,5426
ISIC_0029606,HAM_0003700,melanoma,validation,train,8807
ISIC_0029607,HAM_0003599,melanocytic_Nevi,train,train,5427
ISIC_0029608,HAM_0000502,vascular_lesions,train,train,9509
ISIC_0029609,HAM_0000211,melanocytic_Nevi,train,train,5428
ISIC_0029610,HAM_0005459,actinic_keratoses,train,train,191
ISIC_0029611,HAM_0000818,melanocytic_Nevi,train,train,5429
ISIC_0029612,HAM_0004396,benign_keratosis-like_lesions,train,train,1376
ISIC_0029613,HAM_0003458,benign_keratosis-like_lesions,train,train,1377
ISIC_0029614,HAM_0006684,melanocytic_Nevi,test,train,5430
ISIC_0029615,HAM_0006735,melanocytic_Nevi,validation,train,5431
ISIC_0029616,HAM_0002842,melanocytic_Nevi,train,train,5432
ISIC_0029617,HAM_0005082,benign_keratosis-like_lesions,train,train,1378
ISIC_0029618,HAM_0005655,melanocytic_Nevi,train,train,5433
ISIC_0029619,HAM_0002080,melanocytic_Nevi,train,train,5434
ISIC_0029620,HAM_0004800,melanocytic_Nevi,train,train,5435
ISIC_0029621,HAM_0007132,melanocytic_Nevi,validation,train,5436
ISIC_0029622,HAM_0004276,melanocytic_Nevi,train,train,5437
ISIC_0029623,HAM_0004433,melanocytic_Nevi,train,train,5438
ISIC_0029624,HAM_0006489,melanocytic_Nevi,train,train,5439
ISIC_0029625,HAM_0004292,melanocytic_Nevi,train,train,5440
ISIC_0029626,HAM_0002564,melanocytic_Nevi,train,train,5441
ISIC_0029627,HAM_0004531,benign_keratosis-like_lesions,train,train,1379
ISIC_0029628,HAM_0004227,melanocytic_Nevi,test,train,5442
ISIC_0029629,HAM_0004019,melanocytic_Nevi,train,train,5443
ISIC_0029630,HAM_0006692,melanoma,train,train,8808
ISIC_0029631,HAM_0003170,melanocytic_Nevi,train,train,5444
ISIC_0029632,HAM_0005535,melanoma,train,test,1187
ISIC_0029633,HAM_0002302,melanocytic_Nevi,train,train,5445
ISIC_0029634,HAM_0003971,actinic_keratoses,train,train,192
ISIC_0029635,HAM_0005485,melanocytic_Nevi,train,train,5446
ISIC_0029636,HAM_0001220,melanocytic_Nevi,train,train,5447
ISIC_0029637,HAM_0001807,melanocytic_Nevi,train,train,5448
ISIC_0029638,HAM_0000005,actinic_keratoses,train,train,193
ISIC_0029639,HAM_0001543,melanocytic_Nevi,train,train,5449
ISIC_0029640,HAM_0005284,melanocytic_Nevi,train,train,5450
ISIC_0029641,HAM_0002675,melanocytic_Nevi,validation,train,5451
ISIC_0029642,HAM_0006964,melanoma,train,train,8809
ISIC_0029643,HAM_0005451,melanocytic_Nevi,validation,train,5452
ISIC_0029644,HAM_0005184,basal_cell_carcinoma,test,train,588
ISIC_0029645,HAM_0000225,melanocytic_Nevi,train,train,5453
ISIC_0029646,HAM_0002674,melanocytic_Nevi,train,train,5454
ISIC_0029647,HAM_0003094,basal_cell_carcinoma,train,train,589
ISIC_0029648,HAM_0005099,melanocytic_Nevi,validation,train,5455
ISIC_0029649,HAM_0000586,melanocytic_Nevi,train,train,5456
ISIC_0029650,HAM_0001329,melanocytic_Nevi,train,train,5457
ISIC_0029651,HAM_0004643,melanoma,train,train,8810
ISIC_0029652,HAM_0006832,melanoma,train,train,8811
ISIC_0029653,HAM_0006738,melanocytic_Nevi,test,train,5458
ISIC_0029654,HAM_0000312,melanocytic_Nevi,train,train,5459
ISIC_0029655,HAM_0006727,basal_cell_carcinoma,train,train,590
ISIC_0029656,HAM_0000395,melanocytic_Nevi,validation,train,5460
ISIC_0029657,HAM_0006694,melanocytic_Nevi,test,train,5461
ISIC_0029658,HAM_0005593,melanocytic_Nevi,train,train,5462
ISIC_0029659,HAM_0000673,actinic_keratoses,train,train,194
ISIC_0029660,HAM_0001703,melanoma,train,train,8812
ISIC_0029661,HAM_0001699,melanocytic_Nevi,train,train,5463
ISIC_0029662,HAM_0005298,melanocytic_Nevi,train,train,5464
ISIC_0029663,HAM_0002039,melanocytic_Nevi,test,train,5465
ISIC_0029664,HAM_0006754,melanocytic_Nevi,train,train,5466
ISIC_0029665,HAM_0000347,melanocytic_Nevi,train,train,5467
ISIC_0029666,HAM_0002645,melanocytic_Nevi,train,train,5468
ISIC_0029667,HAM_0001142,melanocytic_Nevi,validation,train,5469
ISIC_0029668,HAM_0001902,melanocytic_Nevi,test,train,5470
ISIC_0029669,HAM_0001616,basal_cell_carcinoma,train,train,591
ISIC_0029670,HAM_0006016,melanocytic_Nevi,train,train,5471
ISIC_0029671,HAM_0003754,melanocytic_Nevi,train,train,5472
ISIC_0029672,HAM_0006880,melanocytic_Nevi,train,train,5473
ISIC_0029673,HAM_0001825,melanocytic_Nevi,train,train,5474
ISIC_0029674,HAM_0000114,benign_keratosis-like_lesions,validation,train,1380
ISIC_0029675,HAM_0001314,melanocytic_Nevi,train,train,5475
ISIC_0029676,HAM_0002503,benign_keratosis-like_lesions,validation,train,1381
ISIC_0029677,HAM_0000567,melanocytic_Nevi,train,train,5476
ISIC_0029678,HAM_0000383,benign_keratosis-like_lesions,train,train,1382
ISIC_0029679,HAM_0000366,melanocytic_Nevi,validation,train,5477
ISIC_0029680,HAM_0001237,basal_cell_carcinoma,test,train,592
ISIC_0029681,HAM_0000583,melanocytic_Nevi,train,train,5478
ISIC_0029682,HAM_0004029,benign_keratosis-like_lesions,validation,train,1383
ISIC_0029683,HAM_0002774,benign_keratosis-like_lesions,train,train,1384
ISIC_0029684,HAM_0005754,melanocytic_Nevi,train,train,5479
ISIC_0029685,HAM_0002443,melanocytic_Nevi,test,train,5480
ISIC_0029686,HAM_0006530,melanocytic_Nevi,train,test,739
ISIC_0029687,HAM_0007409,benign_keratosis-like_lesions,train,train,1385
ISIC_0029688,HAM_0006369,melanocytic_Nevi,train,train,5481
ISIC_0029689,HAM_0006976,melanocytic_Nevi,train,train,5482
ISIC_0029690,HAM_0006455,melanocytic_Nevi,train,train,5483
ISIC_0029691,HAM_0002880,melanocytic_Nevi,validation,train,5484
ISIC_0029692,HAM_0005503,melanocytic_Nevi,train,train,5485
ISIC_0029693,HAM_0002305,melanocytic_Nevi,train,train,5486
ISIC_0029694,HAM_0006590,melanocytic_Nevi,train,train,5487
ISIC_0029695,HAM_0007377,melanocytic_Nevi,validation,train,5488
ISIC_0029696,HAM_0005183,melanocytic_Nevi,train,train,5489
ISIC_0029697,HAM_0005671,melanocytic_Nevi,train,train,5490
ISIC_0029698,HAM_0005425,melanoma,validation,train,8813
ISIC_0029699,HAM_0005241,melanocytic_Nevi,train,validation,1411
ISIC_0029700,HAM_0001787,melanocytic_Nevi,train,train,5491
ISIC_0029701,HAM_0001425,melanocytic_Nevi,train,train,5492
ISIC_0029702,HAM_0000824,melanocytic_Nevi,train,train,5493
ISIC_0029703,HAM_0000617,melanocytic_Nevi,train,train,5494
ISIC_0029704,HAM_0003745,melanocytic_Nevi,train,train,5495
ISIC_0029705,HAM_0004936,melanoma,train,train,8814
ISIC_0029706,HAM_0003972,melanocytic_Nevi,train,train,5496
ISIC_0029707,HAM_0000774,melanocytic_Nevi,train,train,5497
ISIC_0029708,HAM_0000899,melanocytic_Nevi,test,train,5498
ISIC_0029709,HAM_0003763,melanocytic_Nevi,train,train,5499
ISIC_0029710,HAM_0002068,melanocytic_Nevi,validation,train,5500
ISIC_0029711,HAM_0002544,melanocytic_Nevi,train,train,5501
ISIC_0029712,HAM_0004438,melanocytic_Nevi,train,train,5502
ISIC_0029713,HAM_0006036,actinic_keratoses,test,train,195
ISIC_0029714,HAM_0006494,melanocytic_Nevi,train,train,5503
ISIC_0029715,HAM_0000859,actinic_keratoses,train,train,196
ISIC_0029716,HAM_0000098,melanocytic_Nevi,test,train,5504
ISIC_0029717,HAM_0002802,melanocytic_Nevi,train,train,5505
ISIC_0029718,HAM_0003545,melanocytic_Nevi,train,train,5506
ISIC_0029719,HAM_0003692,melanocytic_Nevi,train,train,5507
ISIC_0029720,HAM_0000230,melanocytic_Nevi,train,train,5508
ISIC_0029721,HAM_0006212,melanocytic_Nevi,train,train,5509
ISIC_0029722,HAM_0003338,melanocytic_Nevi,validation,train,5510
ISIC_0029723,HAM_0002440,melanocytic_Nevi,train,train,5511
ISIC_0029724,HAM_0005284,melanocytic_Nevi,train,train,5512
ISIC_0029725,HAM_0004724,melanocytic_Nevi,train,validation,1415
ISIC_0029726,HAM_0004102,melanoma,test,train,8815
ISIC_0029727,HAM_0000929,melanocytic_Nevi,train,train,5513
ISIC_0029728,HAM_0006155,melanocytic_Nevi,test,train,5514
ISIC_0029729,HAM_0003008,melanocytic_Nevi,train,train,5515
ISIC_0029730,HAM_0002907,melanocytic_Nevi,train,train,5516
ISIC_0029731,HAM_0000643,benign_keratosis-like_lesions,train,train,1386
ISIC_0029732,HAM_0006356,melanocytic_Nevi,train,train,5517
ISIC_0029733,HAM_0005750,melanocytic_Nevi,validation,train,5518
ISIC_0029734,HAM_0003537,melanocytic_Nevi,validation,train,5519
ISIC_0029735,HAM_0002120,melanocytic_Nevi,train,train,5520
ISIC_0029736,HAM_0003088,melanocytic_Nevi,train,train,5521
ISIC_0029737,HAM_0000515,melanocytic_Nevi,test,train,5522
ISIC_0029738,HAM_0003637,melanocytic_Nevi,train,train,5523
ISIC_0029739,HAM_0007352,melanocytic_Nevi,train,train,5524
ISIC_0029740,HAM_0003225,melanoma,train,train,8816
ISIC_0029741,HAM_0005096,benign_keratosis-like_lesions,validation,train,1387
ISIC_0029742,HAM_0002650,vascular_lesions,train,train,9510
ISIC_0029743,HAM_0005367,melanocytic_Nevi,train,train,5525
ISIC_0029744,HAM_0003782,melanoma,train,train,8817
ISIC_0029745,HAM_0003941,basal_cell_carcinoma,train,train,593
ISIC_0029746,HAM_0001137,melanocytic_Nevi,train,train,5526
ISIC_0029747,HAM_0006800,basal_cell_carcinoma,train,train,594
ISIC_0029748,HAM_0006260,melanocytic_Nevi,train,train,5527
ISIC_0029749,HAM_0001962,melanocytic_Nevi,train,test,748
ISIC_0029750,HAM_0002395,melanocytic_Nevi,test,train,5528
ISIC_0029751,HAM_0004786,melanocytic_Nevi,train,train,5529
ISIC_0029752,HAM_0000028,melanocytic_Nevi,train,train,5530
ISIC_0029753,HAM_0005646,melanocytic_Nevi,train,test,749
ISIC_0029754,HAM_0000389,melanocytic_Nevi,train,train,5531
ISIC_0029755,HAM_0005776,basal_cell_carcinoma,train,validation,146
ISIC_0029756,HAM_0003221,melanocytic_Nevi,train,train,5532
ISIC_0029757,HAM_0001288,melanocytic_Nevi,validation,train,5533
ISIC_0029758,HAM_0004314,melanocytic_Nevi,validation,train,5534
ISIC_0029759,HAM_0001765,melanocytic_Nevi,train,train,5535
ISIC_0029760,HAM_0004330,dermatofibroma,test,train,1904
ISIC_0029761,HAM_0005948,melanocytic_Nevi,validation,train,5536
ISIC_0029762,HAM_0007587,melanocytic_Nevi,validation,train,5537
ISIC_0029763,HAM_0005739,melanocytic_Nevi,train,train,5538
ISIC_0029764,HAM_0004696,benign_keratosis-like_lesions,train,train,1388
ISIC_0029765,HAM_0005348,melanocytic_Nevi,test,train,5539
ISIC_0029766,HAM_0004023,melanocytic_Nevi,train,train,5540
ISIC_0029767,HAM_0003734,melanocytic_Nevi,train,train,5541
ISIC_0029768,HAM_0002479,melanocytic_Nevi,train,train,5542
ISIC_0029769,HAM_0004107,melanocytic_Nevi,test,train,5543
ISIC_0029770,HAM_0004928,benign_keratosis-like_lesions,train,train,1389
ISIC_0029771,HAM_0004656,melanocytic_Nevi,validation,train,5544
ISIC_0029772,HAM_0006805,melanocytic_Nevi,validation,train,5545
ISIC_0029773,HAM_0003340,melanocytic_Nevi,train,train,5546
ISIC_0029774,HAM_0004393,melanocytic_Nevi,train,train,5547
ISIC_0029775,HAM_0002432,melanocytic_Nevi,train,train,5548
ISIC_0029776,HAM_0003140,benign_keratosis-like_lesions,validation,train,1390
ISIC_0029777,HAM_0001189,melanocytic_Nevi,train,train,5549
ISIC_0029778,HAM_0007381,benign_keratosis-like_lesions,train,train,1391
ISIC_0029779,HAM_0000009,basal_cell_carcinoma,train,train,595
ISIC_0029780,HAM_0001596,melanoma,train,train,8818
ISIC_0029781,HAM_0002646,actinic_keratoses,train,train,197
ISIC_0029782,HAM_0007120,melanocytic_Nevi,train,train,5550
ISIC_0029783,HAM_0002706,dermatofibroma,train,train,1905
ISIC_0029784,HAM_0005563,melanocytic_Nevi,train,validation,1425
ISIC_0029785,HAM_0005468,melanocytic_Nevi,train,train,5551
ISIC_0029786,HAM_0007058,melanocytic_Nevi,test,train,5552
ISIC_0029787,HAM_0004136,melanocytic_Nevi,train,train,5553
ISIC_0029788,HAM_0004822,melanocytic_Nevi,test,train,5554
ISIC_0029789,HAM_0001562,benign_keratosis-like_lesions,validation,train,1392
ISIC_0029790,HAM_0001684,melanocytic_Nevi,train,train,5555
ISIC_0029791,HAM_0005708,benign_keratosis-like_lesions,train,train,1393
ISIC_0029792,HAM_0005250,melanocytic_Nevi,train,train,5556
ISIC_0029793,HAM_0007151,benign_keratosis-like_lesions,train,validation,362
ISIC_0029794,HAM_0006734,melanocytic_Nevi,train,train,5557
ISIC_0029795,HAM_0002737,melanocytic_Nevi,validation,train,5558
ISIC_0029796,HAM_0000860,melanocytic_Nevi,train,train,5559
ISIC_0029797,HAM_0003404,melanocytic_Nevi,train,train,5560
ISIC_0029798,HAM_0003517,melanocytic_Nevi,validation,train,5561
ISIC_0029799,HAM_0003995,melanocytic_Nevi,train,train,5562
ISIC_0029800,HAM_0003702,melanocytic_Nevi,validation,train,5563
ISIC_0029801,HAM_0000716,benign_keratosis-like_lesions,train,train,1394
ISIC_0029802,HAM_0005558,benign_keratosis-like_lesions,test,train,1395
ISIC_0029803,HAM_0003940,melanocytic_Nevi,train,train,5564
ISIC_0029804,HAM_0005851,melanocytic_Nevi,test,train,5565
ISIC_0029805,HAM_0005575,basal_cell_carcinoma,test,train,596
ISIC_0029806,HAM_0006204,melanocytic_Nevi,train,train,5566
ISIC_0029807,HAM_0002380,melanocytic_Nevi,train,train,5567
ISIC_0029808,HAM_0003540,melanocytic_Nevi,train,train,5568
ISIC_0029809,HAM_0004014,melanocytic_Nevi,test,train,5569
ISIC_0029810,HAM_0001944,benign_keratosis-like_lesions,train,train,1396
ISIC_0029811,HAM_0003157,actinic_keratoses,train,train,198
ISIC_0029812,HAM_0005318,melanocytic_Nevi,train,train,5570
ISIC_0029813,HAM_0007457,melanocytic_Nevi,train,train,5571
ISIC_0029814,HAM_0004485,melanocytic_Nevi,test,train,5572
ISIC_0029815,HAM_0006537,melanocytic_Nevi,test,train,5573
ISIC_0029816,HAM_0003074,melanocytic_Nevi,train,train,5574
ISIC_0029817,HAM_0003572,melanocytic_Nevi,train,train,5575
ISIC_0029818,HAM_0001577,melanocytic_Nevi,train,train,5576
ISIC_0029819,HAM_0007586,melanoma,train,train,8819
ISIC_0029820,HAM_0007627,basal_cell_carcinoma,test,train,597
ISIC_0029821,HAM_0005707,melanocytic_Nevi,train,train,5577
ISIC_0029822,HAM_0006332,melanocytic_Nevi,validation,train,5578
ISIC_0029823,HAM_0001781,benign_keratosis-like_lesions,test,train,1397
ISIC_0029824,HAM_0005362,dermatofibroma,validation,train,1906
ISIC_0029825,HAM_0003475,melanocytic_Nevi,test,train,5579
ISIC_0029826,HAM_0005159,melanocytic_Nevi,train,train,5580
ISIC_0029827,HAM_0002699,actinic_keratoses,train,train,199
ISIC_0029828,HAM_0006510,melanocytic_Nevi,train,train,5581
ISIC_0029829,HAM_0006992,melanocytic_Nevi,test,train,5582
ISIC_0029830,HAM_0006024,actinic_keratoses,train,train,200
ISIC_0029831,HAM_0004711,basal_cell_carcinoma,train,train,598
ISIC_0029832,HAM_0000325,melanocytic_Nevi,train,train,5583
ISIC_0029833,HAM_0006664,melanocytic_Nevi,train,train,5584
ISIC_0029834,HAM_0004454,melanocytic_Nevi,train,train,5585
ISIC_0029835,HAM_0001512,melanocytic_Nevi,test,train,5586
ISIC_0029836,HAM_0007571,benign_keratosis-like_lesions,train,train,1398
ISIC_0029837,HAM_0002127,benign_keratosis-like_lesions,train,train,1399
ISIC_0029838,HAM_0002364,melanocytic_Nevi,train,train,5587
ISIC_0029839,HAM_0002113,melanoma,test,train,8820
ISIC_0029840,HAM_0004809,actinic_keratoses,train,train,201
ISIC_0029841,HAM_0003605,benign_keratosis-like_lesions,train,train,1400
ISIC_0029842,HAM_0006865,melanocytic_Nevi,test,train,5588
ISIC_0029843,HAM_0006257,melanoma,train,train,8821
ISIC_0029844,HAM_0002999,melanocytic_Nevi,test,train,5589
ISIC_0029845,HAM_0000892,melanocytic_Nevi,validation,train,5590
ISIC_0029846,HAM_0002484,melanocytic_Nevi,train,train,5591
ISIC_0029847,HAM_0002791,basal_cell_carcinoma,train,train,599
ISIC_0029848,HAM_0001993,melanocytic_Nevi,train,train,5592
ISIC_0029849,HAM_0003605,benign_keratosis-like_lesions,train,train,1401
ISIC_0029850,HAM_0006714,melanocytic_Nevi,train,train,5593
ISIC_0029851,HAM_0000769,actinic_keratoses,train,train,202
ISIC_0029852,HAM_0002444,melanocytic_Nevi,train,train,5594
ISIC_0029853,HAM_0001485,melanocytic_Nevi,validation,train,5595
ISIC_0029854,HAM_0003933,melanocytic_Nevi,train,train,5596
ISIC_0029855,HAM_0003958,melanocytic_Nevi,train,train,5597
ISIC_0029856,HAM_0001457,basal_cell_carcinoma,test,train,600
ISIC_0029857,HAM_0005856,basal_cell_carcinoma,train,train,601
ISIC_0029858,HAM_0005965,melanocytic_Nevi,train,train,5598
ISIC_0029859,HAM_0000492,melanoma,train,train,8822
ISIC_0029860,HAM_0001967,actinic_keratoses,train,train,203
ISIC_0029861,HAM_0002300,melanocytic_Nevi,train,test,761
ISIC_0029862,HAM_0006910,melanocytic_Nevi,train,train,5599
ISIC_0029863,HAM_0000804,melanocytic_Nevi,train,train,5600
ISIC_0029864,HAM_0000276,melanocytic_Nevi,test,train,5601
ISIC_0029865,HAM_0003828,melanocytic_Nevi,validation,train,5602
ISIC_0029866,HAM_0006761,melanocytic_Nevi,validation,train,5603
ISIC_0029867,HAM_0002128,melanocytic_Nevi,train,train,5604
ISIC_0029868,HAM_0000008,melanocytic_Nevi,train,train,5605
ISIC_0029869,HAM_0004995,melanocytic_Nevi,test,train,5606
ISIC_0029870,HAM_0002151,melanocytic_Nevi,train,train,5607
ISIC_0029871,HAM_0003529,melanocytic_Nevi,train,train,5608
ISIC_0029872,HAM_0004004,benign_keratosis-like_lesions,train,train,1402
ISIC_0029873,HAM_0005824,melanocytic_Nevi,test,train,5609
ISIC_0029874,HAM_0003527,melanocytic_Nevi,train,train,5610
ISIC_0029875,HAM_0003584,melanocytic_Nevi,train,train,5611
ISIC_0029876,HAM_0002286,melanocytic_Nevi,train,train,5612
ISIC_0029877,HAM_0006193,vascular_lesions,train,train,9511
ISIC_0029878,HAM_0000299,benign_keratosis-like_lesions,test,train,1403
ISIC_0029879,HAM_0001329,melanocytic_Nevi,train,train,5613
ISIC_0029880,HAM_0002366,benign_keratosis-like_lesions,train,validation,365
ISIC_0029881,HAM_0000217,melanocytic_Nevi,validation,train,5614
ISIC_0029882,HAM_0007440,melanocytic_Nevi,train,train,5615
ISIC_0029883,HAM_0006382,melanocytic_Nevi,test,train,5616
ISIC_0029884,HAM_0006635,melanoma,train,train,8823
ISIC_0029885,HAM_0000856,melanoma,train,train,8824
ISIC_0029886,HAM_0007459,melanocytic_Nevi,train,validation,1439
ISIC_0029887,HAM_0000638,melanocytic_Nevi,train,train,5617
ISIC_0029888,HAM_0003217,melanocytic_Nevi,train,train,5618
ISIC_0029889,HAM_0006324,vascular_lesions,train,train,9512
ISIC_0029890,HAM_0000052,melanocytic_Nevi,test,train,5619
ISIC_0029891,HAM_0007227,dermatofibroma,train,train,1907
ISIC_0029892,HAM_0006511,melanocytic_Nevi,test,train,5620
ISIC_0029893,HAM_0006699,melanoma,train,train,8825
ISIC_0029894,HAM_0006397,melanocytic_Nevi,test,train,5621
ISIC_0029895,HAM_0004777,melanocytic_Nevi,train,train,5622
ISIC_0029896,HAM_0001352,melanocytic_Nevi,train,train,5623
ISIC_0029897,HAM_0001809,benign_keratosis-like_lesions,validation,train,1404
ISIC_0029898,HAM_0004324,melanocytic_Nevi,train,train,5624
ISIC_0029899,HAM_0005530,basal_cell_carcinoma,validation,train,602
ISIC_0029900,HAM_0005551,actinic_keratoses,train,train,204
ISIC_0029901,HAM_0006022,melanocytic_Nevi,test,train,5625
ISIC_0029902,HAM_0000138,melanocytic_Nevi,train,validation,1441
ISIC_0029903,HAM_0001102,melanocytic_Nevi,train,train,5626
ISIC_0029904,HAM_0007079,melanocytic_Nevi,train,train,5627
ISIC_0029905,HAM_0006420,melanocytic_Nevi,test,train,5628
ISIC_0029906,HAM_0001644,melanocytic_Nevi,train,train,5629
ISIC_0029907,HAM_0003285,melanocytic_Nevi,train,train,5630
ISIC_0029908,HAM_0001646,melanocytic_Nevi,train,train,5631
ISIC_0029909,HAM_0001266,melanoma,train,train,8826
ISIC_0029910,HAM_0006045,melanocytic_Nevi,train,train,5632
ISIC_0029911,HAM_0000647,melanocytic_Nevi,test,train,5633
ISIC_0029912,HAM_0001469,benign_keratosis-like_lesions,validation,train,1405
ISIC_0029913,HAM_0007171,melanoma,train,train,8827
ISIC_0029914,HAM_0006626,melanoma,train,train,8828
ISIC_0029915,HAM_0006002,actinic_keratoses,train,train,205
ISIC_0029916,HAM_0001222,melanocytic_Nevi,train,train,5634
ISIC_0029917,HAM_0007364,basal_cell_carcinoma,train,train,603
ISIC_0029918,HAM_0000170,melanocytic_Nevi,test,train,5635
ISIC_0029919,HAM_0005721,basal_cell_carcinoma,train,train,604
ISIC_0029920,HAM_0004475,melanocytic_Nevi,train,train,5636
ISIC_0029921,HAM_0002453,melanocytic_Nevi,train,train,5637
ISIC_0029922,HAM_0007121,melanocytic_Nevi,train,train,5638
ISIC_0029923,HAM_0000870,melanocytic_Nevi,train,train,5639
ISIC_0029924,HAM_0003010,benign_keratosis-like_lesions,test,train,1406
ISIC_0029925,HAM_0004061,melanocytic_Nevi,train,train,5640
ISIC_0029926,HAM_0004030,melanocytic_Nevi,train,train,5641
ISIC_0029927,HAM_0000999,benign_keratosis-like_lesions,train,train,1407
ISIC_0029928,HAM_0001179,melanocytic_Nevi,train,train,5642
ISIC_0029929,HAM_0003768,benign_keratosis-like_lesions,train,train,1408
ISIC_0029930,HAM_0005889,actinic_keratoses,train,train,206
ISIC_0029931,HAM_0005324,benign_keratosis-like_lesions,test,train,1409
ISIC_0029932,HAM_0004722,actinic_keratoses,train,train,207
ISIC_0029933,HAM_0007305,melanoma,test,train,8829
ISIC_0029934,HAM_0006317,melanocytic_Nevi,train,train,5643
ISIC_0029935,HAM_0002593,melanocytic_Nevi,validation,train,5644
ISIC_0029936,HAM_0000575,melanocytic_Nevi,train,train,5645
ISIC_0029937,HAM_0000766,melanoma,train,train,8830
ISIC_0029938,HAM_0001895,melanocytic_Nevi,train,train,5646
ISIC_0029939,HAM_0001557,melanocytic_Nevi,validation,train,5647
ISIC_0029940,HAM_0007297,melanocytic_Nevi,train,train,5648
ISIC_0029941,HAM_0001089,melanocytic_Nevi,test,train,5649
ISIC_0029942,HAM_0003211,melanocytic_Nevi,train,train,5650
ISIC_0029943,HAM_0002632,melanocytic_Nevi,train,train,5651
ISIC_0029944,HAM_0006119,melanocytic_Nevi,test,train,5652
ISIC_0029945,HAM_0000324,melanocytic_Nevi,train,train,5653
ISIC_0029946,HAM_0001374,melanocytic_Nevi,train,train,5654
ISIC_0029947,HAM_0007043,benign_keratosis-like_lesions,train,train,1410
ISIC_0029948,HAM_0001988,melanocytic_Nevi,train,train,5655
ISIC_0029949,HAM_0002337,melanocytic_Nevi,train,train,5656
ISIC_0029950,HAM_0000232,melanocytic_Nevi,train,train,5657
ISIC_0029951,HAM_0005973,basal_cell_carcinoma,train,train,605
ISIC_0029952,HAM_0002570,melanocytic_Nevi,train,train,5658
ISIC_0029953,HAM_0002793,melanocytic_Nevi,train,train,5659
ISIC_0029954,HAM_0000736,melanocytic_Nevi,test,train,5660
ISIC_0029955,HAM_0003906,melanocytic_Nevi,test,train,5661
ISIC_0029956,HAM_0005073,melanocytic_Nevi,validation,train,5662
ISIC_0029957,HAM_0005418,melanocytic_Nevi,train,train,5663
ISIC_0029958,HAM_0004507,melanoma,train,train,8831
ISIC_0029959,HAM_0007066,melanocytic_Nevi,train,train,5664
ISIC_0029960,HAM_0001451,melanocytic_Nevi,validation,train,5665
ISIC_0029961,HAM_0000727,melanocytic_Nevi,train,train,5666
ISIC_0029962,HAM_0007410,dermatofibroma,train,train,1908
ISIC_0029963,HAM_0007025,melanocytic_Nevi,train,train,5667
ISIC_0029964,HAM_0006165,melanocytic_Nevi,train,train,5668
ISIC_0029965,HAM_0001360,melanocytic_Nevi,train,train,5669
ISIC_0029966,HAM_0003064,melanocytic_Nevi,train,train,5670
ISIC_0029967,HAM_0004960,dermatofibroma,train,train,1909
ISIC_0029968,HAM_0001559,melanocytic_Nevi,train,validation,1454
ISIC_0029969,HAM_0006038,melanocytic_Nevi,train,train,5671
ISIC_0029970,HAM_0005712,melanocytic_Nevi,test,train,5672
ISIC_0029971,HAM_0004459,melanocytic_Nevi,train,train,5673
ISIC_0029972,HAM_0002997,melanocytic_Nevi,train,train,5674
ISIC_0029973,HAM_0002045,dermatofibroma,train,train,1910
ISIC_0029974,HAM_0004627,basal_cell_carcinoma,validation,train,606
ISIC_0029975,HAM_0005994,melanocytic_Nevi,validation,validation,1455
ISIC_0029976,HAM_0002323,melanocytic_Nevi,test,train,5675
ISIC_0029977,HAM_0003252,melanocytic_Nevi,train,train,5676
ISIC_0029978,HAM_0006040,melanocytic_Nevi,train,train,5677
ISIC_0029979,HAM_0004233,melanocytic_Nevi,train,train,5678
ISIC_0029980,HAM_0000379,melanocytic_Nevi,train,train,5679
ISIC_0029981,HAM_0005357,melanocytic_Nevi,train,train,5680
ISIC_0029982,HAM_0005886,melanocytic_Nevi,train,train,5681
ISIC_0029983,HAM_0006619,melanocytic_Nevi,train,train,5682
ISIC_0029984,HAM_0004523,melanocytic_Nevi,train,train,5683
ISIC_0029985,HAM_0004763,melanocytic_Nevi,train,train,5684
ISIC_0029986,HAM_0006711,melanocytic_Nevi,validation,train,5685
ISIC_0029987,HAM_0005071,melanocytic_Nevi,train,train,5686
ISIC_0029988,HAM_0002212,melanocytic_Nevi,test,train,5687
ISIC_0029989,HAM_0000834,melanocytic_Nevi,validation,train,5688
ISIC_0029990,HAM_0002858,melanocytic_Nevi,train,train,5689
ISIC_0029991,HAM_0003899,benign_keratosis-like_lesions,train,train,1411
ISIC_0029992,HAM_0002735,melanocytic_Nevi,train,train,5690
ISIC_0029993,HAM_0005987,melanocytic_Nevi,validation,train,5691
ISIC_0029994,HAM_0007080,melanocytic_Nevi,train,train,5692
ISIC_0029995,HAM_0001835,melanoma,train,train,8832
ISIC_0029996,HAM_0004001,melanocytic_Nevi,train,train,5693
ISIC_0029997,HAM_0000526,melanocytic_Nevi,train,train,5694
ISIC_0029998,HAM_0005401,melanocytic_Nevi,validation,train,5695
ISIC_0029999,HAM_0001373,melanocytic_Nevi,train,train,5696
ISIC_0030000,HAM_0004735,melanocytic_Nevi,test,train,5697
ISIC_0030001,HAM_0001658,melanocytic_Nevi,validation,train,5698
ISIC_0030002,HAM_0005746,melanoma,train,train,8833
ISIC_0030003,HAM_0005229,melanocytic_Nevi,train,test,779
ISIC_0030004,HAM_0007482,melanocytic_Nevi,train,train,5699
ISIC_0030005,HAM_0003021,benign_keratosis-like_lesions,test,train,1412
ISIC_0030006,HAM_0003546,melanocytic_Nevi,validation,train,5700
ISIC_0030007,HAM_0004105,benign_keratosis-like_lesions,train,train,1413
ISIC_0030008,HAM_0007317,melanocytic_Nevi,validation,validation,1461
ISIC_0030009,HAM_0006454,melanocytic_Nevi,validation,train,5701
ISIC_0030010,HAM_0006548,basal_cell_carcinoma,train,train,607
ISIC_0030011,HAM_0004371,dermatofibroma,train,train,1911
ISIC_0030012,HAM_0000253,melanocytic_Nevi,train,train,5702
ISIC_0030013,HAM_0001530,melanocytic_Nevi,test,train,5703
ISIC_0030014,HAM_0005742,melanoma,train,train,8834
ISIC_0030015,HAM_0006542,dermatofibroma,test,train,1912
ISIC_0030016,HAM_0003673,melanocytic_Nevi,train,train,5704
ISIC_0030017,HAM_0002643,melanocytic_Nevi,test,train,5705
ISIC_0030018,HAM_0002573,melanocytic_Nevi,test,train,5706
ISIC_0030019,HAM_0006967,melanocytic_Nevi,train,validation,1462
ISIC_0030020,HAM_0003986,melanocytic_Nevi,train,train,5707
ISIC_0030021,HAM_0001164,dermatofibroma,train,train,1913
ISIC_0030022,HAM_0002347,melanocytic_Nevi,test,train,5708
ISIC_0030023,HAM_0001706,melanocytic_Nevi,validation,train,5709
ISIC_0030024,HAM_0001650,melanocytic_Nevi,test,train,5710
ISIC_0030025,HAM_0003391,melanocytic_Nevi,train,train,5711
ISIC_0030026,HAM_0004400,benign_keratosis-like_lesions,train,validation,369
ISIC_0030027,HAM_0002860,melanocytic_Nevi,train,train,5712
ISIC_0030028,HAM_0004645,melanocytic_Nevi,train,train,5713
ISIC_0030029,HAM_0005437,melanocytic_Nevi,train,train,5714
ISIC_0030030,HAM_0007382,melanocytic_Nevi,train,train,5715
ISIC_0030031,HAM_0007102,melanoma,train,train,8835
ISIC_0030032,HAM_0005724,melanoma,train,train,8836
ISIC_0030033,HAM_0002572,melanocytic_Nevi,train,train,5716
ISIC_0030034,HAM_0006207,melanoma,train,train,8837
ISIC_0030035,HAM_0001065,melanocytic_Nevi,validation,validation,1465
ISIC_0030036,HAM_0007008,actinic_keratoses,test,train,208
ISIC_0030037,HAM_0002568,melanocytic_Nevi,train,train,5717
ISIC_0030038,HAM_0001956,melanocytic_Nevi,train,train,5718
ISIC_0030039,HAM_0001737,melanocytic_Nevi,train,train,5719
ISIC_0030040,HAM_0003543,melanocytic_Nevi,test,train,5720
ISIC_0030041,HAM_0000925,melanocytic_Nevi,train,train,5721
ISIC_0030042,HAM_0004436,melanocytic_Nevi,validation,train,5722
ISIC_0030043,HAM_0002549,melanocytic_Nevi,train,train,5723
ISIC_0030044,HAM_0001776,melanocytic_Nevi,train,train,5724
ISIC_0030045,HAM_0006864,melanocytic_Nevi,train,train,5725
ISIC_0030046,HAM_0001917,melanocytic_Nevi,train,train,5726
ISIC_0030047,HAM_0007242,melanoma,validation,train,8838
ISIC_0030048,HAM_0003621,melanocytic_Nevi,train,train,5727
ISIC_0030049,HAM_0007469,melanocytic_Nevi,train,train,5728
ISIC_0030050,HAM_0001662,melanocytic_Nevi,train,train,5729
ISIC_0030051,HAM_0003581,melanocytic_Nevi,train,train,5730
ISIC_0030052,HAM_0003722,melanocytic_Nevi,train,train,5731
ISIC_0030053,HAM_0000261,melanocytic_Nevi,test,train,5732
ISIC_0030054,HAM_0001377,melanocytic_Nevi,train,train,5733
ISIC_0030055,HAM_0006743,melanocytic_Nevi,test,train,5734
ISIC_0030056,HAM_0003982,benign_keratosis-like_lesions,train,train,1414
ISIC_0030057,HAM_0001157,melanocytic_Nevi,train,train,5735
ISIC_0030058,HAM_0005794,melanocytic_Nevi,train,train,5736
ISIC_0030059,HAM_0005246,melanocytic_Nevi,train,train,5737
ISIC_0030060,HAM_0004126,melanoma,train,train,8839
ISIC_0030061,HAM_0000836,melanocytic_Nevi,train,train,5738
ISIC_0030062,HAM_0001293,melanocytic_Nevi,train,validation,1469
ISIC_0030063,HAM_0007464,melanocytic_Nevi,train,validation,1470
ISIC_0030064,HAM_0006048,melanocytic_Nevi,train,train,5739
ISIC_0030065,HAM_0001817,melanocytic_Nevi,validation,train,5740
ISIC_0030066,HAM_0007089,melanocytic_Nevi,train,train,5741
ISIC_0030067,HAM_0001589,benign_keratosis-like_lesions,train,train,1415
ISIC_0030068,HAM_0005322,melanocytic_Nevi,train,train,5742
ISIC_0030069,HAM_0004833,melanocytic_Nevi,train,train,5743
ISIC_0030070,HAM_0007020,vascular_lesions,test,train,9513
ISIC_0030071,HAM_0002883,melanocytic_Nevi,train,train,5744
ISIC_0030072,HAM_0005384,melanocytic_Nevi,train,train,5745
ISIC_0030073,HAM_0005764,melanocytic_Nevi,train,validation,1474
ISIC_0030074,HAM_0000140,melanocytic_Nevi,train,train,5746
ISIC_0030075,HAM_0003563,melanocytic_Nevi,train,train,5747
ISIC_0030076,HAM_0007085,actinic_keratoses,train,train,209
ISIC_0030077,HAM_0003828,melanocytic_Nevi,validation,train,5748
ISIC_0030078,HAM_0005796,melanocytic_Nevi,train,train,5749
ISIC_0030079,HAM_0003241,melanocytic_Nevi,train,train,5750
ISIC_0030080,HAM_0006900,melanoma,train,train,8840
ISIC_0030081,HAM_0004327,benign_keratosis-like_lesions,train,train,1416
ISIC_0030082,HAM_0006154,melanocytic_Nevi,test,validation,1476
ISIC_0030083,HAM_0005746,melanoma,train,train,8841
ISIC_0030084,HAM_0004616,melanocytic_Nevi,validation,train,5751
ISIC_0030085,HAM_0000012,melanocytic_Nevi,train,train,5752
ISIC_0030086,HAM_0000229,melanocytic_Nevi,train,train,5753
ISIC_0030087,HAM_0006248,melanocytic_Nevi,test,train,5754
ISIC_0030088,HAM_0000659,benign_keratosis-like_lesions,train,train,1417
ISIC_0030089,HAM_0007620,melanoma,test,train,8842
ISIC_0030090,HAM_0005756,melanocytic_Nevi,train,train,5755
ISIC_0030091,HAM_0005829,melanocytic_Nevi,train,train,5756
ISIC_0030092,HAM_0002000,melanocytic_Nevi,train,train,5757
ISIC_0030093,HAM_0000275,melanocytic_Nevi,validation,train,5758
ISIC_0030094,HAM_0003101,basal_cell_carcinoma,validation,train,608
ISIC_0030095,HAM_0000050,benign_keratosis-like_lesions,train,train,1418
ISIC_0030096,HAM_0003669,basal_cell_carcinoma,train,train,609
ISIC_0030097,HAM_0007487,melanocytic_Nevi,train,train,5759
ISIC_0030098,HAM_0003975,melanocytic_Nevi,train,train,5760
ISIC_0030099,HAM_0000474,melanocytic_Nevi,train,train,5761
ISIC_0030100,HAM_0002694,melanocytic_Nevi,test,train,5762
ISIC_0030101,HAM_0004712,melanocytic_Nevi,train,train,5763
ISIC_0030102,HAM_0005449,melanocytic_Nevi,train,train,5764
ISIC_0030103,HAM_0001148,melanocytic_Nevi,validation,validation,1481
ISIC_0030104,HAM_0001122,vascular_lesions,test,train,9514
ISIC_0030105,HAM_0003670,benign_keratosis-like_lesions,train,train,1419
ISIC_0030106,HAM_0001531,melanoma,train,train,8843
ISIC_0030107,HAM_0004888,melanoma,train,train,8844
ISIC_0030108,HAM_0005165,melanocytic_Nevi,validation,train,5765
ISIC_0030109,HAM_0000606,melanocytic_Nevi,validation,train,5766
ISIC_0030110,HAM_0001655,melanoma,validation,train,8845
ISIC_0030111,HAM_0001864,melanocytic_Nevi,test,train,5767
ISIC_0030112,HAM_0005152,melanocytic_Nevi,train,train,5768
ISIC_0030113,HAM_0005729,melanocytic_Nevi,test,train,5769
ISIC_0030114,HAM_0005998,basal_cell_carcinoma,train,train,610
ISIC_0030115,HAM_0003822,melanocytic_Nevi,train,train,5770
ISIC_0030116,HAM_0000182,melanocytic_Nevi,train,train,5771
ISIC_0030117,HAM_0001361,melanocytic_Nevi,train,train,5772
ISIC_0030118,HAM_0003613,benign_keratosis-like_lesions,train,train,1420
ISIC_0030119,HAM_0005557,melanoma,train,train,8846
ISIC_0030120,HAM_0000729,melanocytic_Nevi,train,train,5773
ISIC_0030121,HAM_0003088,melanocytic_Nevi,train,train,5774
ISIC_0030122,HAM_0003171,melanoma,train,train,8847
ISIC_0030123,HAM_0006652,benign_keratosis-like_lesions,train,train,1421
ISIC_0030124,HAM_0004807,benign_keratosis-like_lesions,train,train,1422
ISIC_0030125,HAM_0001680,melanocytic_Nevi,train,train,5775
ISIC_0030126,HAM_0005651,melanocytic_Nevi,train,train,5776
ISIC_0030127,HAM_0004698,melanocytic_Nevi,validation,train,5777
ISIC_0030128,HAM_0002466,melanocytic_Nevi,train,train,5778
ISIC_0030129,HAM_0003558,melanoma,train,train,8848
ISIC_0030130,HAM_0001743,benign_keratosis-like_lesions,test,train,1423
ISIC_0030131,HAM_0002064,melanocytic_Nevi,train,train,5779
ISIC_0030132,HAM_0005857,melanocytic_Nevi,validation,train,5780
ISIC_0030133,HAM_0001152,actinic_keratoses,train,train,210
ISIC_0030134,HAM_0001203,melanoma,train,train,8849
ISIC_0030135,HAM_0001297,melanocytic_Nevi,test,train,5781
ISIC_0030136,HAM_0001867,melanocytic_Nevi,train,train,5782
ISIC_0030137,HAM_0002357,benign_keratosis-like_lesions,train,train,1424
ISIC_0030138,HAM_0006111,basal_cell_carcinoma,train,train,611
ISIC_0030139,HAM_0003653,melanocytic_Nevi,validation,train,5783
ISIC_0030140,HAM_0006512,melanocytic_Nevi,test,train,5784
ISIC_0030141,HAM_0001798,melanocytic_Nevi,train,train,5785
ISIC_0030142,HAM_0006434,actinic_keratoses,train,train,211
ISIC_0030143,HAM_0005978,actinic_keratoses,train,train,212
ISIC_0030144,HAM_0004996,melanocytic_Nevi,validation,train,5786
ISIC_0030145,HAM_0001326,basal_cell_carcinoma,train,train,612
ISIC_0030146,HAM_0006895,melanocytic_Nevi,train,train,5787
ISIC_0030147,HAM_0004366,melanocytic_Nevi,validation,train,5788
ISIC_0030148,HAM_0000381,melanocytic_Nevi,test,train,5789
ISIC_0030149,HAM_0003693,melanocytic_Nevi,train,train,5790
ISIC_0030150,HAM_0005124,melanoma,test,train,8850
ISIC_0030151,HAM_0004614,melanocytic_Nevi,train,train,5791
ISIC_0030152,HAM_0000043,melanocytic_Nevi,train,train,5792
ISIC_0030153,HAM_0005836,melanocytic_Nevi,train,train,5793
ISIC_0030154,HAM_0000293,melanocytic_Nevi,test,train,5794
ISIC_0030155,HAM_0005817,melanocytic_Nevi,train,train,5795
ISIC_0030156,HAM_0004954,melanocytic_Nevi,train,train,5796
ISIC_0030157,HAM_0002173,melanocytic_Nevi,train,train,5797
ISIC_0030158,HAM_0005255,actinic_keratoses,train,train,213
ISIC_0030159,HAM_0007208,melanocytic_Nevi,train,train,5798
ISIC_0030160,HAM_0002043,benign_keratosis-like_lesions,train,train,1425
ISIC_0030161,HAM_0000622,melanocytic_Nevi,train,train,5799
ISIC_0030162,HAM_0006468,melanocytic_Nevi,train,train,5800
ISIC_0030163,HAM_0006140,melanocytic_Nevi,train,train,5801
ISIC_0030164,HAM_0002828,melanocytic_Nevi,test,train,5802
ISIC_0030165,HAM_0005911,melanoma,validation,train,8851
ISIC_0030166,HAM_0007270,melanocytic_Nevi,train,train,5803
ISIC_0030167,HAM_0004372,melanocytic_Nevi,test,train,5804
ISIC_0030168,HAM_0000966,melanocytic_Nevi,train,train,5805
ISIC_0030169,HAM_0005240,melanocytic_Nevi,test,train,5806
ISIC_0030170,HAM_0006845,melanocytic_Nevi,train,train,5807
ISIC_0030171,HAM_0006253,melanoma,train,train,8852
ISIC_0030172,HAM_0002722,benign_keratosis-like_lesions,train,train,1426
ISIC_0030173,HAM_0001982,benign_keratosis-like_lesions,validation,train,1427
ISIC_0030174,HAM_0005259,melanocytic_Nevi,train,train,5808
ISIC_0030175,HAM_0003051,actinic_keratoses,train,train,214
ISIC_0030176,HAM_0005450,melanocytic_Nevi,train,train,5809
ISIC_0030177,HAM_0000463,basal_cell_carcinoma,train,train,613
ISIC_0030178,HAM_0003533,melanocytic_Nevi,train,train,5810
ISIC_0030179,HAM_0001507,melanocytic_Nevi,train,train,5811
ISIC_0030180,HAM_0000362,melanocytic_Nevi,test,train,5812
ISIC_0030181,HAM_0005985,basal_cell_carcinoma,validation,train,614
ISIC_0030182,HAM_0000690,melanocytic_Nevi,train,train,5813
ISIC_0030183,HAM_0005532,melanoma,train,train,8853
ISIC_0030184,HAM_0004138,melanocytic_Nevi,train,train,5814
ISIC_0030185,HAM_0001204,melanocytic_Nevi,train,train,5815
ISIC_0030186,HAM_0006850,melanocytic_Nevi,train,train,5816
ISIC_0030187,HAM_0002622,melanoma,validation,train,8854
ISIC_0030188,HAM_0006240,benign_keratosis-like_lesions,train,train,1428
ISIC_0030189,HAM_0000959,benign_keratosis-like_lesions,train,train,1429
ISIC_0030190,HAM_0003956,melanocytic_Nevi,train,train,5817
ISIC_0030191,HAM_0003161,actinic_keratoses,train,train,215
ISIC_0030192,HAM_0006453,melanoma,train,train,8855
ISIC_0030193,HAM_0000671,melanocytic_Nevi,test,train,5818
ISIC_0030194,HAM_0000589,melanocytic_Nevi,train,train,5819
ISIC_0030195,HAM_0004110,melanocytic_Nevi,train,train,5820
ISIC_0030196,HAM_0006361,melanocytic_Nevi,train,train,5821
ISIC_0030197,HAM_0006727,basal_cell_carcinoma,train,train,615
ISIC_0030198,HAM_0005695,melanocytic_Nevi,train,train,5822
ISIC_0030199,HAM_0001165,melanocytic_Nevi,train,validation,1501
ISIC_0030200,HAM_0000495,melanocytic_Nevi,train,train,5823
ISIC_0030201,HAM_0005638,melanocytic_Nevi,train,train,5824
ISIC_0030202,HAM_0003644,melanocytic_Nevi,test,train,5825
ISIC_0030203,HAM_0001896,benign_keratosis-like_lesions,train,train,1430
ISIC_0030204,HAM_0005104,melanocytic_Nevi,test,train,5826
ISIC_0030205,HAM_0007322,melanocytic_Nevi,train,train,5827
ISIC_0030206,HAM_0000191,melanocytic_Nevi,train,train,5828
ISIC_0030207,HAM_0001399,benign_keratosis-like_lesions,test,train,1431
ISIC_0030208,HAM_0003152,benign_keratosis-like_lesions,train,train,1432
ISIC_0030209,HAM_0000266,melanocytic_Nevi,train,train,5829
ISIC_0030210,HAM_0004534,melanocytic_Nevi,test,train,5830
ISIC_0030211,HAM_0004126,melanoma,train,train,8856
ISIC_0030212,HAM_0000605,melanocytic_Nevi,train,train,5831
ISIC_0030213,HAM_0005622,melanocytic_Nevi,train,train,5832
ISIC_0030214,HAM_0006216,melanocytic_Nevi,train,train,5833
ISIC_0030215,HAM_0002978,melanocytic_Nevi,train,train,5834
ISIC_0030216,HAM_0001951,melanocytic_Nevi,train,train,5835
ISIC_0030217,HAM_0002137,melanocytic_Nevi,test,train,5836
ISIC_0030218,HAM_0002098,melanocytic_Nevi,train,train,5837
ISIC_0030219,HAM_0006681,melanocytic_Nevi,train,train,5838
ISIC_0030220,HAM_0004810,melanocytic_Nevi,validation,train,5839
ISIC_0030221,HAM_0001350,melanocytic_Nevi,test,train,5840
ISIC_0030222,HAM_0002213,melanocytic_Nevi,validation,validation,1507
ISIC_0030223,HAM_0005642,melanoma,train,train,8857
ISIC_0030224,HAM_0001802,melanocytic_Nevi,train,train,5841
ISIC_0030225,HAM_0005085,melanocytic_Nevi,test,train,5842
ISIC_0030226,HAM_0000069,benign_keratosis-like_lesions,train,train,1433
ISIC_0030227,HAM_0004917,benign_keratosis-like_lesions,test,train,1434
ISIC_0030228,HAM_0002777,melanocytic_Nevi,train,train,5843
ISIC_0030229,HAM_0003579,melanocytic_Nevi,train,train,5844
ISIC_0030230,HAM_0007588,basal_cell_carcinoma,train,train,616
ISIC_0030231,HAM_0003938,benign_keratosis-like_lesions,train,train,1435
ISIC_0030232,HAM_0005092,melanocytic_Nevi,validation,train,5845
ISIC_0030233,HAM_0003112,basal_cell_carcinoma,train,train,617
ISIC_0030234,HAM_0002152,melanocytic_Nevi,train,train,5846
ISIC_0030235,HAM_0002896,melanocytic_Nevi,train,train,5847
ISIC_0030236,HAM_0004368,melanocytic_Nevi,test,train,5848
ISIC_0030237,HAM_0003210,melanocytic_Nevi,train,train,5849
ISIC_0030238,HAM_0000375,melanoma,train,train,8858
ISIC_0030239,HAM_0001648,melanocytic_Nevi,test,train,5850
ISIC_0030240,HAM_0003392,benign_keratosis-like_lesions,test,train,1436
ISIC_0030241,HAM_0001294,benign_keratosis-like_lesions,train,train,1437
ISIC_0030242,HAM_0006898,actinic_keratoses,train,train,216
ISIC_0030243,HAM_0000721,melanocytic_Nevi,train,train,5851
ISIC_0030244,HAM_0007526,dermatofibroma,train,train,1914
ISIC_0030245,HAM_0004780,actinic_keratoses,test,train,217
ISIC_0030246,HAM_0003149,melanoma,train,train,8859
ISIC_0030247,HAM_0003767,melanocytic_Nevi,train,train,5852
ISIC_0030248,HAM_0006403,melanocytic_Nevi,train,train,5853
ISIC_0030249,HAM_0003444,basal_cell_carcinoma,validation,train,618
ISIC_0030250,HAM_0002163,melanocytic_Nevi,train,train,5854
ISIC_0030251,HAM_0001989,melanocytic_Nevi,train,train,5855
ISIC_0030252,HAM_0002263,melanocytic_Nevi,test,train,5856
ISIC_0030253,HAM_0005670,melanocytic_Nevi,train,train,5857
ISIC_0030254,HAM_0006759,melanocytic_Nevi,validation,train,5858
ISIC_0030255,HAM_0002817,melanoma,train,train,8860
ISIC_0030256,HAM_0001586,melanocytic_Nevi,validation,train,5859
ISIC_0030257,HAM_0001370,melanocytic_Nevi,train,train,5860
ISIC_0030258,HAM_0004945,benign_keratosis-like_lesions,train,train,1438
ISIC_0030259,HAM_0000665,melanocytic_Nevi,train,train,5861
ISIC_0030260,HAM_0006821,melanocytic_Nevi,validation,train,5862
ISIC_0030261,HAM_0004871,basal_cell_carcinoma,train,train,619
ISIC_0030262,HAM_0006474,melanocytic_Nevi,test,train,5863
ISIC_0030263,HAM_0003672,melanocytic_Nevi,train,train,5864
ISIC_0030264,HAM_0007221,melanocytic_Nevi,train,train,5865
ISIC_0030265,HAM_0003374,melanocytic_Nevi,train,train,5866
ISIC_0030266,HAM_0007458,melanocytic_Nevi,train,train,5867
ISIC_0030267,HAM_0000877,melanocytic_Nevi,train,train,5868
ISIC_0030268,HAM_0004717,melanocytic_Nevi,train,train,5869
ISIC_0030269,HAM_0006817,melanocytic_Nevi,test,train,5870
ISIC_0030270,HAM_0002029,melanocytic_Nevi,train,train,5871
ISIC_0030271,HAM_0005469,basal_cell_carcinoma,train,train,620
ISIC_0030272,HAM_0006697,benign_keratosis-like_lesions,train,train,1439
ISIC_0030273,HAM_0004524,melanocytic_Nevi,train,validation,1512
ISIC_0030274,HAM_0005100,melanocytic_Nevi,train,train,5872
ISIC_0030275,HAM_0002692,vascular_lesions,train,train,9515
ISIC_0030276,HAM_0004075,benign_keratosis-like_lesions,train,validation,378
ISIC_0030277,HAM_0004047,melanoma,train,train,8861
ISIC_0030278,HAM_0001545,melanocytic_Nevi,train,train,5873
ISIC_0030279,HAM_0002936,melanocytic_Nevi,train,train,5874
ISIC_0030280,HAM_0003633,actinic_keratoses,train,train,218
ISIC_0030281,HAM_0003315,melanoma,train,train,8862
ISIC_0030282,HAM_0005211,melanocytic_Nevi,test,train,5875
ISIC_0030283,HAM_0007372,vascular_lesions,validation,train,9516
ISIC_0030284,HAM_0003192,melanocytic_Nevi,train,train,5876
ISIC_0030285,HAM_0005178,melanocytic_Nevi,test,train,5877
ISIC_0030286,HAM_0000793,melanocytic_Nevi,validation,train,5878
ISIC_0030287,HAM_0004055,melanocytic_Nevi,test,train,5879
ISIC_0030288,HAM_0003626,melanocytic_Nevi,train,train,5880
ISIC_0030289,HAM_0002836,melanocytic_Nevi,test,train,5881
ISIC_0030290,HAM_0004391,melanocytic_Nevi,validation,train,5882
ISIC_0030291,HAM_0004983,melanocytic_Nevi,test,train,5883
ISIC_0030292,HAM_0002387,melanocytic_Nevi,train,train,5884
ISIC_0030293,HAM_0007618,melanocytic_Nevi,train,train,5885
ISIC_0030294,HAM_0007215,melanocytic_Nevi,train,train,5886
ISIC_0030295,HAM_0007404,melanocytic_Nevi,test,train,5887
ISIC_0030296,HAM_0005795,melanocytic_Nevi,train,train,5888
ISIC_0030297,HAM_0001621,actinic_keratoses,validation,train,219
ISIC_0030298,HAM_0003336,melanocytic_Nevi,train,train,5889
ISIC_0030299,HAM_0006554,melanocytic_Nevi,train,train,5890
ISIC_0030300,HAM_0002284,melanocytic_Nevi,train,train,5891
ISIC_0030301,HAM_0000788,melanocytic_Nevi,train,train,5892
ISIC_0030302,HAM_0000058,melanocytic_Nevi,train,train,5893
ISIC_0030303,HAM_0005143,melanocytic_Nevi,train,train,5894
ISIC_0030304,HAM_0000493,melanocytic_Nevi,train,train,5895
ISIC_0030305,HAM_0007577,melanocytic_Nevi,validation,train,5896
ISIC_0030306,HAM_0001904,melanocytic_Nevi,train,train,5897
ISIC_0030307,HAM_0003798,melanocytic_Nevi,train,train,5898
ISIC_0030308,HAM_0006250,melanocytic_Nevi,train,train,5899
ISIC_0030309,HAM_0006322,melanocytic_Nevi,train,train,5900
ISIC_0030310,HAM_0006993,benign_keratosis-like_lesions,train,train,1440
ISIC_0030311,HAM_0000836,melanocytic_Nevi,train,train,5901
ISIC_0030312,HAM_0004762,melanocytic_Nevi,train,train,5902
ISIC_0030313,HAM_0003902,melanocytic_Nevi,train,train,5903
ISIC_0030314,HAM_0004536,basal_cell_carcinoma,train,train,621
ISIC_0030315,HAM_0002584,melanocytic_Nevi,train,train,5904
ISIC_0030316,HAM_0000441,benign_keratosis-like_lesions,train,train,1441
ISIC_0030317,HAM_0001050,melanocytic_Nevi,train,train,5905
ISIC_0030318,HAM_0004423,benign_keratosis-like_lesions,train,train,1442
ISIC_0030319,HAM_0003508,benign_keratosis-like_lesions,test,train,1443
ISIC_0030320,HAM_0006646,melanocytic_Nevi,train,train,5906
ISIC_0030321,HAM_0003555,dermatofibroma,train,train,1915
ISIC_0030322,HAM_0005279,melanocytic_Nevi,validation,train,5907
ISIC_0030323,HAM_0004232,benign_keratosis-like_lesions,validation,train,1444
ISIC_0030324,HAM_0005095,melanoma,validation,train,8863
ISIC_0030325,HAM_0004493,melanocytic_Nevi,train,train,5908
ISIC_0030326,HAM_0000262,melanocytic_Nevi,train,train,5909
ISIC_0030327,HAM_0005815,melanocytic_Nevi,test,train,5910
ISIC_0030328,HAM_0001334,melanocytic_Nevi,test,train,5911
ISIC_0030329,HAM_0003279,benign_keratosis-like_lesions,test,train,1445
ISIC_0030330,HAM_0002399,melanocytic_Nevi,train,validation,1517
ISIC_0030331,HAM_0006163,melanocytic_Nevi,train,train,5912
ISIC_0030332,HAM_0007035,melanocytic_Nevi,validation,train,5913
ISIC_0030333,HAM_0004853,melanoma,train,train,8864
ISIC_0030334,HAM_0001497,melanocytic_Nevi,train,train,5914
ISIC_0030335,HAM_0004603,basal_cell_carcinoma,validation,train,622
ISIC_0030336,HAM_0006551,melanocytic_Nevi,train,validation,1520
ISIC_0030337,HAM_0002640,melanocytic_Nevi,train,train,5915
ISIC_0030338,HAM_0001775,melanocytic_Nevi,train,train,5916
ISIC_0030339,HAM_0000915,basal_cell_carcinoma,train,train,623
ISIC_0030340,HAM_0006972,melanocytic_Nevi,validation,train,5917
ISIC_0030341,HAM_0004558,actinic_keratoses,train,train,220
ISIC_0030342,HAM_0006508,melanocytic_Nevi,train,train,5918
ISIC_0030343,HAM_0006570,melanocytic_Nevi,train,train,5919
ISIC_0030344,HAM_0007199,actinic_keratoses,train,train,221
ISIC_0030345,HAM_0004598,melanocytic_Nevi,train,train,5920
ISIC_0030346,HAM_0005146,benign_keratosis-like_lesions,validation,train,1446
ISIC_0030347,HAM_0006019,melanocytic_Nevi,train,train,5921
ISIC_0030348,HAM_0002364,melanocytic_Nevi,train,train,5922
ISIC_0030349,HAM_0006572,basal_cell_carcinoma,test,train,624
ISIC_0030350,HAM_0006822,melanocytic_Nevi,validation,train,5923
ISIC_0030351,HAM_0004017,melanocytic_Nevi,test,train,5924
ISIC_0030352,HAM_0001129,basal_cell_carcinoma,test,train,625
ISIC_0030353,HAM_0000737,melanocytic_Nevi,train,train,5925
ISIC_0030354,HAM_0003987,melanocytic_Nevi,train,train,5926
ISIC_0030355,HAM_0002159,melanocytic_Nevi,validation,train,5927
ISIC_0030356,HAM_0005481,melanoma,train,train,8865
ISIC_0030357,HAM_0004026,melanocytic_Nevi,validation,train,5928
ISIC_0030358,HAM_0005960,melanocytic_Nevi,train,train,5929
ISIC_0030359,HAM_0007435,melanocytic_Nevi,train,train,5930
ISIC_0030360,HAM_0000220,melanoma,train,train,8866
ISIC_0030361,HAM_0001470,melanocytic_Nevi,train,train,5931
ISIC_0030362,HAM_0000135,melanocytic_Nevi,train,train,5932
ISIC_0030363,HAM_0004112,melanocytic_Nevi,validation,train,5933
ISIC_0030364,HAM_0001709,melanocytic_Nevi,train,train,5934
ISIC_0030365,HAM_0004801,benign_keratosis-like_lesions,train,train,1447
ISIC_0030366,HAM_0002764,melanoma,train,train,8867
ISIC_0030367,HAM_0003320,melanocytic_Nevi,train,train,5935
ISIC_0030368,HAM_0006422,melanocytic_Nevi,test,train,5936
ISIC_0030369,HAM_0003514,benign_keratosis-like_lesions,train,train,1448
ISIC_0030370,HAM_0000889,melanocytic_Nevi,train,train,5937
ISIC_0030371,HAM_0005342,melanocytic_Nevi,train,train,5938
ISIC_0030372,HAM_0000881,benign_keratosis-like_lesions,train,train,1449
ISIC_0030373,HAM_0007362,melanocytic_Nevi,train,train,5939
ISIC_0030374,HAM_0007095,melanocytic_Nevi,train,train,5940
ISIC_0030375,HAM_0007037,actinic_keratoses,train,train,222
ISIC_0030376,HAM_0000053,melanocytic_Nevi,train,train,5941
ISIC_0030377,HAM_0001983,benign_keratosis-like_lesions,train,train,1450
ISIC_0030378,HAM_0004128,melanocytic_Nevi,test,train,5942
ISIC_0030379,HAM_0003416,melanocytic_Nevi,train,train,5943
ISIC_0030380,HAM_0002405,melanocytic_Nevi,train,train,5944
ISIC_0030381,HAM_0005702,melanocytic_Nevi,validation,train,5945
ISIC_0030382,HAM_0005640,melanoma,test,train,8868
ISIC_0030383,HAM_0003996,benign_keratosis-like_lesions,validation,validation,380
ISIC_0030384,HAM_0001169,melanocytic_Nevi,train,train,5946
ISIC_0030385,HAM_0000997,melanocytic_Nevi,train,train,5947
ISIC_0030386,HAM_0003201,melanocytic_Nevi,train,train,5948
ISIC_0030387,HAM_0005650,actinic_keratoses,test,train,223
ISIC_0030388,HAM_0000936,melanocytic_Nevi,train,train,5949
ISIC_0030389,HAM_0005645,melanocytic_Nevi,train,train,5950
ISIC_0030390,HAM_0000917,melanoma,test,train,8869
ISIC_0030391,HAM_0000337,melanoma,train,train,8870
ISIC_0030392,HAM_0003395,melanocytic_Nevi,validation,validation,1527
ISIC_0030393,HAM_0005238,melanocytic_Nevi,train,train,5951
ISIC_0030394,HAM_0000835,benign_keratosis-like_lesions,train,train,1451
ISIC_0030395,HAM_0002980,melanocytic_Nevi,train,train,5952
ISIC_0030396,HAM_0004570,benign_keratosis-like_lesions,train,train,1452
ISIC_0030397,HAM_0005614,melanocytic_Nevi,train,train,5953
ISIC_0030398,HAM_0003834,melanocytic_Nevi,validation,train,5954
ISIC_0030399,HAM_0005870,melanocytic_Nevi,validation,train,5955
ISIC_0030400,HAM_0001145,melanocytic_Nevi,train,train,5956
ISIC_0030401,HAM_0002370,melanocytic_Nevi,train,train,5957
ISIC_0030402,HAM_0002019,melanocytic_Nevi,validation,train,5958
ISIC_0030403,HAM_0004027,basal_cell_carcinoma,train,train,626
ISIC_0030404,HAM_0002084,melanocytic_Nevi,train,train,5959
ISIC_0030405,HAM_0006555,melanocytic_Nevi,train,train,5960
ISIC_0030406,HAM_0007548,melanocytic_Nevi,test,train,5961
ISIC_0030407,HAM_0005550,melanocytic_Nevi,train,train,5962
ISIC_0030408,HAM_0002061,actinic_keratoses,validation,train,224
ISIC_0030409,HAM_0001181,melanocytic_Nevi,train,train,5963
ISIC_0030410,HAM_0006553,melanocytic_Nevi,train,train,5964
ISIC_0030411,HAM_0001392,melanocytic_Nevi,train,train,5965
ISIC_0030412,HAM_0002123,melanocytic_Nevi,train,train,5966
ISIC_0030413,HAM_0006546,melanocytic_Nevi,test,train,5967
ISIC_0030414,HAM_0003717,melanocytic_Nevi,validation,train,5968
ISIC_0030415,HAM_0005317,melanocytic_Nevi,test,train,5969
ISIC_0030416,HAM_0003026,melanocytic_Nevi,test,train,5970
ISIC_0030417,HAM_0004476,melanoma,validation,train,8871
ISIC_0030418,HAM_0005283,melanocytic_Nevi,train,train,5971
ISIC_0030419,HAM_0005063,melanocytic_Nevi,train,train,5972
ISIC_0030420,HAM_0003106,melanocytic_Nevi,train,train,5973
ISIC_0030421,HAM_0007183,melanocytic_Nevi,test,train,5974
ISIC_0030422,HAM_0005980,melanocytic_Nevi,test,train,5975
ISIC_0030423,HAM_0005121,melanoma,train,validation,2312
ISIC_0030424,HAM_0006452,melanocytic_Nevi,validation,train,5976
ISIC_0030425,HAM_0004946,melanocytic_Nevi,train,train,5977
ISIC_0030426,HAM_0002670,melanocytic_Nevi,train,train,5978
ISIC_0030427,HAM_0004371,dermatofibroma,train,train,1916
ISIC_0030428,HAM_0002508,melanocytic_Nevi,train,train,5979
ISIC_0030429,HAM_0006146,melanocytic_Nevi,test,train,5980
ISIC_0030430,HAM_0003185,melanocytic_Nevi,train,train,5981
ISIC_0030431,HAM_0005833,melanocytic_Nevi,validation,train,5982
ISIC_0030432,HAM_0006735,melanocytic_Nevi,validation,train,5983
ISIC_0030433,HAM_0005582,melanocytic_Nevi,train,train,5984
ISIC_0030434,HAM_0005733,melanocytic_Nevi,train,train,5985
ISIC_0030435,HAM_0002877,melanocytic_Nevi,test,train,5986
ISIC_0030436,HAM_0004883,benign_keratosis-like_lesions,train,train,1453
ISIC_0030437,HAM_0003746,melanocytic_Nevi,train,train,5987
ISIC_0030438,HAM_0006206,melanocytic_Nevi,train,train,5988
ISIC_0030439,HAM_0002743,melanocytic_Nevi,train,train,5989
ISIC_0030440,HAM_0002509,melanoma,train,train,8872
ISIC_0030441,HAM_0000479,melanocytic_Nevi,validation,train,5990
ISIC_0030442,HAM_0004756,dermatofibroma,train,train,1917
ISIC_0030443,HAM_0006722,melanoma,test,train,8873
ISIC_0030444,HAM_0004923,melanocytic_Nevi,test,validation,1535
ISIC_0030445,HAM_0003031,melanoma,train,train,8874
ISIC_0030446,HAM_0003805,basal_cell_carcinoma,train,train,627
ISIC_0030447,HAM_0003523,melanocytic_Nevi,test,train,5991
ISIC_0030448,HAM_0005013,melanocytic_Nevi,train,train,5992
ISIC_0030449,HAM_0007071,melanocytic_Nevi,test,train,5993
ISIC_0030450,HAM_0006328,melanocytic_Nevi,validation,train,5994
ISIC_0030451,HAM_0006905,melanocytic_Nevi,validation,train,5995
ISIC_0030452,HAM_0004235,basal_cell_carcinoma,train,train,628
ISIC_0030453,HAM_0003116,melanocytic_Nevi,validation,train,5996
ISIC_0030454,HAM_0001267,melanocytic_Nevi,train,train,5997
ISIC_0030455,HAM_0000717,melanocytic_Nevi,train,train,5998
ISIC_0030456,HAM_0000194,melanocytic_Nevi,train,train,5999
ISIC_0030457,HAM_0006662,melanocytic_Nevi,train,train,6000
ISIC_0030458,HAM_0004494,benign_keratosis-like_lesions,validation,train,1454
ISIC_0030459,HAM_0003140,benign_keratosis-like_lesions,validation,train,1455
ISIC_0030460,HAM_0001696,melanocytic_Nevi,train,train,6001
ISIC_0030461,HAM_0004252,melanocytic_Nevi,train,train,6002
ISIC_0030462,HAM_0004766,melanocytic_Nevi,train,train,6003
ISIC_0030463,HAM_0004655,actinic_keratoses,train,train,225
ISIC_0030464,HAM_0006303,melanocytic_Nevi,test,train,6004
ISIC_0030465,HAM_0002335,benign_keratosis-like_lesions,validation,train,1456
ISIC_0030466,HAM_0004432,melanocytic_Nevi,train,train,6005
ISIC_0030467,HAM_0004759,melanocytic_Nevi,test,train,6006
ISIC_0030468,HAM_0003703,melanocytic_Nevi,train,train,6007
ISIC_0030469,HAM_0005810,melanocytic_Nevi,train,train,6008
ISIC_0030470,HAM_0001876,melanocytic_Nevi,train,train,6009
ISIC_0030471,HAM_0002540,melanocytic_Nevi,train,validation,1541
ISIC_0030472,HAM_0005161,melanocytic_Nevi,test,train,6010
ISIC_0030473,HAM_0005244,melanocytic_Nevi,train,train,6011
ISIC_0030474,HAM_0005399,melanocytic_Nevi,validation,train,6012
ISIC_0030475,HAM_0006051,melanocytic_Nevi,validation,train,6013
ISIC_0030476,HAM_0005372,melanocytic_Nevi,validation,train,6014
ISIC_0030477,HAM_0000141,melanocytic_Nevi,train,train,6015
ISIC_0030478,HAM_0000894,melanocytic_Nevi,train,train,6016
ISIC_0030479,HAM_0007566,melanocytic_Nevi,test,train,6017
ISIC_0030480,HAM_0004468,melanocytic_Nevi,train,train,6018
ISIC_0030481,HAM_0003876,melanocytic_Nevi,train,train,6019
ISIC_0030482,HAM_0006951,melanocytic_Nevi,train,train,6020
ISIC_0030483,HAM_0006569,melanocytic_Nevi,train,train,6021
ISIC_0030484,HAM_0007274,melanocytic_Nevi,train,train,6022
ISIC_0030485,HAM_0002587,melanocytic_Nevi,validation,train,6023
ISIC_0030486,HAM_0001150,melanoma,validation,train,8875
ISIC_0030487,HAM_0000688,actinic_keratoses,train,train,226
ISIC_0030488,HAM_0005262,benign_keratosis-like_lesions,train,train,1457
ISIC_0030489,HAM_0007447,melanocytic_Nevi,validation,train,6024
ISIC_0030490,HAM_0001438,melanocytic_Nevi,train,train,6025
ISIC_0030491,HAM_0002441,actinic_keratoses,train,train,227
ISIC_0030492,HAM_0004043,melanocytic_Nevi,test,train,6026
ISIC_0030493,HAM_0004981,melanocytic_Nevi,train,train,6027
ISIC_0030494,HAM_0004715,melanocytic_Nevi,train,train,6028
ISIC_0030495,HAM_0003111,melanocytic_Nevi,train,train,6029
ISIC_0030496,HAM_0005808,melanocytic_Nevi,train,train,6030
ISIC_0030497,HAM_0004804,melanocytic_Nevi,train,train,6031
ISIC_0030498,HAM_0003098,melanocytic_Nevi,validation,train,6032
ISIC_0030499,HAM_0001086,melanocytic_Nevi,train,train,6033
ISIC_0030500,HAM_0001836,melanocytic_Nevi,test,train,6034
ISIC_0030501,HAM_0000887,melanoma,train,train,8876
ISIC_0030502,HAM_0002991,melanocytic_Nevi,train,train,6035
ISIC_0030503,HAM_0005919,melanocytic_Nevi,train,train,6036
ISIC_0030504,HAM_0005014,melanocytic_Nevi,train,train,6037
ISIC_0030505,HAM_0007190,melanocytic_Nevi,test,train,6038
ISIC_0030506,HAM_0000384,melanocytic_Nevi,train,train,6039
ISIC_0030507,HAM_0000517,melanoma,validation,train,8877
ISIC_0030508,HAM_0006041,melanocytic_Nevi,validation,train,6040
ISIC_0030509,HAM_0000027,melanocytic_Nevi,train,train,6041
ISIC_0030510,HAM_0000895,melanocytic_Nevi,train,train,6042
ISIC_0030511,HAM_0005599,basal_cell_carcinoma,train,train,629
ISIC_0030512,HAM_0006833,melanoma,train,train,8878
ISIC_0030513,HAM_0006060,melanocytic_Nevi,validation,train,6043
ISIC_0030514,HAM_0006872,basal_cell_carcinoma,test,train,630
ISIC_0030515,HAM_0004361,melanocytic_Nevi,train,train,6044
ISIC_0030516,HAM_0003312,melanocytic_Nevi,train,train,6045
ISIC_0030517,HAM_0005093,melanocytic_Nevi,train,train,6046
ISIC_0030518,HAM_0005872,melanocytic_Nevi,train,train,6047
ISIC_0030519,HAM_0005703,melanocytic_Nevi,test,train,6048
ISIC_0030520,HAM_0003221,melanocytic_Nevi,train,train,6049
ISIC_0030521,HAM_0006522,melanoma,train,train,8879
ISIC_0030522,HAM_0001325,benign_keratosis-like_lesions,train,train,1458
ISIC_0030523,HAM_0006362,melanocytic_Nevi,validation,train,6050
ISIC_0030524,HAM_0005419,melanocytic_Nevi,train,train,6051
ISIC_0030525,HAM_0007004,melanocytic_Nevi,train,train,6052
ISIC_0030526,HAM_0002313,basal_cell_carcinoma,train,train,631
ISIC_0030527,HAM_0006713,melanocytic_Nevi,train,train,6053
ISIC_0030528,HAM_0000512,basal_cell_carcinoma,train,train,632
ISIC_0030529,HAM_0001459,melanocytic_Nevi,train,train,6054
ISIC_0030530,HAM_0001244,melanocytic_Nevi,train,train,6055
ISIC_0030531,HAM_0000257,melanocytic_Nevi,train,train,6056
ISIC_0030532,HAM_0002766,melanocytic_Nevi,test,train,6057
ISIC_0030533,HAM_0003664,benign_keratosis-like_lesions,train,train,1459
ISIC_0030534,HAM_0002647,melanocytic_Nevi,test,train,6058
ISIC_0030535,HAM_0001762,melanocytic_Nevi,train,validation,1555
ISIC_0030536,HAM_0002782,melanocytic_Nevi,validation,train,6059
ISIC_0030537,HAM_0003997,melanocytic_Nevi,train,train,6060
ISIC_0030538,HAM_0003630,melanocytic_Nevi,test,train,6061
ISIC_0030539,HAM_0002182,melanoma,train,train,8880
ISIC_0030540,HAM_0000529,melanocytic_Nevi,train,train,6062
ISIC_0030541,HAM_0006657,melanocytic_Nevi,train,train,6063
ISIC_0030542,HAM_0002810,benign_keratosis-like_lesions,train,train,1460
ISIC_0030543,HAM_0001745,melanocytic_Nevi,train,train,6064
ISIC_0030544,HAM_0003562,melanocytic_Nevi,train,train,6065
ISIC_0030545,HAM_0006831,melanocytic_Nevi,validation,train,6066
ISIC_0030546,HAM_0006810,melanocytic_Nevi,train,train,6067
ISIC_0030547,HAM_0006956,melanocytic_Nevi,train,train,6068
ISIC_0030548,HAM_0005412,melanocytic_Nevi,train,validation,1558
ISIC_0030549,HAM_0002094,actinic_keratoses,train,train,228
ISIC_0030550,HAM_0000219,melanocytic_Nevi,train,train,6069
ISIC_0030551,HAM_0004445,melanocytic_Nevi,validation,train,6070
ISIC_0030552,HAM_0002897,melanoma,train,train,8881
ISIC_0030553,HAM_0005848,melanocytic_Nevi,train,train,6071
ISIC_0030554,HAM_0005422,melanocytic_Nevi,train,train,6072
ISIC_0030555,HAM_0004330,dermatofibroma,test,train,1918
ISIC_0030556,HAM_0001771,melanocytic_Nevi,test,train,6073
ISIC_0030557,HAM_0004646,melanocytic_Nevi,test,train,6074
ISIC_0030558,HAM_0007192,melanocytic_Nevi,train,train,6075
ISIC_0030559,HAM_0004944,melanocytic_Nevi,validation,train,6076
ISIC_0030560,HAM_0007424,melanocytic_Nevi,train,train,6077
ISIC_0030561,HAM_0004377,benign_keratosis-like_lesions,train,train,1461
ISIC_0030562,HAM_0004093,melanocytic_Nevi,train,train,6078
ISIC_0030563,HAM_0007136,melanocytic_Nevi,train,train,6079
ISIC_0030564,HAM_0005613,melanoma,train,train,8882
ISIC_0030565,HAM_0004852,benign_keratosis-like_lesions,train,train,1462
ISIC_0030566,HAM_0002464,melanocytic_Nevi,train,train,6080
ISIC_0030567,HAM_0003609,melanocytic_Nevi,train,train,6081
ISIC_0030568,HAM_0002406,melanocytic_Nevi,validation,train,6082
ISIC_0030569,HAM_0003924,melanocytic_Nevi,train,train,6083
ISIC_0030570,HAM_0004885,melanocytic_Nevi,train,train,6084
ISIC_0030571,HAM_0003190,melanocytic_Nevi,train,train,6085
ISIC_0030572,HAM_0000809,melanocytic_Nevi,train,train,6086
ISIC_0030573,HAM_0003665,melanocytic_Nevi,train,train,6087
ISIC_0030574,HAM_0000195,basal_cell_carcinoma,train,train,633
ISIC_0030575,HAM_0002032,melanoma,test,train,8883
ISIC_0030576,HAM_0004414,melanocytic_Nevi,train,train,6088
ISIC_0030577,HAM_0000281,melanocytic_Nevi,validation,validation,1562
ISIC_0030578,HAM_0002789,melanocytic_Nevi,train,train,6089
ISIC_0030579,HAM_0002546,dermatofibroma,train,train,1919
ISIC_0030580,HAM_0006702,melanocytic_Nevi,train,train,6090
ISIC_0030581,HAM_0002916,melanocytic_Nevi,train,train,6091
ISIC_0030582,HAM_0005298,melanocytic_Nevi,train,train,6092
ISIC_0030583,HAM_0000465,benign_keratosis-like_lesions,test,train,1463
ISIC_0030584,HAM_0005458,melanocytic_Nevi,validation,train,6093
ISIC_0030585,HAM_0005720,melanocytic_Nevi,train,train,6094
ISIC_0030586,HAM_0006875,actinic_keratoses,train,train,229
ISIC_0030587,HAM_0001848,melanocytic_Nevi,train,validation,1565
ISIC_0030588,HAM_0002979,melanocytic_Nevi,train,train,6095
ISIC_0030589,HAM_0005829,melanocytic_Nevi,train,train,6096
ISIC_0030590,HAM_0000950,melanocytic_Nevi,train,train,6097
ISIC_0030591,HAM_0000005,actinic_keratoses,train,train,230
ISIC_0030592,HAM_0006154,melanocytic_Nevi,test,train,6098
ISIC_0030593,HAM_0002685,melanocytic_Nevi,train,train,6099
ISIC_0030594,HAM_0002736,basal_cell_carcinoma,train,train,634
ISIC_0030595,HAM_0002001,melanocytic_Nevi,train,train,6100
ISIC_0030596,HAM_0006285,melanocytic_Nevi,test,train,6101
ISIC_0030597,HAM_0002661,melanocytic_Nevi,test,train,6102
ISIC_0030598,HAM_0001891,melanocytic_Nevi,train,train,6103
ISIC_0030599,HAM_0004074,melanocytic_Nevi,train,train,6104
ISIC_0030600,HAM_0007157,melanocytic_Nevi,train,train,6105
ISIC_0030601,HAM_0004488,melanocytic_Nevi,train,train,6106
ISIC_0030602,HAM_0007555,actinic_keratoses,test,train,231
ISIC_0030603,HAM_0006921,melanocytic_Nevi,train,train,6107
ISIC_0030604,HAM_0002613,melanoma,train,train,8884
ISIC_0030605,HAM_0001820,benign_keratosis-like_lesions,validation,train,1464
ISIC_0030606,HAM_0002610,vascular_lesions,test,train,9517
ISIC_0030607,HAM_0005075,benign_keratosis-like_lesions,test,train,1465
ISIC_0030608,HAM_0007029,benign_keratosis-like_lesions,train,train,1466
ISIC_0030609,HAM_0001813,melanocytic_Nevi,train,train,6108
ISIC_0030610,HAM_0001130,melanocytic_Nevi,test,train,6109
ISIC_0030611,HAM_0001795,melanocytic_Nevi,train,train,6110
ISIC_0030612,HAM_0000467,melanocytic_Nevi,train,train,6111
ISIC_0030613,HAM_0006298,melanocytic_Nevi,train,train,6112
ISIC_0030614,HAM_0001568,melanocytic_Nevi,train,train,6113
ISIC_0030615,HAM_0001236,melanocytic_Nevi,train,train,6114
ISIC_0030616,HAM_0005623,melanoma,train,train,8885
ISIC_0030617,HAM_0006778,melanocytic_Nevi,train,train,6115
ISIC_0030618,HAM_0001379,melanocytic_Nevi,train,train,6116
ISIC_0030619,HAM_0003379,melanocytic_Nevi,train,train,6117
ISIC_0030620,HAM_0006409,melanocytic_Nevi,validation,train,6118
ISIC_0030621,HAM_0001101,melanocytic_Nevi,test,train,6119
ISIC_0030622,HAM_0006134,melanocytic_Nevi,train,train,6120
ISIC_0030623,HAM_0000871,melanoma,train,train,8886
ISIC_0030624,HAM_0006771,melanocytic_Nevi,train,train,6121
ISIC_0030625,HAM_0007342,melanocytic_Nevi,train,validation,1574
ISIC_0030626,HAM_0001031,melanocytic_Nevi,validation,train,6122
ISIC_0030627,HAM_0006202,melanocytic_Nevi,train,train,6123
ISIC_0030628,HAM_0002707,melanocytic_Nevi,train,train,6124
ISIC_0030629,HAM_0004935,melanocytic_Nevi,train,train,6125
ISIC_0030630,HAM_0003787,benign_keratosis-like_lesions,train,train,1467
ISIC_0030631,HAM_0000883,melanocytic_Nevi,test,train,6126
ISIC_0030632,HAM_0002811,melanocytic_Nevi,train,train,6127
ISIC_0030633,HAM_0005391,melanocytic_Nevi,train,train,6128
ISIC_0030634,HAM_0000830,melanocytic_Nevi,train,train,6129
ISIC_0030635,HAM_0003640,melanocytic_Nevi,train,train,6130
ISIC_0030636,HAM_0001226,benign_keratosis-like_lesions,train,train,1468
ISIC_0030637,HAM_0004173,melanocytic_Nevi,train,train,6131
ISIC_0030638,HAM_0005976,melanocytic_Nevi,validation,train,6132
ISIC_0030639,HAM_0000815,melanocytic_Nevi,validation,train,6133
ISIC_0030640,HAM_0007311,melanocytic_Nevi,train,train,6134
ISIC_0030641,HAM_0006079,melanocytic_Nevi,train,train,6135
ISIC_0030642,HAM_0007023,melanocytic_Nevi,train,train,6136
ISIC_0030643,HAM_0004894,melanocytic_Nevi,train,train,6137
ISIC_0030644,HAM_0003853,basal_cell_carcinoma,test,train,635
ISIC_0030645,HAM_0003911,melanocytic_Nevi,test,train,6138
ISIC_0030646,HAM_0007074,melanocytic_Nevi,train,train,6139
ISIC_0030647,HAM_0002987,melanocytic_Nevi,test,train,6140
ISIC_0030648,HAM_0003607,melanocytic_Nevi,train,train,6141
ISIC_0030649,HAM_0005420,benign_keratosis-like_lesions,train,train,1469
ISIC_0030650,HAM_0000538,melanocytic_Nevi,train,train,6142
ISIC_0030651,HAM_0004374,melanocytic_Nevi,train,train,6143
ISIC_0030652,HAM_0002628,melanocytic_Nevi,validation,train,6144
ISIC_0030653,HAM_0003957,melanoma,test,train,8887
ISIC_0030654,HAM_0000597,melanocytic_Nevi,train,train,6145
ISIC_0030655,HAM_0000356,actinic_keratoses,train,train,232
ISIC_0030656,HAM_0003825,melanocytic_Nevi,test,train,6146
ISIC_0030657,HAM_0005639,melanocytic_Nevi,train,train,6147
ISIC_0030658,HAM_0002474,melanocytic_Nevi,train,test,839
ISIC_0030659,HAM_0001618,basal_cell_carcinoma,train,train,636
ISIC_0030660,HAM_0003128,melanocytic_Nevi,train,train,6148
ISIC_0030661,HAM_0003847,benign_keratosis-like_lesions,train,train,1470
ISIC_0030662,HAM_0006179,melanocytic_Nevi,train,train,6149
ISIC_0030663,HAM_0006104,melanocytic_Nevi,train,train,6150
ISIC_0030664,HAM_0007123,melanocytic_Nevi,validation,train,6151
ISIC_0030665,HAM_0005359,dermatofibroma,validation,train,1920
ISIC_0030666,HAM_0005188,melanocytic_Nevi,validation,train,6152
ISIC_0030667,HAM_0004530,melanocytic_Nevi,validation,train,6153
ISIC_0030668,HAM_0006579,melanocytic_Nevi,validation,train,6154
ISIC_0030669,HAM_0007244,melanocytic_Nevi,train,train,6155
ISIC_0030670,HAM_0000726,melanocytic_Nevi,train,train,6156
ISIC_0030671,HAM_0006578,melanocytic_Nevi,train,train,6157
ISIC_0030672,HAM_0007255,melanocytic_Nevi,validation,test,841
ISIC_0030673,HAM_0001144,melanocytic_Nevi,train,train,6158
ISIC_0030674,HAM_0006905,melanocytic_Nevi,validation,train,6159
ISIC_0030675,HAM_0003568,melanocytic_Nevi,validation,train,6160
ISIC_0030676,HAM_0005054,melanocytic_Nevi,train,train,6161
ISIC_0030677,HAM_0004453,benign_keratosis-like_lesions,train,train,1471
ISIC_0030678,HAM_0006591,melanocytic_Nevi,train,validation,1583
ISIC_0030679,HAM_0005784,melanocytic_Nevi,validation,train,6162
ISIC_0030680,HAM_0002381,melanocytic_Nevi,test,train,6163
ISIC_0030681,HAM_0004397,melanoma,train,train,8888
ISIC_0030682,HAM_0002924,melanocytic_Nevi,test,train,6164
ISIC_0030683,HAM_0001024,benign_keratosis-like_lesions,train,train,1472
ISIC_0030684,HAM_0007328,melanocytic_Nevi,train,train,6165
ISIC_0030685,HAM_0000585,melanocytic_Nevi,train,train,6166
ISIC_0030686,HAM_0001592,melanocytic_Nevi,train,train,6167
ISIC_0030687,HAM_0000791,basal_cell_carcinoma,train,train,637
ISIC_0030688,HAM_0003475,melanocytic_Nevi,test,train,6168
ISIC_0030689,HAM_0000952,melanoma,train,train,8889
ISIC_0030690,HAM_0004514,basal_cell_carcinoma,train,train,638
ISIC_0030691,HAM_0006081,melanocytic_Nevi,train,validation,1587
ISIC_0030692,HAM_0001828,melanocytic_Nevi,train,train,6169
ISIC_0030693,HAM_0005314,melanocytic_Nevi,validation,train,6170
ISIC_0030694,HAM_0002490,melanocytic_Nevi,train,train,6171
ISIC_0030695,HAM_0004164,melanoma,train,train,8890
ISIC_0030696,HAM_0003796,melanocytic_Nevi,train,train,6172
ISIC_0030697,HAM_0001141,melanocytic_Nevi,train,train,6173
ISIC_0030698,HAM_0006574,benign_keratosis-like_lesions,test,train,1473
ISIC_0030699,HAM_0006688,melanocytic_Nevi,train,train,6174
ISIC_0030700,HAM_0004422,benign_keratosis-like_lesions,train,train,1474
ISIC_0030701,HAM_0005045,melanocytic_Nevi,train,train,6175
ISIC_0030702,HAM_0002246,melanocytic_Nevi,train,validation,1590
ISIC_0030703,HAM_0002373,melanocytic_Nevi,train,train,6176
ISIC_0030704,HAM_0005966,melanocytic_Nevi,train,train,6177
ISIC_0030705,HAM_0004141,benign_keratosis-like_lesions,train,train,1475
ISIC_0030706,HAM_0003089,benign_keratosis-like_lesions,test,validation,388
ISIC_0030707,HAM_0001890,actinic_keratoses,train,train,233
ISIC_0030708,HAM_0002162,melanocytic_Nevi,train,train,6178
ISIC_0030709,HAM_0000249,melanocytic_Nevi,train,train,6179
ISIC_0030710,HAM_0007484,melanocytic_Nevi,train,validation,1591
ISIC_0030711,HAM_0002418,melanocytic_Nevi,train,train,6180
ISIC_0030712,HAM_0007248,basal_cell_carcinoma,train,train,639
ISIC_0030713,HAM_0006866,melanocytic_Nevi,train,train,6181
ISIC_0030714,HAM_0003989,actinic_keratoses,train,train,234
ISIC_0030715,HAM_0003339,melanocytic_Nevi,test,train,6182
ISIC_0030716,HAM_0006308,melanocytic_Nevi,train,train,6183
ISIC_0030717,HAM_0000431,melanocytic_Nevi,train,train,6184
ISIC_0030718,HAM_0005373,melanocytic_Nevi,train,train,6185
ISIC_0030719,HAM_0000633,melanocytic_Nevi,train,train,6186
ISIC_0030720,HAM_0002663,melanocytic_Nevi,train,train,6187
ISIC_0030721,HAM_0006769,benign_keratosis-like_lesions,train,train,1476
ISIC_0030722,HAM_0004820,vascular_lesions,train,train,9518
ISIC_0030723,HAM_0000782,benign_keratosis-like_lesions,train,train,1477
ISIC_0030724,HAM_0000862,melanocytic_Nevi,test,train,6188
ISIC_0030725,HAM_0000300,melanocytic_Nevi,train,train,6189
ISIC_0030726,HAM_0002255,melanocytic_Nevi,validation,train,6190
ISIC_0030727,HAM_0005957,melanocytic_Nevi,train,train,6191
ISIC_0030728,HAM_0006842,melanocytic_Nevi,validation,train,6192
ISIC_0030729,HAM_0003048,melanocytic_Nevi,train,train,6193
ISIC_0030730,HAM_0004592,actinic_keratoses,train,train,235
ISIC_0030731,HAM_0005865,benign_keratosis-like_lesions,train,train,1478
ISIC_0030732,HAM_0006366,melanocytic_Nevi,validation,train,6194
ISIC_0030733,HAM_0006245,melanocytic_Nevi,train,train,6195
ISIC_0030734,HAM_0004692,melanocytic_Nevi,train,train,6196
ISIC_0030735,HAM_0004837,melanocytic_Nevi,train,train,6197
ISIC_0030736,HAM_0004818,melanocytic_Nevi,validation,train,6198
ISIC_0030737,HAM_0003119,basal_cell_carcinoma,train,train,640
ISIC_0030738,HAM_0004560,melanocytic_Nevi,train,train,6199
ISIC_0030739,HAM_0002678,melanocytic_Nevi,train,train,6200
ISIC_0030740,HAM_0002319,melanocytic_Nevi,train,train,6201
ISIC_0030741,HAM_0003912,melanocytic_Nevi,train,train,6202
ISIC_0030742,HAM_0000603,melanocytic_Nevi,train,train,6203
ISIC_0030743,HAM_0003513,melanocytic_Nevi,train,train,6204
ISIC_0030744,HAM_0000847,benign_keratosis-like_lesions,train,train,1479
ISIC_0030745,HAM_0000115,melanocytic_Nevi,train,train,6205
ISIC_0030746,HAM_0004621,basal_cell_carcinoma,train,train,641
ISIC_0030747,HAM_0006380,melanoma,validation,train,8891
ISIC_0030748,HAM_0000540,melanocytic_Nevi,train,train,6206
ISIC_0030749,HAM_0006153,melanocytic_Nevi,test,train,6207
ISIC_0030750,HAM_0005277,melanocytic_Nevi,validation,train,6208
ISIC_0030751,HAM_0002813,melanocytic_Nevi,train,train,6209
ISIC_0030752,HAM_0001483,melanocytic_Nevi,train,train,6210
ISIC_0030753,HAM_0005694,melanocytic_Nevi,validation,train,6211
ISIC_0030754,HAM_0007502,melanoma,train,train,8892
ISIC_0030755,HAM_0001654,basal_cell_carcinoma,train,train,642
ISIC_0030756,HAM_0003176,melanoma,train,train,8893
ISIC_0030757,HAM_0003290,dermatofibroma,train,test,261
ISIC_0030758,HAM_0000519,benign_keratosis-like_lesions,train,train,1480
ISIC_0030759,HAM_0001353,melanoma,train,train,8894
ISIC_0030760,HAM_0005624,melanoma,validation,train,8895
ISIC_0030761,HAM_0002949,melanocytic_Nevi,train,validation,1598
ISIC_0030762,HAM_0006944,melanocytic_Nevi,test,train,6212
ISIC_0030763,HAM_0002157,melanocytic_Nevi,test,train,6213
ISIC_0030764,HAM_0001074,melanocytic_Nevi,train,train,6214
ISIC_0030765,HAM_0003188,melanocytic_Nevi,train,train,6215
ISIC_0030766,HAM_0006351,basal_cell_carcinoma,train,train,643
ISIC_0030767,HAM_0004685,basal_cell_carcinoma,validation,train,644
ISIC_0030768,HAM_0002127,benign_keratosis-like_lesions,train,train,1481
ISIC_0030769,HAM_0000131,melanocytic_Nevi,test,train,6216
ISIC_0030770,HAM_0002538,vascular_lesions,train,train,9519
ISIC_0030771,HAM_0001450,melanocytic_Nevi,train,train,6217
ISIC_0030772,HAM_0005086,melanocytic_Nevi,train,train,6218
ISIC_0030773,HAM_0005840,melanocytic_Nevi,train,train,6219
ISIC_0030774,HAM_0002889,melanocytic_Nevi,test,train,6220
ISIC_0030775,HAM_0006665,melanocytic_Nevi,test,train,6221
ISIC_0030776,HAM_0000543,melanocytic_Nevi,train,train,6222
ISIC_0030777,HAM_0001224,melanocytic_Nevi,test,train,6223
ISIC_0030778,HAM_0006800,basal_cell_carcinoma,train,validation,162
ISIC_0030779,HAM_0002716,melanocytic_Nevi,validation,train,6224
ISIC_0030780,HAM_0007501,melanocytic_Nevi,validation,train,6225
ISIC_0030781,HAM_0000592,melanocytic_Nevi,train,train,6226
ISIC_0030782,HAM_0000451,basal_cell_carcinoma,test,train,645
ISIC_0030783,HAM_0006513,benign_keratosis-like_lesions,train,train,1482
ISIC_0030784,HAM_0005078,melanoma,train,train,8896
ISIC_0030785,HAM_0004609,actinic_keratoses,train,train,236
ISIC_0030786,HAM_0000682,melanocytic_Nevi,validation,train,6227
ISIC_0030787,HAM_0005066,melanocytic_Nevi,test,train,6228
ISIC_0030788,HAM_0004785,melanocytic_Nevi,train,train,6229
ISIC_0030789,HAM_0001223,benign_keratosis-like_lesions,train,train,1483
ISIC_0030790,HAM_0001730,melanocytic_Nevi,train,train,6230
ISIC_0030791,HAM_0002265,melanocytic_Nevi,train,train,6231
ISIC_0030792,HAM_0000759,melanocytic_Nevi,validation,train,6232
ISIC_0030793,HAM_0001712,melanocytic_Nevi,train,train,6233
ISIC_0030794,HAM_0002185,actinic_keratoses,test,train,237
ISIC_0030795,HAM_0003601,melanoma,train,train,8897
ISIC_0030796,HAM_0006793,melanocytic_Nevi,train,train,6234
ISIC_0030797,HAM_0006691,melanocytic_Nevi,validation,train,6235
ISIC_0030798,HAM_0001913,melanoma,train,train,8898
ISIC_0030799,HAM_0005771,melanocytic_Nevi,train,train,6236
ISIC_0030800,HAM_0005921,basal_cell_carcinoma,train,train,646
ISIC_0030801,HAM_0006201,benign_keratosis-like_lesions,validation,train,1484
ISIC_0030802,HAM_0004058,melanocytic_Nevi,test,train,6237
ISIC_0030803,HAM_0004012,actinic_keratoses,train,train,238
ISIC_0030804,HAM_0000702,melanocytic_Nevi,validation,train,6238
ISIC_0030805,HAM_0003200,melanocytic_Nevi,train,train,6239
ISIC_0030806,HAM_0005672,benign_keratosis-like_lesions,test,train,1485
ISIC_0030807,HAM_0004799,melanocytic_Nevi,train,test,852
ISIC_0030808,HAM_0001710,melanocytic_Nevi,train,train,6240
ISIC_0030809,HAM_0001609,melanocytic_Nevi,train,train,6241
ISIC_0030810,HAM_0004956,melanocytic_Nevi,train,train,6242
ISIC_0030811,HAM_0001156,melanocytic_Nevi,train,train,6243
ISIC_0030812,HAM_0005558,benign_keratosis-like_lesions,test,train,1486
ISIC_0030813,HAM_0006465,basal_cell_carcinoma,train,train,647
ISIC_0030814,HAM_0005675,melanocytic_Nevi,train,train,6244
ISIC_0030815,HAM_0000305,melanocytic_Nevi,train,train,6245
ISIC_0030816,HAM_0002205,melanocytic_Nevi,validation,train,6246
ISIC_0030817,HAM_0000073,melanocytic_Nevi,train,train,6247
ISIC_0030818,HAM_0002838,melanoma,train,train,8899
ISIC_0030819,HAM_0006302,melanocytic_Nevi,train,train,6248
ISIC_0030820,HAM_0002112,melanocytic_Nevi,train,train,6249
ISIC_0030821,HAM_0006604,actinic_keratoses,train,train,239
ISIC_0030822,HAM_0005869,benign_keratosis-like_lesions,train,train,1487
ISIC_0030823,HAM_0004902,melanocytic_Nevi,train,train,6250
ISIC_0030824,HAM_0000330,melanoma,train,train,8900
ISIC_0030825,HAM_0004060,actinic_keratoses,train,train,240
ISIC_0030826,HAM_0004384,actinic_keratoses,test,train,241
ISIC_0030827,HAM_0001173,actinic_keratoses,train,train,242
ISIC_0030828,HAM_0001456,melanoma,validation,train,8901
ISIC_0030829,HAM_0005859,melanocytic_Nevi,train,train,6251
ISIC_0030830,HAM_0006794,dermatofibroma,validation,train,1921
ISIC_0030831,HAM_0002926,melanocytic_Nevi,validation,train,6252
ISIC_0030832,HAM_0003756,melanocytic_Nevi,train,train,6253
ISIC_0030833,HAM_0000976,melanocytic_Nevi,test,train,6254
ISIC_0030834,HAM_0001871,melanocytic_Nevi,train,train,6255
ISIC_0030835,HAM_0003574,benign_keratosis-like_lesions,test,train,1488
ISIC_0030836,HAM_0001554,melanocytic_Nevi,train,train,6256
ISIC_0030837,HAM_0007531,melanocytic_Nevi,train,train,6257
ISIC_0030838,HAM_0007017,melanocytic_Nevi,train,train,6258
ISIC_0030839,HAM_0006926,melanocytic_Nevi,train,train,6259
ISIC_0030840,HAM_0002154,melanocytic_Nevi,train,train,6260
ISIC_0030841,HAM_0000231,melanocytic_Nevi,train,train,6261
ISIC_0030842,HAM_0006855,melanocytic_Nevi,validation,validation,1613
ISIC_0030843,HAM_0001069,melanoma,train,train,8902
ISIC_0030844,HAM_0003107,actinic_keratoses,train,train,243
ISIC_0030845,HAM_0000093,melanocytic_Nevi,train,train,6262
ISIC_0030846,HAM_0006242,melanocytic_Nevi,validation,train,6263
ISIC_0030847,HAM_0005153,melanocytic_Nevi,train,train,6264
ISIC_0030848,HAM_0003166,melanocytic_Nevi,train,train,6265
ISIC_0030849,HAM_0006181,benign_keratosis-like_lesions,train,train,1489
ISIC_0030850,HAM_0005944,melanocytic_Nevi,train,train,6266
ISIC_0030851,HAM_0000077,melanocytic_Nevi,train,train,6267
ISIC_0030852,HAM_0002628,melanocytic_Nevi,validation,train,6268
ISIC_0030853,HAM_0000078,melanocytic_Nevi,train,train,6269
ISIC_0030854,HAM_0003908,melanocytic_Nevi,train,train,6270
ISIC_0030855,HAM_0007610,melanocytic_Nevi,train,train,6271
ISIC_0030856,HAM_0001730,melanocytic_Nevi,train,train,6272
ISIC_0030857,HAM_0003479,melanocytic_Nevi,test,train,6273
ISIC_0030858,HAM_0001813,melanocytic_Nevi,train,train,6274
ISIC_0030859,HAM_0006822,melanocytic_Nevi,validation,train,6275
ISIC_0030860,HAM_0004911,melanocytic_Nevi,train,train,6276
ISIC_0030861,HAM_0002496,melanocytic_Nevi,train,train,6277
ISIC_0030862,HAM_0006428,melanocytic_Nevi,train,train,6278
ISIC_0030863,HAM_0005070,melanocytic_Nevi,train,train,6279
ISIC_0030864,HAM_0007394,melanocytic_Nevi,train,train,6280
ISIC_0030865,HAM_0007012,melanocytic_Nevi,train,train,6281
ISIC_0030866,HAM_0001636,melanocytic_Nevi,validation,train,6282
ISIC_0030867,HAM_0007578,melanocytic_Nevi,train,train,6283
ISIC_0030868,HAM_0001693,basal_cell_carcinoma,train,train,648
ISIC_0030869,HAM_0004838,melanocytic_Nevi,test,train,6284
ISIC_0030870,HAM_0006707,dermatofibroma,train,train,1922
ISIC_0030871,HAM_0004533,melanocytic_Nevi,validation,train,6285
ISIC_0030872,HAM_0004580,melanocytic_Nevi,train,train,6286
ISIC_0030873,HAM_0005745,melanocytic_Nevi,test,train,6287
ISIC_0030874,HAM_0002489,melanocytic_Nevi,train,train,6288
ISIC_0030875,HAM_0001544,melanocytic_Nevi,train,train,6289
ISIC_0030876,HAM_0005199,benign_keratosis-like_lesions,validation,train,1490
ISIC_0030877,HAM_0000193,actinic_keratoses,train,train,244
ISIC_0030878,HAM_0007166,melanocytic_Nevi,train,train,6290
ISIC_0030879,HAM_0002445,melanocytic_Nevi,train,train,6291
ISIC_0030880,HAM_0004803,melanocytic_Nevi,test,train,6292
ISIC_0030881,HAM_0004101,melanocytic_Nevi,train,train,6293
ISIC_0030882,HAM_0004455,vascular_lesions,test,train,9520
ISIC_0030883,HAM_0004326,melanoma,train,train,8903
ISIC_0030884,HAM_0006432,melanocytic_Nevi,test,train,6294
ISIC_0030885,HAM_0000631,melanocytic_Nevi,train,train,6295
ISIC_0030886,HAM_0003334,melanocytic_Nevi,train,train,6296
ISIC_0030887,HAM_0001305,melanocytic_Nevi,train,train,6297
ISIC_0030888,HAM_0005838,melanocytic_Nevi,train,train,6298
ISIC_0030889,HAM_0002356,melanocytic_Nevi,test,train,6299
ISIC_0030890,HAM_0000406,melanocytic_Nevi,test,train,6300
ISIC_0030891,HAM_0001025,melanocytic_Nevi,train,train,6301
ISIC_0030892,HAM_0007350,melanocytic_Nevi,train,train,6302
ISIC_0030893,HAM_0002467,basal_cell_carcinoma,validation,train,649
ISIC_0030894,HAM_0003284,melanocytic_Nevi,train,train,6303
ISIC_0030895,HAM_0006647,melanocytic_Nevi,test,train,6304
ISIC_0030896,HAM_0003406,melanocytic_Nevi,test,train,6305
ISIC_0030897,HAM_0007213,melanocytic_Nevi,train,train,6306
ISIC_0030898,HAM_0001847,melanoma,train,train,8904
ISIC_0030899,HAM_0004222,melanocytic_Nevi,train,train,6307
ISIC_0030900,HAM_0006262,melanocytic_Nevi,validation,train,6308
ISIC_0030901,HAM_0002131,melanoma,train,train,8905
ISIC_0030902,HAM_0004790,melanocytic_Nevi,train,train,6309
ISIC_0030903,HAM_0005055,melanocytic_Nevi,train,train,6310
ISIC_0030904,HAM_0000120,melanocytic_Nevi,train,validation,1625
ISIC_0030905,HAM_0004280,melanocytic_Nevi,validation,train,6311
ISIC_0030906,HAM_0004847,melanocytic_Nevi,train,train,6312
ISIC_0030907,HAM_0006863,melanocytic_Nevi,train,train,6313
ISIC_0030908,HAM_0004474,melanocytic_Nevi,train,train,6314
ISIC_0030909,HAM_0000258,melanocytic_Nevi,train,train,6315
ISIC_0030910,HAM_0001598,melanoma,test,train,8906
ISIC_0030911,HAM_0005111,melanocytic_Nevi,train,train,6316
ISIC_0030912,HAM_0001020,melanocytic_Nevi,train,train,6317
ISIC_0030913,HAM_0002969,melanocytic_Nevi,train,train,6318
ISIC_0030914,HAM_0001406,melanocytic_Nevi,train,train,6319
ISIC_0030915,HAM_0003043,basal_cell_carcinoma,train,train,650
ISIC_0030916,HAM_0006642,melanocytic_Nevi,train,train,6320
ISIC_0030917,HAM_0003036,melanocytic_Nevi,train,train,6321
ISIC_0030918,HAM_0001103,melanocytic_Nevi,train,train,6322
ISIC_0030919,HAM_0005008,melanocytic_Nevi,test,train,6323
ISIC_0030920,HAM_0007385,melanocytic_Nevi,test,train,6324
ISIC_0030921,HAM_0000350,melanocytic_Nevi,train,train,6325
ISIC_0030922,HAM_0005197,melanocytic_Nevi,train,train,6326
ISIC_0030923,HAM_0005750,melanocytic_Nevi,validation,train,6327
ISIC_0030924,HAM_0004049,melanocytic_Nevi,train,train,6328
ISIC_0030925,HAM_0002613,melanoma,train,validation,2319
ISIC_0030926,HAM_0003021,benign_keratosis-like_lesions,test,train,1491
ISIC_0030927,HAM_0002948,melanocytic_Nevi,train,train,6329
ISIC_0030928,HAM_0002047,melanocytic_Nevi,validation,train,6330
ISIC_0030929,HAM_0003530,melanoma,train,train,8907
ISIC_0030930,HAM_0001975,melanocytic_Nevi,train,train,6331
ISIC_0030931,HAM_0007493,melanocytic_Nevi,train,train,6332
ISIC_0030932,HAM_0000241,melanoma,train,train,8908
ISIC_0030933,HAM_0007385,melanocytic_Nevi,test,train,6333
ISIC_0030934,HAM_0004355,melanocytic_Nevi,validation,train,6334
ISIC_0030935,HAM_0000237,benign_keratosis-like_lesions,test,train,1492
ISIC_0030936,HAM_0002066,melanocytic_Nevi,validation,train,6335
ISIC_0030937,HAM_0005173,melanocytic_Nevi,train,train,6336
ISIC_0030938,HAM_0006098,melanocytic_Nevi,validation,train,6337
ISIC_0030939,HAM_0004045,melanocytic_Nevi,train,train,6338
ISIC_0030940,HAM_0002189,melanocytic_Nevi,train,train,6339
ISIC_0030941,HAM_0001297,melanocytic_Nevi,test,train,6340
ISIC_0030942,HAM_0000194,melanocytic_Nevi,train,train,6341
ISIC_0030943,HAM_0000518,melanocytic_Nevi,train,train,6342
ISIC_0030944,HAM_0000858,melanocytic_Nevi,train,train,6343
ISIC_0030945,HAM_0004443,melanocytic_Nevi,train,train,6344
ISIC_0030946,HAM_0001084,melanocytic_Nevi,train,train,6345
ISIC_0030947,HAM_0001850,melanocytic_Nevi,validation,train,6346
ISIC_0030948,HAM_0001255,melanocytic_Nevi,train,train,6347
ISIC_0030949,HAM_0001271,melanocytic_Nevi,validation,train,6348
ISIC_0030950,HAM_0006160,melanoma,train,train,8909
ISIC_0030951,HAM_0000590,melanoma,train,train,8910
ISIC_0030952,HAM_0003896,melanocytic_Nevi,train,train,6349
ISIC_0030953,HAM_0005924,actinic_keratoses,validation,train,245
ISIC_0030954,HAM_0003115,basal_cell_carcinoma,train,train,651
ISIC_0030955,HAM_0000657,melanocytic_Nevi,train,train,6350
ISIC_0030956,HAM_0005713,vascular_lesions,train,train,9521
ISIC_0030957,HAM_0003371,melanocytic_Nevi,train,train,6351
ISIC_0030958,HAM_0005999,melanocytic_Nevi,test,train,6352
ISIC_0030959,HAM_0003011,benign_keratosis-like_lesions,train,train,1493
ISIC_0030960,HAM_0000836,melanocytic_Nevi,train,train,6353
ISIC_0030961,HAM_0004412,melanocytic_Nevi,train,train,6354
ISIC_0030962,HAM_0003562,melanocytic_Nevi,train,train,6355
ISIC_0030963,HAM_0002833,melanocytic_Nevi,train,train,6356
ISIC_0030964,HAM_0007557,basal_cell_carcinoma,validation,train,652
ISIC_0030965,HAM_0006475,benign_keratosis-like_lesions,train,train,1494
ISIC_0030966,HAM_0004802,melanocytic_Nevi,train,train,6357
ISIC_0030967,HAM_0005881,melanocytic_Nevi,train,train,6358
ISIC_0030968,HAM_0006194,melanocytic_Nevi,train,train,6359
ISIC_0030969,HAM_0003413,melanocytic_Nevi,train,train,6360
ISIC_0030970,HAM_0003497,melanoma,test,train,8911
ISIC_0030971,HAM_0001700,melanocytic_Nevi,train,train,6361
ISIC_0030972,HAM_0002181,melanocytic_Nevi,train,train,6362
ISIC_0030973,HAM_0004923,melanocytic_Nevi,test,train,6363
ISIC_0030974,HAM_0005292,melanocytic_Nevi,validation,train,6364
ISIC_0030975,HAM_0005767,melanocytic_Nevi,train,train,6365
ISIC_0030976,HAM_0001722,benign_keratosis-like_lesions,train,train,1495
ISIC_0030977,HAM_0005154,melanocytic_Nevi,train,train,6366
ISIC_0030978,HAM_0002007,melanocytic_Nevi,train,train,6367
ISIC_0030979,HAM_0003175,melanocytic_Nevi,train,train,6368
ISIC_0030980,HAM_0003303,melanocytic_Nevi,train,train,6369
ISIC_0030981,HAM_0001552,melanocytic_Nevi,validation,train,6370
ISIC_0030982,HAM_0006054,melanocytic_Nevi,validation,train,6371
ISIC_0030983,HAM_0004920,melanocytic_Nevi,train,train,6372
ISIC_0030984,HAM_0000317,melanocytic_Nevi,train,validation,1640
ISIC_0030985,HAM_0004679,melanocytic_Nevi,test,train,6373
ISIC_0030986,HAM_0004439,actinic_keratoses,test,train,246
ISIC_0030987,HAM_0001254,melanocytic_Nevi,train,train,6374
ISIC_0030988,HAM_0006723,benign_keratosis-like_lesions,train,train,1496
ISIC_0030989,HAM_0000784,melanocytic_Nevi,train,train,6375
ISIC_0030990,HAM_0004665,melanocytic_Nevi,validation,train,6376
ISIC_0030991,HAM_0001453,actinic_keratoses,train,train,247
ISIC_0030992,HAM_0005151,melanocytic_Nevi,train,train,6377
ISIC_0030993,HAM_0006998,melanocytic_Nevi,validation,train,6378
ISIC_0030994,HAM_0001569,melanocytic_Nevi,train,train,6379
ISIC_0030995,HAM_0002131,melanoma,train,train,8912
ISIC_0030996,HAM_0007222,melanocytic_Nevi,train,train,6380
ISIC_0030997,HAM_0006825,melanocytic_Nevi,train,train,6381
ISIC_0030998,HAM_0001053,benign_keratosis-like_lesions,train,train,1497
ISIC_0030999,HAM_0006057,melanocytic_Nevi,test,train,6382
ISIC_0031000,HAM_0002193,benign_keratosis-like_lesions,test,train,1498
ISIC_0031001,HAM_0002323,melanocytic_Nevi,test,train,6383
ISIC_0031002,HAM_0007051,dermatofibroma,test,train,1923
ISIC_0031003,HAM_0001578,melanocytic_Nevi,train,train,6384
ISIC_0031004,HAM_0001408,melanocytic_Nevi,train,train,6385
ISIC_0031005,HAM_0000517,melanoma,validation,train,8913
ISIC_0031006,HAM_0001638,melanocytic_Nevi,validation,train,6386
ISIC_0031007,HAM_0000153,basal_cell_carcinoma,validation,test,86
ISIC_0031008,HAM_0000959,benign_keratosis-like_lesions,train,train,1499
ISIC_0031009,HAM_0001434,basal_cell_carcinoma,test,train,653
ISIC_0031010,HAM_0002910,melanocytic_Nevi,train,train,6387
ISIC_0031011,HAM_0003919,melanocytic_Nevi,train,train,6388
ISIC_0031012,HAM_0005389,actinic_keratoses,train,train,248
ISIC_0031013,HAM_0005752,melanoma,test,train,8914
ISIC_0031014,HAM_0002675,melanocytic_Nevi,validation,train,6389
ISIC_0031015,HAM_0007518,melanocytic_Nevi,train,train,6390
ISIC_0031016,HAM_0001603,benign_keratosis-like_lesions,test,train,1500
ISIC_0031017,HAM_0005772,benign_keratosis-like_lesions,train,train,1501
ISIC_0031018,HAM_0005097,melanocytic_Nevi,train,train,6391
ISIC_0031019,HAM_0000287,melanocytic_Nevi,train,train,6392
ISIC_0031020,HAM_0005515,melanocytic_Nevi,train,train,6393
ISIC_0031021,HAM_0006780,melanocytic_Nevi,test,train,6394
ISIC_0031022,HAM_0000875,melanocytic_Nevi,train,train,6395
ISIC_0031023,HAM_0005678,melanoma,train,train,8915
ISIC_0031024,HAM_0002677,benign_keratosis-like_lesions,train,train,1502
ISIC_0031025,HAM_0002911,melanoma,test,train,8916
ISIC_0031026,HAM_0001640,basal_cell_carcinoma,train,validation,163
ISIC_0031027,HAM_0006499,melanocytic_Nevi,train,train,6396
ISIC_0031028,HAM_0002941,melanocytic_Nevi,train,train,6397
ISIC_0031029,HAM_0001601,benign_keratosis-like_lesions,train,validation,396
ISIC_0031030,HAM_0001832,melanocytic_Nevi,train,train,6398
ISIC_0031031,HAM_0004806,melanocytic_Nevi,test,train,6399
ISIC_0031032,HAM_0001611,melanocytic_Nevi,train,train,6400
ISIC_0031033,HAM_0006767,melanocytic_Nevi,train,train,6401
ISIC_0031034,HAM_0000888,melanoma,train,train,8917
ISIC_0031035,HAM_0004253,melanocytic_Nevi,train,train,6402
ISIC_0031036,HAM_0005254,melanocytic_Nevi,test,train,6403
ISIC_0031037,HAM_0002303,benign_keratosis-like_lesions,train,train,1503
ISIC_0031038,HAM_0007323,melanocytic_Nevi,train,train,6404
ISIC_0031039,HAM_0000778,melanocytic_Nevi,train,train,6405
ISIC_0031040,HAM_0006898,actinic_keratoses,train,train,249
ISIC_0031041,HAM_0002733,basal_cell_carcinoma,train,train,654
ISIC_0031042,HAM_0005994,melanocytic_Nevi,validation,train,6406
ISIC_0031043,HAM_0006217,actinic_keratoses,train,train,250
ISIC_0031044,HAM_0006135,actinic_keratoses,validation,train,251
ISIC_0031045,HAM_0001454,melanocytic_Nevi,train,train,6407
ISIC_0031046,HAM_0002657,melanocytic_Nevi,train,train,6408
ISIC_0031047,HAM_0002594,melanocytic_Nevi,validation,train,6409
ISIC_0031048,HAM_0002567,melanocytic_Nevi,train,train,6410
ISIC_0031049,HAM_0001688,melanocytic_Nevi,train,train,6411
ISIC_0031050,HAM_0006868,benign_keratosis-like_lesions,test,train,1504
ISIC_0031051,HAM_0003748,melanocytic_Nevi,train,train,6412
ISIC_0031052,HAM_0007174,melanocytic_Nevi,validation,train,6413
ISIC_0031053,HAM_0001052,melanocytic_Nevi,train,train,6414
ISIC_0031054,HAM_0007347,melanocytic_Nevi,validation,train,6415
ISIC_0031055,HAM_0004180,melanocytic_Nevi,train,train,6416
ISIC_0031056,HAM_0007507,basal_cell_carcinoma,test,train,655
ISIC_0031057,HAM_0005509,basal_cell_carcinoma,train,train,656
ISIC_0031058,HAM_0003180,melanocytic_Nevi,train,train,6417
ISIC_0031059,HAM_0002159,melanocytic_Nevi,validation,train,6418
ISIC_0031060,HAM_0005674,benign_keratosis-like_lesions,test,train,1505
ISIC_0031061,HAM_0004010,benign_keratosis-like_lesions,test,train,1506
ISIC_0031062,HAM_0001183,basal_cell_carcinoma,train,train,657
ISIC_0031063,HAM_0003764,basal_cell_carcinoma,train,validation,164
ISIC_0031064,HAM_0000798,melanocytic_Nevi,train,train,6419
ISIC_0031065,HAM_0000109,vascular_lesions,train,validation,2478
ISIC_0031066,HAM_0006488,melanocytic_Nevi,train,train,6420
ISIC_0031067,HAM_0005615,melanocytic_Nevi,train,train,6421
ISIC_0031068,HAM_0003396,melanocytic_Nevi,train,train,6422
ISIC_0031069,HAM_0003122,melanocytic_Nevi,test,train,6423
ISIC_0031070,HAM_0000632,melanocytic_Nevi,train,train,6424
ISIC_0031071,HAM_0003045,melanocytic_Nevi,train,train,6425
ISIC_0031072,HAM_0003878,melanocytic_Nevi,train,train,6426
ISIC_0031073,HAM_0001800,melanocytic_Nevi,train,train,6427
ISIC_0031074,HAM_0006420,melanocytic_Nevi,test,train,6428
ISIC_0031075,HAM_0003154,melanocytic_Nevi,train,train,6429
ISIC_0031076,HAM_0001961,melanocytic_Nevi,train,train,6430
ISIC_0031077,HAM_0005826,melanoma,train,train,8918
ISIC_0031078,HAM_0003943,benign_keratosis-like_lesions,test,train,1507
ISIC_0031079,HAM_0003387,melanocytic_Nevi,train,train,6431
ISIC_0031080,HAM_0005561,melanocytic_Nevi,train,train,6432
ISIC_0031081,HAM_0006596,melanocytic_Nevi,train,train,6433
ISIC_0031082,HAM_0001932,melanocytic_Nevi,train,train,6434
ISIC_0031083,HAM_0002439,melanocytic_Nevi,test,train,6435
ISIC_0031084,HAM_0006562,melanocytic_Nevi,validation,train,6436
ISIC_0031085,HAM_0005828,melanocytic_Nevi,validation,train,6437
ISIC_0031086,HAM_0004159,melanocytic_Nevi,validation,train,6438
ISIC_0031087,HAM_0004596,melanoma,train,train,8919
ISIC_0031088,HAM_0001430,benign_keratosis-like_lesions,train,train,1508
ISIC_0031089,HAM_0003467,melanocytic_Nevi,train,train,6439
ISIC_0031090,HAM_0001719,vascular_lesions,train,train,9522
ISIC_0031091,HAM_0000174,melanocytic_Nevi,train,train,6440
ISIC_0031092,HAM_0006492,melanocytic_Nevi,test,train,6441
ISIC_0031093,HAM_0000502,vascular_lesions,train,train,9523
ISIC_0031094,HAM_0005056,melanocytic_Nevi,train,train,6442
ISIC_0031095,HAM_0005798,basal_cell_carcinoma,train,train,658
ISIC_0031096,HAM_0005773,melanocytic_Nevi,train,train,6443
ISIC_0031097,HAM_0004003,melanocytic_Nevi,train,train,6444
ISIC_0031098,HAM_0006504,melanocytic_Nevi,train,train,6445
ISIC_0031099,HAM_0004544,melanocytic_Nevi,train,train,6446
ISIC_0031100,HAM_0006178,melanocytic_Nevi,train,train,6447
ISIC_0031101,HAM_0000621,melanocytic_Nevi,train,train,6448
ISIC_0031102,HAM_0004122,melanocytic_Nevi,test,train,6449
ISIC_0031103,HAM_0001372,vascular_lesions,train,train,9524
ISIC_0031104,HAM_0000945,melanocytic_Nevi,train,train,6450
ISIC_0031105,HAM_0002566,melanocytic_Nevi,validation,train,6451
ISIC_0031106,HAM_0004100,melanocytic_Nevi,train,validation,1657
ISIC_0031107,HAM_0006725,melanocytic_Nevi,train,train,6452
ISIC_0031108,HAM_0004809,actinic_keratoses,train,train,252
ISIC_0031109,HAM_0000869,melanocytic_Nevi,train,validation,1658
ISIC_0031110,HAM_0004510,melanocytic_Nevi,train,train,6453
ISIC_0031111,HAM_0000922,melanocytic_Nevi,train,train,6454
ISIC_0031112,HAM_0001924,melanocytic_Nevi,train,train,6455
ISIC_0031113,HAM_0000707,melanocytic_Nevi,validation,train,6456
ISIC_0031114,HAM_0005214,melanocytic_Nevi,train,train,6457
ISIC_0031115,HAM_0000217,melanocytic_Nevi,validation,train,6458
ISIC_0031116,HAM_0004217,melanocytic_Nevi,train,train,6459
ISIC_0031117,HAM_0005176,melanocytic_Nevi,validation,train,6460
ISIC_0031118,HAM_0006900,melanoma,train,train,8920
ISIC_0031119,HAM_0004243,actinic_keratoses,train,train,253
ISIC_0031120,HAM_0002014,melanocytic_Nevi,train,train,6461
ISIC_0031121,HAM_0006205,melanocytic_Nevi,train,train,6462
ISIC_0031122,HAM_0003389,basal_cell_carcinoma,train,train,659
ISIC_0031123,HAM_0003487,dermatofibroma,train,train,1924
ISIC_0031124,HAM_0002510,melanocytic_Nevi,train,train,6463
ISIC_0031125,HAM_0004713,benign_keratosis-like_lesions,validation,train,1509
ISIC_0031126,HAM_0003434,melanocytic_Nevi,test,train,6464
ISIC_0031127,HAM_0000144,melanocytic_Nevi,test,train,6465
ISIC_0031128,HAM_0004287,melanocytic_Nevi,validation,train,6466
ISIC_0031129,HAM_0006848,melanocytic_Nevi,test,train,6467
ISIC_0031130,HAM_0006350,benign_keratosis-like_lesions,validation,train,1510
ISIC_0031131,HAM_0004443,melanocytic_Nevi,train,train,6468
ISIC_0031132,HAM_0006064,benign_keratosis-like_lesions,train,train,1511
ISIC_0031133,HAM_0007395,benign_keratosis-like_lesions,train,train,1512
ISIC_0031134,HAM_0001934,melanocytic_Nevi,validation,train,6469
ISIC_0031135,HAM_0000401,melanocytic_Nevi,train,train,6470
ISIC_0031136,HAM_0001970,melanocytic_Nevi,train,train,6471
ISIC_0031137,HAM_0005774,melanocytic_Nevi,test,train,6472
ISIC_0031138,HAM_0004908,benign_keratosis-like_lesions,validation,train,1513
ISIC_0031139,HAM_0006683,melanocytic_Nevi,train,train,6473
ISIC_0031140,HAM_0003229,basal_cell_carcinoma,train,train,660
ISIC_0031141,HAM_0006278,melanocytic_Nevi,train,validation,1666
ISIC_0031142,HAM_0006030,melanocytic_Nevi,train,train,6474
ISIC_0031143,HAM_0006853,melanocytic_Nevi,validation,train,6475
ISIC_0031144,HAM_0006316,melanocytic_Nevi,train,train,6476
ISIC_0031145,HAM_0004267,melanocytic_Nevi,train,train,6477
ISIC_0031146,HAM_0005006,melanoma,test,train,8921
ISIC_0031147,HAM_0003307,melanocytic_Nevi,validation,train,6478
ISIC_0031148,HAM_0005091,melanocytic_Nevi,train,train,6479
ISIC_0031149,HAM_0003833,melanocytic_Nevi,train,train,6480
ISIC_0031150,HAM_0001094,benign_keratosis-like_lesions,train,train,1514
ISIC_0031151,HAM_0003438,melanocytic_Nevi,train,train,6481
ISIC_0031152,HAM_0007314,melanocytic_Nevi,test,train,6482
ISIC_0031153,HAM_0004861,melanocytic_Nevi,train,train,6483
ISIC_0031154,HAM_0005371,basal_cell_carcinoma,train,train,661
ISIC_0031155,HAM_0001797,melanocytic_Nevi,train,train,6484
ISIC_0031156,HAM_0003209,melanocytic_Nevi,train,train,6485
ISIC_0031157,HAM_0003238,melanocytic_Nevi,test,train,6486
ISIC_0031158,HAM_0006709,melanocytic_Nevi,train,train,6487
ISIC_0031159,HAM_0005772,benign_keratosis-like_lesions,train,train,1515
ISIC_0031160,HAM_0000068,melanocytic_Nevi,test,train,6488
ISIC_0031161,HAM_0001195,melanocytic_Nevi,train,train,6489
ISIC_0031162,HAM_0003490,melanocytic_Nevi,train,train,6490
ISIC_0031163,HAM_0001031,melanocytic_Nevi,validation,train,6491
ISIC_0031164,HAM_0007230,melanocytic_Nevi,train,train,6492
ISIC_0031165,HAM_0006413,melanocytic_Nevi,train,train,6493
ISIC_0031166,HAM_0001610,basal_cell_carcinoma,train,train,662
ISIC_0031167,HAM_0000270,melanocytic_Nevi,train,train,6494
ISIC_0031168,HAM_0001245,benign_keratosis-like_lesions,train,train,1516
ISIC_0031169,HAM_0001616,basal_cell_carcinoma,train,train,663
ISIC_0031170,HAM_0003428,melanoma,train,validation,2325
ISIC_0031171,HAM_0000872,basal_cell_carcinoma,train,train,664
ISIC_0031172,HAM_0002165,melanocytic_Nevi,train,validation,1673
ISIC_0031173,HAM_0005802,melanocytic_Nevi,train,train,6495
ISIC_0031174,HAM_0000713,melanocytic_Nevi,train,train,6496
ISIC_0031175,HAM_0001654,basal_cell_carcinoma,train,validation,169
ISIC_0031176,HAM_0003952,melanocytic_Nevi,train,train,6497
ISIC_0031177,HAM_0005191,melanoma,train,train,8922
ISIC_0031178,HAM_0004935,melanocytic_Nevi,train,train,6498
ISIC_0031179,HAM_0001996,melanocytic_Nevi,train,train,6499
ISIC_0031180,HAM_0002612,melanocytic_Nevi,train,train,6500
ISIC_0031181,HAM_0001721,benign_keratosis-like_lesions,train,train,1517
ISIC_0031182,HAM_0004079,melanocytic_Nevi,train,train,6501
ISIC_0031183,HAM_0002292,melanocytic_Nevi,train,train,6502
ISIC_0031184,HAM_0004290,melanocytic_Nevi,train,train,6503
ISIC_0031185,HAM_0000329,melanocytic_Nevi,test,train,6504
ISIC_0031186,HAM_0000988,melanoma,train,train,8923
ISIC_0031187,HAM_0006589,melanocytic_Nevi,train,train,6505
ISIC_0031188,HAM_0004475,melanocytic_Nevi,train,test,886
ISIC_0031189,HAM_0006214,melanoma,validation,train,8924
ISIC_0031190,HAM_0005028,melanocytic_Nevi,train,train,6506
ISIC_0031191,HAM_0005931,actinic_keratoses,train,train,254
ISIC_0031192,HAM_0006932,melanocytic_Nevi,train,train,6507
ISIC_0031193,HAM_0002281,melanocytic_Nevi,validation,train,6508
ISIC_0031194,HAM_0000924,melanocytic_Nevi,train,train,6509
ISIC_0031195,HAM_0007277,melanocytic_Nevi,train,train,6510
ISIC_0031196,HAM_0000734,benign_keratosis-like_lesions,test,train,1518
ISIC_0031197,HAM_0006889,vascular_lesions,train,train,9525
ISIC_0031198,HAM_0003422,actinic_keratoses,train,train,255
ISIC_0031199,HAM_0006046,melanocytic_Nevi,validation,train,6511
ISIC_0031200,HAM_0006267,benign_keratosis-like_lesions,train,train,1519
ISIC_0031201,HAM_0004549,vascular_lesions,train,train,9526
ISIC_0031202,HAM_0007350,melanocytic_Nevi,train,train,6512
ISIC_0031203,HAM_0004164,melanoma,train,train,8925
ISIC_0031204,HAM_0002628,melanocytic_Nevi,validation,train,6513
ISIC_0031205,HAM_0002920,melanocytic_Nevi,train,train,6514
ISIC_0031206,HAM_0007443,melanocytic_Nevi,train,train,6515
ISIC_0031207,HAM_0001090,melanocytic_Nevi,train,train,6516
ISIC_0031208,HAM_0001299,melanoma,train,train,8926
ISIC_0031209,HAM_0007069,melanocytic_Nevi,validation,train,6517
ISIC_0031210,HAM_0004390,melanocytic_Nevi,train,train,6518
ISIC_0031211,HAM_0004563,actinic_keratoses,train,train,256
ISIC_0031212,HAM_0001665,benign_keratosis-like_lesions,train,train,1520
ISIC_0031213,HAM_0005225,melanocytic_Nevi,test,train,6519
ISIC_0031214,HAM_0002148,melanocytic_Nevi,train,train,6520
ISIC_0031215,HAM_0005885,vascular_lesions,train,train,9527
ISIC_0031216,HAM_0006861,melanocytic_Nevi,train,train,6521
ISIC_0031217,HAM_0004765,vascular_lesions,validation,train,9528
ISIC_0031218,HAM_0007315,benign_keratosis-like_lesions,test,validation,401
ISIC_0031219,HAM_0004851,melanocytic_Nevi,train,train,6522
ISIC_0031220,HAM_0001028,melanocytic_Nevi,train,validation,1677
ISIC_0031221,HAM_0001712,melanocytic_Nevi,train,train,6523
ISIC_0031222,HAM_0004857,melanocytic_Nevi,test,train,6524
ISIC_0031223,HAM_0002456,benign_keratosis-like_lesions,test,train,1521
ISIC_0031224,HAM_0000753,melanocytic_Nevi,test,train,6525
ISIC_0031225,HAM_0000352,basal_cell_carcinoma,train,train,665
ISIC_0031226,HAM_0002209,benign_keratosis-like_lesions,test,train,1522
ISIC_0031227,HAM_0002252,melanocytic_Nevi,test,train,6526
ISIC_0031228,HAM_0006524,actinic_keratoses,test,train,257
ISIC_0031229,HAM_0004489,melanocytic_Nevi,train,train,6527
ISIC_0031230,HAM_0003077,melanocytic_Nevi,train,train,6528
ISIC_0031231,HAM_0001875,melanocytic_Nevi,train,train,6529
ISIC_0031232,HAM_0004644,melanocytic_Nevi,test,train,6530
ISIC_0031233,HAM_0000375,melanoma,train,train,8927
ISIC_0031234,HAM_0006177,melanocytic_Nevi,train,train,6531
ISIC_0031235,HAM_0007055,melanocytic_Nevi,train,train,6532
ISIC_0031236,HAM_0002744,basal_cell_carcinoma,train,train,666
ISIC_0031237,HAM_0001978,melanocytic_Nevi,train,train,6533
ISIC_0031238,HAM_0002238,melanocytic_Nevi,train,train,6534
ISIC_0031239,HAM_0000767,melanoma,train,train,8928
ISIC_0031240,HAM_0004602,melanocytic_Nevi,train,train,6535
ISIC_0031241,HAM_0000404,melanocytic_Nevi,train,train,6536
ISIC_0031242,HAM_0003242,melanocytic_Nevi,validation,train,6537
ISIC_0031243,HAM_0003738,basal_cell_carcinoma,train,train,667
ISIC_0031244,HAM_0001822,melanocytic_Nevi,train,train,6538
ISIC_0031245,HAM_0005901,basal_cell_carcinoma,train,validation,171
ISIC_0031246,HAM_0003538,melanocytic_Nevi,train,train,6539
ISIC_0031247,HAM_0002698,melanocytic_Nevi,train,train,6540
ISIC_0031248,HAM_0004731,melanocytic_Nevi,train,train,6541
ISIC_0031249,HAM_0003223,melanocytic_Nevi,train,train,6542
ISIC_0031250,HAM_0005812,melanocytic_Nevi,validation,train,6543
ISIC_0031251,HAM_0005012,melanocytic_Nevi,train,train,6544
ISIC_0031252,HAM_0002580,melanocytic_Nevi,train,train,6545
ISIC_0031253,HAM_0000613,benign_keratosis-like_lesions,train,train,1523
ISIC_0031254,HAM_0006906,melanocytic_Nevi,train,validation,1678
ISIC_0031255,HAM_0005520,melanocytic_Nevi,train,train,6546
ISIC_0031256,HAM_0005065,melanocytic_Nevi,validation,train,6547
ISIC_0031257,HAM_0003023,dermatofibroma,validation,validation,501
ISIC_0031258,HAM_0005971,basal_cell_carcinoma,train,validation,172
ISIC_0031259,HAM_0006720,melanocytic_Nevi,train,train,6548
ISIC_0031260,HAM_0001114,melanocytic_Nevi,validation,train,6549
ISIC_0031261,HAM_0004383,benign_keratosis-like_lesions,train,train,1524
ISIC_0031262,HAM_0007602,melanocytic_Nevi,train,train,6550
ISIC_0031263,HAM_0007289,basal_cell_carcinoma,train,train,668
ISIC_0031264,HAM_0006227,melanocytic_Nevi,train,train,6551
ISIC_0031265,HAM_0007357,melanocytic_Nevi,train,train,6552
ISIC_0031266,HAM_0006609,basal_cell_carcinoma,train,train,669
ISIC_0031267,HAM_0006679,melanocytic_Nevi,train,train,6553
ISIC_0031268,HAM_0000928,melanocytic_Nevi,train,train,6554
ISIC_0031269,HAM_0001965,melanocytic_Nevi,train,train,6555
ISIC_0031270,HAM_0006889,vascular_lesions,train,train,9529
ISIC_0031271,HAM_0004090,dermatofibroma,train,train,1925
ISIC_0031272,HAM_0006384,basal_cell_carcinoma,train,train,670
ISIC_0031273,HAM_0006687,melanocytic_Nevi,train,train,6556
ISIC_0031274,HAM_0006305,melanocytic_Nevi,train,train,6557
ISIC_0031275,HAM_0001827,melanocytic_Nevi,train,train,6558
ISIC_0031276,HAM_0006447,vascular_lesions,test,train,9530
ISIC_0031277,HAM_0003789,benign_keratosis-like_lesions,train,train,1525
ISIC_0031278,HAM_0001014,melanocytic_Nevi,test,train,6559
ISIC_0031279,HAM_0006339,melanocytic_Nevi,train,train,6560
ISIC_0031280,HAM_0004843,melanocytic_Nevi,train,train,6561
ISIC_0031281,HAM_0006974,melanocytic_Nevi,test,train,6562
ISIC_0031282,HAM_0003042,melanocytic_Nevi,validation,train,6563
ISIC_0031283,HAM_0000411,melanocytic_Nevi,train,train,6564
ISIC_0031284,HAM_0002717,basal_cell_carcinoma,test,train,671
ISIC_0031285,HAM_0006025,melanocytic_Nevi,test,train,6565
ISIC_0031286,HAM_0000909,actinic_keratoses,validation,train,258
ISIC_0031287,HAM_0003205,benign_keratosis-like_lesions,train,train,1526
ISIC_0031288,HAM_0005182,melanocytic_Nevi,train,train,6566
ISIC_0031289,HAM_0002722,benign_keratosis-like_lesions,train,train,1527
ISIC_0031290,HAM_0001872,melanocytic_Nevi,train,train,6567
ISIC_0031291,HAM_0001918,melanocytic_Nevi,validation,train,6568
ISIC_0031292,HAM_0007008,actinic_keratoses,test,train,259
ISIC_0031293,HAM_0004418,melanocytic_Nevi,validation,train,6569
ISIC_0031294,HAM_0004365,basal_cell_carcinoma,train,validation,174
ISIC_0031295,HAM_0006832,melanoma,train,train,8929
ISIC_0031296,HAM_0002825,melanocytic_Nevi,train,train,6570
ISIC_0031297,HAM_0003323,melanocytic_Nevi,train,train,6571
ISIC_0031298,HAM_0005334,basal_cell_carcinoma,validation,train,672
ISIC_0031299,HAM_0003384,melanocytic_Nevi,validation,train,6572
ISIC_0031300,HAM_0007626,melanocytic_Nevi,train,train,6573
ISIC_0031301,HAM_0000922,melanocytic_Nevi,train,train,6574
ISIC_0031302,HAM_0001846,melanocytic_Nevi,train,train,6575
ISIC_0031303,HAM_0004547,melanoma,train,train,8930
ISIC_0031304,HAM_0001125,melanocytic_Nevi,train,train,6576
ISIC_0031305,HAM_0003655,melanocytic_Nevi,train,train,6577
ISIC_0031306,HAM_0000063,melanocytic_Nevi,test,train,6578
ISIC_0031307,HAM_0004299,melanocytic_Nevi,train,train,6579
ISIC_0031308,HAM_0002187,melanocytic_Nevi,train,validation,1683
ISIC_0031309,HAM_0004103,dermatofibroma,train,train,1926
ISIC_0031310,HAM_0003497,melanoma,test,validation,2328
ISIC_0031311,HAM_0000150,melanocytic_Nevi,train,train,6580
ISIC_0031312,HAM_0005000,melanocytic_Nevi,test,train,6581
ISIC_0031313,HAM_0004094,melanocytic_Nevi,train,train,6582
ISIC_0031314,HAM_0000204,melanocytic_Nevi,validation,train,6583
ISIC_0031315,HAM_0002680,melanocytic_Nevi,train,train,6584
ISIC_0031316,HAM_0006089,melanocytic_Nevi,train,train,6585
ISIC_0031317,HAM_0004667,melanocytic_Nevi,train,train,6586
ISIC_0031318,HAM_0001424,basal_cell_carcinoma,train,train,673
ISIC_0031319,HAM_0002845,melanocytic_Nevi,validation,train,6587
ISIC_0031320,HAM_0001206,melanocytic_Nevi,train,train,6588
ISIC_0031321,HAM_0007621,benign_keratosis-like_lesions,train,train,1528
ISIC_0031322,HAM_0006411,melanocytic_Nevi,train,train,6589
ISIC_0031323,HAM_0000258,melanocytic_Nevi,train,train,6590
ISIC_0031324,HAM_0003628,melanocytic_Nevi,train,train,6591
ISIC_0031325,HAM_0002082,melanocytic_Nevi,validation,train,6592
ISIC_0031326,HAM_0007207,benign_keratosis-like_lesions,train,train,1529
ISIC_0031327,HAM_0007137,melanocytic_Nevi,validation,train,6593
ISIC_0031328,HAM_0000424,melanocytic_Nevi,train,train,6594
ISIC_0031329,HAM_0000835,benign_keratosis-like_lesions,train,train,1530
ISIC_0031330,HAM_0002495,melanocytic_Nevi,validation,train,6595
ISIC_0031331,HAM_0004419,melanocytic_Nevi,train,train,6596
ISIC_0031332,HAM_0001021,melanocytic_Nevi,train,train,6597
ISIC_0031333,HAM_0004612,melanocytic_Nevi,validation,train,6598
ISIC_0031334,HAM_0006310,benign_keratosis-like_lesions,train,train,1531
ISIC_0031335,HAM_0000501,actinic_keratoses,train,train,260
ISIC_0031336,HAM_0002085,melanocytic_Nevi,train,train,6599
ISIC_0031337,HAM_0006312,melanocytic_Nevi,train,train,6600
ISIC_0031338,HAM_0005996,melanocytic_Nevi,train,train,6601
ISIC_0031339,HAM_0001744,melanoma,train,train,8931
ISIC_0031340,HAM_0000996,melanocytic_Nevi,validation,train,6602
ISIC_0031341,HAM_0006807,melanocytic_Nevi,validation,train,6603
ISIC_0031342,HAM_0004815,melanocytic_Nevi,validation,train,6604
ISIC_0031343,HAM_0006505,melanocytic_Nevi,train,train,6605
ISIC_0031344,HAM_0005861,dermatofibroma,train,train,1927
ISIC_0031345,HAM_0002691,benign_keratosis-like_lesions,train,train,1532
ISIC_0031346,HAM_0001566,vascular_lesions,train,train,9531
ISIC_0031347,HAM_0003494,melanocytic_Nevi,validation,train,6606
ISIC_0031348,HAM_0003274,melanocytic_Nevi,validation,train,6607
ISIC_0031349,HAM_0002042,benign_keratosis-like_lesions,train,train,1533
ISIC_0031350,HAM_0003435,melanoma,validation,train,8932
ISIC_0031351,HAM_0006274,basal_cell_carcinoma,validation,train,674
ISIC_0031352,HAM_0004379,benign_keratosis-like_lesions,test,train,1534
ISIC_0031353,HAM_0000168,melanocytic_Nevi,train,train,6608
ISIC_0031354,HAM_0002823,melanocytic_Nevi,validation,train,6609
ISIC_0031355,HAM_0007466,melanocytic_Nevi,train,train,6610
ISIC_0031356,HAM_0003858,melanocytic_Nevi,validation,train,6611
ISIC_0031357,HAM_0003289,melanocytic_Nevi,validation,train,6612
ISIC_0031358,HAM_0003290,dermatofibroma,train,train,1928
ISIC_0031359,HAM_0002408,melanocytic_Nevi,validation,train,6613
ISIC_0031360,HAM_0000291,melanocytic_Nevi,train,train,6614
ISIC_0031361,HAM_0000345,melanocytic_Nevi,train,train,6615
ISIC_0031362,HAM_0000105,benign_keratosis-like_lesions,train,train,1535
ISIC_0031363,HAM_0001334,melanocytic_Nevi,test,train,6616
ISIC_0031364,HAM_0000723,melanocytic_Nevi,test,train,6617
ISIC_0031365,HAM_0006728,melanocytic_Nevi,train,validation,1696
ISIC_0031366,HAM_0000014,melanocytic_Nevi,train,train,6618
ISIC_0031367,HAM_0006891,melanocytic_Nevi,train,train,6619
ISIC_0031368,HAM_0002576,melanoma,train,train,8933
ISIC_0031369,HAM_0000531,melanoma,train,train,8934
ISIC_0031370,HAM_0007092,melanocytic_Nevi,train,train,6620
ISIC_0031371,HAM_0001079,melanocytic_Nevi,train,train,6621
ISIC_0031372,HAM_0007418,dermatofibroma,train,train,1929
ISIC_0031373,HAM_0004649,melanocytic_Nevi,train,train,6622
ISIC_0031374,HAM_0000603,melanocytic_Nevi,train,train,6623
ISIC_0031375,HAM_0000127,melanocytic_Nevi,train,train,6624
ISIC_0031376,HAM_0005862,benign_keratosis-like_lesions,train,train,1536
ISIC_0031377,HAM_0000022,melanoma,train,train,8935
ISIC_0031378,HAM_0002998,basal_cell_carcinoma,train,train,675
ISIC_0031379,HAM_0006241,melanocytic_Nevi,train,train,6625
ISIC_0031380,HAM_0007295,melanocytic_Nevi,train,train,6626
ISIC_0031381,HAM_0002441,actinic_keratoses,train,train,261
ISIC_0031382,HAM_0003954,melanocytic_Nevi,test,validation,1699
ISIC_0031383,HAM_0000030,melanocytic_Nevi,train,train,6627
ISIC_0031384,HAM_0002427,basal_cell_carcinoma,validation,train,676
ISIC_0031385,HAM_0003684,melanocytic_Nevi,train,train,6628
ISIC_0031386,HAM_0000417,melanoma,train,train,8936
ISIC_0031387,HAM_0004562,melanocytic_Nevi,train,train,6629
ISIC_0031388,HAM_0003463,melanocytic_Nevi,train,train,6630
ISIC_0031389,HAM_0002591,melanoma,train,train,8937
ISIC_0031390,HAM_0007544,melanocytic_Nevi,train,train,6631
ISIC_0031391,HAM_0002203,melanocytic_Nevi,train,train,6632
ISIC_0031392,HAM_0007465,melanocytic_Nevi,train,train,6633
ISIC_0031393,HAM_0006247,melanocytic_Nevi,train,validation,1700
ISIC_0031394,HAM_0000050,benign_keratosis-like_lesions,train,train,1537
ISIC_0031395,HAM_0005974,melanocytic_Nevi,train,train,6634
ISIC_0031396,HAM_0004466,benign_keratosis-like_lesions,validation,train,1538
ISIC_0031397,HAM_0000178,melanocytic_Nevi,train,train,6635
ISIC_0031398,HAM_0005474,melanocytic_Nevi,train,train,6636
ISIC_0031399,HAM_0002746,melanocytic_Nevi,train,train,6637
ISIC_0031400,HAM_0001331,basal_cell_carcinoma,validation,train,677
ISIC_0031401,HAM_0000593,melanoma,test,train,8938
ISIC_0031402,HAM_0002505,melanocytic_Nevi,train,train,6638
ISIC_0031403,HAM_0006421,melanocytic_Nevi,train,train,6639
ISIC_0031404,HAM_0006150,melanocytic_Nevi,train,train,6640
ISIC_0031405,HAM_0002333,melanocytic_Nevi,train,train,6641
ISIC_0031406,HAM_0000060,melanoma,test,train,8939
ISIC_0031407,HAM_0001575,basal_cell_carcinoma,train,train,678
ISIC_0031408,HAM_0000201,melanoma,train,train,8940
ISIC_0031409,HAM_0003403,melanocytic_Nevi,validation,train,6642
ISIC_0031410,HAM_0003782,melanoma,train,train,8941
ISIC_0031411,HAM_0004675,melanocytic_Nevi,train,train,6643
ISIC_0031412,HAM_0002797,melanocytic_Nevi,train,train,6644
ISIC_0031413,HAM_0004521,basal_cell_carcinoma,train,train,679
ISIC_0031414,HAM_0000400,melanocytic_Nevi,train,train,6645
ISIC_0031415,HAM_0001704,melanocytic_Nevi,train,validation,1701
ISIC_0031416,HAM_0003592,melanocytic_Nevi,validation,train,6646
ISIC_0031417,HAM_0006380,melanoma,validation,train,8942
ISIC_0031418,HAM_0002942,melanocytic_Nevi,validation,train,6647
ISIC_0031419,HAM_0005923,melanocytic_Nevi,test,train,6648
ISIC_0031420,HAM_0001197,melanocytic_Nevi,validation,train,6649
ISIC_0031421,HAM_0004976,actinic_keratoses,train,train,262
ISIC_0031422,HAM_0003375,melanocytic_Nevi,train,train,6650
ISIC_0031423,HAM_0002982,melanocytic_Nevi,train,train,6651
ISIC_0031424,HAM_0004928,benign_keratosis-like_lesions,train,train,1539
ISIC_0031425,HAM_0007087,melanocytic_Nevi,train,train,6652
ISIC_0031426,HAM_0006612,melanocytic_Nevi,train,train,6653
ISIC_0031427,HAM_0002279,melanocytic_Nevi,train,train,6654
ISIC_0031428,HAM_0006277,benign_keratosis-like_lesions,train,train,1540
ISIC_0031429,HAM_0007225,dermatofibroma,test,train,1930
ISIC_0031430,HAM_0005705,actinic_keratoses,test,train,263
ISIC_0031431,HAM_0004439,actinic_keratoses,test,train,264
ISIC_0031432,HAM_0007063,melanocytic_Nevi,test,train,6655
ISIC_0031433,HAM_0007061,melanocytic_Nevi,validation,train,6656
ISIC_0031434,HAM_0003425,melanocytic_Nevi,train,train,6657
ISIC_0031435,HAM_0004747,melanocytic_Nevi,validation,train,6658
ISIC_0031436,HAM_0006243,benign_keratosis-like_lesions,train,train,1541
ISIC_0031437,HAM_0001376,melanocytic_Nevi,validation,train,6659
ISIC_0031438,HAM_0005001,melanocytic_Nevi,train,train,6660
ISIC_0031439,HAM_0001779,melanocytic_Nevi,test,train,6661
ISIC_0031440,HAM_0002100,melanocytic_Nevi,test,train,6662
ISIC_0031441,HAM_0007267,melanocytic_Nevi,test,train,6663
ISIC_0031442,HAM_0005982,basal_cell_carcinoma,train,train,680
ISIC_0031443,HAM_0000827,dermatofibroma,validation,train,1931
ISIC_0031444,HAM_0006892,melanocytic_Nevi,train,train,6664
ISIC_0031445,HAM_0000292,melanocytic_Nevi,train,train,6665
ISIC_0031446,HAM_0002336,melanocytic_Nevi,train,train,6666
ISIC_0031447,HAM_0000509,melanocytic_Nevi,validation,train,6667
ISIC_0031448,HAM_0004486,melanocytic_Nevi,validation,train,6668
ISIC_0031449,HAM_0001536,benign_keratosis-like_lesions,validation,train,1542
ISIC_0031450,HAM_0003373,basal_cell_carcinoma,train,train,681
ISIC_0031451,HAM_0006401,melanocytic_Nevi,validation,train,6669
ISIC_0031452,HAM_0002588,melanocytic_Nevi,train,train,6670
ISIC_0031453,HAM_0000015,melanocytic_Nevi,test,train,6671
ISIC_0031454,HAM_0002408,melanocytic_Nevi,validation,train,6672
ISIC_0031455,HAM_0000841,melanocytic_Nevi,train,train,6673
ISIC_0031456,HAM_0006055,melanocytic_Nevi,validation,train,6674
ISIC_0031457,HAM_0007410,dermatofibroma,train,train,1932
ISIC_0031458,HAM_0007561,melanocytic_Nevi,train,train,6675
ISIC_0031459,HAM_0004494,benign_keratosis-like_lesions,validation,train,1543
ISIC_0031460,HAM_0000135,melanocytic_Nevi,train,train,6676
ISIC_0031461,HAM_0001241,melanocytic_Nevi,train,train,6677
ISIC_0031462,HAM_0002861,melanocytic_Nevi,test,train,6678
ISIC_0031463,HAM_0001263,melanocytic_Nevi,validation,train,6679
ISIC_0031464,HAM_0003943,benign_keratosis-like_lesions,test,train,1544
ISIC_0031465,HAM_0000821,benign_keratosis-like_lesions,train,train,1545
ISIC_0031466,HAM_0002567,melanocytic_Nevi,train,train,6680
ISIC_0031467,HAM_0002642,melanocytic_Nevi,train,train,6681
ISIC_0031468,HAM_0003021,benign_keratosis-like_lesions,test,train,1546
ISIC_0031469,HAM_0003283,melanocytic_Nevi,validation,train,6682
ISIC_0031470,HAM_0001424,basal_cell_carcinoma,train,train,682
ISIC_0031471,HAM_0004154,melanocytic_Nevi,validation,train,6683
ISIC_0031472,HAM_0003316,melanocytic_Nevi,train,train,6684
ISIC_0031473,HAM_0004443,melanocytic_Nevi,train,train,6685
ISIC_0031474,HAM_0000072,melanocytic_Nevi,train,train,6686
ISIC_0031475,HAM_0003045,melanocytic_Nevi,train,train,6687
ISIC_0031476,HAM_0004170,melanocytic_Nevi,test,train,6688
ISIC_0031477,HAM_0005464,melanocytic_Nevi,validation,train,6689
ISIC_0031478,HAM_0004658,melanocytic_Nevi,train,train,6690
ISIC_0031479,HAM_0000274,melanoma,train,train,8943
ISIC_0031480,HAM_0007256,melanocytic_Nevi,test,train,6691
ISIC_0031481,HAM_0004485,melanocytic_Nevi,test,train,6692
ISIC_0031482,HAM_0005083,melanocytic_Nevi,train,train,6693
ISIC_0031483,HAM_0002298,melanocytic_Nevi,train,train,6694
ISIC_0031484,HAM_0005930,melanocytic_Nevi,test,train,6695
ISIC_0031485,HAM_0004641,benign_keratosis-like_lesions,validation,train,1547
ISIC_0031486,HAM_0005487,melanocytic_Nevi,train,train,6696
ISIC_0031487,HAM_0006903,melanocytic_Nevi,train,train,6697
ISIC_0031488,HAM_0001633,melanocytic_Nevi,train,train,6698
ISIC_0031489,HAM_0003328,basal_cell_carcinoma,train,train,683
ISIC_0031490,HAM_0005685,melanocytic_Nevi,train,train,6699
ISIC_0031491,HAM_0006918,melanocytic_Nevi,train,train,6700
ISIC_0031492,HAM_0003638,melanocytic_Nevi,train,train,6701
ISIC_0031493,HAM_0007146,melanocytic_Nevi,validation,train,6702
ISIC_0031494,HAM_0007238,melanoma,test,train,8944
ISIC_0031495,HAM_0004569,benign_keratosis-like_lesions,train,train,1548
ISIC_0031496,HAM_0001733,benign_keratosis-like_lesions,train,train,1549
ISIC_0031497,HAM_0004774,melanocytic_Nevi,train,train,6703
ISIC_0031498,HAM_0001953,melanoma,train,train,8945
ISIC_0031499,HAM_0006722,melanoma,test,train,8946
ISIC_0031500,HAM_0007486,melanocytic_Nevi,train,train,6704
ISIC_0031501,HAM_0007138,melanocytic_Nevi,validation,train,6705
ISIC_0031502,HAM_0001830,melanocytic_Nevi,train,train,6706
ISIC_0031503,HAM_0002808,melanocytic_Nevi,train,train,6707
ISIC_0031504,HAM_0006103,melanocytic_Nevi,train,train,6708
ISIC_0031505,HAM_0005991,melanocytic_Nevi,validation,train,6709
ISIC_0031506,HAM_0006902,actinic_keratoses,test,train,265
ISIC_0031507,HAM_0003510,melanocytic_Nevi,train,train,6710
ISIC_0031508,HAM_0003453,melanocytic_Nevi,train,train,6711
ISIC_0031509,HAM_0000560,melanocytic_Nevi,train,validation,1718
ISIC_0031510,HAM_0000525,melanocytic_Nevi,test,train,6712
ISIC_0031511,HAM_0006601,benign_keratosis-like_lesions,train,train,1550
ISIC_0031512,HAM_0003124,melanocytic_Nevi,train,train,6713
ISIC_0031513,HAM_0007141,basal_cell_carcinoma,train,train,684
ISIC_0031514,HAM_0005029,melanocytic_Nevi,train,train,6714
ISIC_0031515,HAM_0003933,melanocytic_Nevi,train,train,6715
ISIC_0031516,HAM_0003499,melanocytic_Nevi,validation,train,6716
ISIC_0031517,HAM_0001202,melanoma,train,train,8947
ISIC_0031518,HAM_0006389,melanocytic_Nevi,train,train,6717
ISIC_0031519,HAM_0000149,benign_keratosis-like_lesions,train,train,1551
ISIC_0031520,HAM_0000872,basal_cell_carcinoma,train,train,685
ISIC_0031521,HAM_0001637,melanocytic_Nevi,train,validation,1722
ISIC_0031522,HAM_0005865,benign_keratosis-like_lesions,train,train,1552
ISIC_0031523,HAM_0000686,melanocytic_Nevi,train,train,6718
ISIC_0031524,HAM_0007206,melanocytic_Nevi,train,train,6719
ISIC_0031525,HAM_0002633,melanocytic_Nevi,train,train,6720
ISIC_0031526,HAM_0007588,basal_cell_carcinoma,train,train,686
ISIC_0031527,HAM_0003805,basal_cell_carcinoma,train,train,687
ISIC_0031528,HAM_0007590,benign_keratosis-like_lesions,train,train,1553
ISIC_0031529,HAM_0001657,melanoma,train,train,8948
ISIC_0031530,HAM_0002852,melanocytic_Nevi,train,train,6721
ISIC_0031531,HAM_0001215,basal_cell_carcinoma,train,train,688
ISIC_0031532,HAM_0004247,melanocytic_Nevi,train,train,6722
ISIC_0031533,HAM_0001013,melanocytic_Nevi,validation,train,6723
ISIC_0031534,HAM_0002111,melanocytic_Nevi,test,train,6724
ISIC_0031535,HAM_0003298,melanocytic_Nevi,test,train,6725
ISIC_0031536,HAM_0007339,melanocytic_Nevi,test,train,6726
ISIC_0031537,HAM_0003877,benign_keratosis-like_lesions,train,train,1554
ISIC_0031538,HAM_0004868,melanocytic_Nevi,train,train,6727
ISIC_0031539,HAM_0005302,basal_cell_carcinoma,train,train,689
ISIC_0031540,HAM_0006374,melanocytic_Nevi,train,train,6728
ISIC_0031541,HAM_0004007,melanocytic_Nevi,train,train,6729
ISIC_0031542,HAM_0003014,benign_keratosis-like_lesions,train,train,1555
ISIC_0031543,HAM_0007188,melanoma,validation,train,8949
ISIC_0031544,HAM_0001311,melanocytic_Nevi,train,train,6730
ISIC_0031545,HAM_0007229,melanoma,train,train,8950
ISIC_0031546,HAM_0001192,melanocytic_Nevi,train,train,6731
ISIC_0031547,HAM_0000102,melanocytic_Nevi,train,train,6732
ISIC_0031548,HAM_0003575,melanocytic_Nevi,test,train,6733
ISIC_0031549,HAM_0001899,melanocytic_Nevi,train,train,6734
ISIC_0031550,HAM_0002693,melanoma,validation,train,8951
ISIC_0031551,HAM_0001674,melanocytic_Nevi,test,train,6735
ISIC_0031552,HAM_0006588,basal_cell_carcinoma,train,train,690
ISIC_0031553,HAM_0001285,melanocytic_Nevi,test,train,6736
ISIC_0031554,HAM_0000433,melanoma,test,train,8952
ISIC_0031555,HAM_0000837,melanocytic_Nevi,train,train,6737
ISIC_0031556,HAM_0006122,benign_keratosis-like_lesions,train,validation,410
ISIC_0031557,HAM_0006521,melanoma,train,validation,2330
ISIC_0031558,HAM_0001402,benign_keratosis-like_lesions,test,train,1556
ISIC_0031559,HAM_0006760,melanocytic_Nevi,validation,train,6738
ISIC_0031560,HAM_0004663,melanocytic_Nevi,train,train,6739
ISIC_0031561,HAM_0006744,melanoma,train,train,8953
ISIC_0031562,HAM_0001132,melanocytic_Nevi,validation,train,6740
ISIC_0031563,HAM_0001869,melanocytic_Nevi,train,train,6741
ISIC_0031564,HAM_0005090,melanocytic_Nevi,train,train,6742
ISIC_0031565,HAM_0000442,melanoma,validation,train,8954
ISIC_0031566,HAM_0002422,melanocytic_Nevi,validation,train,6743
ISIC_0031567,HAM_0001803,melanocytic_Nevi,train,train,6744
ISIC_0031568,HAM_0001380,melanocytic_Nevi,validation,train,6745
ISIC_0031569,HAM_0003039,basal_cell_carcinoma,train,train,691
ISIC_0031570,HAM_0001178,actinic_keratoses,train,train,266
ISIC_0031571,HAM_0003233,melanocytic_Nevi,test,train,6746
ISIC_0031572,HAM_0002662,melanocytic_Nevi,validation,train,6747
ISIC_0031573,HAM_0006273,melanocytic_Nevi,test,train,6748
ISIC_0031574,HAM_0005928,melanocytic_Nevi,train,train,6749
ISIC_0031575,HAM_0000699,melanocytic_Nevi,train,train,6750
ISIC_0031576,HAM_0002195,melanocytic_Nevi,train,train,6751
ISIC_0031577,HAM_0005338,benign_keratosis-like_lesions,train,train,1557
ISIC_0031578,HAM_0003157,actinic_keratoses,train,train,267
ISIC_0031579,HAM_0003020,melanocytic_Nevi,validation,validation,1733
ISIC_0031580,HAM_0005335,benign_keratosis-like_lesions,validation,train,1558
ISIC_0031581,HAM_0003329,melanocytic_Nevi,train,train,6752
ISIC_0031582,HAM_0006299,melanocytic_Nevi,validation,train,6753
ISIC_0031583,HAM_0007374,melanocytic_Nevi,train,train,6754
ISIC_0031584,HAM_0004341,benign_keratosis-like_lesions,train,train,1559
ISIC_0031585,HAM_0004219,basal_cell_carcinoma,train,train,692
ISIC_0031586,HAM_0001671,melanoma,train,train,8955
ISIC_0031587,HAM_0001676,melanocytic_Nevi,train,train,6755
ISIC_0031588,HAM_0007567,melanocytic_Nevi,train,train,6756
ISIC_0031589,HAM_0002947,melanocytic_Nevi,train,train,6757
ISIC_0031590,HAM_0003786,melanocytic_Nevi,train,train,6758
ISIC_0031591,HAM_0004249,benign_keratosis-like_lesions,validation,train,1560
ISIC_0031592,HAM_0000569,melanocytic_Nevi,train,train,6759
ISIC_0031593,HAM_0002169,benign_keratosis-like_lesions,train,train,1561
ISIC_0031594,HAM_0006835,melanocytic_Nevi,train,train,6760
ISIC_0031595,HAM_0006645,melanocytic_Nevi,train,train,6761
ISIC_0031596,HAM_0002794,melanocytic_Nevi,train,train,6762
ISIC_0031597,HAM_0004627,basal_cell_carcinoma,validation,train,693
ISIC_0031598,HAM_0005381,melanoma,validation,train,8956
ISIC_0031599,HAM_0003263,melanocytic_Nevi,validation,train,6763
ISIC_0031600,HAM_0004912,benign_keratosis-like_lesions,train,train,1562
ISIC_0031601,HAM_0001487,benign_keratosis-like_lesions,train,train,1563
ISIC_0031602,HAM_0006913,melanocytic_Nevi,validation,train,6764
ISIC_0031603,HAM_0002128,melanocytic_Nevi,train,train,6765
ISIC_0031604,HAM_0004792,melanocytic_Nevi,test,train,6766
ISIC_0031605,HAM_0000972,melanocytic_Nevi,train,validation,1738
ISIC_0031606,HAM_0006270,melanocytic_Nevi,test,train,6767
ISIC_0031607,HAM_0002270,melanocytic_Nevi,train,train,6768
ISIC_0031608,HAM_0004816,melanocytic_Nevi,train,train,6769
ISIC_0031609,HAM_0004363,actinic_keratoses,validation,train,268
ISIC_0031610,HAM_0004157,melanocytic_Nevi,train,train,6770
ISIC_0031611,HAM_0003710,melanocytic_Nevi,validation,test,920
ISIC_0031612,HAM_0005873,melanocytic_Nevi,train,train,6771
ISIC_0031613,HAM_0005408,melanocytic_Nevi,train,train,6772
ISIC_0031614,HAM_0006049,basal_cell_carcinoma,validation,train,694
ISIC_0031615,HAM_0000569,melanocytic_Nevi,train,train,6773
ISIC_0031616,HAM_0002071,melanocytic_Nevi,train,train,6774
ISIC_0031617,HAM_0000376,melanocytic_Nevi,train,validation,1743
ISIC_0031618,HAM_0005339,melanocytic_Nevi,train,train,6775
ISIC_0031619,HAM_0005626,benign_keratosis-like_lesions,train,train,1564
ISIC_0031620,HAM_0007431,benign_keratosis-like_lesions,train,train,1565
ISIC_0031621,HAM_0000597,melanocytic_Nevi,train,train,6776
ISIC_0031622,HAM_0005886,melanocytic_Nevi,train,train,6777
ISIC_0031623,HAM_0005625,melanocytic_Nevi,validation,train,6778
ISIC_0031624,HAM_0002092,benign_keratosis-like_lesions,train,train,1566
ISIC_0031625,HAM_0001862,melanocytic_Nevi,train,train,6779
ISIC_0031626,HAM_0007292,melanocytic_Nevi,train,train,6780
ISIC_0031627,HAM_0002210,melanocytic_Nevi,validation,train,6781
ISIC_0031628,HAM_0001315,melanocytic_Nevi,train,train,6782
ISIC_0031629,HAM_0002489,melanocytic_Nevi,train,train,6783
ISIC_0031630,HAM_0003682,benign_keratosis-like_lesions,train,train,1567
ISIC_0031631,HAM_0003742,melanocytic_Nevi,train,train,6784
ISIC_0031632,HAM_0005072,melanocytic_Nevi,validation,train,6785
ISIC_0031633,HAM_0001466,benign_keratosis-like_lesions,train,train,1568
ISIC_0031634,HAM_0000341,melanocytic_Nevi,test,train,6786
ISIC_0031635,HAM_0000434,melanocytic_Nevi,validation,train,6787
ISIC_0031636,HAM_0003469,melanocytic_Nevi,train,train,6788
ISIC_0031637,HAM_0007159,melanocytic_Nevi,train,train,6789
ISIC_0031638,HAM_0002704,melanocytic_Nevi,train,train,6790
ISIC_0031639,HAM_0006558,benign_keratosis-like_lesions,train,train,1569
ISIC_0031640,HAM_0001239,basal_cell_carcinoma,validation,train,695
ISIC_0031641,HAM_0006405,melanocytic_Nevi,train,train,6791
ISIC_0031642,HAM_0004607,melanoma,validation,train,8957
ISIC_0031643,HAM_0003851,basal_cell_carcinoma,train,train,696
ISIC_0031644,HAM_0005925,melanocytic_Nevi,train,train,6792
ISIC_0031645,HAM_0001037,melanocytic_Nevi,train,train,6793
ISIC_0031646,HAM_0003684,melanocytic_Nevi,train,train,6794
ISIC_0031647,HAM_0005088,melanocytic_Nevi,test,train,6795
ISIC_0031648,HAM_0005989,vascular_lesions,train,train,9532
ISIC_0031649,HAM_0003322,melanocytic_Nevi,train,train,6796
ISIC_0031650,HAM_0003847,benign_keratosis-like_lesions,train,train,1570
ISIC_0031651,HAM_0006631,basal_cell_carcinoma,validation,train,697
ISIC_0031652,HAM_0004789,melanocytic_Nevi,train,train,6797
ISIC_0031653,HAM_0004006,melanocytic_Nevi,test,train,6798
ISIC_0031654,HAM_0005428,melanocytic_Nevi,train,train,6799
ISIC_0031655,HAM_0003854,melanocytic_Nevi,train,train,6800
ISIC_0031656,HAM_0000471,melanocytic_Nevi,train,train,6801
ISIC_0031657,HAM_0003828,melanocytic_Nevi,validation,train,6802
ISIC_0031658,HAM_0001033,melanocytic_Nevi,train,train,6803
ISIC_0031659,HAM_0005264,actinic_keratoses,train,train,269
ISIC_0031660,HAM_0001316,melanocytic_Nevi,train,train,6804
ISIC_0031661,HAM_0001519,melanocytic_Nevi,test,train,6805
ISIC_0031662,HAM_0006947,melanocytic_Nevi,test,train,6806
ISIC_0031663,HAM_0002946,melanocytic_Nevi,test,validation,1751
ISIC_0031664,HAM_0003871,melanocytic_Nevi,validation,train,6807
ISIC_0031665,HAM_0007007,melanocytic_Nevi,train,validation,1752
ISIC_0031666,HAM_0000775,melanoma,train,train,8958
ISIC_0031667,HAM_0000509,melanocytic_Nevi,validation,train,6808
ISIC_0031668,HAM_0000698,melanocytic_Nevi,train,train,6809
ISIC_0031669,HAM_0004325,melanocytic_Nevi,train,train,6810
ISIC_0031670,HAM_0006130,melanoma,train,train,8959
ISIC_0031671,HAM_0004264,melanocytic_Nevi,train,train,6811
ISIC_0031672,HAM_0004439,actinic_keratoses,test,train,270
ISIC_0031673,HAM_0002854,melanocytic_Nevi,train,train,6812
ISIC_0031674,HAM_0006837,melanocytic_Nevi,train,train,6813
ISIC_0031675,HAM_0006939,melanocytic_Nevi,train,train,6814
ISIC_0031676,HAM_0007553,melanocytic_Nevi,validation,train,6815
ISIC_0031677,HAM_0002683,benign_keratosis-like_lesions,test,train,1571
ISIC_0031678,HAM_0004318,melanocytic_Nevi,train,train,6816
ISIC_0031679,HAM_0002219,melanocytic_Nevi,test,train,6817
ISIC_0031680,HAM_0003731,melanocytic_Nevi,train,validation,1756
ISIC_0031681,HAM_0006069,melanocytic_Nevi,train,train,6818
ISIC_0031682,HAM_0002144,melanocytic_Nevi,test,train,6819
ISIC_0031683,HAM_0002579,melanocytic_Nevi,validation,train,6820
ISIC_0031684,HAM_0001351,melanocytic_Nevi,train,train,6821
ISIC_0031685,HAM_0002054,melanocytic_Nevi,train,train,6822
ISIC_0031686,HAM_0007261,benign_keratosis-like_lesions,train,validation,414
ISIC_0031687,HAM_0004741,melanocytic_Nevi,train,train,6823
ISIC_0031688,HAM_0000116,melanocytic_Nevi,train,train,6824
ISIC_0031689,HAM_0001478,melanocytic_Nevi,train,train,6825
ISIC_0031690,HAM_0006809,melanocytic_Nevi,train,train,6826
ISIC_0031691,HAM_0007010,benign_keratosis-like_lesions,train,train,1572
ISIC_0031692,HAM_0007131,actinic_keratoses,test,train,271
ISIC_0031693,HAM_0007388,melanocytic_Nevi,validation,train,6827
ISIC_0031694,HAM_0000523,melanocytic_Nevi,validation,train,6828
ISIC_0031695,HAM_0005402,melanocytic_Nevi,train,train,6829
ISIC_0031696,HAM_0006113,melanocytic_Nevi,train,train,6830
ISIC_0031697,HAM_0003177,basal_cell_carcinoma,train,train,698
ISIC_0031698,HAM_0000082,basal_cell_carcinoma,test,train,699
ISIC_0031699,HAM_0003611,melanocytic_Nevi,validation,train,6831
ISIC_0031700,HAM_0004127,melanocytic_Nevi,validation,train,6832
ISIC_0031701,HAM_0005142,melanocytic_Nevi,train,train,6833
ISIC_0031702,HAM_0006827,benign_keratosis-like_lesions,train,train,1573
ISIC_0031703,HAM_0005327,melanocytic_Nevi,train,train,6834
ISIC_0031704,HAM_0002918,melanocytic_Nevi,test,train,6835
ISIC_0031705,HAM_0004747,melanocytic_Nevi,validation,train,6836
ISIC_0031706,HAM_0000934,vascular_lesions,train,train,9533
ISIC_0031707,HAM_0000383,benign_keratosis-like_lesions,train,train,1574
ISIC_0031708,HAM_0002865,melanocytic_Nevi,train,train,6837
ISIC_0031709,HAM_0000282,melanoma,train,train,8960
ISIC_0031710,HAM_0005730,melanocytic_Nevi,test,train,6838
ISIC_0031711,HAM_0002011,melanoma,train,train,8961
ISIC_0031712,HAM_0004147,basal_cell_carcinoma,test,train,700
ISIC_0031713,HAM_0006145,melanocytic_Nevi,train,train,6839
ISIC_0031714,HAM_0004307,melanocytic_Nevi,train,validation,1765
ISIC_0031715,HAM_0003464,melanocytic_Nevi,validation,train,6840
ISIC_0031716,HAM_0002686,benign_keratosis-like_lesions,test,train,1575
ISIC_0031717,HAM_0001228,melanocytic_Nevi,train,train,6841
ISIC_0031718,HAM_0000863,melanoma,validation,train,8962
ISIC_0031719,HAM_0007020,vascular_lesions,test,train,9534
ISIC_0031720,HAM_0003222,melanocytic_Nevi,train,train,6842
ISIC_0031721,HAM_0006564,basal_cell_carcinoma,train,train,701
ISIC_0031722,HAM_0002805,melanocytic_Nevi,train,train,6843
ISIC_0031723,HAM_0006818,melanocytic_Nevi,train,train,6844
ISIC_0031724,HAM_0006919,melanocytic_Nevi,train,train,6845
ISIC_0031725,HAM_0006706,melanocytic_Nevi,train,train,6846
ISIC_0031726,HAM_0001037,melanocytic_Nevi,train,train,6847
ISIC_0031727,HAM_0005855,melanocytic_Nevi,train,train,6848
ISIC_0031728,HAM_0007588,basal_cell_carcinoma,train,train,702
ISIC_0031729,HAM_0001401,melanocytic_Nevi,train,train,6849
ISIC_0031730,HAM_0003648,melanocytic_Nevi,train,train,6850
ISIC_0031731,HAM_0005355,melanocytic_Nevi,train,train,6851
ISIC_0031732,HAM_0004860,melanocytic_Nevi,train,train,6852
ISIC_0031733,HAM_0005237,melanocytic_Nevi,test,train,6853
ISIC_0031734,HAM_0000810,melanocytic_Nevi,train,train,6854
ISIC_0031735,HAM_0003290,dermatofibroma,train,train,1933
ISIC_0031736,HAM_0004993,melanocytic_Nevi,train,train,6855
ISIC_0031737,HAM_0006007,melanocytic_Nevi,train,train,6856
ISIC_0031738,HAM_0005766,actinic_keratoses,validation,train,272
ISIC_0031739,HAM_0001748,melanocytic_Nevi,train,train,6857
ISIC_0031740,HAM_0005934,melanocytic_Nevi,train,train,6858
ISIC_0031741,HAM_0006400,melanoma,train,train,8963
ISIC_0031742,HAM_0001803,melanocytic_Nevi,train,train,6859
ISIC_0031743,HAM_0005505,actinic_keratoses,train,validation,71
ISIC_0031744,HAM_0006667,melanocytic_Nevi,train,train,6860
ISIC_0031745,HAM_0001671,melanoma,train,train,8964
ISIC_0031746,HAM_0003534,melanoma,train,train,8965
ISIC_0031747,HAM_0003213,melanocytic_Nevi,train,train,6861
ISIC_0031748,HAM_0000269,melanocytic_Nevi,train,train,6862
ISIC_0031749,HAM_0002791,basal_cell_carcinoma,train,train,703
ISIC_0031750,HAM_0007484,melanocytic_Nevi,train,train,6863
ISIC_0031751,HAM_0006858,melanocytic_Nevi,train,train,6864
ISIC_0031752,HAM_0007331,melanocytic_Nevi,train,train,6865
ISIC_0031753,HAM_0001480,benign_keratosis-like_lesions,train,train,1576
ISIC_0031754,HAM_0003940,melanocytic_Nevi,train,train,6866
ISIC_0031755,HAM_0003928,melanocytic_Nevi,train,train,6867
ISIC_0031756,HAM_0004054,melanocytic_Nevi,train,train,6868
ISIC_0031757,HAM_0004222,melanocytic_Nevi,train,train,6869
ISIC_0031758,HAM_0001007,melanocytic_Nevi,train,train,6870
ISIC_0031759,HAM_0003925,vascular_lesions,train,train,9535
ISIC_0031760,HAM_0004336,melanocytic_Nevi,test,train,6871
ISIC_0031761,HAM_0000296,benign_keratosis-like_lesions,train,train,1577
ISIC_0031762,HAM_0007428,basal_cell_carcinoma,train,train,704
ISIC_0031763,HAM_0004551,melanocytic_Nevi,test,train,6872
ISIC_0031764,HAM_0003454,melanocytic_Nevi,train,train,6873
ISIC_0031765,HAM_0001489,melanocytic_Nevi,validation,train,6874
ISIC_0031766,HAM_0004945,benign_keratosis-like_lesions,train,train,1578
ISIC_0031767,HAM_0005899,melanocytic_Nevi,test,train,6875
ISIC_0031768,HAM_0004312,melanocytic_Nevi,test,train,6876
ISIC_0031769,HAM_0006861,melanocytic_Nevi,train,train,6877
ISIC_0031770,HAM_0006128,benign_keratosis-like_lesions,validation,test,211
ISIC_0031771,HAM_0001582,melanocytic_Nevi,validation,train,6878
ISIC_0031772,HAM_0006282,melanocytic_Nevi,train,train,6879
ISIC_0031773,HAM_0007065,melanocytic_Nevi,train,train,6880
ISIC_0031774,HAM_0002275,melanocytic_Nevi,validation,train,6881
ISIC_0031775,HAM_0000946,melanocytic_Nevi,train,train,6882
ISIC_0031776,HAM_0002404,melanocytic_Nevi,validation,train,6883
ISIC_0031777,HAM_0006909,melanocytic_Nevi,test,train,6884
ISIC_0031778,HAM_0003509,melanoma,train,train,8966
ISIC_0031779,HAM_0001284,melanoma,train,train,8967
ISIC_0031780,HAM_0005167,melanocytic_Nevi,test,train,6885
ISIC_0031781,HAM_0004263,melanocytic_Nevi,train,train,6886
ISIC_0031782,HAM_0002636,melanocytic_Nevi,train,train,6887
ISIC_0031783,HAM_0002357,benign_keratosis-like_lesions,train,train,1579
ISIC_0031784,HAM_0002051,melanoma,train,train,8968
ISIC_0031785,HAM_0001087,melanocytic_Nevi,validation,train,6888
ISIC_0031786,HAM_0000255,melanocytic_Nevi,validation,train,6889
ISIC_0031787,HAM_0002478,melanocytic_Nevi,train,train,6890
ISIC_0031788,HAM_0004490,melanocytic_Nevi,validation,train,6891
ISIC_0031789,HAM_0002717,basal_cell_carcinoma,test,train,705
ISIC_0031790,HAM_0006729,melanocytic_Nevi,validation,train,6892
ISIC_0031791,HAM_0004742,melanocytic_Nevi,train,train,6893
ISIC_0031792,HAM_0006961,melanocytic_Nevi,validation,train,6894
ISIC_0031793,HAM_0003096,melanocytic_Nevi,test,train,6895
ISIC_0031794,HAM_0006616,melanocytic_Nevi,train,train,6896
ISIC_0031795,HAM_0002711,melanoma,train,train,8969
ISIC_0031796,HAM_0000410,melanocytic_Nevi,train,train,6897
ISIC_0031797,HAM_0001064,melanocytic_Nevi,train,train,6898
ISIC_0031798,HAM_0005051,melanocytic_Nevi,train,train,6899
ISIC_0031799,HAM_0003348,dermatofibroma,train,train,1934
ISIC_0031800,HAM_0003551,melanocytic_Nevi,train,train,6900
ISIC_0031801,HAM_0000990,melanocytic_Nevi,train,train,6901
ISIC_0031802,HAM_0003836,melanocytic_Nevi,validation,train,6902
ISIC_0031803,HAM_0002587,melanocytic_Nevi,validation,train,6903
ISIC_0031804,HAM_0005441,melanocytic_Nevi,train,train,6904
ISIC_0031805,HAM_0005023,melanocytic_Nevi,train,validation,1784
ISIC_0031806,HAM_0003142,melanocytic_Nevi,train,train,6905
ISIC_0031807,HAM_0005511,melanocytic_Nevi,train,train,6906
ISIC_0031808,HAM_0005275,benign_keratosis-like_lesions,train,train,1580
ISIC_0031809,HAM_0004835,melanocytic_Nevi,validation,train,6907
ISIC_0031810,HAM_0000544,melanocytic_Nevi,test,validation,1786
ISIC_0031811,HAM_0003113,melanocytic_Nevi,train,train,6908
ISIC_0031812,HAM_0002335,benign_keratosis-like_lesions,validation,train,1581
ISIC_0031813,HAM_0003987,melanocytic_Nevi,train,train,6909
ISIC_0031814,HAM_0003243,melanocytic_Nevi,train,train,6910
ISIC_0031815,HAM_0002760,melanocytic_Nevi,train,train,6911
ISIC_0031816,HAM_0005321,melanocytic_Nevi,train,train,6912
ISIC_0031817,HAM_0004461,melanocytic_Nevi,train,train,6913
ISIC_0031818,HAM_0001395,melanocytic_Nevi,train,train,6914
ISIC_0031819,HAM_0005527,benign_keratosis-like_lesions,train,train,1582
ISIC_0031820,HAM_0000161,melanocytic_Nevi,train,validation,1789
ISIC_0031821,HAM_0003957,melanoma,test,train,8970
ISIC_0031822,HAM_0000597,melanocytic_Nevi,train,train,6915
ISIC_0031823,HAM_0006301,actinic_keratoses,validation,train,273
ISIC_0031824,HAM_0001326,basal_cell_carcinoma,train,train,706
ISIC_0031825,HAM_0004453,benign_keratosis-like_lesions,train,train,1583
ISIC_0031826,HAM_0000387,melanocytic_Nevi,train,train,6916
ISIC_0031827,HAM_0007526,dermatofibroma,train,train,1935
ISIC_0031828,HAM_0005788,melanocytic_Nevi,train,train,6917
ISIC_0031829,HAM_0006936,melanocytic_Nevi,train,train,6918
ISIC_0031830,HAM_0005340,melanocytic_Nevi,train,train,6919
ISIC_0031831,HAM_0004448,benign_keratosis-like_lesions,validation,train,1584
ISIC_0031832,HAM_0006972,melanocytic_Nevi,validation,train,6920
ISIC_0031833,HAM_0006703,melanocytic_Nevi,validation,train,6921
ISIC_0031834,HAM_0004640,melanocytic_Nevi,train,train,6922
ISIC_0031835,HAM_0006289,melanocytic_Nevi,train,train,6923
ISIC_0031836,HAM_0003600,basal_cell_carcinoma,train,train,707
ISIC_0031837,HAM_0005975,melanocytic_Nevi,train,train,6924
ISIC_0031838,HAM_0002517,melanocytic_Nevi,train,train,6925
ISIC_0031839,HAM_0001027,melanocytic_Nevi,train,train,6926
ISIC_0031840,HAM_0006991,melanocytic_Nevi,train,train,6927
ISIC_0031841,HAM_0005716,melanocytic_Nevi,train,train,6928
ISIC_0031842,HAM_0006752,melanocytic_Nevi,train,train,6929
ISIC_0031843,HAM_0001471,melanocytic_Nevi,train,train,6930
ISIC_0031844,HAM_0000536,melanoma,train,train,8971
ISIC_0031845,HAM_0007203,melanocytic_Nevi,validation,train,6931
ISIC_0031846,HAM_0001286,melanocytic_Nevi,train,train,6932
ISIC_0031847,HAM_0003431,melanocytic_Nevi,train,train,6933
ISIC_0031848,HAM_0001136,melanocytic_Nevi,test,train,6934
ISIC_0031849,HAM_0007401,melanocytic_Nevi,validation,train,6935
ISIC_0031850,HAM_0003271,melanocytic_Nevi,test,train,6936
ISIC_0031851,HAM_0004883,benign_keratosis-like_lesions,train,train,1585
ISIC_0031852,HAM_0004441,actinic_keratoses,test,train,274
ISIC_0031853,HAM_0003789,benign_keratosis-like_lesions,train,train,1586
ISIC_0031854,HAM_0007593,melanocytic_Nevi,test,train,6937
ISIC_0031855,HAM_0002843,melanocytic_Nevi,train,train,6938
ISIC_0031856,HAM_0007197,melanocytic_Nevi,train,train,6939
ISIC_0031857,HAM_0000391,melanocytic_Nevi,test,train,6940
ISIC_0031858,HAM_0005192,melanocytic_Nevi,train,train,6941
ISIC_0031859,HAM_0001574,melanocytic_Nevi,train,train,6942
ISIC_0031860,HAM_0001521,melanocytic_Nevi,train,train,6943
ISIC_0031861,HAM_0000033,melanocytic_Nevi,test,train,6944
ISIC_0031862,HAM_0004446,melanocytic_Nevi,train,train,6945
ISIC_0031863,HAM_0006853,melanocytic_Nevi,validation,train,6946
ISIC_0031864,HAM_0001394,melanocytic_Nevi,train,validation,1797
ISIC_0031865,HAM_0001556,melanocytic_Nevi,train,train,6947
ISIC_0031866,HAM_0003423,melanocytic_Nevi,test,train,6948
ISIC_0031867,HAM_0001012,melanocytic_Nevi,validation,train,6949
ISIC_0031868,HAM_0005446,melanocytic_Nevi,validation,train,6950
ISIC_0031869,HAM_0005002,melanocytic_Nevi,train,validation,1801
ISIC_0031870,HAM_0003028,melanocytic_Nevi,train,train,6951
ISIC_0031871,HAM_0006225,melanocytic_Nevi,train,train,6952
ISIC_0031872,HAM_0000083,benign_keratosis-like_lesions,train,train,1587
ISIC_0031873,HAM_0004362,melanocytic_Nevi,test,train,6953
ISIC_0031874,HAM_0001922,actinic_keratoses,train,train,275
ISIC_0031875,HAM_0002326,melanocytic_Nevi,train,train,6954
ISIC_0031876,HAM_0002810,benign_keratosis-like_lesions,train,train,1588
ISIC_0031877,HAM_0006476,melanocytic_Nevi,train,train,6955
ISIC_0031878,HAM_0004950,melanocytic_Nevi,train,train,6956
ISIC_0031879,HAM_0003065,melanocytic_Nevi,train,train,6957
ISIC_0031880,HAM_0000976,melanocytic_Nevi,test,train,6958
ISIC_0031881,HAM_0006544,melanocytic_Nevi,train,train,6959
ISIC_0031882,HAM_0005341,melanocytic_Nevi,train,train,6960
ISIC_0031883,HAM_0002946,melanocytic_Nevi,test,validation,1804
ISIC_0031884,HAM_0004753,melanocytic_Nevi,train,train,6961
ISIC_0031885,HAM_0004821,melanocytic_Nevi,train,train,6962
ISIC_0031886,HAM_0006949,melanocytic_Nevi,train,train,6963
ISIC_0031887,HAM_0007426,melanocytic_Nevi,train,train,6964
ISIC_0031888,HAM_0003398,benign_keratosis-like_lesions,train,train,1589
ISIC_0031889,HAM_0000521,melanocytic_Nevi,train,train,6965
ISIC_0031890,HAM_0007420,melanoma,train,train,8972
ISIC_0031891,HAM_0000506,melanocytic_Nevi,train,train,6966
ISIC_0031892,HAM_0006795,melanocytic_Nevi,train,train,6967
ISIC_0031893,HAM_0003881,benign_keratosis-like_lesions,test,train,1590
ISIC_0031894,HAM_0006613,melanocytic_Nevi,train,train,6968
ISIC_0031895,HAM_0007316,melanocytic_Nevi,train,train,6969
ISIC_0031896,HAM_0003027,melanocytic_Nevi,train,train,6970
ISIC_0031897,HAM_0000382,benign_keratosis-like_lesions,train,train,1591
ISIC_0031898,HAM_0001008,melanocytic_Nevi,validation,train,6971
ISIC_0031899,HAM_0002437,melanocytic_Nevi,train,train,6972
ISIC_0031900,HAM_0001113,melanoma,train,train,8973
ISIC_0031901,HAM_0001920,vascular_lesions,validation,train,9536
ISIC_0031902,HAM_0005432,melanocytic_Nevi,test,train,6973
ISIC_0031903,HAM_0003281,benign_keratosis-like_lesions,train,train,1592
ISIC_0031904,HAM_0005700,melanocytic_Nevi,test,train,6974
ISIC_0031905,HAM_0003320,melanocytic_Nevi,train,train,6975
ISIC_0031906,HAM_0004893,melanocytic_Nevi,test,train,6976
ISIC_0031907,HAM_0004177,melanocytic_Nevi,train,train,6977
ISIC_0031908,HAM_0002772,melanoma,train,train,8974
ISIC_0031909,HAM_0007266,melanocytic_Nevi,train,train,6978
ISIC_0031910,HAM_0002309,melanocytic_Nevi,train,train,6979
ISIC_0031911,HAM_0003753,melanocytic_Nevi,train,train,6980
ISIC_0031912,HAM_0002183,melanocytic_Nevi,validation,train,6981
ISIC_0031913,HAM_0000104,melanocytic_Nevi,train,train,6982
ISIC_0031914,HAM_0002767,melanocytic_Nevi,train,train,6983
ISIC_0031915,HAM_0000136,melanoma,train,train,8975
ISIC_0031916,HAM_0000938,melanocytic_Nevi,train,test,944
ISIC_0031917,HAM_0002031,melanocytic_Nevi,train,test,945
ISIC_0031918,HAM_0003141,actinic_keratoses,train,train,276
ISIC_0031919,HAM_0004681,melanocytic_Nevi,train,train,6984
ISIC_0031920,HAM_0005005,melanocytic_Nevi,train,train,6985
ISIC_0031921,HAM_0003103,melanocytic_Nevi,train,train,6986
ISIC_0031922,HAM_0000020,actinic_keratoses,test,train,277
ISIC_0031923,HAM_0007195,melanocytic_Nevi,train,train,6987
ISIC_0031924,HAM_0002423,melanocytic_Nevi,train,train,6988
ISIC_0031925,HAM_0001707,basal_cell_carcinoma,train,validation,183
ISIC_0031926,HAM_0007391,melanocytic_Nevi,train,train,6989
ISIC_0031927,HAM_0001277,actinic_keratoses,train,train,278
ISIC_0031928,HAM_0007214,melanocytic_Nevi,train,train,6990
ISIC_0031929,HAM_0001499,actinic_keratoses,validation,train,279
ISIC_0031930,HAM_0002271,melanocytic_Nevi,train,train,6991
ISIC_0031931,HAM_0005692,melanoma,test,train,8976
ISIC_0031932,HAM_0004291,melanocytic_Nevi,validation,train,6992
ISIC_0031933,HAM_0001455,melanocytic_Nevi,train,train,6993
ISIC_0031934,HAM_0002003,melanocytic_Nevi,train,train,6994
ISIC_0031935,HAM_0001270,melanocytic_Nevi,train,train,6995
ISIC_0031936,HAM_0002077,melanocytic_Nevi,train,train,6996
ISIC_0031937,HAM_0000833,benign_keratosis-like_lesions,train,train,1593
ISIC_0031938,HAM_0004613,melanocytic_Nevi,train,train,6997
ISIC_0031939,HAM_0002028,melanocytic_Nevi,train,train,6998
ISIC_0031940,HAM_0001234,actinic_keratoses,validation,train,280
ISIC_0031941,HAM_0007538,melanoma,test,train,8977
ISIC_0031942,HAM_0003408,melanocytic_Nevi,validation,train,6999
ISIC_0031943,HAM_0000393,basal_cell_carcinoma,train,train,708
ISIC_0031944,HAM_0004162,melanocytic_Nevi,test,train,7000
ISIC_0031945,HAM_0006652,benign_keratosis-like_lesions,train,train,1594
ISIC_0031946,HAM_0000190,melanocytic_Nevi,test,train,7001
ISIC_0031947,HAM_0002961,melanocytic_Nevi,validation,train,7002
ISIC_0031948,HAM_0001276,melanocytic_Nevi,train,train,7003
ISIC_0031949,HAM_0007412,melanocytic_Nevi,train,train,7004
ISIC_0031950,HAM_0005158,vascular_lesions,train,train,9537
ISIC_0031951,HAM_0001292,benign_keratosis-like_lesions,train,train,1595
ISIC_0031952,HAM_0000480,melanocytic_Nevi,train,train,7005
ISIC_0031953,HAM_0000060,melanoma,test,train,8978
ISIC_0031954,HAM_0003799,melanocytic_Nevi,train,validation,1811
ISIC_0031955,HAM_0001091,vascular_lesions,test,train,9538
ISIC_0031956,HAM_0001588,melanocytic_Nevi,test,validation,1812
ISIC_0031957,HAM_0004081,melanoma,test,train,8979
ISIC_0031958,HAM_0006433,melanoma,train,train,8980
ISIC_0031959,HAM_0001088,melanocytic_Nevi,train,train,7006
ISIC_0031960,HAM_0004518,melanocytic_Nevi,train,train,7007
ISIC_0031961,HAM_0006173,benign_keratosis-like_lesions,train,train,1596
ISIC_0031962,HAM_0001092,melanocytic_Nevi,train,train,7008
ISIC_0031963,HAM_0005521,melanocytic_Nevi,train,train,7009
ISIC_0031964,HAM_0007181,melanocytic_Nevi,test,train,7010
ISIC_0031965,HAM_0002511,melanocytic_Nevi,validation,train,7011
ISIC_0031966,HAM_0005792,melanocytic_Nevi,train,train,7012
ISIC_0031967,HAM_0004341,benign_keratosis-like_lesions,train,train,1597
ISIC_0031968,HAM_0003485,melanocytic_Nevi,test,train,7013
ISIC_0031969,HAM_0004528,melanocytic_Nevi,train,train,7014
ISIC_0031970,HAM_0005421,melanocytic_Nevi,validation,test,947
ISIC_0031971,HAM_0006564,basal_cell_carcinoma,train,train,709
ISIC_0031972,HAM_0002182,melanoma,train,train,8981
ISIC_0031973,HAM_0000378,melanocytic_Nevi,train,train,7015
ISIC_0031974,HAM_0000758,melanocytic_Nevi,validation,train,7016
ISIC_0031975,HAM_0005060,melanocytic_Nevi,validation,train,7017
ISIC_0031976,HAM_0006851,basal_cell_carcinoma,train,train,710
ISIC_0031977,HAM_0006828,melanoma,train,train,8982
ISIC_0031978,HAM_0007286,melanocytic_Nevi,train,validation,1816
ISIC_0031979,HAM_0003318,melanocytic_Nevi,train,train,7018
ISIC_0031980,HAM_0001608,benign_keratosis-like_lesions,train,train,1598
ISIC_0031981,HAM_0004337,melanocytic_Nevi,test,train,7019
ISIC_0031982,HAM_0002345,melanocytic_Nevi,train,train,7020
ISIC_0031983,HAM_0006890,melanocytic_Nevi,train,train,7021
ISIC_0031984,HAM_0006430,melanocytic_Nevi,train,train,7022
ISIC_0031985,HAM_0000406,melanocytic_Nevi,test,train,7023
ISIC_0031986,HAM_0000658,basal_cell_carcinoma,train,train,711
ISIC_0031987,HAM_0001781,benign_keratosis-like_lesions,test,train,1599
ISIC_0031988,HAM_0003904,melanocytic_Nevi,train,train,7024
ISIC_0031989,HAM_0007100,benign_keratosis-like_lesions,test,train,1600
ISIC_0031990,HAM_0004736,melanocytic_Nevi,train,train,7025
ISIC_0031991,HAM_0007108,melanocytic_Nevi,train,train,7026
ISIC_0031992,HAM_0006431,melanocytic_Nevi,train,train,7027
ISIC_0031993,HAM_0006887,actinic_keratoses,train,train,281
ISIC_0031994,HAM_0002669,melanocytic_Nevi,train,train,7028
ISIC_0031995,HAM_0006649,melanocytic_Nevi,validation,validation,1820
ISIC_0031996,HAM_0003480,vascular_lesions,train,train,9539
ISIC_0031997,HAM_0003250,melanocytic_Nevi,train,train,7029
ISIC_0031998,HAM_0002868,melanocytic_Nevi,train,train,7030
ISIC_0031999,HAM_0003531,melanoma,train,train,8983
ISIC_0032000,HAM_0004688,melanocytic_Nevi,train,train,7031
ISIC_0032001,HAM_0003019,melanocytic_Nevi,train,train,7032
ISIC_0032002,HAM_0005130,melanocytic_Nevi,validation,train,7033
ISIC_0032003,HAM_0000751,melanocytic_Nevi,train,train,7034
ISIC_0032004,HAM_0000623,melanocytic_Nevi,test,train,7035
ISIC_0032005,HAM_0000455,melanocytic_Nevi,train,train,7036
ISIC_0032006,HAM_0003452,benign_keratosis-like_lesions,train,train,1601
ISIC_0032007,HAM_0007477,melanocytic_Nevi,test,train,7037
ISIC_0032008,HAM_0004667,melanocytic_Nevi,train,train,7038
ISIC_0032009,HAM_0001107,melanocytic_Nevi,train,train,7039
ISIC_0032010,HAM_0000445,melanocytic_Nevi,validation,train,7040
ISIC_0032011,HAM_0002433,melanocytic_Nevi,train,train,7041
ISIC_0032012,HAM_0001980,melanocytic_Nevi,train,train,7042
ISIC_0032013,HAM_0002299,benign_keratosis-like_lesions,train,train,1602
ISIC_0032014,HAM_0007349,actinic_keratoses,train,validation,73
ISIC_0032015,HAM_0005643,melanocytic_Nevi,train,train,7043
ISIC_0032016,HAM_0007551,melanocytic_Nevi,train,train,7044
ISIC_0032017,HAM_0007368,melanoma,train,train,8984
ISIC_0032018,HAM_0006600,melanocytic_Nevi,validation,train,7045
ISIC_0032019,HAM_0003194,melanoma,validation,train,8985
ISIC_0032020,HAM_0007437,melanocytic_Nevi,validation,train,7046
ISIC_0032021,HAM_0000335,melanocytic_Nevi,train,train,7047
ISIC_0032022,HAM_0005417,basal_cell_carcinoma,test,train,712
ISIC_0032023,HAM_0002698,melanocytic_Nevi,train,train,7048
ISIC_0032024,HAM_0002303,benign_keratosis-like_lesions,train,train,1603
ISIC_0032025,HAM_0001906,melanocytic_Nevi,train,train,7049
ISIC_0032026,HAM_0002832,melanocytic_Nevi,test,train,7050
ISIC_0032027,HAM_0006145,melanocytic_Nevi,train,train,7051
ISIC_0032028,HAM_0002518,melanocytic_Nevi,test,train,7052
ISIC_0032029,HAM_0005519,melanocytic_Nevi,train,validation,1828
ISIC_0032030,HAM_0005985,basal_cell_carcinoma,validation,train,713
ISIC_0032031,HAM_0005967,benign_keratosis-like_lesions,validation,train,1604
ISIC_0032032,HAM_0000681,melanocytic_Nevi,train,train,7053
ISIC_0032033,HAM_0005943,melanocytic_Nevi,train,train,7054
ISIC_0032034,HAM_0006205,melanocytic_Nevi,train,train,7055
ISIC_0032035,HAM_0002228,melanocytic_Nevi,validation,train,7056
ISIC_0032036,HAM_0004637,melanoma,validation,train,8986
ISIC_0032037,HAM_0002687,melanocytic_Nevi,train,train,7057
ISIC_0032038,HAM_0001998,melanocytic_Nevi,test,train,7058
ISIC_0032039,HAM_0005654,melanocytic_Nevi,train,train,7059
ISIC_0032040,HAM_0000237,benign_keratosis-like_lesions,test,train,1605
ISIC_0032041,HAM_0000103,melanocytic_Nevi,train,train,7060
ISIC_0032042,HAM_0002364,melanocytic_Nevi,train,train,7061
ISIC_0032043,HAM_0005420,benign_keratosis-like_lesions,train,train,1606
ISIC_0032044,HAM_0004643,melanoma,train,train,8987
ISIC_0032045,HAM_0001057,benign_keratosis-like_lesions,train,train,1607
ISIC_0032046,HAM_0005697,melanoma,test,train,8988
ISIC_0032047,HAM_0005568,melanocytic_Nevi,train,train,7062
ISIC_0032048,HAM_0000742,melanocytic_Nevi,train,train,7063
ISIC_0032049,HAM_0000839,melanocytic_Nevi,train,train,7064
ISIC_0032050,HAM_0002875,melanocytic_Nevi,train,train,7065
ISIC_0032051,HAM_0001947,benign_keratosis-like_lesions,test,train,1608
ISIC_0032052,HAM_0000669,melanocytic_Nevi,train,train,7066
ISIC_0032053,HAM_0005945,melanocytic_Nevi,train,train,7067
ISIC_0032054,HAM_0005350,melanocytic_Nevi,train,train,7068
ISIC_0032055,HAM_0007189,melanocytic_Nevi,train,train,7069
ISIC_0032056,HAM_0004306,melanocytic_Nevi,validation,train,7070
ISIC_0032057,HAM_0004862,vascular_lesions,train,train,9540
ISIC_0032058,HAM_0000721,melanocytic_Nevi,train,train,7071
ISIC_0032059,HAM_0001661,melanocytic_Nevi,train,train,7072
ISIC_0032060,HAM_0005508,melanocytic_Nevi,train,train,7073
ISIC_0032061,HAM_0004685,basal_cell_carcinoma,validation,validation,185
ISIC_0032062,HAM_0007366,melanocytic_Nevi,validation,train,7074
ISIC_0032063,HAM_0006630,benign_keratosis-like_lesions,validation,train,1609
ISIC_0032064,HAM_0002482,melanocytic_Nevi,train,train,7075
ISIC_0032065,HAM_0006924,melanocytic_Nevi,train,train,7076
ISIC_0032066,HAM_0002225,melanocytic_Nevi,train,train,7077
ISIC_0032067,HAM_0007442,melanocytic_Nevi,train,train,7078
ISIC_0032068,HAM_0002929,melanocytic_Nevi,train,train,7079
ISIC_0032069,HAM_0006535,melanocytic_Nevi,validation,train,7080
ISIC_0032070,HAM_0002609,melanoma,validation,train,8989
ISIC_0032071,HAM_0006982,melanocytic_Nevi,train,train,7081
ISIC_0032072,HAM_0004593,melanoma,train,train,8990
ISIC_0032073,HAM_0001794,melanocytic_Nevi,train,train,7082
ISIC_0032074,HAM_0003710,melanocytic_Nevi,validation,train,7083
ISIC_0032075,HAM_0005534,melanocytic_Nevi,train,train,7084
ISIC_0032076,HAM_0005155,vascular_lesions,validation,train,9541
ISIC_0032077,HAM_0004334,melanocytic_Nevi,test,train,7085
ISIC_0032078,HAM_0001088,melanocytic_Nevi,train,train,7086
ISIC_0032079,HAM_0005555,melanoma,validation,train,8991
ISIC_0032080,HAM_0005871,melanocytic_Nevi,test,train,7087
ISIC_0032081,HAM_0005078,melanoma,train,train,8992
ISIC_0032082,HAM_0005107,melanocytic_Nevi,train,train,7088
ISIC_0032083,HAM_0005491,melanocytic_Nevi,train,train,7089
ISIC_0032084,HAM_0003067,melanocytic_Nevi,train,train,7090
ISIC_0032085,HAM_0003377,melanocytic_Nevi,train,train,7091
ISIC_0032086,HAM_0002973,melanocytic_Nevi,train,train,7092
ISIC_0032087,HAM_0001323,melanocytic_Nevi,train,train,7093
ISIC_0032088,HAM_0007045,melanocytic_Nevi,train,validation,1838
ISIC_0032089,HAM_0002887,melanocytic_Nevi,validation,train,7094
ISIC_0032090,HAM_0004479,melanocytic_Nevi,validation,train,7095
ISIC_0032091,HAM_0003114,melanocytic_Nevi,test,train,7096
ISIC_0032092,HAM_0005379,basal_cell_carcinoma,test,train,714
ISIC_0032093,HAM_0004005,melanocytic_Nevi,train,train,7097
ISIC_0032094,HAM_0006087,melanocytic_Nevi,train,train,7098
ISIC_0032095,HAM_0005789,melanoma,validation,train,8993
ISIC_0032096,HAM_0003848,melanocytic_Nevi,train,train,7099
ISIC_0032097,HAM_0003006,melanocytic_Nevi,train,train,7100
ISIC_0032098,HAM_0006739,melanoma,train,train,8994
ISIC_0032099,HAM_0002455,benign_keratosis-like_lesions,train,train,1610
ISIC_0032100,HAM_0000101,melanocytic_Nevi,train,train,7101
ISIC_0032101,HAM_0004978,melanocytic_Nevi,train,train,7102
ISIC_0032102,HAM_0002554,melanocytic_Nevi,train,validation,1840
ISIC_0032103,HAM_0000893,benign_keratosis-like_lesions,train,train,1611
ISIC_0032104,HAM_0001413,melanocytic_Nevi,train,train,7103
ISIC_0032105,HAM_0006102,melanocytic_Nevi,validation,train,7104
ISIC_0032106,HAM_0004526,melanocytic_Nevi,train,train,7105
ISIC_0032107,HAM_0003313,melanocytic_Nevi,train,train,7106
ISIC_0032108,HAM_0004823,melanocytic_Nevi,train,train,7107
ISIC_0032109,HAM_0006947,melanocytic_Nevi,test,train,7108
ISIC_0032110,HAM_0002834,melanoma,train,train,8995
ISIC_0032111,HAM_0006064,benign_keratosis-like_lesions,train,train,1612
ISIC_0032112,HAM_0003652,melanocytic_Nevi,train,validation,1842
ISIC_0032113,HAM_0003393,benign_keratosis-like_lesions,train,train,1613
ISIC_0032114,HAM_0003110,dermatofibroma,validation,train,1936
ISIC_0032115,HAM_0000701,melanocytic_Nevi,train,train,7109
ISIC_0032116,HAM_0003275,benign_keratosis-like_lesions,train,train,1614
ISIC_0032117,HAM_0006336,melanocytic_Nevi,train,train,7110
ISIC_0032118,HAM_0007540,melanocytic_Nevi,train,train,7111
ISIC_0032119,HAM_0000874,melanocytic_Nevi,train,train,7112
ISIC_0032120,HAM_0000901,melanocytic_Nevi,train,train,7113
ISIC_0032121,HAM_0006000,melanocytic_Nevi,train,train,7114
ISIC_0032122,HAM_0000018,melanocytic_Nevi,train,train,7115
ISIC_0032123,HAM_0006170,benign_keratosis-like_lesions,train,train,1615
ISIC_0032124,HAM_0002536,benign_keratosis-like_lesions,test,train,1616
ISIC_0032125,HAM_0003305,melanocytic_Nevi,train,train,7116
ISIC_0032126,HAM_0000045,melanocytic_Nevi,validation,train,7117
ISIC_0032127,HAM_0001595,melanocytic_Nevi,test,train,7118
ISIC_0032128,HAM_0004884,benign_keratosis-like_lesions,train,train,1617
ISIC_0032129,HAM_0007571,benign_keratosis-like_lesions,train,train,1618
ISIC_0032130,HAM_0004072,melanocytic_Nevi,train,validation,1844
ISIC_0032131,HAM_0003173,melanocytic_Nevi,train,train,7119
ISIC_0032132,HAM_0000352,basal_cell_carcinoma,train,train,715
ISIC_0032133,HAM_0007104,melanocytic_Nevi,train,train,7120
ISIC_0032134,HAM_0002430,melanoma,train,train,8996
ISIC_0032135,HAM_0003144,actinic_keratoses,train,train,282
ISIC_0032136,HAM_0001458,melanocytic_Nevi,test,train,7121
ISIC_0032137,HAM_0006354,melanocytic_Nevi,train,train,7122
ISIC_0032138,HAM_0005492,dermatofibroma,train,train,1937
ISIC_0032139,HAM_0003738,basal_cell_carcinoma,train,train,716
ISIC_0032140,HAM_0004337,melanocytic_Nevi,test,train,7123
ISIC_0032141,HAM_0003723,melanocytic_Nevi,train,train,7124
ISIC_0032142,HAM_0000740,melanocytic_Nevi,train,train,7125
ISIC_0032143,HAM_0004796,melanocytic_Nevi,train,train,7126
ISIC_0032144,HAM_0007176,melanocytic_Nevi,train,train,7127
ISIC_0032145,HAM_0003760,melanocytic_Nevi,train,train,7128
ISIC_0032146,HAM_0004435,basal_cell_carcinoma,train,train,717
ISIC_0032147,HAM_0006867,melanocytic_Nevi,train,train,7129
ISIC_0032148,HAM_0000521,melanocytic_Nevi,train,train,7130
ISIC_0032149,HAM_0001964,melanoma,test,train,8997
ISIC_0032150,HAM_0000230,melanocytic_Nevi,train,train,7131
ISIC_0032151,HAM_0007553,melanocytic_Nevi,validation,train,7132
ISIC_0032152,HAM_0003869,melanoma,test,train,8998
ISIC_0032153,HAM_0001627,melanocytic_Nevi,train,train,7133
ISIC_0032154,HAM_0002307,actinic_keratoses,train,train,283
ISIC_0032155,HAM_0002052,melanocytic_Nevi,train,train,7134
ISIC_0032156,HAM_0007521,benign_keratosis-like_lesions,train,train,1619
ISIC_0032157,HAM_0000353,melanocytic_Nevi,train,train,7135
ISIC_0032158,HAM_0004318,melanocytic_Nevi,train,train,7136
ISIC_0032159,HAM_0004632,benign_keratosis-like_lesions,train,train,1620
ISIC_0032160,HAM_0004874,melanocytic_Nevi,train,train,7137
ISIC_0032161,HAM_0005216,melanocytic_Nevi,test,train,7138
ISIC_0032162,HAM_0001188,melanocytic_Nevi,test,validation,1847
ISIC_0032163,HAM_0001427,melanocytic_Nevi,train,train,7139
ISIC_0032164,HAM_0000807,basal_cell_carcinoma,train,train,718
ISIC_0032165,HAM_0003345,melanocytic_Nevi,test,train,7140
ISIC_0032166,HAM_0001960,melanocytic_Nevi,validation,train,7141
ISIC_0032167,HAM_0000916,melanocytic_Nevi,train,train,7142
ISIC_0032168,HAM_0006143,benign_keratosis-like_lesions,train,train,1621
ISIC_0032169,HAM_0005044,melanocytic_Nevi,test,train,7143
ISIC_0032170,HAM_0004543,benign_keratosis-like_lesions,train,train,1622
ISIC_0032171,HAM_0006536,melanocytic_Nevi,train,train,7144
ISIC_0032172,HAM_0007517,melanocytic_Nevi,train,train,7145
ISIC_0032173,HAM_0001694,actinic_keratoses,train,train,284
ISIC_0032174,HAM_0005559,basal_cell_carcinoma,test,train,719
ISIC_0032175,HAM_0000302,melanocytic_Nevi,train,train,7146
ISIC_0032176,HAM_0001769,melanocytic_Nevi,train,train,7147
ISIC_0032177,HAM_0002520,melanocytic_Nevi,train,train,7148
ISIC_0032178,HAM_0000651,melanocytic_Nevi,train,train,7149
ISIC_0032179,HAM_0005903,benign_keratosis-like_lesions,train,train,1623
ISIC_0032180,HAM_0004236,melanocytic_Nevi,train,train,7150
ISIC_0032181,HAM_0003369,melanocytic_Nevi,train,train,7151
ISIC_0032182,HAM_0006651,melanoma,train,train,8999
ISIC_0032183,HAM_0007351,melanocytic_Nevi,train,train,7152
ISIC_0032184,HAM_0004866,melanocytic_Nevi,train,train,7153
ISIC_0032185,HAM_0006111,basal_cell_carcinoma,train,train,720
ISIC_0032186,HAM_0000104,melanocytic_Nevi,train,train,7154
ISIC_0032187,HAM_0000006,melanoma,train,train,9000
ISIC_0032188,HAM_0003865,melanocytic_Nevi,train,validation,1849
ISIC_0032189,HAM_0006028,melanocytic_Nevi,train,train,7155
ISIC_0032190,HAM_0006214,melanoma,validation,train,9001
ISIC_0032191,HAM_0006618,melanocytic_Nevi,train,train,7156
ISIC_0032192,HAM_0007070,melanoma,train,train,9002
ISIC_0032193,HAM_0007492,melanocytic_Nevi,train,train,7157
ISIC_0032194,HAM_0003596,basal_cell_carcinoma,train,train,721
ISIC_0032195,HAM_0007075,melanocytic_Nevi,train,train,7158
ISIC_0032196,HAM_0002188,melanocytic_Nevi,train,train,7159
ISIC_0032197,HAM_0003400,melanoma,train,train,9003
ISIC_0032198,HAM_0001093,melanocytic_Nevi,train,train,7160
ISIC_0032199,HAM_0000361,actinic_keratoses,validation,train,285
ISIC_0032200,HAM_0002169,benign_keratosis-like_lesions,train,train,1624
ISIC_0032201,HAM_0000227,melanocytic_Nevi,test,train,7161
ISIC_0032202,HAM_0001170,melanocytic_Nevi,train,train,7162
ISIC_0032203,HAM_0005954,actinic_keratoses,train,train,286
ISIC_0032204,HAM_0005789,melanoma,validation,train,9004
ISIC_0032205,HAM_0001921,melanocytic_Nevi,validation,train,7163
ISIC_0032206,HAM_0001302,actinic_keratoses,train,train,287
ISIC_0032207,HAM_0000513,melanoma,train,train,9005
ISIC_0032208,HAM_0002665,melanocytic_Nevi,train,train,7164
ISIC_0032209,HAM_0001100,melanocytic_Nevi,train,train,7165
ISIC_0032210,HAM_0001227,melanocytic_Nevi,train,train,7166
ISIC_0032211,HAM_0000041,melanocytic_Nevi,validation,train,7167
ISIC_0032212,HAM_0004932,melanocytic_Nevi,train,train,7168
ISIC_0032213,HAM_0003656,melanocytic_Nevi,train,train,7169
ISIC_0032214,HAM_0007454,melanoma,train,train,9006
ISIC_0032215,HAM_0002050,benign_keratosis-like_lesions,validation,train,1625
ISIC_0032216,HAM_0004123,melanocytic_Nevi,train,train,7170
ISIC_0032217,HAM_0006503,melanocytic_Nevi,train,train,7171
ISIC_0032218,HAM_0006094,melanocytic_Nevi,train,train,7172
ISIC_0032219,HAM_0005315,melanoma,train,train,9007
ISIC_0032220,HAM_0003521,melanoma,test,train,9008
ISIC_0032221,HAM_0000102,melanocytic_Nevi,train,train,7173
ISIC_0032222,HAM_0001415,basal_cell_carcinoma,test,train,722
ISIC_0032223,HAM_0003059,melanocytic_Nevi,validation,train,7174
ISIC_0032224,HAM_0005033,melanocytic_Nevi,train,validation,1856
ISIC_0032225,HAM_0001388,basal_cell_carcinoma,train,train,723
ISIC_0032226,HAM_0000289,melanocytic_Nevi,validation,train,7175
ISIC_0032227,HAM_0000963,melanocytic_Nevi,train,train,7176
ISIC_0032228,HAM_0003984,melanocytic_Nevi,validation,train,7177
ISIC_0032229,HAM_0002849,melanocytic_Nevi,train,train,7178
ISIC_0032230,HAM_0000744,benign_keratosis-like_lesions,train,train,1626
ISIC_0032231,HAM_0001591,melanocytic_Nevi,train,train,7179
ISIC_0032232,HAM_0004878,melanoma,train,validation,2339
ISIC_0032233,HAM_0006174,melanocytic_Nevi,train,train,7180
ISIC_0032234,HAM_0004721,melanocytic_Nevi,train,train,7181
ISIC_0032235,HAM_0002268,benign_keratosis-like_lesions,train,train,1627
ISIC_0032236,HAM_0006105,melanocytic_Nevi,train,train,7182
ISIC_0032237,HAM_0003370,melanocytic_Nevi,train,train,7183
ISIC_0032238,HAM_0000688,actinic_keratoses,train,train,288
ISIC_0032239,HAM_0004858,melanocytic_Nevi,train,train,7184
ISIC_0032240,HAM_0002538,vascular_lesions,train,train,9542
ISIC_0032241,HAM_0000882,melanocytic_Nevi,train,train,7185
ISIC_0032242,HAM_0003951,melanocytic_Nevi,train,train,7186
ISIC_0032243,HAM_0004701,melanocytic_Nevi,train,train,7187
ISIC_0032244,HAM_0000152,melanoma,train,train,9009
ISIC_0032245,HAM_0004979,melanoma,train,train,9010
ISIC_0032246,HAM_0005509,basal_cell_carcinoma,train,train,724
ISIC_0032247,HAM_0007225,dermatofibroma,test,train,1938
ISIC_0032248,HAM_0002119,melanoma,train,train,9011
ISIC_0032249,HAM_0005834,benign_keratosis-like_lesions,train,train,1628
ISIC_0032250,HAM_0005875,melanocytic_Nevi,test,train,7188
ISIC_0032251,HAM_0001764,melanocytic_Nevi,train,train,7189
ISIC_0032252,HAM_0005895,melanocytic_Nevi,validation,train,7190
ISIC_0032253,HAM_0001764,melanocytic_Nevi,train,train,7191
ISIC_0032254,HAM_0001548,melanocytic_Nevi,train,train,7192
ISIC_0032255,HAM_0005145,melanocytic_Nevi,train,train,7193
ISIC_0032256,HAM_0006424,melanocytic_Nevi,train,train,7194
ISIC_0032257,HAM_0006457,melanocytic_Nevi,train,train,7195
ISIC_0032258,HAM_0003521,melanoma,test,train,9012
ISIC_0032259,HAM_0004333,melanocytic_Nevi,validation,train,7196
ISIC_0032260,HAM_0005840,melanocytic_Nevi,train,train,7197
ISIC_0032261,HAM_0005025,melanocytic_Nevi,train,train,7198
ISIC_0032262,HAM_0003061,melanocytic_Nevi,validation,train,7199
ISIC_0032263,HAM_0001290,melanocytic_Nevi,train,train,7200
ISIC_0032264,HAM_0006814,melanocytic_Nevi,train,train,7201
ISIC_0032265,HAM_0002714,melanoma,train,train,9013
ISIC_0032266,HAM_0002289,melanocytic_Nevi,train,train,7202
ISIC_0032267,HAM_0004605,melanocytic_Nevi,train,train,7203
ISIC_0032268,HAM_0000487,melanocytic_Nevi,train,train,7204
ISIC_0032269,HAM_0003256,melanoma,train,train,9014
ISIC_0032270,HAM_0005270,vascular_lesions,train,train,9543
ISIC_0032271,HAM_0002371,benign_keratosis-like_lesions,validation,train,1629
ISIC_0032272,HAM_0005917,melanocytic_Nevi,train,train,7205
ISIC_0032273,HAM_0006283,melanocytic_Nevi,train,train,7206
ISIC_0032274,HAM_0006451,melanocytic_Nevi,train,train,7207
ISIC_0032275,HAM_0003489,melanocytic_Nevi,train,validation,1863
ISIC_0032276,HAM_0005174,melanocytic_Nevi,train,train,7208
ISIC_0032277,HAM_0001624,actinic_keratoses,train,train,289
ISIC_0032278,HAM_0005175,melanocytic_Nevi,train,train,7209
ISIC_0032279,HAM_0004991,melanocytic_Nevi,train,train,7210
ISIC_0032280,HAM_0002839,benign_keratosis-like_lesions,train,train,1630
ISIC_0032281,HAM_0004174,melanocytic_Nevi,test,test,982
ISIC_0032282,HAM_0007064,melanocytic_Nevi,train,train,7211
ISIC_0032283,HAM_0003021,benign_keratosis-like_lesions,test,train,1631
ISIC_0032284,HAM_0002647,melanocytic_Nevi,test,train,7212
ISIC_0032285,HAM_0006830,melanocytic_Nevi,validation,train,7213
ISIC_0032286,HAM_0006959,melanocytic_Nevi,validation,train,7214
ISIC_0032287,HAM_0006223,melanoma,train,train,9015
ISIC_0032288,HAM_0006100,melanocytic_Nevi,train,train,7215
ISIC_0032289,HAM_0001782,melanocytic_Nevi,test,train,7216
ISIC_0032290,HAM_0004480,basal_cell_carcinoma,train,train,725
ISIC_0032291,HAM_0000032,melanocytic_Nevi,validation,train,7217
ISIC_0032292,HAM_0003685,melanocytic_Nevi,train,train,7218
ISIC_0032293,HAM_0000123,melanocytic_Nevi,train,train,7219
ISIC_0032294,HAM_0007448,melanocytic_Nevi,test,train,7220
ISIC_0032295,HAM_0006106,melanocytic_Nevi,train,train,7221
ISIC_0032296,HAM_0006151,melanocytic_Nevi,train,validation,1865
ISIC_0032297,HAM_0004730,melanocytic_Nevi,validation,train,7222
ISIC_0032298,HAM_0000694,melanocytic_Nevi,train,train,7223
ISIC_0032299,HAM_0002090,melanocytic_Nevi,train,train,7224
ISIC_0032300,HAM_0007278,melanocytic_Nevi,train,validation,1866
ISIC_0032301,HAM_0002020,melanocytic_Nevi,train,train,7225
ISIC_0032302,HAM_0006765,basal_cell_carcinoma,train,train,726
ISIC_0032303,HAM_0000893,benign_keratosis-like_lesions,train,train,1632
ISIC_0032304,HAM_0006558,benign_keratosis-like_lesions,train,train,1633
ISIC_0032305,HAM_0006456,melanocytic_Nevi,train,train,7226
ISIC_0032306,HAM_0001853,benign_keratosis-like_lesions,train,train,1634
ISIC_0032307,HAM_0001301,basal_cell_carcinoma,test,train,727
ISIC_0032308,HAM_0003802,melanoma,test,train,9016
ISIC_0032309,HAM_0006185,melanocytic_Nevi,test,train,7227
ISIC_0032310,HAM_0007014,melanocytic_Nevi,train,train,7228
ISIC_0032311,HAM_0005086,melanocytic_Nevi,train,train,7229
ISIC_0032312,HAM_0002795,melanocytic_Nevi,train,validation,1869
ISIC_0032313,HAM_0000099,melanoma,train,train,9017
ISIC_0032314,HAM_0007611,basal_cell_carcinoma,train,train,728
ISIC_0032315,HAM_0005463,benign_keratosis-like_lesions,train,train,1635
ISIC_0032316,HAM_0000868,basal_cell_carcinoma,test,train,729
ISIC_0032317,HAM_0001629,melanocytic_Nevi,train,train,7230
ISIC_0032318,HAM_0006444,basal_cell_carcinoma,train,train,730
ISIC_0032319,HAM_0002352,melanocytic_Nevi,train,train,7231
ISIC_0032320,HAM_0005990,melanocytic_Nevi,validation,train,7232
ISIC_0032321,HAM_0006859,melanocytic_Nevi,test,train,7233
ISIC_0032322,HAM_0004564,melanocytic_Nevi,train,validation,1872
ISIC_0032323,HAM_0003070,melanocytic_Nevi,train,train,7234
ISIC_0032324,HAM_0002117,melanocytic_Nevi,train,train,7235
ISIC_0032325,HAM_0002184,benign_keratosis-like_lesions,train,train,1636
ISIC_0032326,HAM_0000280,melanocytic_Nevi,test,train,7236
ISIC_0032327,HAM_0004806,melanocytic_Nevi,test,train,7237
ISIC_0032328,HAM_0006469,melanocytic_Nevi,train,train,7238
ISIC_0032329,HAM_0005027,actinic_keratoses,train,train,290
ISIC_0032330,HAM_0000090,benign_keratosis-like_lesions,train,train,1637
ISIC_0032331,HAM_0004813,melanoma,train,train,9018
ISIC_0032332,HAM_0004449,melanocytic_Nevi,train,train,7239
ISIC_0032333,HAM_0001083,melanocytic_Nevi,train,train,7240
ISIC_0032334,HAM_0006197,melanocytic_Nevi,train,train,7241
ISIC_0032335,HAM_0005498,benign_keratosis-like_lesions,train,train,1638
ISIC_0032336,HAM_0002460,melanocytic_Nevi,test,train,7242
ISIC_0032337,HAM_0002038,melanocytic_Nevi,train,train,7243
ISIC_0032338,HAM_0004024,melanocytic_Nevi,test,train,7244
ISIC_0032339,HAM_0007072,melanocytic_Nevi,train,train,7245
ISIC_0032340,HAM_0001881,melanocytic_Nevi,train,train,7246
ISIC_0032341,HAM_0003221,melanocytic_Nevi,train,train,7247
ISIC_0032342,HAM_0004410,melanocytic_Nevi,validation,train,7248
ISIC_0032343,HAM_0006071,benign_keratosis-like_lesions,train,validation,428
ISIC_0032344,HAM_0003919,melanocytic_Nevi,train,validation,1879
ISIC_0032345,HAM_0005056,melanocytic_Nevi,train,train,7249
ISIC_0032346,HAM_0001171,melanocytic_Nevi,test,train,7250
ISIC_0032347,HAM_0007585,melanocytic_Nevi,train,train,7251
ISIC_0032348,HAM_0006294,benign_keratosis-like_lesions,train,train,1639
ISIC_0032349,HAM_0003086,actinic_keratoses,train,train,291
ISIC_0032350,HAM_0007033,melanocytic_Nevi,train,train,7252
ISIC_0032351,HAM_0006963,melanocytic_Nevi,train,train,7253
ISIC_0032352,HAM_0004244,melanocytic_Nevi,train,train,7254
ISIC_0032353,HAM_0000535,melanocytic_Nevi,train,train,7255
ISIC_0032354,HAM_0001714,melanocytic_Nevi,train,train,7256
ISIC_0032355,HAM_0005888,melanocytic_Nevi,train,train,7257
ISIC_0032356,HAM_0000982,actinic_keratoses,test,train,292
ISIC_0032357,HAM_0007098,melanocytic_Nevi,train,train,7258
ISIC_0032358,HAM_0006267,benign_keratosis-like_lesions,train,train,1640
ISIC_0032359,HAM_0002419,benign_keratosis-like_lesions,train,train,1641
ISIC_0032360,HAM_0001622,melanocytic_Nevi,test,train,7259
ISIC_0032361,HAM_0001690,melanocytic_Nevi,train,train,7260
ISIC_0032362,HAM_0007127,melanocytic_Nevi,validation,train,7261
ISIC_0032363,HAM_0007003,melanocytic_Nevi,validation,train,7262
ISIC_0032364,HAM_0003677,melanocytic_Nevi,train,validation,1883
ISIC_0032365,HAM_0003206,benign_keratosis-like_lesions,train,train,1642
ISIC_0032366,HAM_0004046,melanocytic_Nevi,train,train,7263
ISIC_0032367,HAM_0006415,melanocytic_Nevi,train,train,7264
ISIC_0032368,HAM_0001715,melanocytic_Nevi,train,train,7265
ISIC_0032369,HAM_0003079,melanocytic_Nevi,train,train,7266
ISIC_0032370,HAM_0003916,melanocytic_Nevi,train,train,7267
ISIC_0032371,HAM_0006483,actinic_keratoses,validation,train,293
ISIC_0032372,HAM_0000125,melanoma,train,train,9019
ISIC_0032373,HAM_0001493,benign_keratosis-like_lesions,train,train,1643
ISIC_0032374,HAM_0001279,melanocytic_Nevi,train,train,7268
ISIC_0032375,HAM_0000279,melanocytic_Nevi,train,train,7269
ISIC_0032376,HAM_0000174,melanocytic_Nevi,train,train,7270
ISIC_0032377,HAM_0000196,melanocytic_Nevi,train,train,7271
ISIC_0032378,HAM_0001342,melanocytic_Nevi,train,train,7272
ISIC_0032379,HAM_0005522,melanocytic_Nevi,train,train,7273
ISIC_0032380,HAM_0003248,melanocytic_Nevi,train,train,7274
ISIC_0032381,HAM_0004904,melanocytic_Nevi,validation,train,7275
ISIC_0032382,HAM_0001417,benign_keratosis-like_lesions,test,train,1644
ISIC_0032383,HAM_0005333,melanocytic_Nevi,train,train,7276
ISIC_0032384,HAM_0007009,basal_cell_carcinoma,train,train,731
ISIC_0032385,HAM_0005712,melanocytic_Nevi,test,train,7277
ISIC_0032386,HAM_0000310,melanocytic_Nevi,test,train,7278
ISIC_0032387,HAM_0005867,melanocytic_Nevi,train,train,7279
ISIC_0032388,HAM_0000378,melanocytic_Nevi,train,validation,1889
ISIC_0032389,HAM_0003102,melanoma,validation,train,9020
ISIC_0032390,HAM_0000155,melanocytic_Nevi,train,train,7280
ISIC_0032391,HAM_0004481,melanocytic_Nevi,train,train,7281
ISIC_0032392,HAM_0000157,melanocytic_Nevi,train,train,7282
ISIC_0032393,HAM_0005200,melanocytic_Nevi,train,train,7283
ISIC_0032394,HAM_0005667,melanocytic_Nevi,train,train,7284
ISIC_0032395,HAM_0005967,benign_keratosis-like_lesions,validation,train,1645
ISIC_0032396,HAM_0000876,melanoma,train,train,9021
ISIC_0032397,HAM_0005459,actinic_keratoses,train,train,294
ISIC_0032398,HAM_0002555,melanocytic_Nevi,train,train,7285
ISIC_0032399,HAM_0005677,melanocytic_Nevi,train,train,7286
ISIC_0032400,HAM_0006803,melanoma,validation,train,9022
ISIC_0032401,HAM_0001229,melanocytic_Nevi,train,train,7287
ISIC_0032402,HAM_0003809,melanocytic_Nevi,train,train,7288
ISIC_0032403,HAM_0004032,melanocytic_Nevi,train,train,7289
ISIC_0032404,HAM_0007038,actinic_keratoses,train,train,295
ISIC_0032405,HAM_0001455,melanocytic_Nevi,train,train,7290
ISIC_0032406,HAM_0006304,melanocytic_Nevi,test,train,7291
ISIC_0032407,HAM_0001567,melanocytic_Nevi,train,train,7292
ISIC_0032408,HAM_0002115,melanoma,train,train,9023
ISIC_0032409,HAM_0001238,vascular_lesions,train,train,9544
ISIC_0032410,HAM_0005518,dermatofibroma,train,train,1939
ISIC_0032411,HAM_0000034,melanocytic_Nevi,validation,train,7293
ISIC_0032412,HAM_0002234,melanocytic_Nevi,test,train,7294
ISIC_0032413,HAM_0004723,melanocytic_Nevi,train,train,7295
ISIC_0032414,HAM_0001926,basal_cell_carcinoma,train,train,732
ISIC_0032415,HAM_0000463,basal_cell_carcinoma,train,train,733
ISIC_0032416,HAM_0003347,melanocytic_Nevi,validation,train,7296
ISIC_0032417,HAM_0001949,benign_keratosis-like_lesions,test,train,1646
ISIC_0032418,HAM_0004594,melanocytic_Nevi,test,train,7297
ISIC_0032419,HAM_0004879,melanocytic_Nevi,test,train,7298
ISIC_0032420,HAM_0003055,melanoma,train,train,9024
ISIC_0032421,HAM_0004461,melanocytic_Nevi,train,train,7299
ISIC_0032422,HAM_0004384,actinic_keratoses,test,train,296
ISIC_0032423,HAM_0001014,melanocytic_Nevi,test,train,7300
ISIC_0032424,HAM_0001819,melanoma,train,train,9025
ISIC_0032425,HAM_0001349,melanoma,train,train,9026
ISIC_0032426,HAM_0007527,melanocytic_Nevi,train,train,7301
ISIC_0032427,HAM_0005818,melanocytic_Nevi,train,train,7302
ISIC_0032428,HAM_0004410,melanocytic_Nevi,validation,train,7303
ISIC_0032429,HAM_0005973,basal_cell_carcinoma,train,train,734
ISIC_0032430,HAM_0006942,melanoma,train,train,9027
ISIC_0032431,HAM_0000234,melanocytic_Nevi,train,train,7304
ISIC_0032432,HAM_0001937,melanocytic_Nevi,test,train,7305
ISIC_0032433,HAM_0005504,melanoma,train,train,9028
ISIC_0032434,HAM_0003302,melanocytic_Nevi,train,train,7306
ISIC_0032435,HAM_0002963,melanocytic_Nevi,train,train,7307
ISIC_0032436,HAM_0001207,melanocytic_Nevi,train,train,7308
ISIC_0032437,HAM_0007601,actinic_keratoses,validation,train,297
ISIC_0032438,HAM_0007485,melanocytic_Nevi,validation,train,7309
ISIC_0032439,HAM_0005547,basal_cell_carcinoma,validation,train,735
ISIC_0032440,HAM_0005570,melanocytic_Nevi,test,train,7310
ISIC_0032441,HAM_0005328,melanoma,train,train,9029
ISIC_0032442,HAM_0000812,melanocytic_Nevi,train,validation,1894
ISIC_0032443,HAM_0005484,melanocytic_Nevi,train,train,7311
ISIC_0032444,HAM_0000949,melanocytic_Nevi,train,train,7312
ISIC_0032445,HAM_0006173,benign_keratosis-like_lesions,train,train,1647
ISIC_0032446,HAM_0002483,melanocytic_Nevi,validation,validation,1896
ISIC_0032447,HAM_0007343,melanoma,train,train,9030
ISIC_0032448,HAM_0003232,melanocytic_Nevi,train,train,7313
ISIC_0032449,HAM_0006127,melanocytic_Nevi,train,train,7314
ISIC_0032450,HAM_0006908,melanoma,test,train,9031
ISIC_0032451,HAM_0000414,melanocytic_Nevi,train,validation,1898
ISIC_0032452,HAM_0002739,melanocytic_Nevi,train,train,7315
ISIC_0032453,HAM_0000132,melanocytic_Nevi,test,train,7316
ISIC_0032454,HAM_0004634,melanocytic_Nevi,train,train,7317
ISIC_0032455,HAM_0001337,actinic_keratoses,test,train,298
ISIC_0032456,HAM_0003015,benign_keratosis-like_lesions,train,train,1648
ISIC_0032457,HAM_0005691,melanocytic_Nevi,test,train,7318
ISIC_0032458,HAM_0001602,melanocytic_Nevi,validation,train,7319
ISIC_0032459,HAM_0003590,melanocytic_Nevi,train,train,7320
ISIC_0032460,HAM_0006876,benign_keratosis-like_lesions,train,train,1649
ISIC_0032461,HAM_0001528,basal_cell_carcinoma,train,train,736
ISIC_0032462,HAM_0001274,melanoma,train,train,9032
ISIC_0032463,HAM_0003326,benign_keratosis-like_lesions,train,train,1650
ISIC_0032464,HAM_0001865,melanocytic_Nevi,train,train,7321
ISIC_0032465,HAM_0004557,melanocytic_Nevi,train,train,7322
ISIC_0032466,HAM_0005061,melanoma,train,train,9033
ISIC_0032467,HAM_0003234,melanocytic_Nevi,train,train,7323
ISIC_0032468,HAM_0005684,dermatofibroma,train,train,1940
ISIC_0032469,HAM_0002892,melanocytic_Nevi,validation,train,7324
ISIC_0032470,HAM_0002581,melanocytic_Nevi,test,validation,1903
ISIC_0032471,HAM_0003932,melanocytic_Nevi,train,train,7325
ISIC_0032472,HAM_0002140,melanocytic_Nevi,test,train,7326
ISIC_0032473,HAM_0004631,melanocytic_Nevi,validation,train,7327
ISIC_0032474,HAM_0003282,melanocytic_Nevi,validation,train,7328
ISIC_0032475,HAM_0007448,melanocytic_Nevi,test,train,7329
ISIC_0032476,HAM_0001744,melanoma,train,train,9034
ISIC_0032477,HAM_0000430,melanocytic_Nevi,test,train,7330
ISIC_0032478,HAM_0003254,melanocytic_Nevi,train,train,7331
ISIC_0032479,HAM_0006500,melanocytic_Nevi,train,train,7332
ISIC_0032480,HAM_0001146,melanocytic_Nevi,train,train,7333
ISIC_0032481,HAM_0002769,benign_keratosis-like_lesions,train,train,1651
ISIC_0032482,HAM_0006387,basal_cell_carcinoma,test,train,737
ISIC_0032483,HAM_0004104,melanocytic_Nevi,validation,train,7334
ISIC_0032484,HAM_0005506,melanocytic_Nevi,validation,train,7335
ISIC_0032485,HAM_0003443,melanocytic_Nevi,train,train,7336
ISIC_0032486,HAM_0002121,benign_keratosis-like_lesions,train,train,1652
ISIC_0032487,HAM_0004301,melanocytic_Nevi,train,train,7337
ISIC_0032488,HAM_0002383,melanocytic_Nevi,test,train,7338
ISIC_0032489,HAM_0001327,melanocytic_Nevi,validation,train,7339
ISIC_0032490,HAM_0002620,melanocytic_Nevi,train,validation,1906
ISIC_0032491,HAM_0001513,melanocytic_Nevi,train,train,7340
ISIC_0032492,HAM_0004068,melanocytic_Nevi,train,train,7341
ISIC_0032493,HAM_0007011,melanocytic_Nevi,validation,train,7342
ISIC_0032494,HAM_0004226,melanocytic_Nevi,test,train,7343
ISIC_0032495,HAM_0004770,melanocytic_Nevi,test,train,7344
ISIC_0032496,HAM_0005578,melanocytic_Nevi,train,validation,1908
ISIC_0032497,HAM_0001759,basal_cell_carcinoma,train,train,738
ISIC_0032498,HAM_0001011,benign_keratosis-like_lesions,train,train,1653
ISIC_0032499,HAM_0004250,melanocytic_Nevi,train,train,7345
ISIC_0032500,HAM_0006860,melanocytic_Nevi,train,train,7346
ISIC_0032501,HAM_0001467,melanocytic_Nevi,train,train,7347
ISIC_0032502,HAM_0006650,melanocytic_Nevi,train,validation,1909
ISIC_0032503,HAM_0002487,melanocytic_Nevi,train,train,7348
ISIC_0032504,HAM_0001791,melanoma,train,train,9035
ISIC_0032505,HAM_0007077,melanocytic_Nevi,validation,train,7349
ISIC_0032506,HAM_0002917,melanocytic_Nevi,train,train,7350
ISIC_0032507,HAM_0004725,melanocytic_Nevi,train,train,7351
ISIC_0032508,HAM_0000527,benign_keratosis-like_lesions,train,train,1654
ISIC_0032509,HAM_0003335,melanoma,train,train,9036
ISIC_0032510,HAM_0002601,melanocytic_Nevi,validation,train,7352
ISIC_0032511,HAM_0003620,melanoma,train,train,9037
ISIC_0032512,HAM_0003735,melanocytic_Nevi,train,train,7353
ISIC_0032513,HAM_0007101,benign_keratosis-like_lesions,validation,train,1655
ISIC_0032514,HAM_0003001,benign_keratosis-like_lesions,train,validation,432
ISIC_0032515,HAM_0007415,melanocytic_Nevi,train,train,7354
ISIC_0032516,HAM_0006539,melanocytic_Nevi,train,train,7355
ISIC_0032517,HAM_0004240,melanoma,train,train,9038
ISIC_0032518,HAM_0003744,melanocytic_Nevi,train,train,7356
ISIC_0032519,HAM_0005715,melanocytic_Nevi,validation,validation,1913
ISIC_0032520,HAM_0004548,melanocytic_Nevi,test,train,7357
ISIC_0032521,HAM_0005206,melanocytic_Nevi,validation,train,7358
ISIC_0032522,HAM_0005303,melanoma,train,train,9039
ISIC_0032523,HAM_0002755,melanocytic_Nevi,test,train,7359
ISIC_0032524,HAM_0004411,melanocytic_Nevi,train,train,7360
ISIC_0032525,HAM_0005364,melanocytic_Nevi,train,train,7361
ISIC_0032526,HAM_0005249,melanoma,train,train,9040
ISIC_0032527,HAM_0007451,melanocytic_Nevi,train,train,7362
ISIC_0032528,HAM_0003945,melanocytic_Nevi,train,train,7363
ISIC_0032529,HAM_0005942,melanocytic_Nevi,train,train,7364
ISIC_0032530,HAM_0003676,melanocytic_Nevi,train,train,7365
ISIC_0032531,HAM_0005409,melanoma,train,train,9041
ISIC_0032532,HAM_0004405,melanoma,train,train,9042
ISIC_0032533,HAM_0003602,melanoma,train,train,9043
ISIC_0032534,HAM_0004332,benign_keratosis-like_lesions,test,train,1656
ISIC_0032535,HAM_0006566,melanoma,train,train,9044
ISIC_0032536,HAM_0007471,basal_cell_carcinoma,test,train,739
ISIC_0032537,HAM_0001928,melanoma,test,train,9045
ISIC_0032538,HAM_0004791,vascular_lesions,train,train,9545
ISIC_0032539,HAM_0004581,melanocytic_Nevi,train,train,7366
ISIC_0032540,HAM_0007541,melanocytic_Nevi,validation,train,7367
ISIC_0032541,HAM_0007415,melanocytic_Nevi,train,train,7368
ISIC_0032542,HAM_0003852,melanocytic_Nevi,train,train,7369
ISIC_0032543,HAM_0002413,melanocytic_Nevi,train,train,7370
ISIC_0032544,HAM_0000388,melanoma,validation,train,9046
ISIC_0032545,HAM_0004776,vascular_lesions,train,train,9546
ISIC_0032546,HAM_0000547,melanocytic_Nevi,train,train,7371
ISIC_0032547,HAM_0002993,melanoma,train,train,9047
ISIC_0032548,HAM_0002253,melanocytic_Nevi,validation,train,7372
ISIC_0032549,HAM_0002244,melanocytic_Nevi,train,train,7373
ISIC_0032550,HAM_0000179,melanoma,test,train,9048
ISIC_0032551,HAM_0003947,melanocytic_Nevi,test,train,7374
ISIC_0032552,HAM_0001105,melanoma,train,train,9049
ISIC_0032553,HAM_0000802,benign_keratosis-like_lesions,test,train,1657
ISIC_0032554,HAM_0005641,melanocytic_Nevi,train,train,7375
ISIC_0032555,HAM_0002616,melanocytic_Nevi,test,train,7376
ISIC_0032556,HAM_0006654,benign_keratosis-like_lesions,train,train,1658
ISIC_0032557,HAM_0000494,vascular_lesions,train,validation,2485
ISIC_0032558,HAM_0006869,melanocytic_Nevi,validation,train,7377
ISIC_0032559,HAM_0000709,melanoma,train,train,9050
ISIC_0032560,HAM_0003614,melanocytic_Nevi,train,train,7378
ISIC_0032561,HAM_0005194,melanocytic_Nevi,validation,train,7379
ISIC_0032562,HAM_0004191,melanocytic_Nevi,validation,train,7380
ISIC_0032563,HAM_0004963,melanocytic_Nevi,train,train,7381
ISIC_0032564,HAM_0000321,melanoma,test,train,9051
ISIC_0032565,HAM_0007299,melanocytic_Nevi,test,train,7382
ISIC_0032566,HAM_0004574,melanocytic_Nevi,test,train,7383
ISIC_0032567,HAM_0003927,benign_keratosis-like_lesions,validation,train,1659
ISIC_0032568,HAM_0007005,melanocytic_Nevi,test,train,7384
ISIC_0032569,HAM_0002235,melanoma,train,train,9052
ISIC_0032570,HAM_0006801,benign_keratosis-like_lesions,train,train,1660
ISIC_0032571,HAM_0004181,melanocytic_Nevi,train,train,7385
ISIC_0032572,HAM_0003356,melanocytic_Nevi,train,train,7386
ISIC_0032573,HAM_0007541,melanocytic_Nevi,validation,train,7387
ISIC_0032574,HAM_0000970,melanocytic_Nevi,train,train,7388
ISIC_0032575,HAM_0002074,melanocytic_Nevi,train,train,7389
ISIC_0032576,HAM_0000790,benign_keratosis-like_lesions,train,train,1661
ISIC_0032577,HAM_0003460,melanocytic_Nevi,train,train,7390
ISIC_0032578,HAM_0007460,melanocytic_Nevi,train,train,7391
ISIC_0032579,HAM_0006496,melanocytic_Nevi,validation,train,7392
ISIC_0032580,HAM_0002724,melanocytic_Nevi,train,train,7393
ISIC_0032581,HAM_0006782,melanocytic_Nevi,train,validation,1921
ISIC_0032582,HAM_0004038,melanocytic_Nevi,train,train,7394
ISIC_0032583,HAM_0000006,melanoma,train,train,9053
ISIC_0032584,HAM_0003966,melanocytic_Nevi,train,train,7395
ISIC_0032585,HAM_0002721,melanocytic_Nevi,train,train,7396
ISIC_0032586,HAM_0005758,melanoma,train,train,9054
ISIC_0032587,HAM_0003288,melanocytic_Nevi,validation,train,7397
ISIC_0032588,HAM_0002600,melanocytic_Nevi,train,train,7398
ISIC_0032589,HAM_0006218,melanocytic_Nevi,train,train,7399
ISIC_0032590,HAM_0005351,melanocytic_Nevi,train,train,7400
ISIC_0032591,HAM_0004182,melanocytic_Nevi,validation,train,7401
ISIC_0032592,HAM_0006923,melanoma,validation,train,9055
ISIC_0032593,HAM_0004118,melanocytic_Nevi,train,train,7402
ISIC_0032594,HAM_0004000,melanocytic_Nevi,validation,train,7403
ISIC_0032595,HAM_0004829,melanocytic_Nevi,test,train,7404
ISIC_0032596,HAM_0001863,melanoma,train,train,9056
ISIC_0032597,HAM_0005992,melanoma,train,train,9057
ISIC_0032598,HAM_0006545,melanoma,train,train,9058
ISIC_0032599,HAM_0003352,melanocytic_Nevi,train,train,7405
ISIC_0032600,HAM_0001930,melanocytic_Nevi,train,train,7406
ISIC_0032601,HAM_0001645,melanocytic_Nevi,train,train,7407
ISIC_0032602,HAM_0004811,melanoma,train,train,9059
ISIC_0032603,HAM_0000064,melanoma,train,train,9060
ISIC_0032604,HAM_0003083,melanoma,train,train,9061
ISIC_0032605,HAM_0006334,melanocytic_Nevi,train,train,7408
ISIC_0032606,HAM_0004183,melanocytic_Nevi,train,train,7409
ISIC_0032607,HAM_0004071,melanocytic_Nevi,train,train,7410
ISIC_0032608,HAM_0005566,melanocytic_Nevi,validation,train,7411
ISIC_0032609,HAM_0003512,melanocytic_Nevi,train,train,7412
ISIC_0032610,HAM_0006802,melanoma,train,train,9062
ISIC_0032611,HAM_0003072,basal_cell_carcinoma,train,validation,188
ISIC_0032612,HAM_0000402,melanocytic_Nevi,train,train,7413
ISIC_0032613,HAM_0005584,dermatofibroma,train,train,1941
ISIC_0032614,HAM_0006946,vascular_lesions,train,train,9547
ISIC_0032615,HAM_0001808,melanocytic_Nevi,test,train,7414
ISIC_0032616,HAM_0007376,melanocytic_Nevi,train,train,7415
ISIC_0032617,HAM_0006101,melanoma,train,train,9063
ISIC_0032618,HAM_0007101,benign_keratosis-like_lesions,validation,train,1662
ISIC_0032619,HAM_0006883,melanocytic_Nevi,test,train,7416
ISIC_0032620,HAM_0003106,melanocytic_Nevi,train,train,7417
ISIC_0032621,HAM_0005760,melanocytic_Nevi,train,train,7418
ISIC_0032622,HAM_0000002,melanoma,test,train,9064
ISIC_0032623,HAM_0001484,melanocytic_Nevi,train,train,7419
ISIC_0032624,HAM_0004129,melanoma,validation,train,9065
ISIC_0032625,HAM_0007348,melanocytic_Nevi,train,train,7420
ISIC_0032626,HAM_0005953,melanoma,train,train,9066
ISIC_0032627,HAM_0003969,melanocytic_Nevi,train,train,7421
ISIC_0032628,HAM_0007483,melanocytic_Nevi,validation,train,7422
ISIC_0032629,HAM_0000483,melanoma,train,train,9067
ISIC_0032630,HAM_0003759,melanoma,train,train,9068
ISIC_0032631,HAM_0001834,melanocytic_Nevi,train,train,7423
ISIC_0032632,HAM_0006230,melanocytic_Nevi,train,train,7424
ISIC_0032633,HAM_0007462,melanocytic_Nevi,train,train,7425
ISIC_0032634,HAM_0004184,melanocytic_Nevi,train,train,7426
ISIC_0032635,HAM_0004185,melanocytic_Nevi,train,train,7427
ISIC_0032636,HAM_0001772,benign_keratosis-like_lesions,validation,train,1663
ISIC_0032637,HAM_0002956,melanoma,train,train,9069
ISIC_0032638,HAM_0005711,melanoma,train,train,9070
ISIC_0032639,HAM_0003018,melanocytic_Nevi,train,train,7428
ISIC_0032640,HAM_0002878,melanocytic_Nevi,train,train,7429
ISIC_0032641,HAM_0006147,melanocytic_Nevi,train,train,7430
ISIC_0032642,HAM_0002909,dermatofibroma,train,train,1942
ISIC_0032643,HAM_0004142,benign_keratosis-like_lesions,test,train,1664
ISIC_0032644,HAM_0003966,melanocytic_Nevi,train,train,7431
ISIC_0032645,HAM_0002488,melanoma,train,train,9071
ISIC_0032646,HAM_0001076,melanocytic_Nevi,train,train,7432
ISIC_0032647,HAM_0003814,melanocytic_Nevi,train,train,7433
ISIC_0032648,HAM_0003106,melanocytic_Nevi,train,train,7434
ISIC_0032649,HAM_0006567,melanocytic_Nevi,train,train,7435
ISIC_0032650,HAM_0002908,melanocytic_Nevi,test,train,7436
ISIC_0032651,HAM_0004714,melanocytic_Nevi,train,train,7437
ISIC_0032652,HAM_0004083,basal_cell_carcinoma,train,train,740
ISIC_0032653,HAM_0002841,melanoma,train,train,9072
ISIC_0032654,HAM_0000790,benign_keratosis-like_lesions,train,train,1665
ISIC_0032655,HAM_0003807,benign_keratosis-like_lesions,validation,train,1666
ISIC_0032656,HAM_0006923,melanoma,validation,train,9073
ISIC_0032657,HAM_0002431,melanocytic_Nevi,train,train,7438
ISIC_0032658,HAM_0005717,melanocytic_Nevi,train,validation,1936
ISIC_0032659,HAM_0006700,melanocytic_Nevi,train,train,7439
ISIC_0032660,HAM_0002565,basal_cell_carcinoma,train,train,741
ISIC_0032661,HAM_0003606,melanocytic_Nevi,train,train,7440
ISIC_0032662,HAM_0003386,melanoma,test,train,9074
ISIC_0032663,HAM_0000468,melanocytic_Nevi,test,train,7441
ISIC_0032664,HAM_0000294,melanocytic_Nevi,train,train,7442
ISIC_0032665,HAM_0002928,benign_keratosis-like_lesions,train,train,1667
ISIC_0032666,HAM_0002574,melanocytic_Nevi,train,train,7443
ISIC_0032667,HAM_0003352,melanocytic_Nevi,train,train,7444
ISIC_0032668,HAM_0006080,melanocytic_Nevi,train,train,7445
ISIC_0032669,HAM_0007259,melanocytic_Nevi,validation,train,7446
ISIC_0032670,HAM_0005601,melanocytic_Nevi,train,train,7447
ISIC_0032671,HAM_0004574,melanocytic_Nevi,test,train,7448
ISIC_0032672,HAM_0006517,melanoma,train,train,9075
ISIC_0032673,HAM_0003441,melanocytic_Nevi,train,train,7449
ISIC_0032674,HAM_0005206,melanocytic_Nevi,validation,train,7450
ISIC_0032675,HAM_0004091,benign_keratosis-like_lesions,train,train,1668
ISIC_0032676,HAM_0002641,melanocytic_Nevi,train,train,7451
ISIC_0032677,HAM_0006799,melanocytic_Nevi,train,train,7452
ISIC_0032678,HAM_0004344,melanocytic_Nevi,train,train,7453
ISIC_0032679,HAM_0005942,melanocytic_Nevi,train,train,7454
ISIC_0032680,HAM_0001358,melanocytic_Nevi,train,train,7455
ISIC_0032681,HAM_0000208,benign_keratosis-like_lesions,train,train,1669
ISIC_0032682,HAM_0002425,melanocytic_Nevi,train,train,7456
ISIC_0032683,HAM_0005383,melanocytic_Nevi,train,train,7457
ISIC_0032684,HAM_0003566,melanoma,validation,train,9076
ISIC_0032685,HAM_0005608,melanoma,train,train,9077
ISIC_0032686,HAM_0004581,melanocytic_Nevi,train,train,7458
ISIC_0032687,HAM_0001344,melanoma,train,train,9078
ISIC_0032688,HAM_0006801,benign_keratosis-like_lesions,train,train,1670
ISIC_0032689,HAM_0007367,melanocytic_Nevi,test,train,7459
ISIC_0032690,HAM_0000706,melanoma,train,train,9079
ISIC_0032691,HAM_0007541,melanocytic_Nevi,validation,train,7460
ISIC_0032692,HAM_0000940,vascular_lesions,train,train,9548
ISIC_0032693,HAM_0006700,melanocytic_Nevi,train,train,7461
ISIC_0032694,HAM_0000208,benign_keratosis-like_lesions,train,train,1671
ISIC_0032695,HAM_0004853,melanoma,train,train,9080
ISIC_0032696,HAM_0000993,basal_cell_carcinoma,train,train,742
ISIC_0032697,HAM_0002027,melanocytic_Nevi,train,train,7462
ISIC_0032698,HAM_0001686,melanoma,train,train,9081
ISIC_0032699,HAM_0001465,melanoma,validation,train,9082
ISIC_0032700,HAM_0005190,melanocytic_Nevi,train,train,7463
ISIC_0032701,HAM_0005814,melanocytic_Nevi,train,train,7464
ISIC_0032702,HAM_0004814,melanocytic_Nevi,test,train,7465
ISIC_0032703,HAM_0003447,melanocytic_Nevi,train,train,7466
ISIC_0032704,HAM_0002890,melanocytic_Nevi,train,train,7467
ISIC_0032705,HAM_0007367,melanocytic_Nevi,test,train,7468
ISIC_0032706,HAM_0000412,melanocytic_Nevi,train,train,7469
ISIC_0032707,HAM_0007124,melanocytic_Nevi,test,validation,1943
ISIC_0032708,HAM_0003130,melanocytic_Nevi,train,train,7470
ISIC_0032709,HAM_0004284,melanoma,train,train,9083
ISIC_0032710,HAM_0003507,melanocytic_Nevi,train,train,7471
ISIC_0032711,HAM_0006869,melanocytic_Nevi,validation,train,7472
ISIC_0032712,HAM_0006353,melanocytic_Nevi,train,train,7473
ISIC_0032713,HAM_0005209,melanocytic_Nevi,train,train,7474
ISIC_0032714,HAM_0003346,melanocytic_Nevi,train,train,7475
ISIC_0032715,HAM_0006852,vascular_lesions,test,train,9549
ISIC_0032716,HAM_0000553,melanoma,validation,train,9084
ISIC_0032717,HAM_0005363,melanocytic_Nevi,test,train,7476
ISIC_0032718,HAM_0003202,melanoma,test,train,9085
ISIC_0032719,HAM_0006673,benign_keratosis-like_lesions,test,train,1672
ISIC_0032720,HAM_0006295,melanocytic_Nevi,train,validation,1946
ISIC_0032721,HAM_0001916,melanocytic_Nevi,train,train,7477
ISIC_0032722,HAM_0005368,melanoma,test,train,9086
ISIC_0032723,HAM_0005992,melanoma,train,train,9087
ISIC_0032724,HAM_0004811,melanoma,train,train,9088
ISIC_0032725,HAM_0007384,benign_keratosis-like_lesions,train,train,1673
ISIC_0032726,HAM_0007180,melanoma,train,train,9089
ISIC_0032727,HAM_0004848,basal_cell_carcinoma,validation,train,743
ISIC_0032728,HAM_0004550,melanocytic_Nevi,train,train,7478
ISIC_0032729,HAM_0004716,melanocytic_Nevi,train,train,7479
ISIC_0032730,HAM_0004284,melanoma,train,validation,2363
ISIC_0032731,HAM_0007552,melanocytic_Nevi,train,train,7480
ISIC_0032732,HAM_0005299,benign_keratosis-like_lesions,validation,train,1674
ISIC_0032733,HAM_0000321,melanoma,test,train,9090
ISIC_0032734,HAM_0006700,melanocytic_Nevi,train,train,7481
ISIC_0032735,HAM_0004503,melanocytic_Nevi,train,train,7482
ISIC_0032736,HAM_0003202,melanoma,test,train,9091
ISIC_0032737,HAM_0006014,melanocytic_Nevi,test,train,7483
ISIC_0032738,HAM_0007191,melanocytic_Nevi,train,train,7484
ISIC_0032739,HAM_0001790,melanocytic_Nevi,train,train,7485
ISIC_0032740,HAM_0001561,benign_keratosis-like_lesions,train,train,1675
ISIC_0032741,HAM_0005478,basal_cell_carcinoma,test,train,744
ISIC_0032742,HAM_0000579,melanocytic_Nevi,test,train,7486
ISIC_0032743,HAM_0001692,melanocytic_Nevi,train,train,7487
ISIC_0032744,HAM_0002607,melanocytic_Nevi,train,train,7488
ISIC_0032745,HAM_0000494,vascular_lesions,train,train,9550
ISIC_0032746,HAM_0005566,melanocytic_Nevi,validation,train,7489
ISIC_0032747,HAM_0001040,melanocytic_Nevi,train,train,7490
ISIC_0032748,HAM_0001613,melanocytic_Nevi,train,train,7491
ISIC_0032749,HAM_0004145,melanocytic_Nevi,validation,train,7492
ISIC_0032750,HAM_0007163,melanoma,train,train,9092
ISIC_0032751,HAM_0005992,melanoma,train,validation,2364
ISIC_0032752,HAM_0007052,melanocytic_Nevi,train,train,7493
ISIC_0032753,HAM_0002016,melanocytic_Nevi,train,train,7494
ISIC_0032754,HAM_0003346,melanocytic_Nevi,train,train,7495
ISIC_0032755,HAM_0004149,melanocytic_Nevi,train,train,7496
ISIC_0032756,HAM_0003927,benign_keratosis-like_lesions,validation,train,1676
ISIC_0032757,HAM_0000527,benign_keratosis-like_lesions,train,train,1677
ISIC_0032758,HAM_0006329,melanocytic_Nevi,train,train,7497
ISIC_0032759,HAM_0004186,melanocytic_Nevi,train,train,7498
ISIC_0032760,HAM_0004226,melanocytic_Nevi,test,train,7499
ISIC_0032761,HAM_0001740,melanocytic_Nevi,validation,train,7500
ISIC_0032762,HAM_0004000,melanocytic_Nevi,validation,train,7501
ISIC_0032763,HAM_0006528,benign_keratosis-like_lesions,validation,train,1678
ISIC_0032764,HAM_0007596,melanocytic_Nevi,train,train,7502
ISIC_0032765,HAM_0003254,melanocytic_Nevi,train,train,7503
ISIC_0032766,HAM_0005274,melanoma,train,train,9093
ISIC_0032767,HAM_0006520,melanocytic_Nevi,train,train,7504
ISIC_0032768,HAM_0001138,basal_cell_carcinoma,validation,train,745
ISIC_0032769,HAM_0004444,melanocytic_Nevi,train,train,7505
ISIC_0032770,HAM_0003137,melanocytic_Nevi,train,train,7506
ISIC_0032771,HAM_0000407,melanocytic_Nevi,validation,train,7507
ISIC_0032772,HAM_0005496,melanocytic_Nevi,train,train,7508
ISIC_0032773,HAM_0000571,benign_keratosis-like_lesions,test,train,1679
ISIC_0032774,HAM_0000048,melanoma,train,train,9094
ISIC_0032775,HAM_0003862,vascular_lesions,train,train,9551
ISIC_0032776,HAM_0001954,benign_keratosis-like_lesions,test,train,1680
ISIC_0032777,HAM_0002243,basal_cell_carcinoma,train,train,746
ISIC_0032778,HAM_0005299,benign_keratosis-like_lesions,validation,train,1681
ISIC_0032779,HAM_0006334,melanocytic_Nevi,train,train,7509
ISIC_0032780,HAM_0006615,melanocytic_Nevi,train,train,7510
ISIC_0032781,HAM_0001040,melanocytic_Nevi,train,train,7511
ISIC_0032782,HAM_0005303,melanoma,train,train,9095
ISIC_0032783,HAM_0006391,melanocytic_Nevi,train,train,7512
ISIC_0032784,HAM_0003507,melanocytic_Nevi,train,train,7513
ISIC_0032785,HAM_0004963,melanocytic_Nevi,train,train,7514
ISIC_0032786,HAM_0002139,melanocytic_Nevi,test,train,7515
ISIC_0032787,HAM_0001935,melanocytic_Nevi,train,train,7516
ISIC_0032788,HAM_0003623,melanocytic_Nevi,train,train,7517
ISIC_0032789,HAM_0004430,melanocytic_Nevi,train,train,7518
ISIC_0032790,HAM_0004754,melanoma,train,train,9096
ISIC_0032791,HAM_0001930,melanocytic_Nevi,train,train,7519
ISIC_0032792,HAM_0006121,melanocytic_Nevi,train,train,7520
ISIC_0032793,HAM_0002074,melanocytic_Nevi,train,train,7521
ISIC_0032794,HAM_0003133,melanocytic_Nevi,test,train,7522
ISIC_0032795,HAM_0005961,melanocytic_Nevi,validation,train,7523
ISIC_0032796,HAM_0003968,melanocytic_Nevi,train,train,7524
ISIC_0032797,HAM_0001863,melanoma,train,train,9097
ISIC_0032798,HAM_0002602,melanocytic_Nevi,validation,train,7525
ISIC_0032799,HAM_0002526,basal_cell_carcinoma,validation,train,747
ISIC_0032800,HAM_0003817,melanocytic_Nevi,test,train,7526
ISIC_0032801,HAM_0003133,melanocytic_Nevi,test,train,7527
ISIC_0032802,HAM_0003947,melanocytic_Nevi,test,train,7528
ISIC_0032803,HAM_0005571,melanocytic_Nevi,train,train,7529
ISIC_0032804,HAM_0006026,benign_keratosis-like_lesions,train,train,1682
ISIC_0032805,HAM_0002016,melanocytic_Nevi,train,train,7530
ISIC_0032806,HAM_0005970,melanoma,train,train,9098
ISIC_0032807,HAM_0002488,melanoma,train,train,9099
ISIC_0032808,HAM_0007335,basal_cell_carcinoma,train,train,748
ISIC_0032809,HAM_0006078,melanocytic_Nevi,train,train,7531
ISIC_0032810,HAM_0001863,melanoma,train,train,9100
ISIC_0032811,HAM_0002574,melanocytic_Nevi,train,train,7532
ISIC_0032812,HAM_0005748,melanoma,train,train,9101
ISIC_0032813,HAM_0002582,melanocytic_Nevi,test,train,7533
ISIC_0032814,HAM_0001366,melanocytic_Nevi,train,train,7534
ISIC_0032815,HAM_0004615,melanocytic_Nevi,test,train,7535
ISIC_0032816,HAM_0000879,basal_cell_carcinoma,train,train,749
ISIC_0032817,HAM_0006372,melanocytic_Nevi,train,train,7536
ISIC_0032818,HAM_0003193,melanocytic_Nevi,test,train,7537
ISIC_0032819,HAM_0001720,melanocytic_Nevi,test,train,7538
ISIC_0032820,HAM_0006372,melanocytic_Nevi,train,validation,1954
ISIC_0032821,HAM_0006391,melanocytic_Nevi,train,validation,1955
ISIC_0032822,HAM_0001246,melanocytic_Nevi,train,train,7539
ISIC_0032823,HAM_0006886,melanoma,train,train,9102
ISIC_0032824,HAM_0004590,melanocytic_Nevi,validation,train,7540
ISIC_0032825,HAM_0005571,melanocytic_Nevi,train,train,7541
ISIC_0032826,HAM_0000581,benign_keratosis-like_lesions,train,train,1683
ISIC_0032827,HAM_0006003,benign_keratosis-like_lesions,train,train,1684
ISIC_0032828,HAM_0005308,melanocytic_Nevi,train,train,7542
ISIC_0032829,HAM_0003845,benign_keratosis-like_lesions,train,train,1685
ISIC_0032830,HAM_0003002,melanocytic_Nevi,validation,train,7543
ISIC_0032831,HAM_0001321,melanocytic_Nevi,train,train,7544
ISIC_0032832,HAM_0004548,melanocytic_Nevi,test,train,7545
ISIC_0032833,HAM_0005893,melanoma,train,train,9103
ISIC_0032834,HAM_0005396,basal_cell_carcinoma,train,train,750
ISIC_0032835,HAM_0004788,benign_keratosis-like_lesions,test,train,1686
ISIC_0032836,HAM_0003073,melanoma,train,train,9104
ISIC_0032837,HAM_0002425,melanocytic_Nevi,train,train,7546
ISIC_0032838,HAM_0001264,melanocytic_Nevi,test,train,7547
ISIC_0032839,HAM_0002498,vascular_lesions,test,train,9552
ISIC_0032840,HAM_0003679,melanoma,test,train,9105
ISIC_0032841,HAM_0003280,melanoma,validation,train,9106
ISIC_0032842,HAM_0007101,benign_keratosis-like_lesions,validation,train,1687
ISIC_0032843,HAM_0005749,benign_keratosis-like_lesions,validation,train,1688
ISIC_0032844,HAM_0000388,melanoma,validation,train,9107
ISIC_0032845,HAM_0006376,melanoma,train,train,9108
ISIC_0032846,HAM_0006675,melanocytic_Nevi,train,train,7548
ISIC_0032847,HAM_0002004,melanoma,validation,train,9109
ISIC_0032848,HAM_0002596,melanocytic_Nevi,train,train,7549
ISIC_0032849,HAM_0006231,melanocytic_Nevi,train,train,7550
ISIC_0032850,HAM_0007248,basal_cell_carcinoma,train,train,751
ISIC_0032851,HAM_0001908,melanocytic_Nevi,test,train,7551
ISIC_0032852,HAM_0002164,melanocytic_Nevi,train,train,7552
ISIC_0032853,HAM_0004773,melanocytic_Nevi,train,train,7553
ISIC_0032854,HAM_0000239,actinic_keratoses,validation,validation,78
ISIC_0032855,HAM_0006121,melanocytic_Nevi,train,train,7554
ISIC_0032856,HAM_0001863,melanoma,train,train,9110
ISIC_0032857,HAM_0003887,basal_cell_carcinoma,validation,train,752
ISIC_0032858,HAM_0007148,melanocytic_Nevi,validation,train,7555
ISIC_0032859,HAM_0005961,melanocytic_Nevi,validation,train,7556
ISIC_0032860,HAM_0005331,melanocytic_Nevi,train,train,7557
ISIC_0032861,HAM_0006615,melanocytic_Nevi,train,train,7558
ISIC_0032862,HAM_0000176,melanoma,train,train,9111
ISIC_0032863,HAM_0004975,benign_keratosis-like_lesions,train,train,1689
ISIC_0032864,HAM_0001218,melanocytic_Nevi,test,train,7559
ISIC_0032865,HAM_0007519,melanocytic_Nevi,test,train,7560
ISIC_0032866,HAM_0006946,vascular_lesions,train,train,9553
ISIC_0032867,HAM_0004776,vascular_lesions,train,train,9554
ISIC_0032868,HAM_0004572,melanocytic_Nevi,train,train,7561
ISIC_0032869,HAM_0003495,melanoma,train,train,9112
ISIC_0032870,HAM_0007245,melanoma,train,train,9113
ISIC_0032871,HAM_0005374,melanocytic_Nevi,train,train,7562
ISIC_0032872,HAM_0001570,melanoma,validation,validation,2373
ISIC_0032873,HAM_0003174,melanoma,train,validation,2374
ISIC_0032874,HAM_0001790,melanocytic_Nevi,train,train,7563
ISIC_0032875,HAM_0003625,melanoma,train,train,9114
ISIC_0032876,HAM_0001309,benign_keratosis-like_lesions,train,train,1690
ISIC_0032877,HAM_0003770,benign_keratosis-like_lesions,test,train,1691
ISIC_0032878,HAM_0001645,melanocytic_Nevi,train,train,7564
ISIC_0032879,HAM_0004984,melanoma,validation,train,9115
ISIC_0032880,HAM_0001930,melanocytic_Nevi,train,train,7565
ISIC_0032881,HAM_0004585,melanocytic_Nevi,train,train,7566
ISIC_0032882,HAM_0003193,melanocytic_Nevi,test,train,7567
ISIC_0032883,HAM_0002327,benign_keratosis-like_lesions,train,train,1692
ISIC_0032884,HAM_0001739,melanocytic_Nevi,train,train,7568
ISIC_0032885,HAM_0003713,melanocytic_Nevi,test,train,7569
ISIC_0032886,HAM_0006782,melanocytic_Nevi,train,validation,1961
ISIC_0032887,HAM_0006802,melanoma,train,train,9116
ISIC_0032888,HAM_0002939,melanoma,train,train,9117
ISIC_0032889,HAM_0005263,melanocytic_Nevi,train,train,7570
ISIC_0032890,HAM_0003480,vascular_lesions,train,train,9555
ISIC_0032891,HAM_0006080,melanocytic_Nevi,train,train,7571
ISIC_0032892,HAM_0003354,melanoma,train,train,9118
ISIC_0032893,HAM_0005383,melanocytic_Nevi,train,train,7572
ISIC_0032894,HAM_0000823,basal_cell_carcinoma,validation,train,753
ISIC_0032895,HAM_0003259,melanocytic_Nevi,train,train,7573
ISIC_0032896,HAM_0004063,melanocytic_Nevi,train,validation,1962
ISIC_0032897,HAM_0000462,actinic_keratoses,test,train,299
ISIC_0032898,HAM_0007341,benign_keratosis-like_lesions,train,train,1693
ISIC_0032899,HAM_0002721,melanocytic_Nevi,train,train,7574
ISIC_0032900,HAM_0003811,melanocytic_Nevi,train,train,7575
ISIC_0032901,HAM_0005106,melanocytic_Nevi,train,train,7576
ISIC_0032902,HAM_0005248,melanocytic_Nevi,test,train,7577
ISIC_0032903,HAM_0005608,melanoma,train,train,9119
ISIC_0032904,HAM_0006284,melanocytic_Nevi,train,train,7578
ISIC_0032905,HAM_0003614,melanocytic_Nevi,train,train,7579
ISIC_0032906,HAM_0003887,basal_cell_carcinoma,validation,train,754
ISIC_0032907,HAM_0003681,melanocytic_Nevi,train,train,7580
ISIC_0032908,HAM_0006666,melanocytic_Nevi,test,train,7581
ISIC_0032909,HAM_0001943,melanocytic_Nevi,test,train,7582
ISIC_0032910,HAM_0006882,melanocytic_Nevi,train,train,7583
ISIC_0032911,HAM_0002329,melanocytic_Nevi,train,train,7584
ISIC_0032912,HAM_0003357,melanocytic_Nevi,train,train,7585
ISIC_0032913,HAM_0004881,melanoma,validation,train,9120
ISIC_0032914,HAM_0002136,melanocytic_Nevi,test,train,7586
ISIC_0032915,HAM_0001524,melanoma,train,train,9121
ISIC_0032916,HAM_0002030,melanocytic_Nevi,train,train,7587
ISIC_0032917,HAM_0002342,melanoma,train,train,9122
ISIC_0032918,HAM_0000706,melanoma,train,train,9123
ISIC_0032919,HAM_0006946,vascular_lesions,train,train,9556
ISIC_0032920,HAM_0005198,melanocytic_Nevi,train,train,7588
ISIC_0032921,HAM_0004927,melanoma,validation,train,9124
ISIC_0032922,HAM_0006426,melanoma,train,train,9125
ISIC_0032923,HAM_0005353,melanocytic_Nevi,train,train,7589
ISIC_0032924,HAM_0002363,melanocytic_Nevi,train,train,7590
ISIC_0032925,HAM_0002342,melanoma,train,train,9126
ISIC_0032926,HAM_0001948,melanocytic_Nevi,train,train,7591
ISIC_0032927,HAM_0001734,melanoma,validation,train,9127
ISIC_0032928,HAM_0002501,melanocytic_Nevi,train,train,7592
ISIC_0032929,HAM_0003321,benign_keratosis-like_lesions,train,train,1694
ISIC_0032930,HAM_0000488,melanocytic_Nevi,train,train,7593
ISIC_0032931,HAM_0002553,melanocytic_Nevi,validation,train,7594
ISIC_0032932,HAM_0002498,vascular_lesions,test,train,9557
ISIC_0032933,HAM_0002595,melanocytic_Nevi,train,train,7595
ISIC_0032934,HAM_0007169,melanocytic_Nevi,train,train,7596
ISIC_0032935,HAM_0004016,melanocytic_Nevi,train,train,7597
ISIC_0032936,HAM_0002552,melanoma,train,train,9128
ISIC_0032937,HAM_0006379,melanocytic_Nevi,train,train,7598
ISIC_0032938,HAM_0004687,melanoma,train,train,9129
ISIC_0032939,HAM_0003358,melanocytic_Nevi,train,train,7599
ISIC_0032940,HAM_0005628,melanoma,test,train,9130
ISIC_0032941,HAM_0001785,dermatofibroma,test,train,1943
ISIC_0032942,HAM_0007483,melanocytic_Nevi,validation,train,7600
ISIC_0032943,HAM_0002417,melanocytic_Nevi,train,train,7601
ISIC_0032944,HAM_0005083,melanocytic_Nevi,train,train,7602
ISIC_0032945,HAM_0003696,melanocytic_Nevi,train,train,7603
ISIC_0032946,HAM_0003649,melanocytic_Nevi,train,train,7604
ISIC_0032947,HAM_0006442,actinic_keratoses,train,train,300
ISIC_0032948,HAM_0005248,melanocytic_Nevi,test,train,7605
ISIC_0032949,HAM_0006085,benign_keratosis-like_lesions,train,train,1695
ISIC_0032950,HAM_0001097,melanocytic_Nevi,test,train,7606
ISIC_0032951,HAM_0001046,melanocytic_Nevi,train,train,7607
ISIC_0032952,HAM_0003310,melanocytic_Nevi,train,train,7608
ISIC_0032953,HAM_0005116,melanocytic_Nevi,train,train,7609
ISIC_0032954,HAM_0000704,melanocytic_Nevi,train,train,7610
ISIC_0032955,HAM_0000064,melanoma,train,train,9131
ISIC_0032956,HAM_0004187,melanocytic_Nevi,test,train,7611
ISIC_0032957,HAM_0004272,melanocytic_Nevi,validation,train,7612
ISIC_0032958,HAM_0006824,melanoma,train,validation,2379
ISIC_0032959,HAM_0003427,basal_cell_carcinoma,train,train,755
ISIC_0032960,HAM_0000169,melanoma,train,train,9132
ISIC_0032961,HAM_0000579,melanocytic_Nevi,test,train,7613
ISIC_0032962,HAM_0007216,melanocytic_Nevi,train,train,7614
ISIC_0032963,HAM_0003321,benign_keratosis-like_lesions,train,train,1696
ISIC_0032964,HAM_0007451,melanocytic_Nevi,train,train,7615
ISIC_0032965,HAM_0005483,melanoma,train,train,9133
ISIC_0032966,HAM_0004076,melanocytic_Nevi,train,train,7616
ISIC_0032967,HAM_0000754,benign_keratosis-like_lesions,validation,train,1697
ISIC_0032968,HAM_0001272,melanoma,train,train,9134
ISIC_0032969,HAM_0000676,melanocytic_Nevi,train,train,7617
ISIC_0032970,HAM_0005409,melanoma,train,train,9135
ISIC_0032971,HAM_0003824,melanocytic_Nevi,train,train,7618
ISIC_0032972,HAM_0000344,benign_keratosis-like_lesions,train,validation,440
ISIC_0032973,HAM_0002502,melanocytic_Nevi,test,train,7619
ISIC_0032974,HAM_0002135,melanocytic_Nevi,train,train,7620
ISIC_0032975,HAM_0001647,melanoma,train,train,9136
ISIC_0032976,HAM_0006330,melanoma,train,train,9137
ISIC_0032977,HAM_0007444,melanocytic_Nevi,train,train,7621
ISIC_0032978,HAM_0000779,benign_keratosis-like_lesions,validation,train,1698
ISIC_0032979,HAM_0003359,melanocytic_Nevi,train,train,7622
ISIC_0032980,HAM_0001133,melanocytic_Nevi,train,train,7623
ISIC_0032981,HAM_0004949,melanoma,train,train,9138
ISIC_0032982,HAM_0002841,melanoma,train,train,9139
ISIC_0032983,HAM_0002008,benign_keratosis-like_lesions,train,train,1699
ISIC_0032984,HAM_0005636,melanoma,train,train,9140
ISIC_0032985,HAM_0002552,melanoma,train,train,9141
ISIC_0032986,HAM_0002519,melanocytic_Nevi,validation,train,7624
ISIC_0032987,HAM_0001155,melanoma,train,train,9142
ISIC_0032988,HAM_0006540,melanoma,validation,train,9143
ISIC_0032989,HAM_0005135,melanocytic_Nevi,test,train,7625
ISIC_0032990,HAM_0004038,melanocytic_Nevi,train,train,7626
ISIC_0032991,HAM_0004849,basal_cell_carcinoma,validation,train,756
ISIC_0032992,HAM_0002923,melanocytic_Nevi,train,train,7627
ISIC_0032993,HAM_0002956,melanoma,train,train,9144
ISIC_0032994,HAM_0000772,melanocytic_Nevi,train,validation,1975
ISIC_0032995,HAM_0003346,melanocytic_Nevi,train,train,7628
ISIC_0032996,HAM_0004188,melanocytic_Nevi,train,train,7629
ISIC_0032997,HAM_0003162,benign_keratosis-like_lesions,train,train,1700
ISIC_0032998,HAM_0005265,melanocytic_Nevi,test,train,7630
ISIC_0032999,HAM_0007259,melanocytic_Nevi,validation,train,7631
ISIC_0033000,HAM_0006442,actinic_keratoses,train,train,301
ISIC_0033001,HAM_0000263,basal_cell_carcinoma,test,train,757
ISIC_0033002,HAM_0001511,melanocytic_Nevi,train,train,7632
ISIC_0033003,HAM_0002750,melanocytic_Nevi,train,train,7633
ISIC_0033004,HAM_0003602,melanoma,train,train,9145
ISIC_0033005,HAM_0000349,dermatofibroma,train,train,1944
ISIC_0033006,HAM_0003744,melanocytic_Nevi,train,train,7634
ISIC_0033007,HAM_0006550,melanocytic_Nevi,train,train,7635
ISIC_0033008,HAM_0005115,melanocytic_Nevi,test,train,7636
ISIC_0033009,HAM_0002501,melanocytic_Nevi,train,train,7637
ISIC_0033010,HAM_0004099,melanocytic_Nevi,test,train,7638
ISIC_0033011,HAM_0006459,melanocytic_Nevi,validation,train,7639
ISIC_0033012,HAM_0000795,basal_cell_carcinoma,train,train,758
ISIC_0033013,HAM_0006078,melanocytic_Nevi,train,train,7640
ISIC_0033014,HAM_0006539,melanocytic_Nevi,train,train,7641
ISIC_0033015,HAM_0006396,melanocytic_Nevi,test,train,7642
ISIC_0033016,HAM_0005135,melanocytic_Nevi,test,train,7643
ISIC_0033017,HAM_0002732,melanoma,train,train,9146
ISIC_0033018,HAM_0007415,melanocytic_Nevi,train,train,7644
ISIC_0033019,HAM_0002243,basal_cell_carcinoma,train,train,759
ISIC_0033020,HAM_0001138,basal_cell_carcinoma,validation,train,760
ISIC_0033021,HAM_0002325,melanocytic_Nevi,train,train,7645
ISIC_0033022,HAM_0006003,benign_keratosis-like_lesions,train,validation,442
ISIC_0033023,HAM_0004011,melanoma,validation,train,9147
ISIC_0033024,HAM_0006184,melanoma,validation,train,9148
ISIC_0033025,HAM_0003236,melanocytic_Nevi,train,train,7646
ISIC_0033026,HAM_0003057,melanocytic_Nevi,validation,train,7647
ISIC_0033027,HAM_0001174,melanoma,train,train,9149
ISIC_0033028,HAM_0001139,melanocytic_Nevi,train,train,7648
ISIC_0033029,HAM_0004302,melanoma,test,train,9150
ISIC_0033030,HAM_0002431,melanocytic_Nevi,train,train,7649
ISIC_0033031,HAM_0003862,vascular_lesions,train,train,9558
ISIC_0033032,HAM_0003505,melanocytic_Nevi,train,train,7650
ISIC_0033033,HAM_0001405,melanocytic_Nevi,test,train,7651
ISIC_0033034,HAM_0007032,melanoma,test,train,9151
ISIC_0033035,HAM_0005364,melanocytic_Nevi,train,train,7652
ISIC_0033036,HAM_0004189,melanocytic_Nevi,train,train,7653
ISIC_0033037,HAM_0004109,melanoma,train,train,9152
ISIC_0033038,HAM_0003466,melanoma,train,train,9153
ISIC_0033039,HAM_0004190,melanocytic_Nevi,train,train,7654
ISIC_0033040,HAM_0007478,melanocytic_Nevi,train,train,7655
ISIC_0033041,HAM_0002040,benign_keratosis-like_lesions,validation,train,1701
ISIC_0033042,HAM_0002149,melanoma,train,train,9154
ISIC_0033043,HAM_0006232,melanocytic_Nevi,train,train,7656
ISIC_0033044,HAM_0001509,melanocytic_Nevi,test,train,7657
ISIC_0033045,HAM_0002597,melanocytic_Nevi,train,validation,1981
ISIC_0033046,HAM_0007367,melanocytic_Nevi,test,train,7658
ISIC_0033047,HAM_0002824,melanoma,train,train,9155
ISIC_0033048,HAM_0001615,melanocytic_Nevi,train,train,7659
ISIC_0033049,HAM_0001948,melanocytic_Nevi,train,train,7660
ISIC_0033050,HAM_0003439,melanoma,validation,train,9156
ISIC_0033051,HAM_0001506,melanoma,train,train,9157
ISIC_0033052,HAM_0004038,melanocytic_Nevi,train,train,7661
ISIC_0033053,HAM_0003236,melanocytic_Nevi,train,train,7662
ISIC_0033054,HAM_0002664,basal_cell_carcinoma,train,train,761
ISIC_0033055,HAM_0001344,melanoma,train,train,9158
ISIC_0033056,HAM_0002894,benign_keratosis-like_lesions,train,validation,443
ISIC_0033057,HAM_0001264,melanocytic_Nevi,test,train,7663
ISIC_0033058,HAM_0002363,melanocytic_Nevi,train,train,7664
ISIC_0033059,HAM_0001400,melanocytic_Nevi,train,train,7665
ISIC_0033060,HAM_0004406,benign_keratosis-like_lesions,validation,train,1702
ISIC_0033061,HAM_0001506,melanoma,train,train,9159
ISIC_0033062,HAM_0002759,melanocytic_Nevi,test,train,7666
ISIC_0033063,HAM_0005280,melanoma,train,train,9160
ISIC_0033064,HAM_0001209,melanocytic_Nevi,train,train,7667
ISIC_0033065,HAM_0001619,melanocytic_Nevi,train,train,7668
ISIC_0033066,HAM_0004192,melanocytic_Nevi,train,train,7669
ISIC_0033067,HAM_0001935,melanocytic_Nevi,train,train,7670
ISIC_0033068,HAM_0002671,melanoma,test,train,9161
ISIC_0033069,HAM_0004503,melanocytic_Nevi,train,train,7671
ISIC_0033070,HAM_0006491,melanocytic_Nevi,validation,train,7672
ISIC_0033071,HAM_0004963,melanocytic_Nevi,train,train,7673
ISIC_0033072,HAM_0004193,melanocytic_Nevi,train,train,7674
ISIC_0033073,HAM_0000176,melanoma,train,train,9162
ISIC_0033074,HAM_0005368,melanoma,test,train,9163
ISIC_0033075,HAM_0002170,melanocytic_Nevi,train,train,7675
ISIC_0033076,HAM_0004716,melanocytic_Nevi,train,train,7676
ISIC_0033077,HAM_0007433,melanocytic_Nevi,train,train,7677
ISIC_0033078,HAM_0004854,melanocytic_Nevi,train,test,1049
ISIC_0033079,HAM_0007402,benign_keratosis-like_lesions,validation,train,1703
ISIC_0033080,HAM_0001667,melanocytic_Nevi,train,train,7678
ISIC_0033081,HAM_0007583,melanoma,train,train,9164
ISIC_0033082,HAM_0002876,melanocytic_Nevi,train,train,7679
ISIC_0033083,HAM_0003803,melanocytic_Nevi,train,train,7680
ISIC_0033084,HAM_0002867,actinic_keratoses,train,train,302
ISIC_0033085,HAM_0003181,melanocytic_Nevi,validation,train,7681
ISIC_0033086,HAM_0006295,melanocytic_Nevi,train,train,7682
ISIC_0033087,HAM_0000578,melanocytic_Nevi,train,train,7683
ISIC_0033088,HAM_0003927,benign_keratosis-like_lesions,validation,train,1704
ISIC_0033089,HAM_0000880,melanoma,test,train,9165
ISIC_0033090,HAM_0001870,melanocytic_Nevi,train,train,7684
ISIC_0033091,HAM_0003824,melanocytic_Nevi,train,train,7685
ISIC_0033092,HAM_0000494,vascular_lesions,train,train,9559
ISIC_0033093,HAM_0006799,melanocytic_Nevi,train,train,7686
ISIC_0033094,HAM_0004615,melanocytic_Nevi,test,train,7687
ISIC_0033095,HAM_0004392,melanocytic_Nevi,test,train,7688
ISIC_0033096,HAM_0006158,melanocytic_Nevi,validation,train,7689
ISIC_0033097,HAM_0003993,melanocytic_Nevi,train,train,7690
ISIC_0033098,HAM_0004071,melanocytic_Nevi,train,train,7691
ISIC_0033099,HAM_0003700,melanoma,validation,train,9166
ISIC_0033100,HAM_0000313,melanocytic_Nevi,train,train,7692
ISIC_0033101,HAM_0004194,melanocytic_Nevi,train,train,7693
ISIC_0033102,HAM_0004375,melanocytic_Nevi,train,train,7694
ISIC_0033103,HAM_0000097,melanoma,train,train,9167
ISIC_0033104,HAM_0006496,melanocytic_Nevi,validation,train,7695
ISIC_0033105,HAM_0003356,melanocytic_Nevi,train,train,7696
ISIC_0033106,HAM_0002253,melanocytic_Nevi,validation,train,7697
ISIC_0033107,HAM_0004814,melanocytic_Nevi,test,train,7698
ISIC_0033108,HAM_0004444,melanocytic_Nevi,train,train,7699
ISIC_0033109,HAM_0002519,melanocytic_Nevi,validation,train,7700
ISIC_0033110,HAM_0005814,melanocytic_Nevi,train,train,7701
ISIC_0033111,HAM_0006628,melanocytic_Nevi,train,train,7702
ISIC_0033112,HAM_0005686,melanocytic_Nevi,test,train,7703
ISIC_0033113,HAM_0001400,melanocytic_Nevi,train,train,7704
ISIC_0033114,HAM_0000709,melanoma,train,train,9168
ISIC_0033115,HAM_0007348,melanocytic_Nevi,train,train,7705
ISIC_0033116,HAM_0001905,melanocytic_Nevi,test,train,7706
ISIC_0033117,HAM_0005483,melanoma,train,train,9169
ISIC_0033118,HAM_0003777,melanocytic_Nevi,test,train,7707
ISIC_0033119,HAM_0005942,melanocytic_Nevi,train,train,7708
ISIC_0033120,HAM_0007558,melanoma,train,train,9170
ISIC_0033121,HAM_0001824,melanocytic_Nevi,train,train,7709
ISIC_0033122,HAM_0004620,melanoma,train,train,9171
ISIC_0033123,HAM_0005989,vascular_lesions,train,train,9560
ISIC_0033124,HAM_0002372,benign_keratosis-like_lesions,train,train,1705
ISIC_0033125,HAM_0001863,melanoma,train,train,9172
ISIC_0033126,HAM_0007005,melanocytic_Nevi,test,train,7710
ISIC_0033127,HAM_0006085,benign_keratosis-like_lesions,train,train,1706
ISIC_0033128,HAM_0007348,melanocytic_Nevi,train,train,7711
ISIC_0033129,HAM_0004811,melanoma,train,train,9173
ISIC_0033130,HAM_0002928,benign_keratosis-like_lesions,train,train,1707
ISIC_0033131,HAM_0001870,melanocytic_Nevi,train,train,7712
ISIC_0033132,HAM_0004387,melanocytic_Nevi,train,train,7713
ISIC_0033133,HAM_0003803,melanocytic_Nevi,train,train,7714
ISIC_0033134,HAM_0001943,melanocytic_Nevi,test,train,7715
ISIC_0033135,HAM_0004791,vascular_lesions,train,validation,2488
ISIC_0033136,HAM_0007494,melanocytic_Nevi,test,train,7716
ISIC_0033137,HAM_0005116,melanocytic_Nevi,train,train,7717
ISIC_0033138,HAM_0004550,melanocytic_Nevi,train,train,7718
ISIC_0033139,HAM_0005316,melanocytic_Nevi,train,train,7719
ISIC_0033140,HAM_0003360,melanocytic_Nevi,test,train,7720
ISIC_0033141,HAM_0005274,melanoma,train,train,9174
ISIC_0033142,HAM_0003447,melanocytic_Nevi,train,train,7721
ISIC_0033143,HAM_0002599,melanocytic_Nevi,train,train,7722
ISIC_0033144,HAM_0003774,melanocytic_Nevi,validation,train,7723
ISIC_0033145,HAM_0001912,melanocytic_Nevi,validation,train,7724
ISIC_0033146,HAM_0003690,basal_cell_carcinoma,train,train,762
ISIC_0033147,HAM_0004000,melanocytic_Nevi,validation,train,7725
ISIC_0033148,HAM_0002519,melanocytic_Nevi,validation,train,7726
ISIC_0033149,HAM_0007433,melanocytic_Nevi,train,train,7727
ISIC_0033150,HAM_0002367,melanocytic_Nevi,train,train,7728
ISIC_0033151,HAM_0004282,actinic_keratoses,train,train,303
ISIC_0033152,HAM_0001135,melanoma,train,train,9175
ISIC_0033153,HAM_0003649,melanocytic_Nevi,train,train,7729
ISIC_0033154,HAM_0005336,melanoma,train,train,9176
ISIC_0033155,HAM_0003512,melanocytic_Nevi,train,validation,2002
ISIC_0033156,HAM_0000571,benign_keratosis-like_lesions,test,train,1708
ISIC_0033157,HAM_0002574,melanocytic_Nevi,train,train,7730
ISIC_0033158,HAM_0004776,vascular_lesions,train,train,9561
ISIC_0033159,HAM_0002755,melanocytic_Nevi,test,train,7731
ISIC_0033160,HAM_0001740,melanocytic_Nevi,validation,train,7732
ISIC_0033161,HAM_0003968,melanocytic_Nevi,train,train,7733
ISIC_0033162,HAM_0004615,melanocytic_Nevi,test,train,7734
ISIC_0033163,HAM_0004221,melanocytic_Nevi,train,train,7735
ISIC_0033164,HAM_0006353,melanocytic_Nevi,train,train,7736
ISIC_0033165,HAM_0002009,melanocytic_Nevi,train,train,7737
ISIC_0033166,HAM_0005249,melanoma,train,train,9177
ISIC_0033167,HAM_0006813,melanocytic_Nevi,train,train,7738
ISIC_0033168,HAM_0003447,melanocytic_Nevi,train,train,7739
ISIC_0033169,HAM_0002792,benign_keratosis-like_lesions,train,train,1709
ISIC_0033170,HAM_0001358,melanocytic_Nevi,train,train,7740
ISIC_0033171,HAM_0003566,melanoma,validation,train,9178
ISIC_0033172,HAM_0001692,melanocytic_Nevi,train,train,7741
ISIC_0033173,HAM_0003813,melanocytic_Nevi,train,validation,2008
ISIC_0033174,HAM_0006321,melanoma,validation,train,9179
ISIC_0033175,HAM_0003556,melanoma,test,train,9180
ISIC_0033176,HAM_0001490,melanocytic_Nevi,train,train,7742
ISIC_0033177,HAM_0006295,melanocytic_Nevi,train,validation,2009
ISIC_0033178,HAM_0001570,melanoma,validation,train,9181
ISIC_0033179,HAM_0002898,melanocytic_Nevi,test,train,7743
ISIC_0033180,HAM_0005010,melanoma,train,train,9182
ISIC_0033181,HAM_0003097,melanocytic_Nevi,train,train,7744
ISIC_0033182,HAM_0003418,melanocytic_Nevi,train,train,7745
ISIC_0033183,HAM_0000321,melanoma,test,train,9183
ISIC_0033184,HAM_0004332,benign_keratosis-like_lesions,test,train,1710
ISIC_0033185,HAM_0004113,benign_keratosis-like_lesions,train,validation,449
ISIC_0033186,HAM_0000095,melanoma,train,train,9184
ISIC_0033187,HAM_0003034,melanocytic_Nevi,train,train,7746
ISIC_0033188,HAM_0001935,melanocytic_Nevi,train,train,7747
ISIC_0033189,HAM_0006496,melanocytic_Nevi,validation,train,7748
ISIC_0033190,HAM_0004670,melanocytic_Nevi,train,validation,2011
ISIC_0033191,HAM_0001175,melanocytic_Nevi,train,train,7749
ISIC_0033192,HAM_0005336,melanoma,train,train,9185
ISIC_0033193,HAM_0001863,melanoma,train,train,9186
ISIC_0033194,HAM_0003634,melanocytic_Nevi,test,train,7750
ISIC_0033195,HAM_0000802,benign_keratosis-like_lesions,test,train,1711
ISIC_0033196,HAM_0002841,melanoma,train,train,9187
ISIC_0033197,HAM_0004589,melanocytic_Nevi,train,train,7751
ISIC_0033198,HAM_0004754,melanoma,train,train,9188
ISIC_0033199,HAM_0006673,benign_keratosis-like_lesions,test,train,1712
ISIC_0033200,HAM_0004555,benign_keratosis-like_lesions,train,train,1713
ISIC_0033201,HAM_0006663,benign_keratosis-like_lesions,train,train,1714
ISIC_0033202,HAM_0004872,melanocytic_Nevi,test,train,7752
ISIC_0033203,HAM_0000879,basal_cell_carcinoma,train,train,763
ISIC_0033204,HAM_0006886,melanoma,train,train,9189
ISIC_0033205,HAM_0001138,basal_cell_carcinoma,validation,train,764
ISIC_0033206,HAM_0004284,melanoma,train,train,9190
ISIC_0033207,HAM_0006869,melanocytic_Nevi,validation,train,7753
ISIC_0033208,HAM_0004345,melanocytic_Nevi,train,train,7754
ISIC_0033209,HAM_0001465,melanoma,validation,train,9191
ISIC_0033210,HAM_0006857,melanocytic_Nevi,validation,train,7755
ISIC_0033211,HAM_0005062,melanocytic_Nevi,train,train,7756
ISIC_0033212,HAM_0001385,benign_keratosis-like_lesions,train,train,1715
ISIC_0033213,HAM_0001824,melanocytic_Nevi,train,train,7757
ISIC_0033214,HAM_0005513,melanocytic_Nevi,train,train,7758
ISIC_0033215,HAM_0007494,melanocytic_Nevi,test,train,7759
ISIC_0033216,HAM_0000611,melanoma,validation,train,9192
ISIC_0033217,HAM_0005141,melanoma,train,train,9193
ISIC_0033218,HAM_0002664,basal_cell_carcinoma,train,train,765
ISIC_0033219,HAM_0006857,melanocytic_Nevi,validation,train,7760
ISIC_0033220,HAM_0006372,melanocytic_Nevi,train,train,7761
ISIC_0033221,HAM_0005887,melanocytic_Nevi,validation,train,7762
ISIC_0033222,HAM_0000547,melanocytic_Nevi,train,train,7763
ISIC_0033223,HAM_0007596,melanocytic_Nevi,train,train,7764
ISIC_0033224,HAM_0001883,melanocytic_Nevi,train,train,7765
ISIC_0033225,HAM_0001106,melanocytic_Nevi,train,train,7766
ISIC_0033226,HAM_0000799,melanoma,validation,train,9194
ISIC_0033227,HAM_0006634,melanocytic_Nevi,test,train,7767
ISIC_0033228,HAM_0002606,melanocytic_Nevi,train,train,7768
ISIC_0033229,HAM_0005513,melanocytic_Nevi,train,train,7769
ISIC_0033230,HAM_0007097,vascular_lesions,train,train,9562
ISIC_0033231,HAM_0005364,melanocytic_Nevi,train,train,7770
ISIC_0033232,HAM_0002552,melanoma,train,train,9195
ISIC_0033233,HAM_0003137,melanocytic_Nevi,train,train,7771
ISIC_0033234,HAM_0003361,melanocytic_Nevi,train,train,7772
ISIC_0033235,HAM_0001858,benign_keratosis-like_lesions,test,train,1716
ISIC_0033236,HAM_0007259,melanocytic_Nevi,validation,train,7773
ISIC_0033237,HAM_0001040,melanocytic_Nevi,train,train,7774
ISIC_0033238,HAM_0007574,melanoma,validation,train,9196
ISIC_0033239,HAM_0006321,melanoma,validation,train,9197
ISIC_0033240,HAM_0005303,melanoma,train,train,9198
ISIC_0033241,HAM_0006545,melanoma,train,train,9199
ISIC_0033242,HAM_0006883,melanocytic_Nevi,test,train,7775
ISIC_0033243,HAM_0003106,melanocytic_Nevi,train,train,7776
ISIC_0033244,HAM_0000970,melanocytic_Nevi,train,train,7777
ISIC_0033245,HAM_0004754,melanoma,train,train,9200
ISIC_0033246,HAM_0005749,benign_keratosis-like_lesions,validation,train,1717
ISIC_0033247,HAM_0005263,melanocytic_Nevi,train,train,7778
ISIC_0033248,HAM_0002397,basal_cell_carcinoma,validation,validation,196
ISIC_0033249,HAM_0003676,melanocytic_Nevi,train,train,7779
ISIC_0033250,HAM_0006610,melanocytic_Nevi,train,train,7780
ISIC_0033251,HAM_0001651,melanocytic_Nevi,train,train,7781
ISIC_0033252,HAM_0006801,benign_keratosis-like_lesions,train,train,1718
ISIC_0033253,HAM_0002434,melanocytic_Nevi,train,train,7782
ISIC_0033254,HAM_0005878,vascular_lesions,test,train,9563
ISIC_0033255,HAM_0005513,melanocytic_Nevi,train,train,7783
ISIC_0033256,HAM_0005584,dermatofibroma,train,train,1945
ISIC_0033257,HAM_0003046,basal_cell_carcinoma,validation,train,766
ISIC_0033258,HAM_0004011,melanoma,validation,train,9201
ISIC_0033259,HAM_0003535,melanocytic_Nevi,test,train,7784
ISIC_0033260,HAM_0004142,benign_keratosis-like_lesions,test,train,1719
ISIC_0033261,HAM_0005274,melanoma,train,train,9202
ISIC_0033262,HAM_0005258,benign_keratosis-like_lesions,train,train,1720
ISIC_0033263,HAM_0005759,melanocytic_Nevi,validation,train,7785
ISIC_0033264,HAM_0004255,benign_keratosis-like_lesions,train,train,1721
ISIC_0033265,HAM_0005820,melanocytic_Nevi,test,train,7786
ISIC_0033266,HAM_0005566,melanocytic_Nevi,validation,train,7787
ISIC_0033267,HAM_0007086,melanoma,train,train,9203
ISIC_0033268,HAM_0007163,melanoma,train,train,9204
ISIC_0033269,HAM_0006189,melanoma,train,train,9205
ISIC_0033270,HAM_0001772,benign_keratosis-like_lesions,validation,train,1722
ISIC_0033271,HAM_0000823,basal_cell_carcinoma,validation,train,767
ISIC_0033272,HAM_0007180,melanoma,train,train,9206
ISIC_0033273,HAM_0001777,melanocytic_Nevi,train,train,7788
ISIC_0033274,HAM_0006330,melanoma,train,train,9207
ISIC_0033275,HAM_0003280,melanoma,validation,train,9208
ISIC_0033276,HAM_0000304,melanocytic_Nevi,train,train,7789
ISIC_0033277,HAM_0004588,melanocytic_Nevi,train,train,7790
ISIC_0033278,HAM_0003983,melanoma,train,train,9209
ISIC_0033279,HAM_0006802,melanoma,train,train,9210
ISIC_0033280,HAM_0001385,benign_keratosis-like_lesions,train,train,1723
ISIC_0033281,HAM_0002448,melanocytic_Nevi,train,train,7791
ISIC_0033282,HAM_0004716,melanocytic_Nevi,train,train,7792
ISIC_0033283,HAM_0001246,melanocytic_Nevi,train,train,7793
ISIC_0033284,HAM_0003978,benign_keratosis-like_lesions,train,validation,452
ISIC_0033285,HAM_0002448,melanocytic_Nevi,train,validation,2025
ISIC_0033286,HAM_0005758,melanoma,train,train,9211
ISIC_0033287,HAM_0001928,melanoma,test,train,9212
ISIC_0033288,HAM_0000578,melanocytic_Nevi,train,train,7794
ISIC_0033289,HAM_0002890,melanocytic_Nevi,train,train,7795
ISIC_0033290,HAM_0006233,melanocytic_Nevi,train,train,7796
ISIC_0033291,HAM_0003713,melanocytic_Nevi,test,train,7797
ISIC_0033292,HAM_0000313,melanocytic_Nevi,train,train,7798
ISIC_0033293,HAM_0001801,melanocytic_Nevi,validation,train,7799
ISIC_0033294,HAM_0002431,melanocytic_Nevi,train,train,7800
ISIC_0033295,HAM_0006442,actinic_keratoses,train,train,304
ISIC_0033296,HAM_0005539,melanocytic_Nevi,test,train,7801
ISIC_0033297,HAM_0000407,melanocytic_Nevi,validation,test,1063
ISIC_0033298,HAM_0005433,melanocytic_Nevi,train,train,7802
ISIC_0033299,HAM_0000107,melanoma,train,train,9213
ISIC_0033300,HAM_0003700,melanoma,validation,train,9214
ISIC_0033301,HAM_0005478,basal_cell_carcinoma,test,train,768
ISIC_0033302,HAM_0005040,melanoma,train,train,9215
ISIC_0033303,HAM_0005740,melanocytic_Nevi,train,train,7803
ISIC_0033304,HAM_0004998,melanoma,train,train,9216
ISIC_0033305,HAM_0003218,benign_keratosis-like_lesions,validation,train,1724
ISIC_0033306,HAM_0000805,benign_keratosis-like_lesions,train,train,1725
ISIC_0033307,HAM_0000332,benign_keratosis-like_lesions,train,train,1726
ISIC_0033308,HAM_0004706,melanocytic_Nevi,test,train,7804
ISIC_0033309,HAM_0002136,melanocytic_Nevi,test,train,7805
ISIC_0033310,HAM_0000119,melanoma,train,train,9217
ISIC_0033311,HAM_0005190,melanocytic_Nevi,train,train,7806
ISIC_0033312,HAM_0007117,melanoma,test,train,9218
ISIC_0033313,HAM_0003362,melanocytic_Nevi,train,train,7807
ISIC_0033314,HAM_0001437,melanocytic_Nevi,test,train,7808
ISIC_0033315,HAM_0006516,melanocytic_Nevi,validation,train,7809
ISIC_0033316,HAM_0000304,melanocytic_Nevi,train,train,7810
ISIC_0033317,HAM_0000662,melanoma,test,train,9219
ISIC_0033318,HAM_0001808,melanocytic_Nevi,test,validation,2030
ISIC_0033319,HAM_0005972,melanocytic_Nevi,train,train,7811
ISIC_0033320,HAM_0005249,melanoma,train,train,9220
ISIC_0033321,HAM_0001354,benign_keratosis-like_lesions,train,train,1727
ISIC_0033322,HAM_0006085,benign_keratosis-like_lesions,train,train,1728
ISIC_0033323,HAM_0005608,melanoma,train,train,9221
ISIC_0033324,HAM_0004304,melanoma,train,train,9222
ISIC_0033325,HAM_0005777,melanoma,validation,train,9223
ISIC_0033326,HAM_0001692,melanocytic_Nevi,train,train,7812
ISIC_0033327,HAM_0005374,melanocytic_Nevi,train,train,7813
ISIC_0033328,HAM_0005760,melanocytic_Nevi,train,train,7814
ISIC_0033329,HAM_0004586,melanocytic_Nevi,validation,train,7815
ISIC_0033330,HAM_0005156,melanocytic_Nevi,train,train,7816
ISIC_0033331,HAM_0005995,melanocytic_Nevi,validation,train,7817
ISIC_0033332,HAM_0001118,melanocytic_Nevi,test,train,7818
ISIC_0033333,HAM_0006445,melanoma,train,train,9224
ISIC_0033334,HAM_0004272,melanocytic_Nevi,validation,train,7819
ISIC_0033335,HAM_0005313,melanocytic_Nevi,train,train,7820
ISIC_0033336,HAM_0003506,melanoma,train,train,9225
ISIC_0033337,HAM_0005581,melanoma,train,train,9226
ISIC_0033338,HAM_0006925,melanocytic_Nevi,validation,train,7821
ISIC_0033339,HAM_0000316,melanocytic_Nevi,train,train,7822
ISIC_0033340,HAM_0005887,melanocytic_Nevi,validation,train,7823
ISIC_0033341,HAM_0006234,melanocytic_Nevi,train,train,7824
ISIC_0033342,HAM_0005820,melanocytic_Nevi,test,train,7825
ISIC_0033343,HAM_0003003,melanocytic_Nevi,train,train,7826
ISIC_0033344,HAM_0006540,melanoma,validation,train,9227
ISIC_0033345,HAM_0006147,melanocytic_Nevi,train,train,7827
ISIC_0033346,HAM_0004165,melanocytic_Nevi,train,validation,2039
ISIC_0033347,HAM_0006080,melanocytic_Nevi,train,train,7828
ISIC_0033348,HAM_0001615,melanocytic_Nevi,train,train,7829
ISIC_0033349,HAM_0006946,vascular_lesions,train,train,9564
ISIC_0033350,HAM_0004099,melanocytic_Nevi,test,train,7830
ISIC_0033351,HAM_0001870,melanocytic_Nevi,train,train,7831
ISIC_0033352,HAM_0003803,melanocytic_Nevi,train,train,7832
ISIC_0033353,HAM_0001000,melanocytic_Nevi,train,train,7833
ISIC_0033354,HAM_0003887,basal_cell_carcinoma,validation,train,769
ISIC_0033355,HAM_0004392,melanocytic_Nevi,test,train,7834
ISIC_0033356,HAM_0005213,melanocytic_Nevi,train,train,7835
ISIC_0033357,HAM_0004882,melanocytic_Nevi,validation,train,7836
ISIC_0033358,HAM_0004282,actinic_keratoses,train,train,305
ISIC_0033359,HAM_0001246,melanocytic_Nevi,train,train,7837
ISIC_0033360,HAM_0001883,melanocytic_Nevi,train,train,7838
ISIC_0033361,HAM_0002040,benign_keratosis-like_lesions,validation,train,1729
ISIC_0033362,HAM_0007234,melanoma,train,train,9228
ISIC_0033363,HAM_0002363,melanocytic_Nevi,train,train,7839
ISIC_0033364,HAM_0000214,melanocytic_Nevi,train,train,7840
ISIC_0033365,HAM_0006634,melanocytic_Nevi,test,train,7841
ISIC_0033366,HAM_0000879,basal_cell_carcinoma,train,train,770
ISIC_0033367,HAM_0006158,melanocytic_Nevi,validation,train,7842
ISIC_0033368,HAM_0005809,melanoma,train,train,9229
ISIC_0033369,HAM_0007343,melanoma,train,train,9230
ISIC_0033370,HAM_0001484,melanocytic_Nevi,train,train,7843
ISIC_0033371,HAM_0000704,melanocytic_Nevi,train,train,7844
ISIC_0033372,HAM_0001749,basal_cell_carcinoma,train,train,771
ISIC_0033373,HAM_0004176,melanocytic_Nevi,validation,train,7845
ISIC_0033374,HAM_0006766,melanocytic_Nevi,train,train,7846
ISIC_0033375,HAM_0001147,melanocytic_Nevi,test,train,7847
ISIC_0033376,HAM_0004411,melanocytic_Nevi,train,train,7848
ISIC_0033377,HAM_0004056,melanoma,test,train,9231
ISIC_0033378,HAM_0007625,benign_keratosis-like_lesions,train,train,1730
ISIC_0033379,HAM_0002008,benign_keratosis-like_lesions,train,train,1731
ISIC_0033380,HAM_0000262,melanocytic_Nevi,train,train,7849
ISIC_0033381,HAM_0003363,melanocytic_Nevi,validation,train,7850
ISIC_0033382,HAM_0005573,melanocytic_Nevi,validation,train,7851
ISIC_0033383,HAM_0004195,melanocytic_Nevi,train,train,7852
ISIC_0033384,HAM_0003002,melanocytic_Nevi,validation,validation,2042
ISIC_0033385,HAM_0001321,melanocytic_Nevi,train,train,7853
ISIC_0033386,HAM_0002750,melanocytic_Nevi,train,train,7854
ISIC_0033387,HAM_0001105,melanoma,train,train,9232
ISIC_0033388,HAM_0002501,melanocytic_Nevi,train,train,7855
ISIC_0033389,HAM_0000268,melanocytic_Nevi,test,train,7856
ISIC_0033390,HAM_0001405,melanocytic_Nevi,test,train,7857
ISIC_0033391,HAM_0001186,benign_keratosis-like_lesions,validation,train,1732
ISIC_0033392,HAM_0003174,melanoma,train,train,9233
ISIC_0033393,HAM_0002617,melanoma,train,train,9234
ISIC_0033394,HAM_0004844,melanoma,train,train,9235
ISIC_0033395,HAM_0004392,melanocytic_Nevi,test,train,7858
ISIC_0033396,HAM_0004367,melanocytic_Nevi,train,train,7859
ISIC_0033397,HAM_0001384,benign_keratosis-like_lesions,train,train,1733
ISIC_0033398,HAM_0000970,melanocytic_Nevi,train,train,7860
ISIC_0033399,HAM_0003759,melanoma,train,train,9236
ISIC_0033400,HAM_0005258,benign_keratosis-like_lesions,train,train,1734
ISIC_0033401,HAM_0005898,benign_keratosis-like_lesions,test,train,1735
ISIC_0033402,HAM_0001651,melanocytic_Nevi,train,train,7861
ISIC_0033403,HAM_0003535,melanocytic_Nevi,test,train,7862
ISIC_0033404,HAM_0006623,melanocytic_Nevi,test,train,7863
ISIC_0033405,HAM_0003506,melanoma,train,train,9237
ISIC_0033406,HAM_0006550,melanocytic_Nevi,train,train,7864
ISIC_0033407,HAM_0001994,melanocytic_Nevi,validation,train,7865
ISIC_0033408,HAM_0007475,melanocytic_Nevi,validation,train,7866
ISIC_0033409,HAM_0005539,melanocytic_Nevi,test,train,7867
ISIC_0033410,HAM_0007384,benign_keratosis-like_lesions,train,train,1736
ISIC_0033411,HAM_0005573,melanocytic_Nevi,validation,train,7868
ISIC_0033412,HAM_0005185,melanocytic_Nevi,train,train,7869
ISIC_0033413,HAM_0002615,actinic_keratoses,train,train,306
ISIC_0033414,HAM_0001384,benign_keratosis-like_lesions,train,train,1737
ISIC_0033415,HAM_0004927,melanoma,validation,train,9238
ISIC_0033416,HAM_0003386,melanoma,test,train,9239
ISIC_0033417,HAM_0007301,melanocytic_Nevi,train,train,7870
ISIC_0033418,HAM_0000675,melanocytic_Nevi,train,train,7871
ISIC_0033419,HAM_0006182,melanocytic_Nevi,train,train,7872
ISIC_0033420,HAM_0003606,melanocytic_Nevi,train,train,7873
ISIC_0033421,HAM_0004196,melanocytic_Nevi,validation,train,7874
ISIC_0033422,HAM_0003597,dermatofibroma,train,train,1946
ISIC_0033423,HAM_0006516,melanocytic_Nevi,validation,train,7875
ISIC_0033424,HAM_0000079,melanoma,train,train,9240
ISIC_0033425,HAM_0002502,melanocytic_Nevi,test,train,7876
ISIC_0033426,HAM_0001143,melanoma,validation,train,9241
ISIC_0033427,HAM_0001641,melanocytic_Nevi,train,train,7877
ISIC_0033428,HAM_0003083,melanoma,train,train,9242
ISIC_0033429,HAM_0003625,melanoma,train,train,9243
ISIC_0033430,HAM_0002009,melanocytic_Nevi,train,train,7878
ISIC_0033431,HAM_0000206,melanoma,validation,train,9244
ISIC_0033432,HAM_0005893,melanoma,train,train,9245
ISIC_0033433,HAM_0007169,melanocytic_Nevi,train,train,7879
ISIC_0033434,HAM_0001839,melanocytic_Nevi,train,train,7880
ISIC_0033435,HAM_0006637,melanocytic_Nevi,validation,train,7881
ISIC_0033436,HAM_0007184,melanocytic_Nevi,validation,validation,2046
ISIC_0033437,HAM_0000802,benign_keratosis-like_lesions,test,train,1738
ISIC_0033438,HAM_0002008,benign_keratosis-like_lesions,train,train,1739
ISIC_0033439,HAM_0006567,melanocytic_Nevi,train,train,7882
ISIC_0033440,HAM_0000392,melanoma,validation,train,9246
ISIC_0033441,HAM_0005601,melanocytic_Nevi,train,train,7883
ISIC_0033442,HAM_0002417,melanocytic_Nevi,train,train,7884
ISIC_0033443,HAM_0004118,melanocytic_Nevi,train,train,7885
ISIC_0033444,HAM_0003073,melanoma,train,train,9247
ISIC_0033445,HAM_0000765,melanocytic_Nevi,train,train,7886
ISIC_0033446,HAM_0004555,benign_keratosis-like_lesions,train,train,1740
ISIC_0033447,HAM_0007265,melanocytic_Nevi,train,train,7887
ISIC_0033448,HAM_0002257,melanocytic_Nevi,train,train,7888
ISIC_0033449,HAM_0003659,benign_keratosis-like_lesions,test,train,1741
ISIC_0033450,HAM_0005878,vascular_lesions,test,train,9565
ISIC_0033451,HAM_0003424,melanocytic_Nevi,train,train,7889
ISIC_0033452,HAM_0003386,melanoma,test,train,9248
ISIC_0033453,HAM_0004458,benign_keratosis-like_lesions,train,train,1742
ISIC_0033454,HAM_0005021,melanoma,train,test,1239
ISIC_0033455,HAM_0006559,melanocytic_Nevi,test,train,7890
ISIC_0033456,HAM_0002615,actinic_keratoses,train,train,307
ISIC_0033457,HAM_0005434,melanocytic_Nevi,train,train,7891
ISIC_0033458,HAM_0003862,vascular_lesions,train,train,9566
ISIC_0033459,HAM_0003507,melanocytic_Nevi,train,train,7892
ISIC_0033460,HAM_0005847,benign_keratosis-like_lesions,train,train,1743
ISIC_0033461,HAM_0000294,melanocytic_Nevi,train,train,7893
ISIC_0033462,HAM_0001175,melanocytic_Nevi,train,train,7894
ISIC_0033463,HAM_0007533,melanocytic_Nevi,test,train,7895
ISIC_0033464,HAM_0000650,melanocytic_Nevi,train,train,7896
ISIC_0033465,HAM_0000112,benign_keratosis-like_lesions,train,train,1744
ISIC_0033466,HAM_0005299,benign_keratosis-like_lesions,validation,train,1745
ISIC_0033467,HAM_0004197,melanocytic_Nevi,train,train,7897
ISIC_0033468,HAM_0000795,basal_cell_carcinoma,train,train,772
ISIC_0033469,HAM_0006437,melanoma,test,train,9249
ISIC_0033470,HAM_0003421,melanoma,validation,train,9250
ISIC_0033471,HAM_0001321,melanocytic_Nevi,train,train,7898
ISIC_0033472,HAM_0003352,melanocytic_Nevi,train,train,7899
ISIC_0033473,HAM_0000322,melanoma,train,train,9251
ISIC_0033474,HAM_0003364,melanocytic_Nevi,train,train,7900
ISIC_0033475,HAM_0006857,melanocytic_Nevi,validation,train,7901
ISIC_0033476,HAM_0002824,melanoma,train,train,9252
ISIC_0033477,HAM_0007021,melanoma,test,train,9253
ISIC_0033478,HAM_0006623,melanocytic_Nevi,test,train,7902
ISIC_0033479,HAM_0004321,melanoma,train,train,9254
ISIC_0033480,HAM_0004788,benign_keratosis-like_lesions,test,train,1746
ISIC_0033481,HAM_0004198,melanocytic_Nevi,train,train,7903
ISIC_0033482,HAM_0006663,benign_keratosis-like_lesions,train,train,1747
ISIC_0033483,HAM_0007471,basal_cell_carcinoma,test,train,773
ISIC_0033484,HAM_0000556,melanocytic_Nevi,validation,train,7904
ISIC_0033485,HAM_0003556,melanoma,test,train,9255
ISIC_0033486,HAM_0006018,benign_keratosis-like_lesions,train,train,1748
ISIC_0033487,HAM_0005673,melanoma,train,train,9256
ISIC_0033488,HAM_0007341,benign_keratosis-like_lesions,train,train,1749
ISIC_0033489,HAM_0003755,melanocytic_Nevi,train,train,7905
ISIC_0033490,HAM_0000983,benign_keratosis-like_lesions,train,train,1750
ISIC_0033491,HAM_0007427,benign_keratosis-like_lesions,train,train,1751
ISIC_0033492,HAM_0002253,melanocytic_Nevi,validation,train,7906
ISIC_0033493,HAM_0006550,melanocytic_Nevi,train,train,7907
ISIC_0033494,HAM_0002615,actinic_keratoses,train,train,308
ISIC_0033495,HAM_0003968,melanocytic_Nevi,train,train,7908
ISIC_0033496,HAM_0001734,melanoma,validation,train,9257
ISIC_0033497,HAM_0001697,melanocytic_Nevi,test,train,7909
ISIC_0033498,HAM_0002051,melanoma,train,train,9258
ISIC_0033499,HAM_0003072,basal_cell_carcinoma,train,train,774
ISIC_0033500,HAM_0004405,melanoma,train,train,9259
ISIC_0033501,HAM_0006799,melanocytic_Nevi,train,validation,2054
ISIC_0033502,HAM_0003003,melanocytic_Nevi,train,train,7910
ISIC_0033503,HAM_0006520,melanocytic_Nevi,train,train,7911
ISIC_0033504,HAM_0002565,basal_cell_carcinoma,train,train,775
ISIC_0033505,HAM_0005386,benign_keratosis-like_lesions,test,train,1752
ISIC_0033506,HAM_0003542,melanocytic_Nevi,train,train,7912
ISIC_0033507,HAM_0006281,benign_keratosis-like_lesions,train,train,1753
ISIC_0033508,HAM_0004581,melanocytic_Nevi,train,train,7913
ISIC_0033509,HAM_0000208,benign_keratosis-like_lesions,train,train,1754
ISIC_0033510,HAM_0000547,melanocytic_Nevi,train,train,7914
ISIC_0033511,HAM_0006147,melanocytic_Nevi,train,train,7915
ISIC_0033512,HAM_0003623,melanocytic_Nevi,train,train,7916
ISIC_0033513,HAM_0001683,melanocytic_Nevi,train,train,7917
ISIC_0033514,HAM_0005185,melanocytic_Nevi,train,train,7918
ISIC_0033515,HAM_0002402,melanocytic_Nevi,test,train,7919
ISIC_0033516,HAM_0005083,melanocytic_Nevi,train,train,7920
ISIC_0033517,HAM_0001683,melanocytic_Nevi,train,train,7921
ISIC_0033518,HAM_0002952,melanoma,test,train,9260
ISIC_0033519,HAM_0001908,melanocytic_Nevi,test,train,7922
ISIC_0033520,HAM_0006462,melanoma,train,train,9261
ISIC_0033521,HAM_0001484,melanocytic_Nevi,train,train,7923
ISIC_0033522,HAM_0004321,melanoma,train,train,9262
ISIC_0033523,HAM_0003770,benign_keratosis-like_lesions,test,train,1755
ISIC_0033524,HAM_0003495,melanoma,train,train,9263
ISIC_0033525,HAM_0003018,melanocytic_Nevi,train,train,7924
ISIC_0033526,HAM_0003439,melanoma,validation,train,9264
ISIC_0033527,HAM_0003259,melanocytic_Nevi,train,train,7925
ISIC_0033528,HAM_0000080,benign_keratosis-like_lesions,train,train,1756
ISIC_0033529,HAM_0003162,benign_keratosis-like_lesions,train,train,1757
ISIC_0033530,HAM_0006191,melanocytic_Nevi,train,train,7926
ISIC_0033531,HAM_0006026,benign_keratosis-like_lesions,train,train,1758
ISIC_0033532,HAM_0005209,melanocytic_Nevi,train,train,7927
ISIC_0033533,HAM_0001974,melanoma,train,train,9265
ISIC_0033534,HAM_0005953,melanoma,train,train,9266
ISIC_0033535,HAM_0003017,melanocytic_Nevi,train,train,7928
ISIC_0033536,HAM_0002867,actinic_keratoses,train,train,309
ISIC_0033537,HAM_0001916,melanocytic_Nevi,train,train,7929
ISIC_0033538,HAM_0006824,melanoma,train,train,9267
ISIC_0033539,HAM_0001728,benign_keratosis-like_lesions,train,train,1759
ISIC_0033540,HAM_0000556,melanocytic_Nevi,validation,train,7930
ISIC_0033541,HAM_0005601,melanocytic_Nevi,train,train,7931
ISIC_0033542,HAM_0001613,melanocytic_Nevi,train,train,7932
ISIC_0033543,HAM_0000181,melanocytic_Nevi,train,train,7933
ISIC_0033544,HAM_0003947,melanocytic_Nevi,test,train,7934
ISIC_0033545,HAM_0007558,melanoma,train,train,9268
ISIC_0033546,HAM_0000055,melanoma,train,train,9269
ISIC_0033547,HAM_0001400,melanocytic_Nevi,train,train,7935
ISIC_0033548,HAM_0003744,melanocytic_Nevi,train,train,7936
ISIC_0033549,HAM_0005351,melanocytic_Nevi,train,train,7937
ISIC_0033550,HAM_0002867,actinic_keratoses,train,train,310
ISIC_0033551,HAM_0004083,basal_cell_carcinoma,train,train,776
ISIC_0033552,HAM_0003424,melanocytic_Nevi,train,train,7938
ISIC_0033553,HAM_0005898,benign_keratosis-like_lesions,test,train,1760
ISIC_0033554,HAM_0007396,dermatofibroma,validation,train,1947
ISIC_0033555,HAM_0003143,melanocytic_Nevi,train,train,7939
ISIC_0033556,HAM_0004199,melanocytic_Nevi,validation,train,7940
ISIC_0033557,HAM_0004424,melanocytic_Nevi,train,train,7941
ISIC_0033558,HAM_0005740,melanocytic_Nevi,train,train,7942
ISIC_0033559,HAM_0006426,melanoma,train,train,9270
ISIC_0033560,HAM_0003421,melanoma,validation,train,9271
ISIC_0033561,HAM_0004708,melanocytic_Nevi,train,train,7943
ISIC_0033562,HAM_0000880,melanoma,test,train,9272
ISIC_0033563,HAM_0003505,melanocytic_Nevi,train,train,7944
ISIC_0033564,HAM_0003969,melanocytic_Nevi,train,train,7945
ISIC_0033565,HAM_0005989,vascular_lesions,train,train,9567
ISIC_0033566,HAM_0006873,melanocytic_Nevi,train,train,7946
ISIC_0033567,HAM_0004200,melanocytic_Nevi,train,train,7947
ISIC_0033568,HAM_0005627,melanoma,train,train,9273
ISIC_0033569,HAM_0006566,melanoma,train,train,9274
ISIC_0033570,HAM_0003679,melanoma,test,train,9275
ISIC_0033571,HAM_0004083,basal_cell_carcinoma,train,train,777
ISIC_0033572,HAM_0003208,melanocytic_Nevi,validation,train,7948
ISIC_0033573,HAM_0006435,melanoma,train,train,9276
ISIC_0033574,HAM_0003130,melanocytic_Nevi,train,train,7949
ISIC_0033575,HAM_0000823,basal_cell_carcinoma,validation,train,778
ISIC_0033576,HAM_0004442,benign_keratosis-like_lesions,train,train,1761
ISIC_0033577,HAM_0004346,melanocytic_Nevi,validation,train,7950
ISIC_0033578,HAM_0004571,melanoma,test,train,9277
ISIC_0033579,HAM_0000394,basal_cell_carcinoma,train,train,779
ISIC_0033580,HAM_0001437,melanocytic_Nevi,test,train,7951
ISIC_0033581,HAM_0001855,benign_keratosis-like_lesions,validation,train,1762
ISIC_0033582,HAM_0004442,benign_keratosis-like_lesions,train,train,1763
ISIC_0033583,HAM_0000112,benign_keratosis-like_lesions,train,train,1764
ISIC_0033584,HAM_0003777,melanocytic_Nevi,test,train,7952
ISIC_0033585,HAM_0005972,melanocytic_Nevi,train,train,7953
ISIC_0033586,HAM_0000799,melanoma,validation,train,9278
ISIC_0033587,HAM_0004091,benign_keratosis-like_lesions,train,train,1765
ISIC_0033588,HAM_0003774,melanocytic_Nevi,validation,train,7954
ISIC_0033589,HAM_0006925,melanocytic_Nevi,validation,train,7955
ISIC_0033590,HAM_0005740,melanocytic_Nevi,train,train,7956
ISIC_0033591,HAM_0004791,vascular_lesions,train,train,9568
ISIC_0033592,HAM_0003743,benign_keratosis-like_lesions,validation,train,1766
ISIC_0033593,HAM_0003225,melanoma,train,train,9279
ISIC_0033594,HAM_0005581,melanoma,train,train,9280
ISIC_0033595,HAM_0005280,melanoma,train,train,9281
ISIC_0033596,HAM_0003208,melanocytic_Nevi,validation,train,7957
ISIC_0033597,HAM_0005439,melanocytic_Nevi,train,train,7958
ISIC_0033598,HAM_0005496,melanocytic_Nevi,train,train,7959
ISIC_0033599,HAM_0006418,melanocytic_Nevi,train,train,7960
ISIC_0033600,HAM_0003542,melanocytic_Nevi,train,train,7961
ISIC_0033601,HAM_0003845,benign_keratosis-like_lesions,train,train,1767
ISIC_0033602,HAM_0004201,melanocytic_Nevi,train,train,7962
ISIC_0033603,HAM_0005010,melanoma,train,train,9282
ISIC_0033604,HAM_0000772,melanocytic_Nevi,train,train,7963
ISIC_0033605,HAM_0003884,melanocytic_Nevi,train,validation,2071
ISIC_0033606,HAM_0002327,benign_keratosis-like_lesions,train,train,1768
ISIC_0033607,HAM_0005627,melanoma,train,train,9283
ISIC_0033608,HAM_0000940,vascular_lesions,train,train,9569
ISIC_0033609,HAM_0002243,basal_cell_carcinoma,train,train,780
ISIC_0033610,HAM_0000313,melanocytic_Nevi,train,train,7964
ISIC_0033611,HAM_0000799,melanoma,validation,train,9284
ISIC_0033612,HAM_0007583,melanoma,train,train,9285
ISIC_0033613,HAM_0006938,benign_keratosis-like_lesions,train,train,1769
ISIC_0033614,HAM_0007333,melanocytic_Nevi,train,train,7965
ISIC_0033615,HAM_0001106,melanocytic_Nevi,train,validation,2073
ISIC_0033616,HAM_0003700,melanoma,validation,train,9286
ISIC_0033617,HAM_0005062,melanocytic_Nevi,train,train,7966
ISIC_0033618,HAM_0005135,melanocytic_Nevi,test,train,7967
ISIC_0033619,HAM_0005748,melanoma,train,train,9287
ISIC_0033620,HAM_0003807,benign_keratosis-like_lesions,validation,train,1770
ISIC_0033621,HAM_0001889,melanocytic_Nevi,train,train,7968
ISIC_0033622,HAM_0003818,melanocytic_Nevi,train,train,7969
ISIC_0033623,HAM_0004202,melanocytic_Nevi,train,train,7970
ISIC_0033624,HAM_0007574,melanoma,validation,train,9288
ISIC_0033625,HAM_0005300,melanocytic_Nevi,test,train,7971
ISIC_0033626,HAM_0006371,dermatofibroma,train,train,1948
ISIC_0033627,HAM_0001076,melanocytic_Nevi,train,train,7972
ISIC_0033628,HAM_0004508,melanocytic_Nevi,train,train,7973
ISIC_0033629,HAM_0001309,benign_keratosis-like_lesions,train,train,1771
ISIC_0033630,HAM_0004984,melanoma,validation,train,9289
ISIC_0033631,HAM_0000948,benign_keratosis-like_lesions,train,train,1772
ISIC_0033632,HAM_0003418,melanocytic_Nevi,train,train,7974
ISIC_0033633,HAM_0005265,melanocytic_Nevi,test,train,7975
ISIC_0033634,HAM_0001905,melanocytic_Nevi,test,train,7976
ISIC_0033635,HAM_0001837,benign_keratosis-like_lesions,train,train,1773
ISIC_0033636,HAM_0005500,melanoma,train,train,9290
ISIC_0033637,HAM_0006873,melanocytic_Nevi,train,train,7977
ISIC_0033638,HAM_0005040,melanoma,train,train,9291
ISIC_0033639,HAM_0007265,melanocytic_Nevi,train,train,7978
ISIC_0033640,HAM_0002386,melanocytic_Nevi,train,train,7979
ISIC_0033641,HAM_0003259,melanocytic_Nevi,train,train,7980
ISIC_0033642,HAM_0006018,benign_keratosis-like_lesions,train,train,1774
ISIC_0033643,HAM_0000483,melanoma,train,train,9292
ISIC_0033644,HAM_0002993,melanoma,train,train,9293
ISIC_0033645,HAM_0006191,melanocytic_Nevi,train,train,7981
ISIC_0033646,HAM_0003743,benign_keratosis-like_lesions,validation,train,1775
ISIC_0033647,HAM_0004203,melanocytic_Nevi,train,train,7982
ISIC_0033648,HAM_0005571,melanocytic_Nevi,train,train,7983
ISIC_0033649,HAM_0001683,melanocytic_Nevi,train,train,7984
ISIC_0033650,HAM_0001218,melanocytic_Nevi,test,train,7985
ISIC_0033651,HAM_0004998,melanoma,train,train,9294
ISIC_0033652,HAM_0005363,melanocytic_Nevi,test,train,7986
ISIC_0033653,HAM_0004859,melanoma,train,train,9295
ISIC_0033654,HAM_0002004,melanoma,validation,train,9296
ISIC_0033655,HAM_0007343,melanoma,train,train,9297
ISIC_0033656,HAM_0002604,melanocytic_Nevi,train,train,7987
ISIC_0033657,HAM_0006491,melanocytic_Nevi,validation,train,7988
ISIC_0033658,HAM_0007367,melanocytic_Nevi,test,train,7989
ISIC_0033659,HAM_0003050,benign_keratosis-like_lesions,train,train,1776
ISIC_0033660,HAM_0007427,benign_keratosis-like_lesions,train,train,1777
ISIC_0033661,HAM_0003097,melanocytic_Nevi,train,train,7990
ISIC_0033662,HAM_0006376,melanoma,train,train,9298
ISIC_0033663,HAM_0004240,melanoma,train,train,9299
ISIC_0033664,HAM_0007444,melanocytic_Nevi,train,train,7991
ISIC_0033665,HAM_0002582,melanocytic_Nevi,test,train,7992
ISIC_0033666,HAM_0002664,basal_cell_carcinoma,train,train,781
ISIC_0033667,HAM_0004814,melanocytic_Nevi,test,train,7993
ISIC_0033668,HAM_0000706,melanoma,train,validation,2417
ISIC_0033669,HAM_0006182,melanocytic_Nevi,train,train,7994
ISIC_0033670,HAM_0003225,melanoma,train,train,9300
ISIC_0033671,HAM_0007562,melanocytic_Nevi,train,train,7995
ISIC_0033672,HAM_0006675,melanocytic_Nevi,train,train,7996
ISIC_0033673,HAM_0005198,melanocytic_Nevi,train,train,7997
ISIC_0033674,HAM_0001358,melanocytic_Nevi,train,train,7998
ISIC_0033675,HAM_0002909,dermatofibroma,train,train,1949
ISIC_0033676,HAM_0003659,benign_keratosis-like_lesions,test,train,1778
ISIC_0033677,HAM_0005258,benign_keratosis-like_lesions,train,train,1779
ISIC_0033678,HAM_0001412,melanoma,validation,train,9301
ISIC_0033679,HAM_0003983,melanoma,train,train,9302
ISIC_0033680,HAM_0001641,melanocytic_Nevi,train,train,7999
ISIC_0033681,HAM_0006235,melanocytic_Nevi,train,train,8000
ISIC_0033682,HAM_0003365,melanocytic_Nevi,train,train,8001
ISIC_0033683,HAM_0001511,melanocytic_Nevi,train,train,8002
ISIC_0033684,HAM_0003441,melanocytic_Nevi,train,train,8003
ISIC_0033685,HAM_0000372,benign_keratosis-like_lesions,validation,train,1780
ISIC_0033686,HAM_0002494,melanocytic_Nevi,validation,train,8004
ISIC_0033687,HAM_0007117,melanoma,test,train,9303
ISIC_0033688,HAM_0004424,melanocytic_Nevi,train,train,8005
ISIC_0033689,HAM_0005995,melanocytic_Nevi,validation,train,8006
ISIC_0033690,HAM_0004347,melanocytic_Nevi,train,train,8007
ISIC_0033691,HAM_0006654,benign_keratosis-like_lesions,train,train,1781
ISIC_0033692,HAM_0002724,melanocytic_Nevi,train,train,8008
ISIC_0033693,HAM_0004258,benign_keratosis-like_lesions,test,train,1782
ISIC_0033694,HAM_0000855,melanocytic_Nevi,train,train,8009
ISIC_0033695,HAM_0000349,dermatofibroma,train,train,1950
ISIC_0033696,HAM_0000176,melanoma,train,train,9304
ISIC_0033697,HAM_0002603,melanocytic_Nevi,train,train,8010
ISIC_0033698,HAM_0002367,melanocytic_Nevi,train,train,8011
ISIC_0033699,HAM_0004714,melanocytic_Nevi,train,train,8012
ISIC_0033700,HAM_0000179,melanoma,test,train,9305
ISIC_0033701,HAM_0004245,benign_keratosis-like_lesions,train,train,1783
ISIC_0033702,HAM_0003884,melanocytic_Nevi,train,train,8013
ISIC_0033703,HAM_0005594,melanocytic_Nevi,train,train,8014
ISIC_0033704,HAM_0001280,melanoma,test,train,9306
ISIC_0033705,HAM_0001576,actinic_keratoses,test,train,311
ISIC_0033706,HAM_0003993,melanocytic_Nevi,train,train,8015
ISIC_0033707,HAM_0002874,melanocytic_Nevi,train,train,8016
ISIC_0033708,HAM_0000169,melanoma,train,train,9307
ISIC_0033709,HAM_0000087,benign_keratosis-like_lesions,train,train,1784
ISIC_0033710,HAM_0004304,melanoma,train,train,9308
ISIC_0033711,HAM_0007562,melanocytic_Nevi,train,train,8017
ISIC_0033712,HAM_0000407,melanocytic_Nevi,validation,train,8018
ISIC_0033713,HAM_0004620,melanoma,train,train,9309
ISIC_0033714,HAM_0003542,melanocytic_Nevi,train,train,8019
ISIC_0033715,HAM_0006980,melanocytic_Nevi,test,train,8020
ISIC_0033716,HAM_0006938,benign_keratosis-like_lesions,train,train,1785
ISIC_0033717,HAM_0006445,melanoma,train,train,9310
ISIC_0033718,HAM_0003801,melanocytic_Nevi,train,train,8021
ISIC_0033719,HAM_0001708,melanocytic_Nevi,test,train,8022
ISIC_0033720,HAM_0005396,basal_cell_carcinoma,train,train,782
ISIC_0033721,HAM_0002898,melanocytic_Nevi,test,train,8023
ISIC_0033722,HAM_0006438,benign_keratosis-like_lesions,train,train,1786
ISIC_0033723,HAM_0004367,melanocytic_Nevi,train,validation,2083
ISIC_0033724,HAM_0005052,melanocytic_Nevi,train,train,8024
ISIC_0033725,HAM_0001928,melanoma,test,train,9311
ISIC_0033726,HAM_0007519,melanocytic_Nevi,test,train,8025
ISIC_0033727,HAM_0002206,melanocytic_Nevi,test,train,8026
ISIC_0033728,HAM_0005256,melanoma,test,train,9312
ISIC_0033729,HAM_0000439,melanocytic_Nevi,train,train,8027
ISIC_0033730,HAM_0001647,melanoma,train,train,9313
ISIC_0033731,HAM_0003966,melanocytic_Nevi,train,train,8028
ISIC_0033732,HAM_0004142,benign_keratosis-like_lesions,test,train,1787
ISIC_0033733,HAM_0002037,melanocytic_Nevi,train,train,8029
ISIC_0033734,HAM_0001994,melanocytic_Nevi,validation,train,8030
ISIC_0033735,HAM_0001433,melanocytic_Nevi,train,train,8031
ISIC_0033736,HAM_0007625,benign_keratosis-like_lesions,train,train,1788
ISIC_0033737,HAM_0004303,melanocytic_Nevi,train,train,8032
ISIC_0033738,HAM_0004145,melanocytic_Nevi,validation,train,8033
ISIC_0033739,HAM_0004296,melanocytic_Nevi,train,train,8034
ISIC_0033740,HAM_0005997,melanocytic_Nevi,train,train,8035
ISIC_0033741,HAM_0006236,melanocytic_Nevi,test,train,8036
ISIC_0033742,HAM_0006628,melanocytic_Nevi,train,train,8037
ISIC_0033743,HAM_0001026,melanocytic_Nevi,validation,train,8038
ISIC_0033744,HAM_0003050,benign_keratosis-like_lesions,train,train,1789
ISIC_0033745,HAM_0005686,melanocytic_Nevi,test,train,8039
ISIC_0033746,HAM_0002135,melanocytic_Nevi,train,train,8040
ISIC_0033747,HAM_0001243,basal_cell_carcinoma,validation,train,783
ISIC_0033748,HAM_0000747,melanocytic_Nevi,validation,train,8041
ISIC_0033749,HAM_0001852,vascular_lesions,train,train,9570
ISIC_0033750,HAM_0002660,benign_keratosis-like_lesions,train,train,1790
ISIC_0033751,HAM_0005257,melanocytic_Nevi,train,train,8042
ISIC_0033752,HAM_0000079,melanoma,train,train,9314
ISIC_0033753,HAM_0004167,melanocytic_Nevi,test,train,8043
ISIC_0033754,HAM_0004687,melanoma,train,train,9315
ISIC_0033755,HAM_0005300,melanocytic_Nevi,test,train,8044
ISIC_0033756,HAM_0002030,melanocytic_Nevi,train,train,8045
ISIC_0033757,HAM_0007533,melanocytic_Nevi,test,train,8046
ISIC_0033758,HAM_0007341,benign_keratosis-like_lesions,train,train,1791
ISIC_0033759,HAM_0002923,melanocytic_Nevi,train,train,8047
ISIC_0033760,HAM_0003681,melanocytic_Nevi,train,train,8048
ISIC_0033761,HAM_0005386,benign_keratosis-like_lesions,test,train,1792
ISIC_0033762,HAM_0007097,vascular_lesions,train,train,9571
ISIC_0033763,HAM_0001218,melanocytic_Nevi,test,train,8049
ISIC_0033764,HAM_0007299,melanocytic_Nevi,test,train,8050
ISIC_0033765,HAM_0003366,melanocytic_Nevi,train,train,8051
ISIC_0033766,HAM_0005115,melanocytic_Nevi,test,train,8052
ISIC_0033767,HAM_0005300,melanocytic_Nevi,test,train,8053
ISIC_0033768,HAM_0000639,melanocytic_Nevi,train,train,8054
ISIC_0033769,HAM_0006284,melanocytic_Nevi,train,train,8055
ISIC_0033770,HAM_0001385,benign_keratosis-like_lesions,train,train,1793
ISIC_0033771,HAM_0002015,melanocytic_Nevi,train,validation,2096
ISIC_0033772,HAM_0004204,melanocytic_Nevi,train,train,8056
ISIC_0033773,HAM_0004109,melanoma,train,train,9316
ISIC_0033774,HAM_0003057,melanocytic_Nevi,validation,train,8057
ISIC_0033775,HAM_0004708,melanocytic_Nevi,train,train,8058
ISIC_0033776,HAM_0002894,benign_keratosis-like_lesions,train,train,1794
ISIC_0033777,HAM_0004854,melanocytic_Nevi,train,train,8059
ISIC_0033778,HAM_0004975,benign_keratosis-like_lesions,train,train,1795
ISIC_0033779,HAM_0005711,melanoma,train,train,9317
ISIC_0033780,HAM_0006371,dermatofibroma,train,train,1951
ISIC_0033781,HAM_0001211,melanocytic_Nevi,train,train,8060
ISIC_0033782,HAM_0003935,melanocytic_Nevi,train,train,8061
ISIC_0033783,HAM_0004258,benign_keratosis-like_lesions,test,train,1796
ISIC_0033784,HAM_0000332,benign_keratosis-like_lesions,train,train,1797
ISIC_0033785,HAM_0004332,benign_keratosis-like_lesions,test,train,1798
ISIC_0033786,HAM_0005052,melanocytic_Nevi,train,train,8062
ISIC_0033787,HAM_0006418,melanocytic_Nevi,train,train,8063
ISIC_0033788,HAM_0002139,melanocytic_Nevi,test,train,8064
ISIC_0033789,HAM_0006182,melanocytic_Nevi,train,train,8065
ISIC_0033790,HAM_0002909,dermatofibroma,train,train,1952
ISIC_0033791,HAM_0006281,benign_keratosis-like_lesions,train,train,1799
ISIC_0033792,HAM_0004043,melanocytic_Nevi,test,train,8066
ISIC_0033793,HAM_0003143,melanocytic_Nevi,train,train,8067
ISIC_0033794,HAM_0007052,melanocytic_Nevi,train,train,8068
ISIC_0033795,HAM_0006520,melanocytic_Nevi,train,train,8069
ISIC_0033796,HAM_0004411,melanocytic_Nevi,train,train,8070
ISIC_0033797,HAM_0004205,melanocytic_Nevi,train,train,8071
ISIC_0033798,HAM_0006539,melanocytic_Nevi,train,train,8072
ISIC_0033799,HAM_0001912,melanocytic_Nevi,validation,train,8073
ISIC_0033800,HAM_0003735,melanocytic_Nevi,train,train,8074
ISIC_0033801,HAM_0000611,melanoma,validation,train,9318
ISIC_0033802,HAM_0003625,melanoma,train,train,9319
ISIC_0033803,HAM_0005331,melanocytic_Nevi,train,train,8075
ISIC_0033804,HAM_0000611,melanoma,validation,train,9320
ISIC_0033805,HAM_0005040,melanoma,train,train,9321
ISIC_0033806,HAM_0004881,melanoma,validation,validation,2424
ISIC_0033807,HAM_0001974,melanoma,train,train,9322
ISIC_0033808,HAM_0003081,dermatofibroma,train,train,1953
ISIC_0033809,HAM_0003998,melanocytic_Nevi,train,train,8076
ISIC_0033810,HAM_0007396,dermatofibroma,validation,train,1954
ISIC_0033811,HAM_0004282,actinic_keratoses,train,train,312
ISIC_0033812,HAM_0004859,melanoma,train,train,9323
ISIC_0033813,HAM_0000423,melanoma,train,train,9324
ISIC_0033814,HAM_0002086,melanoma,train,train,9325
ISIC_0033815,HAM_0005759,melanocytic_Nevi,validation,train,8077
ISIC_0033816,HAM_0006675,melanocytic_Nevi,train,train,8078
ISIC_0033817,HAM_0001249,vascular_lesions,test,train,9572
ISIC_0033818,HAM_0002208,melanocytic_Nevi,test,train,8079
ISIC_0033819,HAM_0000388,melanoma,validation,train,9326
ISIC_0033820,HAM_0002086,melanoma,train,train,9327
ISIC_0033821,HAM_0004387,melanocytic_Nevi,train,train,8080
ISIC_0033822,HAM_0000432,melanocytic_Nevi,train,train,8081
ISIC_0033823,HAM_0000704,melanocytic_Nevi,train,train,8082
ISIC_0033824,HAM_0003288,melanocytic_Nevi,validation,train,8083
ISIC_0033825,HAM_0007552,melanocytic_Nevi,train,train,8084
ISIC_0033826,HAM_0004206,melanocytic_Nevi,test,train,8085
ISIC_0033827,HAM_0001697,melanocytic_Nevi,test,train,8086
ISIC_0033828,HAM_0001954,benign_keratosis-like_lesions,test,train,1800
ISIC_0033829,HAM_0006074,benign_keratosis-like_lesions,validation,train,1801
ISIC_0033830,HAM_0003288,melanocytic_Nevi,validation,train,8087
ISIC_0033831,HAM_0007343,melanoma,train,train,9328
ISIC_0033832,HAM_0005383,melanocytic_Nevi,train,train,8088
ISIC_0033833,HAM_0000165,melanocytic_Nevi,train,train,8089
ISIC_0033834,HAM_0001412,melanoma,validation,train,9329
ISIC_0033835,HAM_0002325,melanocytic_Nevi,train,train,8090
ISIC_0033836,HAM_0001405,melanocytic_Nevi,test,train,8091
ISIC_0033837,HAM_0000402,melanocytic_Nevi,train,train,8092
ISIC_0033838,HAM_0005539,melanocytic_Nevi,test,train,8093
ISIC_0033839,HAM_0005194,melanocytic_Nevi,validation,train,8094
ISIC_0033840,HAM_0004503,melanocytic_Nevi,train,train,8095
ISIC_0033841,HAM_0000822,melanocytic_Nevi,train,train,8096
ISIC_0033842,HAM_0005353,melanocytic_Nevi,train,train,8097
ISIC_0033843,HAM_0002952,melanoma,test,train,9330
ISIC_0033844,HAM_0003480,vascular_lesions,train,train,9573
ISIC_0033845,HAM_0001739,melanocytic_Nevi,train,train,8098
ISIC_0033846,HAM_0006516,melanocytic_Nevi,validation,train,8099
ISIC_0033847,HAM_0003081,dermatofibroma,train,train,1955
ISIC_0033848,HAM_0000002,melanoma,test,train,9331
ISIC_0033849,HAM_0006615,melanocytic_Nevi,train,train,8100
ISIC_0033850,HAM_0004574,melanocytic_Nevi,test,train,8101
ISIC_0033851,HAM_0005489,melanocytic_Nevi,train,train,8102
ISIC_0033852,HAM_0004708,melanocytic_Nevi,train,train,8103
ISIC_0033853,HAM_0004458,benign_keratosis-like_lesions,train,train,1802
ISIC_0033854,HAM_0004246,benign_keratosis-like_lesions,train,train,1803
ISIC_0033855,HAM_0006157,benign_keratosis-like_lesions,train,train,1804
ISIC_0033856,HAM_0002377,melanoma,train,train,9332
ISIC_0033857,HAM_0007552,melanocytic_Nevi,train,train,8104
ISIC_0033858,HAM_0004207,melanocytic_Nevi,validation,train,8105
ISIC_0033859,HAM_0001192,melanocytic_Nevi,train,train,8106
ISIC_0033860,HAM_0003081,dermatofibroma,train,train,1956
ISIC_0033861,HAM_0004599,melanocytic_Nevi,train,train,8107
ISIC_0033862,HAM_0001808,melanocytic_Nevi,test,train,8108
ISIC_0033863,HAM_0007086,melanoma,train,train,9333
ISIC_0033864,HAM_0004076,melanocytic_Nevi,train,train,8109
ISIC_0033865,HAM_0000080,benign_keratosis-like_lesions,train,train,1805
ISIC_0033866,HAM_0000239,actinic_keratoses,validation,train,313
ISIC_0033867,HAM_0004872,melanocytic_Nevi,test,train,8110
ISIC_0033868,HAM_0001837,benign_keratosis-like_lesions,train,train,1806
ISIC_0033869,HAM_0000462,actinic_keratoses,test,train,314
ISIC_0033870,HAM_0001615,melanocytic_Nevi,train,train,8111
ISIC_0033871,HAM_0000064,melanoma,train,train,9334
ISIC_0033872,HAM_0006101,melanoma,train,train,9335
ISIC_0033873,HAM_0002598,melanocytic_Nevi,validation,test,1090
ISIC_0033874,HAM_0002732,melanoma,train,train,9336
ISIC_0033875,HAM_0004582,melanocytic_Nevi,test,train,8112
ISIC_0033876,HAM_0005185,melanocytic_Nevi,train,train,8113
ISIC_0033877,HAM_0004237,melanocytic_Nevi,validation,train,8114
ISIC_0033878,HAM_0003351,melanoma,train,train,9337
ISIC_0033879,HAM_0000007,melanocytic_Nevi,train,train,8115
ISIC_0033880,HAM_0004149,melanocytic_Nevi,train,train,8116
ISIC_0033881,HAM_0005545,melanoma,train,train,9338
ISIC_0033882,HAM_0006644,melanocytic_Nevi,validation,train,8117
ISIC_0033883,HAM_0004949,melanoma,train,train,9339
ISIC_0033884,HAM_0004245,benign_keratosis-like_lesions,train,validation,463
ISIC_0033885,HAM_0005737,melanoma,train,train,9340
ISIC_0033886,HAM_0003556,melanoma,test,train,9341
ISIC_0033887,HAM_0004221,melanocytic_Nevi,train,train,8118
ISIC_0033888,HAM_0006925,melanocytic_Nevi,validation,train,8119
ISIC_0033889,HAM_0005062,melanocytic_Nevi,train,train,8120
ISIC_0033890,HAM_0003365,melanocytic_Nevi,train,train,8121
ISIC_0033891,HAM_0007396,dermatofibroma,validation,train,1957
ISIC_0033892,HAM_0004208,melanocytic_Nevi,train,train,8122
ISIC_0033893,HAM_0001280,melanoma,test,train,9342
ISIC_0033894,HAM_0000676,melanocytic_Nevi,train,train,8123
ISIC_0033895,HAM_0004348,melanocytic_Nevi,validation,train,8124
ISIC_0033896,HAM_0004349,melanocytic_Nevi,train,train,8125
ISIC_0033897,HAM_0000855,melanocytic_Nevi,train,train,8126
ISIC_0033898,HAM_0003812,melanocytic_Nevi,train,train,8127
ISIC_0033899,HAM_0003743,benign_keratosis-like_lesions,validation,validation,464
ISIC_0033900,HAM_0002040,benign_keratosis-like_lesions,validation,train,1807
ISIC_0033901,HAM_0002342,melanoma,train,train,9343
ISIC_0033902,HAM_0000048,melanoma,train,train,9344
ISIC_0033903,HAM_0003367,melanocytic_Nevi,validation,train,8128
ISIC_0033904,HAM_0005820,melanocytic_Nevi,test,train,8129
ISIC_0033905,HAM_0000042,melanoma,test,train,9345
ISIC_0033906,HAM_0005433,melanocytic_Nevi,train,train,8130
ISIC_0033907,HAM_0005316,melanocytic_Nevi,train,train,8131
ISIC_0033908,HAM_0003978,benign_keratosis-like_lesions,train,train,1808
ISIC_0033909,HAM_0001801,melanocytic_Nevi,validation,train,8132
ISIC_0033910,HAM_0006654,benign_keratosis-like_lesions,train,train,1809
ISIC_0033911,HAM_0005711,melanoma,train,train,9346
ISIC_0033912,HAM_0002874,melanocytic_Nevi,train,train,8133
ISIC_0033913,HAM_0001855,benign_keratosis-like_lesions,validation,train,1810
ISIC_0033914,HAM_0003801,melanocytic_Nevi,train,train,8134
ISIC_0033915,HAM_0004714,melanocytic_Nevi,train,train,8135
ISIC_0033916,HAM_0005641,melanocytic_Nevi,train,train,8136
ISIC_0033917,HAM_0004548,melanocytic_Nevi,test,train,8137
ISIC_0033918,HAM_0005263,melanocytic_Nevi,train,train,8138
ISIC_0033919,HAM_0002386,melanocytic_Nevi,train,validation,2119
ISIC_0033920,HAM_0006980,melanocytic_Nevi,test,train,8139
ISIC_0033921,HAM_0005351,melanocytic_Nevi,train,train,8140
ISIC_0033922,HAM_0004444,melanocytic_Nevi,train,train,8141
ISIC_0033923,HAM_0001994,melanocytic_Nevi,validation,train,8142
ISIC_0033924,HAM_0006026,benign_keratosis-like_lesions,train,train,1811
ISIC_0033925,HAM_0000206,melanoma,validation,validation,2431
ISIC_0033926,HAM_0004043,melanocytic_Nevi,test,train,8143
ISIC_0033927,HAM_0002386,melanocytic_Nevi,train,train,8144
ISIC_0033928,HAM_0006396,melanocytic_Nevi,test,train,8145
ISIC_0033929,HAM_0001509,melanocytic_Nevi,test,train,8146
ISIC_0033930,HAM_0001740,melanocytic_Nevi,validation,train,8147
ISIC_0033931,HAM_0005490,melanoma,train,train,9347
ISIC_0033932,HAM_0004303,melanocytic_Nevi,train,train,8148
ISIC_0033933,HAM_0007265,melanocytic_Nevi,train,train,8149
ISIC_0033934,HAM_0007299,melanocytic_Nevi,test,train,8150
ISIC_0033935,HAM_0004118,melanocytic_Nevi,train,train,8151
ISIC_0033936,HAM_0000216,melanocytic_Nevi,validation,validation,2122
ISIC_0033937,HAM_0006813,melanocytic_Nevi,train,train,8152
ISIC_0033938,HAM_0003280,melanoma,validation,train,9348
ISIC_0033939,HAM_0006329,melanocytic_Nevi,train,train,8153
ISIC_0033940,HAM_0002208,melanocytic_Nevi,test,train,8154
ISIC_0033941,HAM_0002434,melanocytic_Nevi,train,train,8155
ISIC_0033942,HAM_0000322,melanoma,train,train,9349
ISIC_0033943,HAM_0001839,melanocytic_Nevi,train,train,8156
ISIC_0033944,HAM_0005363,melanocytic_Nevi,test,train,8157
ISIC_0033945,HAM_0007427,benign_keratosis-like_lesions,train,train,1812
ISIC_0033946,HAM_0007343,melanoma,train,train,9350
ISIC_0033947,HAM_0005545,melanoma,train,train,9351
ISIC_0033948,HAM_0001641,melanocytic_Nevi,train,train,8158
ISIC_0033949,HAM_0003728,benign_keratosis-like_lesions,train,train,1813
ISIC_0033950,HAM_0006334,melanocytic_Nevi,train,train,8159
ISIC_0033951,HAM_0007433,melanocytic_Nevi,train,train,8160
ISIC_0033952,HAM_0000516,benign_keratosis-like_lesions,validation,train,1814
ISIC_0033953,HAM_0006886,melanoma,train,train,9352
ISIC_0033954,HAM_0002015,melanocytic_Nevi,train,test,1097
ISIC_0033955,HAM_0000432,melanocytic_Nevi,train,train,8161
ISIC_0033956,HAM_0000662,melanoma,test,train,9353
ISIC_0033957,HAM_0002617,melanoma,train,train,9354
ISIC_0033958,HAM_0005206,melanocytic_Nevi,validation,train,8162
ISIC_0033959,HAM_0002136,melanocytic_Nevi,test,train,8163
ISIC_0033960,HAM_0003535,melanocytic_Nevi,test,train,8164
ISIC_0033961,HAM_0003884,melanocytic_Nevi,train,validation,2126
ISIC_0033962,HAM_0005010,melanoma,train,train,9355
ISIC_0033963,HAM_0003143,melanocytic_Nevi,train,train,8165
ISIC_0033964,HAM_0001046,melanocytic_Nevi,train,train,8166
ISIC_0033965,HAM_0007148,melanocytic_Nevi,validation,train,8167
ISIC_0033966,HAM_0001673,melanocytic_Nevi,train,train,8168
ISIC_0033967,HAM_0001506,melanoma,train,train,9356
ISIC_0033968,HAM_0002939,melanoma,train,train,9357
ISIC_0033969,HAM_0000940,vascular_lesions,train,train,9574
ISIC_0033970,HAM_0004350,melanocytic_Nevi,train,train,8169
ISIC_0033971,HAM_0007451,melanocytic_Nevi,train,train,8170
ISIC_0033972,HAM_0006158,melanocytic_Nevi,validation,train,8171
ISIC_0033973,HAM_0005386,benign_keratosis-like_lesions,test,train,1815
ISIC_0033974,HAM_0002434,melanocytic_Nevi,train,train,8172
ISIC_0033975,HAM_0003983,melanoma,train,train,9358
ISIC_0033976,HAM_0003181,melanocytic_Nevi,validation,train,8173
ISIC_0033977,HAM_0004129,melanoma,validation,train,9359
ISIC_0033978,HAM_0003801,melanocytic_Nevi,train,validation,2133
ISIC_0033979,HAM_0004848,basal_cell_carcinoma,validation,train,784
ISIC_0033980,HAM_0003602,melanoma,train,train,9360
ISIC_0033981,HAM_0000042,melanoma,test,train,9361
ISIC_0033982,HAM_0006643,melanocytic_Nevi,validation,train,8174
ISIC_0033983,HAM_0006042,melanocytic_Nevi,validation,validation,2134
ISIC_0033984,HAM_0002878,melanocytic_Nevi,train,train,8175
ISIC_0033985,HAM_0006321,melanoma,validation,train,9362
ISIC_0033986,HAM_0003602,melanoma,train,train,9363
ISIC_0033987,HAM_0006148,benign_keratosis-like_lesions,validation,train,1816
ISIC_0033988,HAM_0005961,melanocytic_Nevi,validation,train,8176
ISIC_0033989,HAM_0007444,melanocytic_Nevi,train,train,8177
ISIC_0033990,HAM_0006379,melanocytic_Nevi,train,train,8178
ISIC_0033991,HAM_0006852,vascular_lesions,test,validation,2491
ISIC_0033992,HAM_0006980,melanocytic_Nevi,test,train,8179
ISIC_0033993,HAM_0001948,melanocytic_Nevi,train,train,8180
ISIC_0033994,HAM_0004149,melanocytic_Nevi,train,train,8181
ISIC_0033995,HAM_0005673,melanoma,train,train,9364
ISIC_0033996,HAM_0004172,melanocytic_Nevi,test,train,8182
ISIC_0033997,HAM_0006353,melanocytic_Nevi,train,train,8183
ISIC_0033998,HAM_0005213,melanocytic_Nevi,train,train,8184
ISIC_0033999,HAM_0002377,melanoma,train,train,9365
ISIC_0034000,HAM_0001793,melanoma,train,train,9366
ISIC_0034001,HAM_0003614,melanocytic_Nevi,train,train,8185
ISIC_0034002,HAM_0004129,melanoma,validation,train,9367
ISIC_0034003,HAM_0007402,benign_keratosis-like_lesions,validation,train,1817
ISIC_0034004,HAM_0003097,melanocytic_Nevi,train,train,8186
ISIC_0034005,HAM_0006763,melanoma,train,train,9368
ISIC_0034006,HAM_0000709,melanoma,train,train,9369
ISIC_0034007,HAM_0005131,benign_keratosis-like_lesions,test,train,1818
ISIC_0034008,HAM_0006610,melanocytic_Nevi,train,train,8187
ISIC_0034009,HAM_0002915,melanocytic_Nevi,train,train,8188
ISIC_0034010,HAM_0001720,melanocytic_Nevi,test,train,8189
ISIC_0034011,HAM_0006938,benign_keratosis-like_lesions,train,train,1819
ISIC_0034012,HAM_0006011,melanoma,train,train,9370
ISIC_0034013,HAM_0000855,melanocytic_Nevi,train,train,8190
ISIC_0034014,HAM_0003993,melanocytic_Nevi,train,train,8191
ISIC_0034015,HAM_0003216,basal_cell_carcinoma,train,train,785
ISIC_0034016,HAM_0006637,melanocytic_Nevi,validation,train,8192
ISIC_0034017,HAM_0000067,melanocytic_Nevi,train,train,8193
ISIC_0034018,HAM_0002569,melanocytic_Nevi,train,train,8194
ISIC_0034019,HAM_0000627,melanocytic_Nevi,validation,train,8195
ISIC_0034020,HAM_0002206,melanocytic_Nevi,test,train,8196
ISIC_0034021,HAM_0005496,melanocytic_Nevi,train,train,8197
ISIC_0034022,HAM_0002732,melanoma,train,train,9371
ISIC_0034023,HAM_0003634,melanocytic_Nevi,test,train,8198
ISIC_0034024,HAM_0002008,benign_keratosis-like_lesions,train,train,1820
ISIC_0034025,HAM_0003418,melanocytic_Nevi,train,train,8199
ISIC_0034026,HAM_0006586,basal_cell_carcinoma,validation,train,786
ISIC_0034027,HAM_0005059,melanocytic_Nevi,validation,train,8200
ISIC_0034028,HAM_0006462,melanoma,train,train,9372
ISIC_0034029,HAM_0002208,melanocytic_Nevi,test,train,8201
ISIC_0034030,HAM_0003181,melanocytic_Nevi,validation,train,8202
ISIC_0034031,HAM_0002372,benign_keratosis-like_lesions,train,train,1821
ISIC_0034032,HAM_0002170,melanocytic_Nevi,train,train,8203
ISIC_0034033,HAM_0005312,melanocytic_Nevi,train,validation,2140
ISIC_0034034,HAM_0005141,melanoma,train,train,9373
ISIC_0034035,HAM_0002015,melanocytic_Nevi,train,train,8204
ISIC_0034036,HAM_0003843,melanoma,train,train,9374
ISIC_0034037,HAM_0001309,benign_keratosis-like_lesions,train,train,1822
ISIC_0034038,HAM_0006491,melanocytic_Nevi,validation,train,8205
ISIC_0034039,HAM_0000402,melanocytic_Nevi,train,train,8206
ISIC_0034040,HAM_0003808,benign_keratosis-like_lesions,train,train,1823
ISIC_0034041,HAM_0005496,melanocytic_Nevi,train,train,8207
ISIC_0034042,HAM_0004829,melanocytic_Nevi,test,train,8208
ISIC_0034043,HAM_0006625,melanocytic_Nevi,train,train,8209
ISIC_0034044,HAM_0000747,melanocytic_Nevi,validation,train,8210
ISIC_0034045,HAM_0002282,melanocytic_Nevi,train,train,8211
ISIC_0034046,HAM_0000179,melanoma,test,train,9375
ISIC_0034047,HAM_0002559,basal_cell_carcinoma,train,train,787
ISIC_0034048,HAM_0000042,melanoma,test,train,9376
ISIC_0034049,HAM_0007589,melanoma,train,train,9377
ISIC_0034050,HAM_0002723,melanoma,train,train,9378
ISIC_0034051,HAM_0004056,melanoma,test,train,9379
ISIC_0034052,HAM_0003566,melanoma,validation,train,9380
ISIC_0034053,HAM_0001442,melanocytic_Nevi,validation,train,8212
ISIC_0034054,HAM_0000675,melanocytic_Nevi,train,train,8213
ISIC_0034055,HAM_0004854,melanocytic_Nevi,train,train,8214
ISIC_0034056,HAM_0006559,melanocytic_Nevi,test,train,8215
ISIC_0034057,HAM_0005442,benign_keratosis-like_lesions,train,train,1824
ISIC_0034058,HAM_0000263,basal_cell_carcinoma,test,train,788
ISIC_0034059,HAM_0005280,melanoma,train,train,9381
ISIC_0034060,HAM_0001511,melanocytic_Nevi,train,train,8216
ISIC_0034061,HAM_0000553,melanoma,validation,train,9382
ISIC_0034062,HAM_0004914,melanoma,test,train,9383
ISIC_0034063,HAM_0002596,melanocytic_Nevi,train,train,8217
ISIC_0034064,HAM_0002235,melanoma,train,train,9384
ISIC_0034065,HAM_0005748,melanoma,train,train,9385
ISIC_0034066,HAM_0001749,basal_cell_carcinoma,train,train,789
ISIC_0034067,HAM_0004024,melanocytic_Nevi,test,train,8218
ISIC_0034068,HAM_0003335,melanoma,train,train,9386
ISIC_0034069,HAM_0003441,melanocytic_Nevi,train,train,8219
ISIC_0034070,HAM_0000087,benign_keratosis-like_lesions,train,test,246
ISIC_0034071,HAM_0006435,melanoma,train,train,9387
ISIC_0034072,HAM_0006237,melanocytic_Nevi,validation,train,8220
ISIC_0034073,HAM_0001889,melanocytic_Nevi,train,train,8221
ISIC_0034074,HAM_0001465,melanoma,validation,train,9388
ISIC_0034075,HAM_0004209,melanocytic_Nevi,train,train,8222
ISIC_0034076,HAM_0006517,melanoma,train,train,9389
ISIC_0034077,HAM_0002641,melanocytic_Nevi,train,train,8223
ISIC_0034078,HAM_0003193,melanocytic_Nevi,test,validation,2146
ISIC_0034079,HAM_0005374,melanocytic_Nevi,train,train,8224
ISIC_0034080,HAM_0000421,melanocytic_Nevi,validation,train,8225
ISIC_0034081,HAM_0004210,melanocytic_Nevi,validation,train,8226
ISIC_0034082,HAM_0004211,melanocytic_Nevi,train,train,8227
ISIC_0034083,HAM_0000304,melanocytic_Nevi,train,train,8228
ISIC_0034084,HAM_0001777,melanocytic_Nevi,train,train,8229
ISIC_0034085,HAM_0007117,melanoma,test,train,9390
ISIC_0034086,HAM_0003460,melanocytic_Nevi,train,validation,2149
ISIC_0034087,HAM_0005368,melanoma,test,train,9391
ISIC_0034088,HAM_0006666,melanocytic_Nevi,test,train,8230
ISIC_0034089,HAM_0007574,melanoma,validation,train,9392
ISIC_0034090,HAM_0005715,melanocytic_Nevi,validation,train,8231
ISIC_0034091,HAM_0004145,melanocytic_Nevi,validation,train,8232
ISIC_0034092,HAM_0007021,melanoma,test,train,9393
ISIC_0034093,HAM_0003220,basal_cell_carcinoma,validation,train,790
ISIC_0034094,HAM_0003421,melanoma,validation,train,9394
ISIC_0034095,HAM_0000394,basal_cell_carcinoma,train,train,791
ISIC_0034096,HAM_0005573,melanocytic_Nevi,validation,train,8233
ISIC_0034097,HAM_0002915,melanocytic_Nevi,train,train,8234
ISIC_0034098,HAM_0002876,melanocytic_Nevi,train,train,8235
ISIC_0034099,HAM_0007005,melanocytic_Nevi,test,train,8236
ISIC_0034100,HAM_0004571,melanoma,test,train,9395
ISIC_0034101,HAM_0004853,melanoma,train,train,9396
ISIC_0034102,HAM_0003713,melanocytic_Nevi,test,train,8237
ISIC_0034103,HAM_0002327,benign_keratosis-like_lesions,train,train,1825
ISIC_0034104,HAM_0002993,melanoma,train,train,9397
ISIC_0034105,HAM_0004550,melanocytic_Nevi,train,train,8238
ISIC_0034106,HAM_0000097,melanoma,train,validation,2444
ISIC_0034107,HAM_0005809,melanoma,train,train,9398
ISIC_0034108,HAM_0005997,melanocytic_Nevi,train,train,8239
ISIC_0034109,HAM_0006567,melanocytic_Nevi,train,validation,2151
ISIC_0034110,HAM_0000268,melanocytic_Nevi,test,train,8240
ISIC_0034111,HAM_0002641,melanocytic_Nevi,train,train,8241
ISIC_0034112,HAM_0000579,melanocytic_Nevi,test,test,1104
ISIC_0034113,HAM_0001384,benign_keratosis-like_lesions,train,train,1826
ISIC_0034114,HAM_0004212,melanocytic_Nevi,train,train,8242
ISIC_0034115,HAM_0000581,benign_keratosis-like_lesions,train,validation,475
ISIC_0034116,HAM_0001889,melanocytic_Nevi,train,train,8243
ISIC_0034117,HAM_0004927,melanoma,validation,train,9399
ISIC_0034118,HAM_0002824,melanoma,train,train,9400
ISIC_0034119,HAM_0003046,basal_cell_carcinoma,validation,train,792
ISIC_0034120,HAM_0006445,melanoma,train,train,9401
ISIC_0034121,HAM_0000216,melanocytic_Nevi,validation,train,8244
ISIC_0034122,HAM_0002448,melanocytic_Nevi,train,train,8245
ISIC_0034123,HAM_0006586,basal_cell_carcinoma,validation,train,793
ISIC_0034124,HAM_0004599,melanocytic_Nevi,train,train,8246
ISIC_0034125,HAM_0004406,benign_keratosis-like_lesions,validation,train,1827
ISIC_0034126,HAM_0004458,benign_keratosis-like_lesions,train,train,1828
ISIC_0034127,HAM_0006628,melanocytic_Nevi,train,train,8247
ISIC_0034128,HAM_0004226,melanocytic_Nevi,test,train,8248
ISIC_0034129,HAM_0001667,melanocytic_Nevi,train,train,8249
ISIC_0034130,HAM_0007172,melanocytic_Nevi,train,train,8250
ISIC_0034131,HAM_0005106,melanocytic_Nevi,train,train,8251
ISIC_0034132,HAM_0003466,melanoma,train,train,9402
ISIC_0034133,HAM_0004829,melanocytic_Nevi,test,train,8252
ISIC_0034134,HAM_0006184,melanoma,validation,train,9403
ISIC_0034135,HAM_0006371,dermatofibroma,train,train,1958
ISIC_0034136,HAM_0002750,melanocytic_Nevi,train,train,8253
ISIC_0034137,HAM_0000439,melanocytic_Nevi,train,train,8254
ISIC_0034138,HAM_0003824,melanocytic_Nevi,train,train,8255
ISIC_0034139,HAM_0006391,melanocytic_Nevi,train,train,8256
ISIC_0034140,HAM_0005636,melanoma,train,train,9404
ISIC_0034141,HAM_0000483,melanoma,train,train,9405
ISIC_0034142,HAM_0000309,benign_keratosis-like_lesions,train,train,1829
ISIC_0034143,HAM_0000394,basal_cell_carcinoma,train,train,794
ISIC_0034144,HAM_0002923,melanocytic_Nevi,train,train,8257
ISIC_0034145,HAM_0004949,melanoma,train,train,9406
ISIC_0034146,HAM_0001046,melanocytic_Nevi,train,train,8258
ISIC_0034147,HAM_0005263,melanocytic_Nevi,train,train,8259
ISIC_0034148,HAM_0004773,melanocytic_Nevi,train,train,8260
ISIC_0034149,HAM_0003735,melanocytic_Nevi,train,train,8261
ISIC_0034150,HAM_0006011,melanoma,train,train,9407
ISIC_0034151,HAM_0006238,benign_keratosis-like_lesions,train,train,1830
ISIC_0034152,HAM_0004296,melanocytic_Nevi,train,train,8262
ISIC_0034153,HAM_0000067,melanocytic_Nevi,train,train,8263
ISIC_0034154,HAM_0003561,melanocytic_Nevi,test,train,8264
ISIC_0034155,HAM_0003690,basal_cell_carcinoma,train,train,795
ISIC_0034156,HAM_0001097,melanocytic_Nevi,test,train,8265
ISIC_0034157,HAM_0002721,melanocytic_Nevi,train,train,8266
ISIC_0034158,HAM_0001824,melanocytic_Nevi,train,train,8267
ISIC_0034159,HAM_0000553,melanoma,validation,train,9408
ISIC_0034160,HAM_0006572,basal_cell_carcinoma,test,train,796
ISIC_0034161,HAM_0001243,basal_cell_carcinoma,validation,train,797
ISIC_0034162,HAM_0000006,melanoma,train,train,9409
ISIC_0034163,HAM_0005263,melanocytic_Nevi,train,train,8268
ISIC_0034164,HAM_0002605,melanocytic_Nevi,train,train,8269
ISIC_0034165,HAM_0004113,benign_keratosis-like_lesions,train,train,1831
ISIC_0034166,HAM_0004063,melanocytic_Nevi,train,train,8270
ISIC_0034167,HAM_0003728,benign_keratosis-like_lesions,train,train,1832
ISIC_0034168,HAM_0004975,benign_keratosis-like_lesions,train,train,1833
ISIC_0034169,HAM_0001785,dermatofibroma,test,train,1959
ISIC_0034170,HAM_0004914,melanoma,test,train,9410
ISIC_0034171,HAM_0004172,melanocytic_Nevi,test,train,8271
ISIC_0034172,HAM_0002617,melanoma,train,train,9411
ISIC_0034173,HAM_0005021,melanoma,train,train,9412
ISIC_0034174,HAM_0006042,melanocytic_Nevi,validation,train,8272
ISIC_0034175,HAM_0003770,benign_keratosis-like_lesions,test,train,1834
ISIC_0034176,HAM_0001777,melanocytic_Nevi,train,train,8273
ISIC_0034177,HAM_0006239,melanocytic_Nevi,train,train,8274
ISIC_0034178,HAM_0004882,melanocytic_Nevi,validation,train,8275
ISIC_0034179,HAM_0001133,melanocytic_Nevi,train,train,8276
ISIC_0034180,HAM_0007086,melanoma,train,train,9413
ISIC_0034181,HAM_0004587,melanocytic_Nevi,validation,train,8277
ISIC_0034182,HAM_0002908,melanocytic_Nevi,test,train,8278
ISIC_0034183,HAM_0003073,melanoma,train,train,9414
ISIC_0034184,HAM_0003137,melanocytic_Nevi,train,train,8279
ISIC_0034185,HAM_0000181,melanocytic_Nevi,train,train,8280
ISIC_0034186,HAM_0000825,benign_keratosis-like_lesions,validation,train,1835
ISIC_0034187,HAM_0002476,melanocytic_Nevi,train,train,8281
ISIC_0034188,HAM_0003506,melanoma,train,train,9415
ISIC_0034189,HAM_0000805,benign_keratosis-like_lesions,train,train,1836
ISIC_0034190,HAM_0003325,melanocytic_Nevi,train,train,8282
ISIC_0034191,HAM_0001708,melanocytic_Nevi,test,validation,2155
ISIC_0034192,HAM_0005995,melanocytic_Nevi,validation,train,8283
ISIC_0034193,HAM_0004351,melanocytic_Nevi,test,train,8284
ISIC_0034194,HAM_0005759,melanocytic_Nevi,validation,train,8285
ISIC_0034195,HAM_0003300,melanocytic_Nevi,train,train,8286
ISIC_0034196,HAM_0001852,vascular_lesions,train,train,9575
ISIC_0034197,HAM_0005442,benign_keratosis-like_lesions,train,train,1837
ISIC_0034198,HAM_0007367,melanocytic_Nevi,test,train,8287
ISIC_0034199,HAM_0005265,melanocytic_Nevi,test,train,8288
ISIC_0034200,HAM_0004583,melanocytic_Nevi,train,train,8289
ISIC_0034201,HAM_0000527,benign_keratosis-like_lesions,train,train,1838
ISIC_0034202,HAM_0007032,melanoma,test,train,9416
ISIC_0034203,HAM_0005190,melanocytic_Nevi,train,train,8290
ISIC_0034204,HAM_0001651,melanocytic_Nevi,train,train,8291
ISIC_0034205,HAM_0007583,melanoma,train,train,9417
ISIC_0034206,HAM_0001133,melanocytic_Nevi,train,train,8292
ISIC_0034207,HAM_0007475,melanocytic_Nevi,validation,train,8293
ISIC_0034208,HAM_0005777,melanoma,validation,train,9418
ISIC_0034209,HAM_0001547,melanocytic_Nevi,validation,train,8294
ISIC_0034210,HAM_0005433,melanocytic_Nevi,train,train,8295
ISIC_0034211,HAM_0007558,melanoma,train,train,9419
ISIC_0034212,HAM_0003755,melanocytic_Nevi,train,train,8296
ISIC_0034213,HAM_0005194,melanocytic_Nevi,validation,train,8297
ISIC_0034214,HAM_0007097,vascular_lesions,train,train,9576
ISIC_0034215,HAM_0004088,melanocytic_Nevi,test,train,8298
ISIC_0034216,HAM_0003843,melanoma,train,train,9420
ISIC_0034217,HAM_0003310,melanocytic_Nevi,train,train,8299
ISIC_0034218,HAM_0002671,melanoma,test,train,9421
ISIC_0034219,HAM_0004165,melanocytic_Nevi,train,train,8300
ISIC_0034220,HAM_0002502,melanocytic_Nevi,test,train,8301
ISIC_0034221,HAM_0007427,benign_keratosis-like_lesions,train,train,1839
ISIC_0034222,HAM_0002235,melanoma,train,train,9422
ISIC_0034223,HAM_0003216,basal_cell_carcinoma,train,validation,204
ISIC_0034224,HAM_0003852,melanocytic_Nevi,train,train,8302
ISIC_0034225,HAM_0002030,melanocytic_Nevi,train,train,8303
ISIC_0034226,HAM_0001905,melanocytic_Nevi,test,train,8304
ISIC_0034227,HAM_0003505,melanocytic_Nevi,train,train,8305
ISIC_0034228,HAM_0004213,melanocytic_Nevi,train,validation,2160
ISIC_0034229,HAM_0005689,melanocytic_Nevi,train,train,8306
ISIC_0034230,HAM_0001264,melanocytic_Nevi,test,train,8307
ISIC_0034231,HAM_0005312,melanocytic_Nevi,train,train,8308
ISIC_0034232,HAM_0000216,melanocytic_Nevi,validation,train,8309
ISIC_0034233,HAM_0004844,melanoma,train,train,9423
ISIC_0034234,HAM_0004706,melanocytic_Nevi,test,train,8310
ISIC_0034235,HAM_0005131,benign_keratosis-like_lesions,test,train,1840
ISIC_0034236,HAM_0005893,melanoma,train,train,9424
ISIC_0034237,HAM_0002170,melanocytic_Nevi,train,train,8311
ISIC_0034238,HAM_0002712,melanocytic_Nevi,train,train,8312
ISIC_0034239,HAM_0004578,melanoma,train,train,9425
ISIC_0034240,HAM_0002367,melanocytic_Nevi,train,train,8313
ISIC_0034241,HAM_0004773,melanocytic_Nevi,train,train,8314
ISIC_0034242,HAM_0005483,melanoma,train,validation,2450
ISIC_0034243,HAM_0002723,melanoma,train,train,9426
ISIC_0034244,HAM_0006121,melanocytic_Nevi,train,train,8315
ISIC_0034245,HAM_0005594,melanocytic_Nevi,train,train,8316
ISIC_0034246,HAM_0000002,melanoma,test,train,9427
ISIC_0034247,HAM_0006559,melanocytic_Nevi,test,train,8317
ISIC_0034248,HAM_0004214,melanocytic_Nevi,train,train,8318
ISIC_0034249,HAM_0004584,melanocytic_Nevi,train,train,8319
ISIC_0034250,HAM_0004352,melanocytic_Nevi,test,train,8320
ISIC_0034251,HAM_0002898,melanocytic_Nevi,test,train,8321
ISIC_0034252,HAM_0006074,benign_keratosis-like_lesions,validation,train,1841
ISIC_0034253,HAM_0006097,melanoma,train,train,9428
ISIC_0034254,HAM_0002616,melanocytic_Nevi,test,train,8322
ISIC_0034255,HAM_0005396,basal_cell_carcinoma,train,train,798
ISIC_0034256,HAM_0005636,melanoma,train,train,9429
ISIC_0034257,HAM_0005905,melanocytic_Nevi,train,train,8323
ISIC_0034258,HAM_0003634,melanocytic_Nevi,test,train,8324
ISIC_0034259,HAM_0004555,benign_keratosis-like_lesions,train,train,1842
ISIC_0034260,HAM_0004705,melanocytic_Nevi,train,train,8325
ISIC_0034261,HAM_0002759,melanocytic_Nevi,test,train,8326
ISIC_0034262,HAM_0000097,melanoma,train,train,9430
ISIC_0034263,HAM_0002671,melanoma,test,train,9431
ISIC_0034264,HAM_0005248,melanocytic_Nevi,test,train,8327
ISIC_0034265,HAM_0005122,melanocytic_Nevi,train,train,8328
ISIC_0034266,HAM_0004120,melanocytic_Nevi,validation,train,8329
ISIC_0034267,HAM_0005116,melanocytic_Nevi,train,train,8330
ISIC_0034268,HAM_0006666,melanocytic_Nevi,test,train,8331
ISIC_0034269,HAM_0000662,melanoma,test,train,9432
ISIC_0034270,HAM_0003368,melanocytic_Nevi,train,train,8332
ISIC_0034271,HAM_0000443,melanocytic_Nevi,train,train,8333
ISIC_0034272,HAM_0002329,melanocytic_Nevi,train,train,8334
ISIC_0034273,HAM_0002016,melanocytic_Nevi,train,train,8335
ISIC_0034274,HAM_0004706,melanocytic_Nevi,test,train,8336
ISIC_0034275,HAM_0000392,melanoma,validation,train,9433
ISIC_0034276,HAM_0003046,basal_cell_carcinoma,validation,train,799
ISIC_0034277,HAM_0005263,melanocytic_Nevi,train,train,8337
ISIC_0034278,HAM_0004375,melanocytic_Nevi,train,train,8338
ISIC_0034279,HAM_0000556,melanocytic_Nevi,validation,train,8339
ISIC_0034280,HAM_0007427,benign_keratosis-like_lesions,train,train,1843
ISIC_0034281,HAM_0004296,melanocytic_Nevi,train,train,8340
ISIC_0034282,HAM_0004882,melanocytic_Nevi,validation,train,8341
ISIC_0034283,HAM_0007281,benign_keratosis-like_lesions,train,train,1844
ISIC_0034284,HAM_0004240,melanoma,train,train,9434
ISIC_0034285,HAM_0001673,melanocytic_Nevi,train,train,8342
ISIC_0034286,HAM_0004176,melanocytic_Nevi,validation,train,8343
ISIC_0034287,HAM_0004578,melanoma,train,train,9435
ISIC_0034288,HAM_0003606,melanocytic_Nevi,train,train,8344
ISIC_0034289,HAM_0006545,melanoma,train,train,9436
ISIC_0034290,HAM_0002009,melanocytic_Nevi,train,train,8345
ISIC_0034291,HAM_0006528,benign_keratosis-like_lesions,validation,train,1845
ISIC_0034292,HAM_0007475,melanocytic_Nevi,validation,train,8346
ISIC_0034293,HAM_0004099,melanocytic_Nevi,test,train,8347
ISIC_0034294,HAM_0007032,melanoma,test,train,9437
ISIC_0034295,HAM_0001509,melanocytic_Nevi,test,train,8348
ISIC_0034296,HAM_0006528,benign_keratosis-like_lesions,validation,train,1846
ISIC_0034297,HAM_0001547,melanocytic_Nevi,validation,train,8349
ISIC_0034298,HAM_0007462,melanocytic_Nevi,train,train,8350
ISIC_0034299,HAM_0007335,basal_cell_carcinoma,train,train,800
ISIC_0034300,HAM_0003512,melanocytic_Nevi,train,train,8351
ISIC_0034301,HAM_0001943,melanocytic_Nevi,test,train,8352
ISIC_0034302,HAM_0004215,melanocytic_Nevi,train,train,8353
ISIC_0034303,HAM_0002372,benign_keratosis-like_lesions,train,train,1847
ISIC_0034304,HAM_0002257,melanocytic_Nevi,train,train,8354
ISIC_0034305,HAM_0002915,melanocytic_Nevi,train,train,8355
ISIC_0034306,HAM_0002526,basal_cell_carcinoma,validation,train,801
ISIC_0034307,HAM_0000439,melanocytic_Nevi,train,train,8356
ISIC_0034308,HAM_0004272,melanocytic_Nevi,validation,train,8357
ISIC_0034309,HAM_0003810,melanocytic_Nevi,test,train,8358
ISIC_0034310,HAM_0003424,melanocytic_Nevi,train,train,8359
ISIC_0034311,HAM_0007124,melanocytic_Nevi,test,train,8360
ISIC_0034312,HAM_0004216,melanocytic_Nevi,train,train,8361
ISIC_0034313,HAM_0003679,melanoma,test,train,9438
ISIC_0034314,HAM_0006042,melanocytic_Nevi,validation,train,8362
ISIC_0034315,HAM_0000754,benign_keratosis-like_lesions,validation,train,1848
ISIC_0034316,HAM_0004304,melanoma,train,train,9439
ISIC_0034317,HAM_0006376,melanoma,train,train,9440
ISIC_0034318,HAM_0000344,benign_keratosis-like_lesions,train,train,1849
ISIC_0034319,HAM_0000747,melanocytic_Nevi,validation,train,8363
ISIC_0034320,HAM_0002244,melanocytic_Nevi,train,train,8364
